id	ipa	count	rasm
1f6fa6f69d18	min	2366	مِن مِنَ مِّن مِّنَ مِنۡ مِّنۡ مِنۢ مِّنۢ
bdd1703602e8	ʔalːaːh	2153	ٱللَّهِ ٱللَّهُ ٱللَّهَ
f04ae4c55ba7	fiː	1185	فِى فِىٓ فِّى
6626b3126926	maː	1013	مَا مَّا مَآ مَّآ
4efa12758d87	laː	812	لَا لَّا لَآ لَّآ
3598368645fe	ʔalːaðiːn	810	ٱلَّذِينَ
86a672517894	ʕalaː	671	عَلَىٰ عَلَى عَلَىٰٓ عَلَا
02eed23dee80	ʔilːaː	664	إِلَّا إِلَّآ إِلاًّ
25c0771c31a7	walaː	658	وَلَا وَلَآ
dc7bc45b3732	wamaː	646	وَمَا وَمَآ
8615887af64c	ʔinː̃	609	إِنَّ
d33797a0be0a	ʔan	539	أَن أَنۡ أَنِ أَنۢ
c72ebae0cdfd	qaːl	416	قَالَ قَـٰلَ
4c2c90f1dbe4	ʔilaː	405	إِلَىٰ إِلَى إِلَىٰٓ
48b676e2b107	man	393	مَن مَنۡ مَّن مَّنۡ مَنِ مَنۢ مَّنِ
65fdf4b51d57	lahum	373	لَهُمۡ لَهُم لَهُمُ لَّهُمۡ لَّهُم لَّهُمُ
40621bb136c7	ʔin	357	إِن إِنۡ إِنِ
6ada4abc64c0	lakum	337	لَكُمۡ لَكُم لَّكُمۡ لَكُمُ لَّكُم
261ec19d7b09	θumː̃	337	ثُمَّ
5d1c433a4233	kaːn	323	كَانَ
a2808a968882	bihiː	298	بِهِۦ بِهِۦٓ بِّهِۦ
4349adf5ff99	bimaː	296	بِمَا بِمَآ
7738c6d37373	qul	293	قُلۡ قُل قُلِ
058a4b6b3c2e	ʔalʔardˤ	287	ٱلۡأَرۡضِ ٱلۡأَرۡضَ ٱلۡأَرۡضُ
eca7a2542fd8	ðaːlik	280	ذٰلِكَ ذّٰلِكَ
4e47b28234f3	ʔaw	280	أَوۡ أَوِ أَو
f5ed6bc9de4a	ʔalːaðiː	268	ٱلَّذِى ٱلَّذِىٓ
1e0100d27740	huː	265	هُوَ
04fb78ddc42e	hum	260	هُمۡ هُمُ هُم
0fbd28d4d2bc	lahuː	259	لَهُۥ لَّهُۥ لَهُۥٓ لَهُوَ لَّهُۥٓ
51a30cde8bf9	ʔaːmanuː	253	ءَامَنُواۡ ءَامَنُوٓاۡ
f63c9bd1e605	qaːluː	250	قَالُواۡ قَالُوٓاۡ
b6efd777c60c	kulː	244	كُلِّ كُلَّ كُلُّ كُلٌّ كُلٍّ
5140436a5adf	fiːhaː	241	فِيهَا فِيهَآ
a2362d746e02	walːaːh	240	وَٱللَّهُ وَٱللَّهِ
54b6a51b0b13	waman	240	وَمَن وَمَنۡ وَمَنِ وَمَنۢ
611208b06f07	kaːnuː	229	كَانُواۡ كَانُوٓاۡ
5a8423125872	ʕan	223	عَن عَنِ عَنۡ عَنۢ
6892c80cda3e	ʔiðaː	221	إِذَا إِذًا إِذَآ
f7453d336bb7	jawm	217	يَوۡمَ يَوۡمِ يَوۡمٍ يَوۡمُ يَوۡمٌ
1ad6a0e52b19	ʕalajhim	214	عَلَيۡهِمۡ عَلَيۡهِم عَلَيۡهِمُ
cb97b86f20f8	ʃaːʔ	190	شَىۡءٍ شَىۡءٌ شَىۡءِۭ
304e876ce306	haːðaː	190	هَـٰذَا هَـٰذَآ
1dd630d78ef2	kafaruː	189	كَفَرُواۡ كَفَرُوٓاۡ
e4d7fe9304cd	kuⁿtum	188	كُنتُمۡ كُنتُم
e74abd7f7e0f	ʔanː̃aːs	182	ٱلنَّاسِ ٱلنَّاسَ ٱلنَّاسُ
41bd0e3019e6	ʔasːamaːwaːt	182	ٱلسَّمَـٰوٰتِ ٱلسَّمَـٰوٰتُ
225a4ff9222a	waʔin	173	وَإِن وَإِنۡ وَإِنِ وَّإِن
ddb8043671ca	wahuː	171	وَهُوَ
623449fdec34	ʔið	165	إِذۡ إِذِ إِذ
6a9741d5e788	walːaðiːn	164	وَٱلَّذِينَ وَّٱلَّذِينَ
f7bbdd123b15	ʕalajkum	164	عَلَيۡكُمۡ عَلَيۡكُم عَلَيۡكُمُ
efdae7094530	ʔalkitaːbᵊ	163	ٱلۡكِتَـٰبَ ٱلۡكِتَـٰبِ ٱلۡكِتَـٰبُ
7f1b55b86059	lam	163	لَمۡ لَّمۡ
bd19227baccc	walʔardˤ	157	وَٱلۡأَرۡضِ وَٱلۡأَرۡضَ وَٱلۡأَرۡضُ
e1a3a567d4ea	ʔinː̃aː	156	إِنَّا إِنَّآ
8a259f5c347b	falaː	156	فَلَا فَلَآ
3b754ecefea0	minhum	153	مِنۡهُمۡ مِّنۡهُمۡ مِنۡهُم مِّنۡهُم مِنۡهُمُ مِّنۡهُمُ
a94b3edbfb63	ʕaðaːbᵊ	150	عَذَابٌ عَذَابَ عَذَابِ عَذَابٍ عَذَابُ
1efd587f9e2a	baʕdᵊ	148	بَعۡدِ بَعۡدَ بَعۡدُ
8e3257c7b545	ʕalajh	146	عَلَيۡهِ عَّلَيۡهِ عَلَيۡهُ
692859ebec08	ʔinː̃ahuː	145	إِنَّهُۥ إِنَّهُۥٓ
49815fd40c50	jaːːʔajːuhaː	142	يَـٰٓأَيُّهَا
1fbaa8be8954	ħatːaː	142	حَتَّىٰ حَتَّىٰٓ
86776a179605	bilːaːh	139	بِٱللَّهِ
91e65f4dd9c7	wahum	136	وَهُمۡ وَهُم وَّهُم وَّهُمۡ
d09777d5a187	waʔiðaː	134	وَإِذَا وَإِذَآ وَإِذًا
28517a7695ee	ʔulaːːʔik	133	أُوۡلَـٰٓئِكَ
ceb81746b77f	ʔinː̃iː	131	إِنِّى إِنِّىٓ
d7cafa06440f	walaqadᵊ	129	وَلَقَدۡ وَلَقَدِ وَلَقَد
cd2d80476e36	rabːᵊ	128	رَبِّ رَبُّ رَّبِّ رَبَّ رَّبُّ رَّبٍّ
1b5a6f8f2aba	bal	127	بَلۡ بَل بَلِ
3fb751e365b0	fiːh	126	فِيهِ
47e8b3a94b2e	qadᵊ	123	قَدۡ قَدِ قَد
7aa7270c9b26	ʔam	122	أَمۡ أَمِ أَم
0dc013288d43	ʕiⁿdᵊ	119	عِندَ عِندِ
bf44641f16ec	rabːik	119	رَبِّكَ رَّبِّكَ رَبِّكِ
153a81e1f94a	lilːaːh	116	لِلَّهِ لِّلَّهِ
4c0bdade3dbc	xajr	116	خَيۡرٌ خَيۡرُ خَيۡرٍ خَيۡرَ
cb3c05b679ff	jaʃaːːʔ	116	يَشَآءُ يَشَآءَ
87558f6e8509	qabᵊl	115	قَبۡلُ قَبۡلِ قَبۡلَ
fb775019c5ae	ʔadːunjaː	115	ٱلدُّنۡيَا ٱلدُّنۡيَآ
dc4910de33c8	ʔinː̃amaː	113	إِنَّمَا إِنَّمَآ
81fe823481dc	walaw	111	وَلَوۡ وَلَوِ
8ece772093fa	mimː̃aː	111	مِمَّا مِّمَّا مِمَّآ مِّمَّآ
3974ea72f1c9	ʔasːamaːːʔ	109	ٱلسَّمَآءِ ٱلسَّمَآءُ ٱلسَّمَآءَ
fbe80e18d6c1	ʔalħaqːᵊ	109	ٱلۡحَقُّ ٱلۡحَقِّ ٱلۡحَقَّ
a36a5be07ac6	miⁿkum	107	مِنكُمۡ مِّنكُمۡ مِنكُم مِّنكُم مِنكُمُ
da3720586b8c	ʕaliːm	106	عَلِيمٌ عَلِيمُۢ عَلِيمٍ
675dd8d8a9d4	muːsaː	105	مُوسَىٰ مُوسَىٰٓ مُوسَى مُّوسَىٰ مُّوسَىٰٓ مُّوسَى
a55cd7049cab	wamin	102	وَمِنَ وَمِن وَمِنۡ وَمِنۢ
3b39896ee180	ʔanː̃aːr	102	ٱلنَّارِ ٱلنَّارُ ٱلنَّارَ
88cd49985501	falamː̃aː	101	فَلَمَّا فَلَمَّآ
da90c5f145e9	ʔanː̃	99	أَنَّ
a1141db4958e	faʔin	97	فَإِن فَإِنۡ فَإِنِ فَإِنۢ
2296bf5fdeab	rabːiː	94	رَبِّى رَبِّىٓ رَّبِّى رَبِّىَ رَّبِّىٓ
d9530dcac26b	duːn	91	دُونِ دُونَ
be9688998f08	minh	88	مِنۡهُ مِّنۡهُ
778efcfbb39f	sabiːl	87	سَبِيلِ سَبِيلَ سَبِيلٍ سَبِيلٌ سَبِيلُ
7d510dd97293	faʔiðaː	87	فَإِذَا فَإِذَآ فَإِذًا
5c08ac76759d	juʔminuːn	86	يُؤۡمِنُونَ
b27e408512e6	famaː	86	فَمَا فَمَآ
331b74ac1f90	minhaː	86	مِنۡهَا مِّنۡهَا مِنۡهَآ مِّنۡهَآ
e25dbcb65699	kaðaːlik	86	كَذٰلِكَ كَذٰلِكِ
a9549f2c3467	ʔalʕaðaːbᵊ	85	ٱلۡعَذَابِ ٱلۡعَذَابَ ٱلۡعَذَابُ
f53be1c6bb8b	waqaːl	85	وَقَالَ
edd5c8150bbf	wakaːn	84	وَكَانَ
0105729ff2cc	mubiːn	84	مُّبِينٌ مُّبِينٍ مُبِينٌ مُبِينٍ
3ab176e8c7af	lanaː	83	لَنَا لَنَآ لَّنَا لَّنَآ
d66bb632b717	taʕmaluːn	83	تَعۡمَلُونَ
e7a945f30426	rabːihim	82	رَبِّهِمۡ رَّبِّهِمۡ رَبِّهِم رَبِّهِمُ رَّبِّهِم رَّبِّهِمُ
0ce5caff5805	faman	82	فَمَن فَمَنۡ فَمَنِ فَمَنۢ
dfb2253c576e	jaʕlamuːn	81	يَعۡلَمُونَ
b7ab8f2b6301	waʔinː̃	81	وَإِنَّ
48c37ed8c51c	bajn	79	بَيۡنَ بَيۡنِ
d48a9b392bcc	lilːaðiːn	79	لِلَّذِينَ لِّلَّذِينَ
8f1f74adf658	law	79	لَوۡ لَّوۡ لَوِ
c46a06564a03	bihaː	79	بِهَا بِهَآ
7a90166055d8	qawm	79	قَوۡمٌ قَوۡمٍ قَوۡمِ قَوۡمُ قَوۡمَ قَوۡمِۭ
42fd630635ca	ʔalam	78	أَلَمۡ
0f6573682451	ʔalmuʔminiːn	78	ٱلۡمُؤۡمِنِينَ
656c570374a8	ʔilajk	77	إِلَيۡكَ إِلَيۡكِ
abe50d80d213	ʃajʔaː	77	شَيۡــًٔا
0be9e832e925	ʔilajh	76	إِلَيۡهِ
8ff9e82827b8	ʔaⁿtum	76	أَنتُمۡ أَنتُم أَنتُمُ
277ef487e6d4	ʕanhum	75	عَنۡهُمۡ عَنۡهُم عَنۡهُمُ
dd7e3d03ab5e	bilħaqːᵊ	74	بِٱلۡحَقِّ
b392d21030ab	ʔilaːh	73	إِلَـٰهَ إِلَـٰهٌ إِلَـٰهٍ إِلَـٰهِ إِلَـٰهِۭ
c8f7fab0d5cb	waʔið	72	وَإِذۡ وَإِذِ
fd7b5e25de64	rabːanaː	72	رَبَّنَا رَبَّنَآ رَّبَّنَآ رَّبَّنَا
4ed9977dc892	d͡ʒahanː̃am	72	جَهَنَّمَ جَهَنَّمُ
e8e3ee308c7e	lak	71	لَكَ لَّكَ لَكِ
a6797f4a6d14	faʔinː̃	71	فَإِنَّ
7a127629b61a	jaʕlam	71	يَعۡلَمُ يَعۡلَمِ يَعۡلَمَ يَعۡلَمۡ يَعۡلَم
00fd12c30017	ʔalʔaxirah	71	ٱلۡأَخِرَةِ ٱلۡأَخِرَةَ ٱلۡأَخِرَةُ
62c6796e9f22	ʔalqijaːmah	70	ٱلۡقِيَـٰمَةِ
d0f567cd8c54	ɣajr	69	غَيۡرَ غَيۡرُ غَيۡرِ
232554cace01	hal	67	هَلۡ هَل هَلِ
9b9b4d1ac431	naħn	65	نَحۡنُ نَّحۡنُ
6fcf05d57410	firʕawn	65	فِرۡعَوۡنَ فِرۡعَوۡنُ
ddbfc44ff6bb	ʔaðˤːaːlimiːn	64	ٱلظَّـٰلِمِينَ
77a83074f3ee	ʔalʕaziːz	64	ٱلۡعَزِيزُ ٱلۡعَزِيزِ
252db6e5ab75	ʔinː̃ahum	63	إِنَّهُمۡ إِنَّهُم إِنَّهُمُ
77049902545a	ʔaʃːajtˤaːn	63	ٱلشَّيۡطَـٰنُ ٱلشَّيۡطَـٰنِ ٱلشَّيۡطَـٰنَ
38eade2fd990	ʔalħajaːh	63	ٱلۡحَيَوٰةِ ٱلۡحَيَوٰةُ ٱلۡحَيَوٰةَ
9d44acb3b3b8	liː	63	لِى لِّى لِىٓ لِىَ لِّىٓ
137ff7f83a9c	jawmaʔið	63	يَوۡمَئِذٍ يَوۡمَئِذِۭ
a4cbcc62056e	kunː̃aː	63	كُنَّا كُنَّآ
100f0fd32549	d͡ʒanː̃aːt	62	جَنَّـٰتٍ جَنَّـٰتِ جَنَّـٰتُ جَنَّـٰتٌ
e83fb2095043	kajf	62	كَيۡفَ
c87ae5ac5021	ʔasˤħaːbᵊ	62	أَصۡحَـٰبُ أَصۡحَـٰبِ أَصۡحَـٰبَ أَصۡحَـٰبٌ
e91e0b9f6070	ʔalqawm	62	ٱلۡقَوۡمِ ٱلۡقَوۡمَ ٱلۡقَوۡمُ
2158c091dd4a	ʔalʕaːlamiːn	61	ٱلۡعَـٰلَمِينَ
8dddb0697675	ʔasˤːaːliħaːt	61	ٱلصَّـٰلِحَـٰتِ ٱلصَّـٰلِحَـٰتُ
b7024c2efc21	baʕdˤ	61	بَعۡضٍ بَعۡضَ بَعۡضُ بَعۡضِ
4b71e1b23e2e	waqaːluː	61	وَقَالُواۡ وَقَالُوٓاۡ وَّقَالُواۡ
c1e5335f7b47	raħiːm	61	رَّحِيمٌ رَّحِيمُۢ رَّحِيمٍ رَحِيمٌ
088342533f76	liman	61	لِمَن لِمَنۡ لِّمَن لِّمَنۡ لِمَنِ لِّمَنِ
d44b2c57dab7	walaːkin	59	وَلَـٰكِن وَلَـٰكِنۡ وَلَـٰكِنِ وَلَـٰكِنۢ
25c9f4ffaec1	kamaː	59	كَمَا كَمَآ
a8fe53239990	laʕalːakum	59	لَعَلَّكُمۡ لَّعَلَّكُمۡ لَعَلَّكُم
094a367b0262	lan	59	لَن لَّن لَنۡ
3f6ec6e6b10b	ʔalːajl	59	ٱلَّيۡلِ ٱلَّيۡلَ ٱلَّيۡلُ
533872a87fbf	ʔasˤːalaːh	58	ٱلصَّلَوٰةَ ٱلصَّلَوٰةِ ٱلصَّلَوٰةُ
f8a822edb6b0	xalaqᵊ	58	خَلَقَ
37d7eb4b7295	maʕ	58	مَعَ مَّعَ
ce1ca28cacea	ʔibᵊraːhiːm	58	إِبۡرٰهِيمَ إِبۡرٰهِــۧمَ إِبۡرٰهِــۧمُ إِبۡرٰهِيمُ
ad3d3e505dfe	ʔalʔiⁿsaːn	58	ٱلۡإِنسَـٰنُ ٱلۡإِنسَـٰنَ ٱلۡإِنسَـٰنِ
ddc6383f2a2b	ʔalːatiː	57	ٱلَّتِى ٱلَّتِىٓ
d7eaa895f907	biʔaːjaːtinaː	57	بِـَٔـايَـٰتِنَا بِـَٔـايَـٰتِنَآ
6df16aa28196	faqadᵊ	57	فَقَدۡ فَقَدِ
ec557ebebdbd	ʕalajk	57	عَلَيۡكَ عَلَيۡكِ
f5a54c63273e	d͡ʒaːːʔ	57	جَآءَ
951a712a40a1	ʃaːːʔ	56	شَآءَ
2f0a20531eef	jaʕmaluːn	56	يَعۡمَلُونَ
dffa200cdf17	bajnahum	56	بَيۡنَهُمۡ بَيۡنَهُم بَيۡنَهُمُ
45e4791a2679	taʕlamuːn	55	تَعۡلَمُونَ تَّعۡلَمُونَ
e03840b46504	ʔaʕlam	55	أَعۡلَمُ
ecbbb212a179	ʔaⁿt	55	أَنتَ
cf5fe4d63bf0	qaliːlaː	55	قَلِيلًا
19a99d32cddd	rabːak	55	رَبَّكَ رَّبَّكَ
ac1631c1d1e8	ʔalaː	54	أَلَا أَلَآ
e3ce553839a2	laqadᵊ	54	لَقَدۡ لَّقَدۡ لَقَدِ لَقَد لَّقَد
2e5597c6e2ca	waʕamiluː	53	وَعَمِلُواۡ
6849ef2d7fda	walaːkinː̃	53	وَلَـٰكِنَّ
ebf0547f2f6b	ʔaliːm	52	أَلِيمٌ أَلِيمٍ أَلِيمُۢ
472e79a39a68	ʔalkaːfiriːn	52	ٱلۡكَـٰفِرِينَ
adff21a54d66	rasuːl	52	رَسُولٌ رَسُولُ رَّسُولٍ رَسُولَ رَسُولِ رَسُولُۢ رَسُولٍ رَّسُولِ رَّسُولٌ رَّسُولَ رَّسُولُ
a50d9a9d5ec0	ʔaːjaːt	52	ءَايَـٰتِ ءَايَـٰتُ ءَايَـٰتِۭ ءَايَـٰتٌ ءَايَـٰتٍ ءَايَـٰتُۢ
c60fa0103a03	ɣafuːr	52	غَفُورٌ غَفُورٍ
70e7ee36f585	ʔald͡ʒanː̃ah	51	ٱلۡجَنَّةِ ٱلۡجَنَّةَ ٱلۡجَنَّةُ
cd2fc14a1a2e	ʕalajnaː	51	عَلَيۡنَا عَلَيۡنَآ
dc8e6a2dd63c	jaquːluːn	51	يَقُولُونَ
d207228b57dc	lilnː̃aːs	51	لِلنَّاسِ لِّلنَّاسِ
296cd5495e29	liqawm	51	لِّقَوۡمٍ لِقَوۡمٍ
c84f6f7e71a2	kuⁿt	51	كُنتَ كُنتُ كُنتِ
f7c6355a7d40	ʔinː̃ak	50	إِنَّكَ إِنَّكِ
0a0869110095	ʕaðˤiːm	49	عَظِيمٌ عَظِيمٍ
ed23c2cbf520	d͡ʒamiːʕaː	49	جَمِيعًا جَمِيعَۢا
9d9a6e179335	ʔanaː	49	أَنَاۡ أَنَا
7b30f9f0587e	tad͡ʒᵊriː	48	تَجۡرِى
5583d846e944	ʕilm	48	عِلۡمٍ عِلۡمٌ عِلۡمُ عِلۡمَ عِلۡمِۭ
5dc6da986fe5	ʔarsalnaː	48	أَرۡسَلۡنَا أَرۡسَلۡنَآ
8632ccb78643	ʔadːiːn	47	ٱلدِّينِ ٱلدِّينَ ٱلدِّينُ
2ae9c4449d8f	ʔuⁿzil	47	أُنزِلَ
fa17d0095329	nafs	47	نَفۡسٍ نَفۡسٌ نَّفۡسٍ نَفۡسِۭ نَفۡسُۢ نَفۡسِ
aa3ad13bdcdb	hiː	47	هِىَ
5e0db08003d5	ʕamː̃aː	47	عَمَّا عَمَّآ
6cc13e021014	kitaːbᵊ	47	كِتَـٰبٌ كِتَـٰبٍ كِتَـٰبِ كِتَـٰبَ كِتَـٰبُ كِتَابٌ كِتَابِ
0bbef8803b6b	ʔaⁿzal	47	أَنزَلَ
f2e55008df6a	lajs	47	لَيۡسَ لَّيۡسَ
f519f013cc85	walam	47	وَلَمۡ
8b80b54495c1	kaθiːraː	46	كَثِيرًا
f041d7a0a224	rabːuk	46	رَبُّكَ رَبُّكِ رَّبُّكَ
b20d017dd628	rabːikum	46	رَّبِّكُمۡ رَبِّكُمۡ رَبِّكُم رَّبِّكُم
ac68fc2740ae	faʔulaːːʔik	46	فَأُوۡلَـٰٓئِكَ
8ff077ad646b	ʕalajhaː	46	عَلَيۡهَا عَلَيۡهَآ
4e7757855667	ʔarːaħmaːn	45	ٱلرَّحۡمَـٰنِ ٱلرَّحۡمَـٰنُ ٱلرَّحۡمَـٰنَ
358ee6ac38f7	waʔaⁿtum	45	وَأَنتُمۡ وَأَنتُم وَأَنتُمُ
77e0dd5ff0f5	ʔafalaː	45	أَفَلَا
5a6585aa4057	ʔarːasuːl	45	ٱلرَّسُولَ ٱلرَّسُولِ ٱلرَّسُولُ
3a93bce3db26	ʔalːaː	45	أَلَّا أَلَّآ
b2aa77d8a5e5	d͡ʒaʕal	44	جَعَلَ
e88a04fc7a9c	ðaːlikum	44	ذٰلِكُمۡ ذٰلِكُمُ ذٰلِكُم
2610afba093c	wajawm	44	وَيَوۡمَ
b3889a641226	walahum	43	وَلَهُمۡ وَلَهُم وَلَهُمُ
900812e3518d	ʔalʔanhaːr	43	ٱلۡأَنۡهَـٰرُ ٱلۡأَنۡهَـٰرَ
8ab3e2c1ce5e	waqadᵊ	43	وَقَدۡ وَقَد
78822ba91874	xaːlidiːn	43	خَـٰلِدِينَ
658fb618e7bb	waʔanː̃	43	وَأَنَّ
e66b11ad9891	ʔalqurʔaːn	43	ٱلۡقُرۡءَانَ ٱلۡقُرۡءَانِ ٱلۡقُرۡءَانُ
a7a46069f216	quluːbihim	42	قُلُوبِهِمۡ قُلُوبِهِم قُلُوبِهِمُ
bc0069858649	ʔalħakiːm	42	ٱلۡحَكِيمُ ٱلۡحَكِيمِ
8108fa4d5a96	rabːihiː	42	رَبِّهِۦ رَّبِّهِۦ رَبِّهِۦٓ رَّبِّهِۦٓ
16049efd0f41	ʔisraːːʔiːl	42	إِسۡرٰٓءِيلَ إِسۡرٰٓءِيلُ
311ad030ca74	jahdiː	42	يَهۡدِى يَهۡدِىٓ
9d77a190eff7	bihim	41	بِهِمۡ بِهِم بِهِمُ
3c2115701fd8	fahum	41	فَهُمۡ فَهُم فَهُمُ
9f81c0ca63d4	haːːʔulaːːʔ	41	هَـٰٓؤُلَآءِ
0ea37a69ff11	ʔanː̃ahum	41	أَنَّهُمۡ أَنَّهُم
fd7422cbb4f6	biɣajr	41	بِغَيۡرِ
b1f9286ed2fb	d͡ʒaːːʔahum	41	جَآءَهُمۡ جَآءَهُم جَآءَهُمُ
54718bc61a3a	lahaː	41	لَهَا لَّهَا لَهَآ
da469dc8d349	laʕalːahum	41	لَعَلَّهُمۡ لَّعَلَّهُمۡ لَّعَلَّهُم
6a9123a8f11d	ʔaljawm	41	ٱلۡيَوۡمَ ٱلۡيَوۡمُ ٱلۡيَوۡمِ
6be3ef41c967	ʔilajhim	40	إِلَيۡهِمۡ إِلَيۡهِم إِلَيۡهِمُ
767517bf66b9	qawmaː	40	قَوۡمًا قَوۡمَۢا
388452fd399d	waʕalaː	39	وَعَلَى وَعَلَىٰ وَعَلَىٰٓ
b2e5e485a4c3	jaquːl	39	يَقُولُ يَقُولَ
9f7b5f77f1a3	ðˤalamuː	39	ظَلَمُواۡ ظَلَمُوٓاۡ ظَّلَمُوٓاۡ
593fbe6f4c75	ʔahl	39	أَهۡلِ أَهۡلُ أَهۡلَ
101738464ded	juħibːᵊ	39	يُحِبُّ
430a2dd47b5d	ħakiːm	39	حَكِيمٌ حَكِيمٍ
5e69bd83b016	ʔalmalaːːʔikah	38	ٱلۡمَلَـٰٓئِكَةُ ٱلۡمَلَـٰٓئِكَةَ ٱلۡمَلَـٰٓئِكَةِ
005d66ae40cc	watːaquː	38	وَٱتَّقُواۡ
7905165b66bf	jaːqawm	38	يَـٰقَوۡمِ
028fe49385b0	lawlaː	38	لَوۡلَآ لَوۡلَا لَّوۡلَا لَّوۡلَآ
47365f435516	wakaðaːlik	38	وَكَذٰلِكَ
dfda11949d7d	juriːdᵊ	38	يُرِيدُ
3ac18ea35099	ʕaðaːbaː	38	عَذَابًا
b521c85a453e	qadiːr	37	قَدِيرٌ قَدِيرُۢ
44fab44ace8b	qabᵊlihim	37	قَبۡلِهِمۡ قَبۡلِهِم قَبۡلِهِمُ
e5199ab7c282	xajraː	37	خَيۡرًا
8284724ef068	kaðːabuː	37	كَذَّبُواۡ
d1998891b8df	ʕanh	37	عَنۡهُ
efa651d3bd5b	wad͡ʒaʕalnaː	37	وَجَعَلۡنَا وَجَعَلۡنَآ
da2f001aed1d	ʔaⁿfusahum	36	أَنفُسَهُمۡ أَنفُسَهُم
9b6ea9626795	sˤaːliħaː	36	صَـٰلِحًا
5ad2d187aad8	ʔalʕaðˤiːm	36	ٱلۡعَظِيمِ ٱلۡعَظِيمُ ٱلۡعَظِيمَ
6d45b8eb56a5	rabːukum	36	رَبُّكُمۡ رَبُّكُم رَّبُّكُمۡ رَبُّكُمُ رَّبُّكُمُ
3f6ffe58c3ad	duːnihiː	36	دُونِهِۦ دُونِهِۦٓ
0f0bd3b16da3	ʔalmawt	35	ٱلۡمَوۡتِ ٱلۡمَوۡتُ ٱلۡمَوۡتَ
d2c2dd3bd5d9	taħtihaː	35	تَحۡتِهَا تَحۡتِهَآ
35da6f67e0f8	limaː	35	لِّمَا لِمَا لِمَآ
252080cc3e57	bikum	35	بِكُمۡ بِكُمُ بِكُم
67fe8614de97	wakaːnuː	35	وَكَانُواۡ وَّكَانُواۡ وَكَانُوٓاۡ
c0d4c9620c18	ʔumː̃ah	35	أُمَّةٍ أُمَّةٌ أُمَّةِۭ
d98b505819dd	jakuːn	35	يَكُونُ يَكُونَ
ea261a552f9e	ʃadiːdᵊ	35	شَدِيدُ شَدِيدٌ شَدِيدٍ شَدِيدُۢ شَدِيدِ
80759819beaf	ʔawalam	35	أَوَلَمۡ
1bb3d56915c1	ʔasːaːʕah	35	ٱلسَّاعَةُ ٱلسَّاعَةَ ٱلسَّاعَةِ
91553d5abc96	fabiʔajː	35	فَبِأَىِّ
3d1d7b0f3aa4	ʔarːaħiːm	34	ٱلرَّحِيمُ ٱلرَّحِيمِ
943be6da1a7b	qiːl	34	قِيلَ
c7d23d2055ed	bikulː	34	بِكُلِّ بِكُلٍّ
97f43d9c936c	biʔaːjaːt	34	بِـَٔـايَـٰتِ
eaf1f9a2e378	ħaqːᵊ	34	حَقَّ حَقٌّ حَقٍّ حَقُّ
4793cda479d7	ʔawlijaːːʔ	34	أَوۡلِيَآءَ أَوۡلِيَآءُ
ef75565fd3ca	ʔamr	34	أَمۡرُ أَمۡرِ أَمۡرٍ أَمۡرَ أَمۡرٌ
ddf558160458	ʔaːlaːːʔ	34	ءَالَآءِ ءَالَآءَ
45c4c2d56645	wafiː	33	وَفِى وَفِىٓ
bd7ec3f248ee	waʔinː̃aː	33	وَإِنَّا وَإِنَّآ
7dfa55200ee4	muʔminiːn	33	مُّؤۡمِنِينَ مُؤۡمِنِينَ
1a062f06589c	walaʔin	33	وَلَئِن وَلَئِنۡ وَلَئِنِ
b6e7819c5889	minː̃aː	33	مِّنَّا مِنَّا مِنَّآ
adc6e9ebc4ea	lah	33	لَهُ لَّهُ
70a4b75be725	lamː̃aː	33	لَمَّا لَّمَّا لَمَّآ لَّمًّا
4d9de70b0435	kalːaː	33	كَلَّا كَلَّآ
3389725e1e3f	sˤiraːtˤᵊ	32	صِرٰطٍ صِرٰطٌ صِرٰطِ صِرٰطَ صِرٰطُ
ffcff3827cee	hudaː	32	هُدًى هُدَى
bd7cd6296a3d	ʔalʕaliːm	32	ٱلۡعَلِيمُ ٱلۡعَلِيمِ
f1e81a7c1863	ʔuːtuː	32	أُوتُواۡ أُوتُوٓاۡ
d415084ab45c	ʔaħsan	32	أَحۡسَنُ أَحۡسَنَ أَحۡسَنِ
0bbbac350a66	ʔalʔamr	32	ٱلۡأَمۡرِ ٱلۡأَمۡرُ ٱلۡأَمۡرَ
96495a031422	ʔanː̃aː	32	أَنَّىٰ أَنَّا أَنَّآ
5c23f35f7b26	ʔilajkum	32	إِلَيۡكُمۡ إِلَيۡكُم إِلَيۡكُمُ
0bcb6dcb5127	ʔad͡ʒᵊr	32	أَجۡرٌ أَجۡرٍ أَجۡرَ أَجۡرُ
80e917c865c4	ʔaːmanː̃aː	31	ءَامَنَّا
34e74cbc201f	sˤaːdiqiːn	31	صَـٰدِقِينَ
b8d939cae54e	ʔinː̃akum	31	إِنَّكُمۡ إِنَّكُم
915d11926ca0	baniː	31	بَنِىٓ
003240671c6b	walamː̃aː	31	وَلَمَّا وَلَمَّآ
9ca9100c91d9	mimː̃an	31	مِمَّن مِمَّنِ مِّمَّنۡ مِّمَّن مِمَّنۡ
09a3a422adc7	ʔalʔajaːt	31	ٱلۡأَيَـٰتِ ٱلۡأَيَـٰتُ
4a74e3ecf773	jakun	31	يَكُن يَكُنِ يَكُنۡ
ff85dc6649ae	maʕahuː	31	مَعَهُۥ مَعَهُۥٓ مَّعَهُۥ مَّعَهُۥٓ
90aebae31567	tar	31	تَرَ
68113e4a6719	ʔakθar	31	أَكۡثَرَ أَكۡثَرُ
97c2b02ccde8	ʔalʔawːaliːn	31	ٱلۡأَوَّلِينَ
c2f540bb3354	rabːikumaː	31	رَبِّكُمَا
3f80ef54d328	tukaðːibaːn	31	تُكَذِّبَانِ
84507602961d	ʔalmuħsiniːn	30	ٱلۡمُحۡسِنِينَ
743f7deabdd3	ʔaħadᵊ	30	أَحَدٍ أَحَدٌ أَحَدَ أَحَدُۢ
4d9b2f0de11d	faʔinː̃amaː	30	فَإِنَّمَا فَإِنَّمَآ
2e93d91b3e3b	ʔanː̃abijː	30	ٱلنَّبِىُّ ٱلنَّبِىِّ ٱلنَّبِىَّ
fbfa89be8bd2	ħajθ	29	حَيۡثُ
8585c7870dc7	ħiːn	29	حِينٍ حِينَ حِينِۭ حِينِ حِينٌ
986869ba2672	d͡ʒaʕalnaː	29	جَعَلۡنَا جَعَلۡنَآ
641728229927	bih	29	بِهِ
1f3286bcc97f	laʔajaːt	29	لَأَيَـٰتٍ
4acea73c64b1	lafiː	29	لَفِى لَّفِى
8818cb03e44b	qaːlat	29	قَالَتۡ قَالَتِ قَالَت
0e922c7224f9	sabiːlaː	29	سَبِيلًا سَبِيلَۢا
65ffcd9c87fe	bajnahumaː	29	بَيۡنَهُمَا بَيۡنَهُمَآ
68a33eeb41e7	nuːħ	29	نُوحٍ نُوحٌ نُّوحٍ
31a6c4b8810b	naðiːr	29	نَذِيرٌ نَّذِيرٍ نَذِيرٍ نَذِيرِ
22ce53455098	wad͡ʒaʕal	29	وَجَعَلَ
588cbca29045	qabᵊlik	28	قَبۡلِكَ
7590eae4a850	waʔamː̃aː	28	وَأَمَّا وَأَمَّآ
cf5ad2bf24d3	ʔaʃadːᵊ	28	أَشَدُّ أَشَدَّ أَشَدِّ
2563b155e501	marjam	28	مَرۡيَمَ
639d1c9583e7	kaːnat	28	كَانَتۡ كَانَت كَانَتِ
a456fd170d16	ʔabadaː	28	أَبَدًا أَبَدَۢا
955a94e9dfac	ʔasːabiːl	28	ٱلسَّبِيلِ ٱلسَّبِيلَ ٱلسَّبِيلُ
bd49e01667d6	tilk	28	تِلۡكَ تِّلۡكَ
0df300e769b1	ʔalʕilm	28	ٱلۡعِلۡمِ ٱلۡعِلۡمَ ٱلۡعِلۡمُ
295a89c5af71	lamin	28	لَمِنَ لَّمِنَ لَمِنۡ
021525e1dd9f	fahuː	28	فَهُوَ
272f6d240ef8	ʔalɣajbᵊ	28	ٱلۡغَيۡبِ ٱلۡغَيۡبَ ٱلۡغَيۡبُ
0b950fb78a2b	wajaquːluːn	28	وَيَقُولُونَ
9465e15eea7a	warasuːlahuː	28	وَرَسُولَهُۥ وَرَسُولَهُۥٓ
a8639af97dcf	ʔalqawl	28	ٱلۡقَوۡلُ ٱلۡقَوۡلِ ٱلۡقَوۡلَ
8c4d3771ff9a	laʔin	28	لَئِن لَئِنۡ لَئِنِ لَئِنۢ لَّئِنۡ لَّئِنِ لَّئِن
07642145d277	maːːʔaː	27	مَآءً مَآءَۢ مَّآءً
0a26fefc85bc	faqaːl	27	فَقَالَ
9f746f6dfa0c	suːːʔ	27	سُوٓءُ سُوٓءَ سُوٓءٍ سُوٓءِ سُوٓءٌ سُوٓءِۭ
529cf4cf3725	fadˤl	27	فَضۡلُ فَضۡلٍ فَضۡلِ فَضۡلٌ فَضۡلِۭ
cbb89e2a8a3a	basˤiːr	27	بَصِيرٌ بَصِيرُۢ
35189766bf93	ʔaⁿfusihim	27	أَنفُسِهِمۡ أَنفُسِهِم
0b422b8b9932	walilːaːh	27	وَلِلَّهِ
c53f152e8711	waʔilaː	27	وَإِلَى وَإِلَىٰ وَإِلَىٰٓ
9695f63bb611	ʕaːqibah	27	عَـٰقِبَةُ عَـٰقِبَةَ
21d0274bc834	dˤalaːl	27	ضَلَـٰلٍ ضَلَـٰلِۭ
fc0e51e10afd	likulː	27	لِّكُلِّ لِكُلِّ لِكُلٍّ
7524afe04e64	jaraw	27	يَرَوۡاۡ يَرَوُاۡ
a48f8a018635	ʔalħamdᵊ	26	ٱلۡحَمۡدُ
e17e5ddfefdd	ʔalʔaxir	26	ٱلۡأَخِرِ ٱلۡأَخِرَ
841e6ab3f5fe	ʔaːman	26	ءَامَنَ
3459c1fb3d66	maʕakum	26	مَعَكُمۡ مَعَكُم مَّعَكُمۡ
b4470bb953b1	ʔazːakaːh	26	ٱلزَّكَوٰةَ ٱلزَّكَوٰةِ
21ac8595c425	biʔanː̃ahum	26	بِأَنَّهُمۡ بِأَنَّهُمُ
3501fad7da8f	waminhum	26	وَمِنۡهُم وَمِنۡهُمۡ وَمِنۡهُمُ
12c83785dfbc	fadˤlihiː	26	فَضۡلِهِۦ فَضۡلِهِۦٓ
20a4a267accd	mustaqiːm	26	مُّسۡتَقِيمٍ مُّسۡتَقِيمٌ مُسۡتَقِيمٌ
098f30bca066	wanː̃ahaːr	26	وَٱلنَّهَارِ وَٱلنَّهَارَ وَٱلنَّهَارُ
ed9fd21eaa25	bajnakum	26	بَيۡنَكُمۡ بَيۡنَكُم بَيۡنَكُمُ بَّيۡنَكُمۡ
9f40f6e17e1b	fasawf	26	فَسَوۡفَ
a3b8f81f1d8e	qawmihiː	26	قَوۡمِهِۦ قَوۡمِهِۦٓ
3bfe6b18e0f6	waʔulaːːʔik	25	وَأُوۡلَـٰٓئِكَ
0af909acff7b	ʔaːjaːtihiː	25	ءَايَـٰتِهِۦ ءَايَـٰتِهِۦٓ
9c020bef3428	ʔajdiːhim	25	أَيۡدِيهِمۡ
ab8dcdc57fda	d͡ʒaːːʔakum	25	جَآءَكُمۡ جَآءَكُم جَآءَكُمُ
9aa6f2071218	ʔaⁿzalnaː	25	أَنزَلۡنَا أَنزَلۡنَآ
d1aeeec16f68	ðuː	25	ذُو
863308f3ea9c	miθl	25	مِثۡلَ مِّثۡلَ مِثۡلُ مِّثۡلُ
0831de8ff0a5	d͡ʒunaːħ	25	جُنَاحَ جُنَاحٌ جُنَاحُۢ
a6701092ffce	waʔan	25	وَأَن وَأَنۡ وَأَنِ
6226ec3d8b57	takuːn	25	تَكُونَ تَكُونُ
acecdfcfb5f6	juʔmin	25	يُؤۡمِنُ يُؤۡمِنۢ يُؤۡمِنَ
2f11ed4d4ebc	xabiːr	25	خَبِيرٌ خَبِيرُۢ خَبِيرٍ
896f8936a4ee	ʔanː̃ahaːr	25	ٱلنَّهَارِ ٱلنَّهَارَ
4a91a8e4a7c4	ʔilajː	25	إِلَىَّ
d07254b3ade4	waʕdᵊ	25	وَعۡدَ وَعۡدُ وَعۡدٌ
f6a80a116386	ðikr	25	ذِكۡرِ ذِكۡرٌ ذِكۡرَ ذِكۡرُ ذِكۡرٍ
341a8a2ea11e	xaːliduːn	24	خَـٰلِدُونَ
2fb131a570fb	ʕanhaː	24	عَنۡهَا عَنۡهَآ
c8639db95182	taʕqiluːn	24	تَعۡقِلُونَ
4f107a751542	ʕaⁿkum	24	عَنكُمۡ عَنكُم عَنكُمُ
d0fb39323e31	jaːmuːsaː	24	يَـٰمُوسَىٰ يَـٰمُوسَىٰٓ يَـٰمُوسَى
9d4be7a327fe	bilbajːinaːt	24	بِٱلۡبَيِّنَـٰتِ
8f7d46f3a439	ʔalmuʃrikiːn	24	ٱلۡمُشۡرِكِينَ
8326a6ee7b5a	ʔaːjah	24	ءَايَةٍ ءَايَةٌ ءَايَةَ ءَايَةِۭ
fdff72679dd5	fiːmaː	24	فِيمَا فِيمَآ
a7f828c00f2a	waʔinː̃ahuː	24	وَإِنَّهُۥ
cd0d6bcb47b5	ʕaziːz	24	عَزِيزٌ عَزِيزٍ
554757a4455a	ʔanː̃isaːːʔ	24	ٱلنِّسَآءِ ٱلنِّسَآءَ ٱلنِّسَآءُ
179c7121d129	ʔaðˤːaːlimuːn	24	ٱلظَّـٰلِمُونَ
c931c46a482f	walawlaː	24	وَلَوۡلَا وَلَوۡلَآ
e78db62d1771	ʔalmursaliːn	24	ٱلۡمُرۡسَلِينَ
a109a6b54be8	ʔald͡ʒibaːl	24	ٱلۡجِبَالُ ٱلۡجِبَالِ ٱلۡجِبَالَ
b5f8d3c6025d	lilkaːfiriːn	23	لِلۡكَـٰفِرِينَ لِّلۡكَـٰفِرِينَ
673bf097adfb	haːðih	23	هَـٰذِهِ
53d17c46c29d	ʕaduwː	23	عَدُوٌّ عَدُوٍّ عَدُوَّ عَدُوُّۢ
e88c3e887806	ʔalbaħr	23	ٱلۡبَحۡرِ ٱلۡبَحۡرَ ٱلۡبَحۡرُ
a63f9d4e3005	waljawm	23	وَٱلۡيَوۡمِ وَٱلۡيَوۡمَ
0ccfc46b6176	baʕdˤuhum	23	بَعۡضُهُمۡ بَعۡضُهُم
10dafcdf76f6	biʔiðn	23	بِإِذۡنِ
901276430f9c	ʔald͡ʒaħiːm	23	ٱلۡجَحِيمِ ٱلۡجَحِيمُ ٱلۡجَحِيمَ
3302fc0358ff	ʔalmasˤiːr	23	ٱلۡمَصِيرُ
1bb3323eda92	rasuːlaː	23	رَسُولًا رَّسُولًا رَسُولَا
407ac4cb231d	ʔalħaraːm	23	ٱلۡحَرَامِ ٱلۡحَرَامَ ٱلۡحَرَامُ
03bd6c93b8c3	ʔad͡ʒᵊmaʕiːn	23	أَجۡمَعِينَ
c29b60e4eb03	ʔalmutːaqiːn	23	ٱلۡمُتَّقِينَ
cd7bd46cad17	jadᵊʕuːn	23	يَدۡعُونَ
130703bcd263	ʔaːjahaː	23	ءَايَةً ءَايَةَۢ
4e69f5f59b05	warasuːlihiː	23	وَرَسُولِهِۦ وَرَسُولِهِۦٓ
f152276c1c50	haːðihiː	23	هَـٰذِهِۦ هَـٰذِهِۦٓ
85009b6088e0	fahal	23	فَهَلۡ فَهَل
4e196bd9d060	walan	22	وَلَن وَلَنۡ
e1983a6b088a	faʔamː̃aː	22	فَأَمَّا فَأَمَّآ
e6dd066d76fd	maːðaː	22	مَاذَا مَاذَآ مَّاذَا مَّاذَآ
eb768f50184c	ʔaːl	22	ءَالَ ءَالِ ءَالُ
1f6c13da7f19	falan	22	فَلَن فَلَنۡ
f0cc4d80427e	balaː	22	بَلَىٰ بَلَىٰٓ
f8e6e9fa254d	ʔakθaruhum	22	أَكۡثَرُهُمۡ أَكۡثَرُهُم
4edc9211bede	jaʔtiː	22	يَأۡتِىَ يَأۡتِى يَأۡتِىٓ
6711fa508388	ʔalhudaː	22	ٱلۡهُدَىٰ ٱلۡهُدَىٰٓ ٱلۡهُدَى
68f48fe1a486	ʔaːjaːtinaː	22	ءَايَـٰتِنَا ءَايَاتِنَا ءَايَـٰتِنَآ
f423f5324b9b	jaʕqiluːn	22	يَعۡقِلُونَ
4ae830f760a2	maθal	22	مَثَلُ مَّثَلُ مَثَلٍ مَثَلَ مَّثَلَ مَثَلٌ
7eab9302c473	waʔilajh	22	وَإِلَيۡهِ
21844c61afa6	ʔad͡ʒal	22	أَجَلٍ أَجَلٌ أَجَلَ
ebea6c397454	raħmahaː	22	رَحۡمَةً رَّحۡمَةً
f2b14a9d7806	ʔalmuʔminuːn	22	ٱلۡمُؤۡمِنُونَ
f3de28db0e27	ʕaliːmaː	22	عَلِيمًا
bcee5f013275	ʕaðˤiːmaː	22	عَظِيمًا عَظِيمَۢا
085e1740b5e0	ʔad͡ʒᵊraː	22	أَجۡرًا
ba5232fe53ff	ʔalmubiːn	22	ٱلۡمُبِينُ ٱلۡمُبِينِ
5841c1d571bc	sawaːːʔ	21	سَوَآءٌ سَوَآءِ سَوَآءَ سَوَآءٍ سَوَآءِۭ
19838b419321	jaʃʕuruːn	21	يَشۡعُرُونَ
bfca1b081c76	takuːnuː	21	تَكُونُواۡ تَكُونُوٓاۡ
2c2bbcd1eaa2	bilʔaxirah	21	بِٱلۡأَخِرَةِ
1d88a35eb218	mulk	21	مُلۡكُ مُلۡكِ مُّلۡكُ
a23f4ecb47bd	samiːʕ	21	سَمِيعٌ سَمِيعُۢ سَمِيعُ
9975990e9b15	musamː̃aː	21	مُّسَمًّى
ee2b13dc4e63	waqul	21	وَقُل وَقُلۡ وَقُلِ
5d1d02f6c6ab	wakafaː	21	وَكَفَىٰ وَكَفَى
e0b7f22a8b1f	ʕasaː	21	عَسَىٰٓ عَسَىٰ عَسَى
6d7c61e0a0d6	ʔitːaxaðuː	21	ٱتَّخَذُواۡ ٱتَّخَذُوٓاۡ
a6b4e1c33e73	kaðːabᵊ	21	كَذَّبَ
47a5966af896	ʔalfulk	21	ٱلۡفُلۡكِ ٱلۡفُلۡكَ ٱلۡفُلۡكُ
f78df0d8d14a	xalaqᵊnaː	21	خَلَقۡنَا خَلَقۡنَآ
f06b3fa18411	juːsuf	21	يُوسُفَ يُوسُفُ
a627e727c444	juⁿfiquːn	20	يُنفِقُونَ
51a6de60f6b3	rabːakum	20	رَبَّكُمۡ رَبَّكُمُ
4b08c075bdf6	maθalaː	20	مَثَلًا مَّثَلًا
46504fddbe7f	ʔawːal	20	أَوَّلَ أَوَّلُ أَوَّلِ
97d4d7bcfddc	taʕbuduːn	20	تَعۡبُدُونَ
b04e24d29ecf	tawalːaw	20	تَوَلَّوۡاۡ تَوَلَّواۡ
f8e0031bab8e	ʃahiːdaː	20	شَهِيدًا شَهِيدَۢا
0a8825d73b60	bilmaʕruːf	20	بِٱلۡمَعۡرُوفِ
b90a5a5e8e90	ʔajːaːm	20	أَيَّامٍ أَيَّامِ أَيَّامَ
393883c2cd55	laʔajahaː	20	لَأَيَةً
dd34e9bfcfa4	qarjah	20	قَرۡيَةٍ قَرۡيَةٌ قَرۡيَةِۭ
bb4e2d6f3524	naːr	20	نَّارٍ نَارٌ نَارِ نَارَ نَارُ نَّارِ
78212f8f940c	raħiːmaː	20	رَّحِيمًا رَحِيمًا رَّحِيمَۢا
dd5eaf22ee8e	ɣafuːraː	20	غَفُورًا
3c964bbd6af3	ʔaħadaː	20	أَحَدًا أَحَدَۢا
2cbb179e9d89	ʔaxaːf	20	أَخَافُ
76d68effce2b	ʔaʃːams	20	ٱلشَّمۡسَ ٱلشَّمۡسِ ٱلشَّمۡسُ
2a3abd5aafee	walqamar	20	وَٱلۡقَمَرَ وَٱلۡقَمَرُ وَٱلۡقَمَرِ
3f22cb60cf53	ʕamiluː	20	عَمِلُواۡ عَمِلُوٓاۡ
44867cd60cb7	ʔalʕarʃ	20	ٱلۡعَرۡشِ ٱلۡعَرۡشَ
702d3e883869	kariːm	20	كَرِيمٌ كَرِيمٍ
e42812dd773f	naːraː	19	نَارًا
1fd1e2b4ccab	tatːaquːn	19	تَتَّقُونَ
c966adecfe01	turd͡ʒaʕuːn	19	تُرۡجَعُونَ
b6fbef45ba4a	walakum	19	وَلَكُمۡ وَلَكُم وَلَكُمُ
f8382b7abfab	baʕdihiː	19	بَعۡدِهِۦ بَعۡدِهِۦٓ
6bdf6d659861	taʃkuruːn	19	تَشۡكُرُونَ
1903387b61bc	ʔaːtajnaː	19	ءَاتَيۡنَا ءَاتَيۡنَآ
5b5297f9465b	qawlaː	19	قَوۡلًا قَوۡلَۢا
ba0f17e74234	jasmaʕuːn	19	يَسۡمَعُونَ
e316788cd9a0	ʕibaːdihiː	19	عِبَادِهِۦ عِبَادِهِۦٓ
7e390d7d4eca	ʔasːamiːʕ	19	ٱلسَّمِيعُ
682019b545a6	ʔasˤːaːliħiːn	19	ٱلصَّـٰلِحِينَ
0d0f0692fff3	ʔilajnaː	19	إِلَيۡنَا إِلَيۡنَآ
07d4432562c3	ʕiⁿdahuː	19	عِندَهُۥ عِندَهُۥٓ
e9159a892ffe	xalqᵊ	19	خَلۡقٍ خَلۡقِ خَلۡقَ خَلۡقُ
af9fee8961b1	jaⁿðˤuruːn	19	يَنظُرُونَ
7088aa35ea75	walʔaxirah	19	وَٱلۡأَخِرَةِ وَٱلۡأَخِرَةُ وَٱلۡأَخِرَةَ
377b6d1444c5	ʔalmalaʔ	19	ٱلۡمَلَأُ ٱلۡمَلَؤُاۡ ٱلۡمَلَإِ ٱلۡمَلَأَ
7b826c105ca5	ʔalmulk	19	ٱلۡمُلۡكُ ٱلۡمُلۡكِ ٱلۡمُلۡكَ
0da7d01c2056	rabːahuː	19	رَبَّهُۥ رَبَّهُۥٓ رَّبَّهُۥ
04c717a73e13	takun	19	تَكُن تَكُنۡ تَكُنۢ
9b2d0256a2b5	ʔanː̃amaː	19	أَنَّمَا أَنَّمَآ
78a9e1e9c55e	ðiː	19	ذِى
c6c3ede34eb3	taraː	19	تَرَىٰٓ تَرَىٰ تَرَى
28a7f299c6ad	salaːm	19	سَلَـٰمٌ
3923ef866b13	ʔalmud͡ʒᵊrimiːn	19	ٱلۡمُجۡرِمِينَ
bf041407298d	naʃaːːʔ	19	نَشَآءُ نَّشَآءُ نَشَـٰٓؤُاۡ
2c03ba098509	nad͡ʒᵊziː	19	نَجۡزِى
ce767c826972	ʔald͡ʒinː̃	19	ٱلۡجِنِّ ٱلۡجِنَّ ٱلۡجِنُّ
6183ae085d43	juʃrikuːn	19	يُشۡرِكُونَ
3fc33aa39743	lilmutːaqiːn	18	لِلۡمُتَّقِينَ لِّلۡمُتَّقِينَ
2c5280913a28	qabᵊlikum	18	قَبۡلِكُمۡ قَبۡلِكُم
d06530587ee6	ʔaraːdᵊ	18	أَرَادَ
32ac1aaa4d42	ʔaⁿfusakum	18	أَنفُسَكُمۡ أَنفُسَكُم أَنفُسَكُمُ
9f6ae3ddc0d0	waːħidᵊ	18	وٰحِدٌ وٰحِدٍ
f65ccae3f117	kafar	18	كَفَرَ
78a14e997f23	walijː	18	وَلِىٍّ وَلِىٌّ وَلِىُّ
bf32dacdbfe1	dˤalː	18	ضَلَّ
824280794027	quluːbuhum	18	قُلُوبُهُمۡ قُلُوبُهُم
5fa51deeb8a0	waʔanaː	18	وَأَنَاۡ وَأَنَا
0d8a5e8e9e8b	jatːaquːn	18	يَتَّقُونَ
b93f900f7cfe	waʕlamuː	18	وَٱعۡلَمُوٓاۡ
de9c93321f84	waːħidahaː	18	وٰحِدَةً
a633216bdb22	d͡ʒaːːʔathum	18	جَآءَتۡهُمۡ جَآءَتۡهُمُ
6f912f856744	ʔakbar	18	أَكۡبَرُ أَكۡبَرَ
0bd8032634f8	ħasanaː	18	حَسَنًا
d6b8f6941b9b	ʔarːusul	18	ٱلرُّسُلُ ٱلرُّسُلِ ٱلرُّسُلَ
5caf1ee3aeab	faqul	18	فَقُلۡ فَقُل فَقُلِ
8ec4d2b30bd6	faqaːluː	18	فَقَالُواۡ فَقَالُوٓاۡ
a3ee267a52cb	rajbᵊ	17	رَيۡبَ رَيۡبٍ
31f64f62f928	ʔaðˤlam	17	أَظۡلَمُ أَظۡلَمَ
cabca515c624	ʔuʕbuduː	17	ٱعۡبُدُواۡ
45baad978e88	fatːaquː	17	فَٱتَّقُواۡ
40d06dc3fc74	ʔalmaːːʔ	17	ٱلۡمَآءَ ٱلۡمَآءِ ٱلۡمَآءُ
e0d3e363d9ca	jadajh	17	يَدَيۡهِ
7fda0d24130f	ʔamraː	17	أَمۡرًا
61cb8d8fc173	rabːunaː	17	رَبُّنَا رَبُّنَآ
960925c612ec	ʔaʕmaːlahum	17	أَعۡمَـٰلَهُمۡ
e37dbdf0c3d0	ħarːam	17	حَرَّمَ
b9668b2cd72b	ʕaːdᵊ	17	عَادٍ عَادٌ عَادَ
8e4619384e0f	ħaqːaː	17	حَقًّا
8b9e11b9c2d3	baʕdihim	17	بَعۡدِهِمۡ بَعۡدِهِم
2d05ea808f83	kabiːraː	17	كَبِيرًا
fbee571b4970	rabːinaː	17	رَبِّنَا رَبِّنَآ رَّبِّنَآ رَّبِّنَا
25a9c7a8f5bd	ʔanː̃ahuː	17	أَنَّهُۥ
9490422ceafb	jaftaruːn	17	يَفۡتَرُونَ
8ecd61f0bff5	tad͡ʒidᵊ	17	تَجِدَ تَجِدُ
e06a57f55ff3	jaɣfir	17	يَغۡفِرُ يَغۡفِرَ يَغۡفِرۡ
55e2958a7463	rabːahum	17	رَبَّهُمۡ رَبَّهُم
caff2f6b4050	ʔalkaːfiruːn	17	ٱلۡكَـٰفِرُونَ
1970c42c6b85	ʔasˤːaːdiqiːn	17	ٱلصَّـٰدِقِينَ
cceab045136e	ʔalquraː	17	ٱلۡقُرَىٰ ٱلۡقُرَىٰٓ ٱلۡقُرَى
0b6718a0fa4c	taðakːaruːn	17	تَذَكَّرُونَ
fde600604857	ðaːt	17	ذَاتِ ذَاتَ ذَاتُ
cc4da18608ea	jard͡ʒiʕuːn	16	يَرۡجِعُونَ
21cbcb26150e	xalaqakum	16	خَلَقَكُمۡ خَلَقَكُم
c26deeb7f71f	xawf	16	خَوۡفٌ خَوۡفٍ خَوۡفِۭ
8c21911f97a4	jawmaː	16	يَوۡمًا
de15dcf0d5e2	jubajːin	16	يُبَيِّنُ يُبَيِّن يُبَيِّنَ
0a6698e43d17	ʔalmawtaː	16	ٱلۡمَوۡتَىٰ ٱلۡمَوۡتَىٰٓ
148d28a423db	ʔibᵊn	16	ٱبۡنَ ٱبۡنِ
2c029237327d	samiʕnaː	16	سَمِعۡنَا
235e6ddfff95	bajːinaːt	16	بَيِّنَـٰتٍ بَيِّنَـٰتٌ
ec5ed2a95c94	jaħkum	16	يَحۡكُمُ يَحۡكُم يَحۡكُمَ
c579803d0b48	ʔaːtajnaːhum	16	ءَاتَيۡنَـٰهُمُ ءَاتَيۡنَـٰهُمۡ ءَاتَيۡنَـٰهُم
fe8a4ccfb0e1	fiːhim	16	فِيهِمۡ فِيهِم
7f06e6318f8e	ʔilaːhaː	16	إِلَـٰهًا
881e0edb6262	kasabat	16	كَسَبَتۡ
390827712825	ʔalʔalbaːbᵊ	16	ٱلۡأَلۡبَـٰبِ
3a34ac235c90	ʔalʕiqaːbᵊ	16	ٱلۡعِقَابِ
2c789e22e5d4	ðikraː	16	ذِكۡرًا ذِكۡرَىٰ ذِكۡرَى
00d55696739d	ʔalħisaːbᵊ	16	ٱلۡحِسَابِ ٱلۡحِسَابُ
7c3937fdcb1b	ʔaⁿfusikum	16	أَنفُسِكُمۡ أَنفُسِكُمُ أَنفُسِكُم
515162d93828	mataːʕ	16	مَتَـٰعُ مَتَـٰعٌ مَتَـٰعُۢ مَّتَـٰعَ مَتَـٰعٍ مَتَـٰعَ
e8a93cd8c7b0	ðaː	16	ذَا
54657dc64d54	fakajf	16	فَكَيۡفَ
5af906ae1f00	waladᵊ	16	وَلَدٌ وَلَدٍ وَلَدَ
9ec9cce3fcb3	baʃar	16	بَشَرٌ بَشَرٍ
42df6081874d	tutlaː	16	تُتۡلَىٰ
f3ff5a1b0c8e	ʔasˤːuduːr	16	ٱلصُّدُورِ ٱلصُّدُورُ
cf88f6d914d0	ʔafaman	16	أَفَمَن أَفَمَنۡ أَفَمَنِ
44fc84825c91	ħakiːmaː	16	حَكِيمًا
c990b854f649	ʔalfawz	16	ٱلۡفَوۡزُ
6e4c2112de6e	ʔahlaknaː	16	أَهۡلَكۡنَا أَهۡلَكۡنَآ
f7adcd4afd28	tadᵊʕuːn	16	تَدۡعُونَ
9e1a273050ce	wakunː̃aː	16	وَكُنَّا
ac4b7747e035	rizqaː	15	رِزۡقًا رِّزۡقًا
50646384505c	wanaħn	15	وَنَحۡنُ
ddc35130d979	ʔaːdam	15	ءَادَمَ ءَادَمُ
df3ab092cbc6	kuluː	15	كُلُواۡ
33182510ed05	ʔinː̃ahaː	15	إِنَّهَا إِنَّهَآ
ea2655ae7803	bibaʕdˤ	15	بِبَعۡضٍ بِبَعۡضِ
ad0f0f91466c	jafʕal	15	يَفۡعَلُ يَفۡعَلۡ
d45a260d72b8	faʔinː̃ahuː	15	فَإِنَّهُۥ فَإِنَّهُۥٓ
85d5a8b35eec	wahudaː	15	وَهُدًى
4a8a162ee8d3	lilmuʔminiːn	15	لِّلۡمُؤۡمِنِينَ لِلۡمُؤۡمِنِينَ
74cdf34cc6ff	taquːluː	15	تَقُولُواۡ تَقُولُوٓاۡ
a050c6c3def6	ʔitːaxað	15	ٱتَّخَذَ
ed5915b6a8da	wabiʔs	15	وَبِئۡسَ
9c9bfa6c7dec	xalat	15	خَلَتۡ خَلَتِ
1bd786811e3d	ʔalmasd͡ʒidᵊ	15	ٱلۡمَسۡجِدِ ٱلۡمَسۡجِدَ
19f0e5d4bd3c	kasabuː	15	كَسَبُواۡ كَسَبُوٓاۡ
9a5751a19dd2	ʔitːaqaw	15	ٱتَّقَوۡاۡ ٱتَّقَواۡ
4959b40ff2a5	ʃarː	15	شَرٌّ شَرِّ شَرَّ شَرُّ
b67e1692cc01	jastatˤiːʕuːn	15	يَسۡتَطِيعُونَ
75af9fa1667d	juðˤlamuːn	15	يُظۡلَمُونَ
f43e1e0ae778	ʔatːawraːh	15	ٱلتَّوۡرَٮٰةِ ٱلتَّوۡرَٮٰةَ ٱلتَّوۡرَٮٰةُ
d7dfe4901f03	waðkur	15	وَٱذۡكُرۡ وَٱذۡكُر وَٱذۡكُرِ
54ab8cf0bde9	ʔanː̃iː	15	أَنِّى أَنِّىٓ
bcd6b9b9f3c1	fawqᵊ	15	فَوۡقَ فَوۡقِ
009f9fd17c71	kalimah	15	كَلِمَةٌ كَلِمَةُ كَلِمَةَ كَلِمَةٍ
1e0afa83c8f0	lim	15	لِمَ
0c6b5891340b	wahaːðaː	15	وَهَـٰذَا وَهَـٰذَآ
fbdded2b626f	nafsihiː	15	نَفۡسِهِۦ نَّفۡسِهِۦ
0155c9fd974b	quluːbᵊ	15	قُلُوبِ قُلُوبٌ قُلُوبُ قُلُوبٍ
ff27a495d341	waqiːl	15	وَقِيلَ
b486ab9e488b	jad͡ʒᵊʕal	15	يَجۡعَلَ يَجۡعَلُ يَجۡعَل يَجۡعَلۡ يَجۡعَلِ
a4113739c7ab	malakat	15	مَلَكَتۡ
994e4b76f4ac	basˤiːraː	15	بَصِيرًا بَصِيرَۢا
e517ffd1fae6	ʔalmunaːfiqiːn	15	ٱلۡمُنَـٰفِقِينَ
5205913b02d7	ʕalajː	15	عَلَىَّ
19e276165add	ʔuxraː	15	أُخۡرَىٰ أُخۡرَىٰٓ
32d3394b964f	ʃakː	15	شَكٍّ شَكٌّ
f99c99ff1588	d͡ʒazaːːʔaː	15	جَزَآءً جَزَآءَۢ
ac4009bb86fb	kaðibaː	15	كَذِبًا
f7bc6cda6762	ʔakθarahum	15	أَكۡثَرَهُمۡ
73f512cc2e3b	kaːfiruːn	15	كَـٰفِرُونَ
c0b88ec35565	walːaðiː	15	وَٱلَّذِى وَٱلَّذِىٓ
968379075d27	luːtˤᵊ	15	لُوطٍ لُوطٌ لُوطِۭ
23b00adae011	qabᵊlahum	15	قَبۡلَهُمۡ قَبۡلَهُم
e5452d755a9d	bihaːðaː	14	بِهَـٰذَا بِهَـٰذَآ
2cd9c00a38bd	sabᵊʕ	14	سَبۡعَ سَبۡعٌ سَبۡعِ
ce19218c7613	qulnaː	14	قُلۡنَا قُلۡنَآ
dfb11c1e2a22	nafsaː	14	نَفۡسًا نَفۡسَۢا
ac189181709e	jaksibuːn	14	يَكۡسِبُونَ
6d8b873e7b58	muʕridˤuːn	14	مُّعۡرِضُونَ مُعۡرِضُونَ
7a6db96c523a	d͡ʒazaːːʔ	14	جَزَآءُ جَزٰٓؤُاۡ
a3fe2c5fa3fc	maʕahum	14	مَعَهُمۡ مَّعَهُمۡ مَعَهُمُ
c1cbc7137860	qadːamat	14	قَدَّمَتۡ
360e051b676b	ʔalfadˤl	14	ٱلۡفَضۡلِ ٱلۡفَضۡلُ ٱلۡفَضۡلَ
ca8b7c70f637	subᵊħaːnahuː	14	سُبۡحَـٰنَهُۥ سُبۡحَـٰنَهُۥٓ
477d9d3861ba	ʔumː̃ahaː	14	أُمَّةً
81e504342927	muslimuːn	14	مُّسۡلِمُونَ مُسۡلِمُونَ
020d4d5d6eaa	ʔuːtiː	14	أُوتِىَ
48237103d8f9	ʔajn	14	أَيۡنَ
41188b871522	walmalaːːʔikah	14	وَٱلۡمَلَـٰٓئِكَةُ وَٱلۡمَلَـٰٓئِكَةِ
0294c1295a87	biʔanː̃	14	بِأَنَّ
cfc9300dafd3	baʕiːdᵊ	14	بَعِيدٍ بَعِيدٌ
5c5f2677a7c4	qariːbᵊ	14	قَرِيبٌ قَرِيبٍ
ee70218a70bb	ʔanː̃akum	14	أَنَّكُمۡ أَنَّكُم
69641bbdc7ca	ʔazwaːd͡ʒaː	14	أَزۡوٰجًا
cec440767449	ʔaðˤːulumaːt	14	ٱلظُّلُمَـٰتِ ٱلظُّلُمَـٰتُ
7416b5808b1c	ʔitːaquː	14	ٱتَّقُواۡ
c5f74d8589f0	bilqistˤᵊ	14	بِٱلۡقِسۡطِ
ffe54a98f463	waʔinː̃iː	14	وَإِنِّى وَإِنِّىٓ
aa0e77607272	tˤaːːʔifah	14	طَّآئِفَةٌ طَآئِفَةٌ طَآئِفَةٍ
9d033caede13	ʔalkaðibᵊ	14	ٱلۡكَذِبَ ٱلۡكَذِبِ
7d26bca70d52	ʔiftaraː	14	ٱفۡتَرَىٰ ٱفۡتَرَىٰٓ
c1ea6d05719e	waʔatˤiːʕuː	14	وَأَطِيعُواۡ وَأَطِيعُوٓاۡ
d0f109057545	maɣfirah	14	مَّغۡفِرَةٌ مَغۡفِرَةٍ
da83d437038d	ʔasːajːiʔaːt	14	ٱلسَّيِّـَٔـاتِ ٱلسَّيِّـَٔـاتُ
43feac79377f	ʔaliːmaː	14	أَلِيمًا أَلِيمَۢا
c66dc8d6019d	makaːn	14	مَكَانٍ مَّكَانِۭ مَّكَانَ مَكَانَ مَّكَانٍ
e74878c668a1	ʔalʔanʕaːm	14	ٱلۡأَنۡعَـٰمِ ٱلۡأَنۡعَـٰمُ ٱلۡأَنۡعَـٰمَ
6646c3247666	ʔawħajnaː	14	أَوۡحَيۡنَآ
7ba58f7e9a87	warasuːluhuː	14	وَرَسُولُهُۥ وَرَسُولُهُۥٓ
6357948ac700	waʔaⁿt	14	وَأَنتَ
5d3add220749	jastahziʔuːn	14	يَسۡتَهۡزِءُونَ
457d671b9783	ʔaraʔajtum	14	أَرَءَيۡتُمۡ أَرَءَيۡتُم
6e59f33d1e8b	juːħaː	14	يُوحَىٰٓ يُوحَىٰ
b97d8c25327e	ʔaⁿzalnaːh	14	أَنزَلۡنَـٰهُ
faa3d0b093c8	ʔalxalqᵊ	14	ٱلۡخَلۡقَ ٱلۡخَلۡقِ ٱلۡخَلۡقُ
47660fedd2af	ʔalmadiːnah	14	ٱلۡمَدِينَةِ ٱلۡمَدِينَةَ
e3d9ec852a8f	ʔaðːikr	14	ٱلذِّكۡرَ ٱلذِّكۡرِ ٱلذِّكۡرُ
a3406c483aeb	ʔalʔuːlaː	14	ٱلۡأُولَىٰ ٱلۡأُولَىٰٓ
a7fd18616533	kaðːabat	14	كَذَّبَتۡ
4e2b57bc24ca	wajl	14	وَيۡلٌ
3a547bd57f41	kamaθal	13	كَمَثَلِ
84be4e015d69	jaħzanuːn	13	يَحۡزَنُونَ
794a38645ae5	jaðˤlimuːn	13	يَظۡلِمُونَ
41d233ae8c5c	ʔudᵊxuluː	13	ٱدۡخُلُواۡ ٱدۡخُلُوٓاۡ
c012766fd2b3	waðkuruː	13	وَٱذۡكُرُواۡ وَٱذۡكُرُوٓاۡ
3fe91c23e928	falawlaː	13	فَلَوۡلَا فَلَوۡلَآ
8fb088ae2dba	ʔalxaːsiriːn	13	ٱلۡخَـٰسِرِينَ
3e64d49d7c0f	jafʕaluːn	13	يَفۡعَلُونَ
743dc229aa45	fariːqᵊ	13	فَرِيقٌ فَرِيقٍ
7f44cdf39381	ʔadːaːr	13	ٱلدَّارِ ٱلدَّارَ ٱلدَّارُ
3f5f2b5bdc59	ʔaʃːajaːtˤiːn	13	ٱلشَّيَـٰطِينَ ٱلشَّيَـٰطِينُ ٱلشَّيَـٰطِينِ
8d60a9d709c2	waqaːlat	13	وَقَالَتِ وَقَالَتۡ وَقَالَت
568a265b5859	waladaː	13	وَلَدًا
581c27937916	daːːːbːah	13	دَآبَّةٍ دَآبَّةُ
ad79e1bae270	kutibᵊ	13	كُتِبَ
b58ca9d57860	lahunː̃	13	لَهُنَّ لَّهُنَّ
e59b15f85ce6	qabᵊlihiː	13	قَبۡلِهِۦ قَبۡلِهِۦٓ
8db6d960a688	ʔalʔumuːr	13	ٱلۡأُمُورُ ٱلۡأُمُورِ ٱلۡأُمُورَ
863b818f8ac4	bajːinah	13	بَيِّنَةٍ بَيِّنَةٌ بَيِّنَةُ
f0071bfa82d9	tatːaxiðuː	13	تَتَّخِذُواۡ تَتَّخِذُوٓاۡ
e134c5d57525	daːwuːdᵊ	13	دَاوُۥدَ دَاوُۥدُ
4926a5b82254	faⁿðˤur	13	فَٱنظُرۡ
869b0481305b	ʔuluː	13	أُوۡلُواۡ
91c88f3241cf	biʕaðaːbᵊ	13	بِعَذَابٍ بِعَذَابِۭ بِعَذَابِ
33ca1370f116	jaxluqᵊ	13	يَخۡلُقُ يَخۡلُقَ
5690d04c14e7	jaːːʔahl	13	يَـٰٓأَهۡلَ
544779b5b9e0	bajnanaː	13	بَيۡنَنَا
8d9531b9bd79	rad͡ʒul	13	رَجُلٌ رَجُلٍ رَجُلُۢ
91ee22757966	ʃurakaːːʔ	13	شُرَكَآءَ شُرَكَآءُ شُرَكَـٰٓؤُاۡ
8f13f94f5776	waðaːlik	13	وَذٰلِكَ
ae097e0efe41	mubiːnaː	13	مُّبِينًا
49a49d34aef2	walijːaː	13	وَلِيًّا
5a9a99be1318	juriːduːn	13	يُرِيدُونَ
ef597cdf76de	jafqahuːn	13	يَفۡقَهُونَ
2251fd350dc2	wakiːlaː	13	وَكِيلًا
976276f3777d	ʔalħusnaː	13	ٱلۡحُسۡنَىٰ ٱلۡحُسۡنَىٰٓ
d0953f81c0f8	waraħmahaː	13	وَرَحۡمَةً
f2d073ddd593	ħarad͡ʒᵊ	13	حَرَجٌ حَرَجٍ
9a8f0d20e9e2	ʔalbarː	13	ٱلۡبَرِّ ٱلۡبَرُّ
5a419f0fda80	wad͡ʒadᵊnaː	13	وَجَدۡنَا وَجَدۡنَآ
2d6c95515278	fajaquːl	13	فَيَقُولُ فَيَقُولَ
ec747bdf6813	ʔaːlihahaː	13	ءَالِهَةً ءَالِهَةَۢ
01a372f5353b	ʔalajs	13	أَلَيۡسَ
6d8d0c591693	baɣtahaː	13	بَغۡتَةً
6d081d4ca13d	ʔaʕbudᵊ	13	أَعۡبُدُ أَعۡبُدَ
d9fd930ee5a0	waʔimː̃aː	13	وَإِمَّا وَإِمَّآ
1bd9a7fd432f	ʕaːlim	13	عَـٰلِمُ عَـٰلِمِ عَـٰلِمَ
2004b0ace4a1	ʔarːizqᵊ	13	ٱلرِّزۡقَ ٱلرِّزۡقِ
cd5819ac953c	raħmatihiː	13	رَحۡمَتِهِۦ رَّحۡمَتِهِۦ رَحۡمَتِهِۦٓ
7e110d584e68	sultˤaːn	13	سُلۡطَـٰنٍ سُلۡطَـٰنٌ سُلۡطَـٰنِۭ
ebfa62bf65ce	sˤabaruː	13	صَبَرُواۡ صَبَرُوٓاۡ
2fbdf6830de3	ʔalmud͡ʒᵊrimuːn	13	ٱلۡمُجۡرِمُونَ
1a3a745ea54b	waʔanː̃ahuː	13	وَأَنَّهُۥ وَأَنَّهُۥٓ
943b61e942bc	wakulː	13	وَكُلٌّ وَكُلُّ وَكُلَّ
d72a37202985	jakuːnuː	13	يَكُونُواۡ يَكُونُوٓاۡ
51ff6f26b3eb	ʔalkufːaːr	13	ٱلۡكُفَّارَ ٱلۡكُفَّارِ ٱلۡكُفَّارُ ٱلۡكُفَّـٰرُ
9c3253ecd515	subᵊħaːn	13	سُبۡحَـٰنَ سُبۡحَانَ
ee8c68e0d531	ʔadᵊraːk	13	أَدۡرَٮٰكَ
72c274050ef4	bilɣajbᵊ	12	بِٱلۡغَيۡبِ
206edd80a3a1	ʔalmufliħuːn	12	ٱلۡمُفۡلِحُونَ
7ec37d5bc5af	maradˤ	12	مَّرَضٌ مَرَضٌ
d6ad06f6b525	kulːamaː	12	كُلَّمَا كُلَّمَآ
e8e45bece353	takfuruːn	12	تَكۡفُرُونَ تَكۡفُرُونِ
95e45763c6b5	baʕdˤukum	12	بَعۡضُكُمۡ بَعۡضُكُم بَّعۡضُكُم
18b4ad3454a4	waʔaⁿzalnaː	12	وَأَنزَلۡنَا وَأَنزَلۡنَآ
7f3eee39b991	jakfuruːn	12	يَكۡفُرُونَ
d21c8a29480b	ʔaxaðnaː	12	أَخَذۡنَا أَخَذۡنَآ
966b571c7fe8	juʔminuː	12	يُؤۡمِنُواۡ يُؤۡمِنُوٓاۡ
8fa6e41b7de9	ʔalqurbaː	12	ٱلۡقُرۡبَىٰ
a4fba0ebc2d4	ʕiːsaː	12	عِيسَى عِيسَىٰ
0162dc418538	junazːil	12	يُنَزِّلُ يُنَزِّلۡ يُنَزِّلَ
6a4d2340eae8	ʔaʃrakuː	12	أَشۡرَكُواۡ أَشۡرَكُوٓاۡ
5ce252f50de4	fitnah	12	فِتۡنَةٌ فِتۡنَةَ
c05cd74e52ec	biʔamrihiː	12	بِأَمۡرِهِۦ بِأَمۡرِهِۦٓ
d55e145048b6	ʔarsalnaːk	12	أَرۡسَلۡنَـٰكَ
7a59bac6ec46	ʔahwaːːʔahum	12	أَهۡوَآءَهُمۡ أَهۡوَآءَهُم
56ff94a1dafe	ʔalbajt	12	ٱلۡبَيۡتِ ٱلۡبَيۡتَ
a144eb5d9126	ʃuhadaːːʔ	12	شُهَدَآءَ شُهَدَآءُ
387bd67ea44a	nazːal	12	نَزَّلَ نَّزَّلَ
e4fa1ecfc2a6	tarak	12	تَرَكَ
4fee49dab110	biː	12	بِى بِىَ بِىٓ
6543c6b94c9d	ħuduːdᵊ	12	حُدُودُ حُدُودَ
0f9dfb30eb75	kam	12	كَمۡ كَم
d418090ce5a7	niʕmah	12	نِعۡمَةَ نِّعۡمَةٍ نِعۡمَةٌ نِعۡمَةُ
4b7212d7ba5a	darad͡ʒaːt	12	دَرَجَـٰتٍ دَرَجَـٰتٌ
47d9cdca742c	ʔalħajː	12	ٱلۡحَىِّ ٱلۡحَىَّ ٱلۡحَىُّ
8f78f88d39c2	juħjiː	12	يُحۡىِۦ يُحۡــِۧىَ
15a89fe043aa	qawl	12	قَوۡلَ قَوۡلُ قَوۡلٍ قَوۡلٌ
96aa12355ae0	walahuː	12	وَلَهُۥ وَلَهُۥٓ
35bbc54a6f38	ʃahiːdᵊ	12	شَهِيدٌ شَهِيدُۢ شَهِيدٍ
8a1159d14fb6	wajaʕlam	12	وَيَعۡلَمُ وَيَعۡلَمَ
007bac678190	ʔubᵊn	12	ٱبۡنُ
4c3cb812374c	biʔaːjah	12	بِـَٔـايَةٍ
245dbc72aa08	lilʕaːlamiːn	12	لِّلۡعَـٰلَمِينَ لِلۡعَـٰلَمِينَ
1dedbb107495	raħmah	12	رَحۡمَةٍ رَحۡمَةِ رَّحۡمَةِ رَحۡمَةٌ رَّحۡمَةٍ رَحۡمَةَ
004a4d747fe6	biðaːt	12	بِذَاتِ
c398a5bb3445	kitaːbaː	12	كِتَـٰبًا
bfd44a615b40	rabːuhum	12	رَبُّهُمۡ رَبُّهُم رَّبُّهُمۡ
43b1d56df547	xabiːraː	12	خَبِيرًا خَبِيرَۢا
d1f0de2e917c	falam	12	فَلَمۡ
581b03fd96a9	nasˤiːraː	12	نَصِيرًا نَّصِيرًا
c5c4a69cc624	judˤlil	12	يُضۡلِلِ يُضۡلِلۡ
e8c2d5e666c3	jastawiː	12	يَسۡتَوِى يَسۡتَوِىٓ
84e441c49681	nabaʔ	12	نَبَأَ نَبَؤُاۡ نَّبَإِىۡ نَبَإٍ نَبَأُ نَّبَإِ نَبَؤٌاۡ
ed48030679b8	taːbᵊ	12	تَابَ تَّابَ
8d371a919b39	wataraː	12	وَتَرَى وَتَرَىٰ
a08eaa9be567	siħr	12	سِحۡرٌ
eb28f7a3c09a	raʔaː	12	رَءَا رَءَآ رَّءَا رَأَىٰٓ رَأَىٰ
992a795a384f	tuːʕaduːn	12	تُوعَدُونَ
c4b1fc5a271a	θamuːdᵊ	12	ثَمُودُ ثَمُودَ
02a1ec5e3992	ʔaːjaːtunaː	12	ءَايَـٰتُنَا ءَايَاتُنَا
281e85459e38	quwːahaː	12	قُوَّةً
afc896f8b7ce	ʔafalam	12	أَفَلَمۡ
c9459642d9e9	ʔaʔiðaː	12	أَءِذَا أَئِذَا
c48d358294f6	ʔaljamiːn	12	ٱلۡيَمِينِ
9085539c6dfc	lilmukaðːibiːn	12	لِّلۡمُكَذِّبِينَ
861b48e576eb	wamimː̃aː	11	وَمِمَّا وَمِمَّآ
66de2033bf8f	juːqinuːn	11	يُوقِنُونَ
9abbd4187367	ðahabᵊ	11	ذَهَبَ ذَهَبٍ ذَّهَبَ
fc01148017c3	jubᵊsˤiruːn	11	يُبۡصِرُونَ
873cb777ce70	waʔaⁿzal	11	وَأَنزَلَ
4a449e2dbcd6	ʔaθːamaraːt	11	ٱلثَّمَرٰتِ
d4fccc8282a9	wabaʃːir	11	وَبَشِّرِ
d28119813a43	ʔalfaːsiqiːn	11	ٱلۡفَـٰسِقِينَ
72666aae2831	ʔalxaːsiruːn	11	ٱلۡخَـٰسِرُونَ
a3bc9597640d	jaːbaniː	11	يَـٰبَنِىٓ
1c8b2cc5ecb2	musˤadːiqaː	11	مُصَدِّقًا مُصَدِّقَۢا مُّصَدِّقًا
9bc326f53348	waʔaqiːmuː	11	وَأَقِيمُواۡ
7dce87cb3753	waʔaːtuː	11	وَءَاتُواۡ
e499c7af8650	juⁿsˤaruːn	11	يُنصَرُونَ
dfd114cde004	sud͡ʒːadaː	11	سُجَّدًا
a8a84af9b4c3	tˤaʕaːm	11	طَعَامُ طَعَامٌ طَعَامِ طَعَامٍ
e144a1aead25	bilːaðiː	11	بِٱلَّذِىٓ بِٱلَّذِى
a67b42e987cf	waʕamil	11	وَعَمِلَ
700a654a82dc	huzuwaː	11	هُزُوًا
747fa158b1d5	ʔalbajːinaːt	11	ٱلۡبَيِّنَـٰتُ ٱلۡبَيِّنَـٰتِ
9875652f9dd7	warusulihiː	11	وَرُسُلِهِۦ وَرُسُلِهِۦٓ
656f214814a1	jakfur	11	يَكۡفُرۡ يَكۡفُرُ
8287b32d9751	waraːːʔ	11	وَرَآءَ وَرَآءِ
92926577b398	kaʔanː̃ahum	11	كَأَنَّهُمۡ كَأَنَّهُم
5e807b7bab5f	ʔalkufr	11	ٱلۡكُفۡرَ ٱلۡكُفۡرِ
443eb0f4a4fc	d͡ʒaːːʔak	11	جَآءَكَ
bbf2b6bf0616	walħikmah	11	وَٱلۡحِكۡمَةَ وَٱلۡحِكۡمَةِ
7999b20aad94	wajaʕquːbᵊ	11	وَيَعۡقُوبَ وَيَعۡقُوبُ
e64e5b24cbf3	fiːkum	11	فِيكُمۡ فِيكُم
86e69f5712fb	waraħmah	11	وَرَحۡمَةٌ
b4c87ef4f7a3	mawtihaː	11	مَوۡتِهَا مَوۡتِهَآ
95221fbcb7bc	jatːaxið	11	يَتَّخِذَ يَتَّخِذُ يَتَّخِذِ يَتَّخِذۡ
32d8e31deb22	tufliħuːn	11	تُفۡلِحُونَ
0a20eeec9179	ʔibᵊtiɣaːːʔ	11	ٱبۡتِغَآءَ ٱبۡتِغَآءِ
dc6dc0cebf85	jard͡ʒuːn	11	يَرۡجُونَ
a8f3776a09e6	muʔmin	11	مُؤۡمِنٌ مُّؤۡمِنٌ مُؤۡمِنٍ
1d2c652629bc	ʔaħaqːᵊ	11	أَحَقُّ أَحَقٌّ أَحَقَّ
d744eff3c9b2	ʕalajhinː̃	11	عَلَيۡهِنَّ
912f026b3e62	watilk	11	وَتِلۡكَ
f7c4269b146a	haːruːn	11	هَـٰرُونَ هَـٰرُونُ
3de10728c818	faminhum	11	فَمِنۡهُم فَمِنۡهُمۡ
e8763627e9ba	lilðˤːaːlimiːn	11	لِلظَّـٰلِمِينَ لِّلظَّـٰلِمِينَ
45e26d12b1b0	ʕanː̃aː	11	عَنَّا
8fec67d68dbe	ʔalbalaːɣ	11	ٱلۡبَلَـٰغُ
9c99c7cc4734	taʔkuluːn	11	تَأۡكُلُونَ
a03be049da17	waʔatˤiːʕuːn	11	وَأَطِيعُونِ
a8e948a39bfc	mard͡ʒiʕukum	11	مَرۡجِعُكُمۡ مَّرۡجِعُكُمۡ
978f3a0c32cc	ʃadiːdaː	11	شَدِيدًا
28a625554e75	faðuːquː	11	فَذُوقُواۡ
56b26100defa	sultˤaːnaː	11	سُلۡطَـٰنًا
f6da7eff4793	rusul	11	رُسُلٌ رُسُلُ
15cc18242937	waːħidah	11	وٰحِدَةٍ وٰحِدَةٌ
37d353ea9c37	jaquːluː	11	يَقُولُواۡ يَقُولُوٓاۡ
152ed39c568e	ʔuliː	11	أُوۡلِى أُوۡلِىٓ
23e75c5b6510	maʕak	11	مَعَكَ مَّعَكَ
b312db99f229	sabiːlihiː	11	سَبِيلِهِۦ سَبِيلِهِۦٓ
756368427ebc	wajaquːl	11	وَيَقُولُ
a1d0ea21f69b	saːːʔ	11	سَآءَ
d34757d7906f	bajniː	11	بَيۡنِى
1686969f8bd5	waʔinː̃ahum	11	وَإِنَّهُمۡ وَإِنَّهُم
cc217fc78704	ħamiːm	11	حَمِيمٍ حَمِيمٌ
a37a2e539c2d	walah	11	وَلَهُ
0f58b181e8b3	ʔasʔalukum	11	أَسۡــَٔلُكُمۡ
9ab7d2fa63c2	faʔanː̃aː	11	فَأَنَّىٰ
c489be4f52ae	ʔalmuslimiːn	11	ٱلۡمُسۡلِمِينَ
e289a8e36026	ʔamiːn	11	أَمِينٌ أَمِينٍ
363dfe8f5681	ʔistakbaruː	11	ٱسۡتَكۡبَرُواۡ ٱسۡتَكۡبَرُوٓاۡ
d20135e24b4e	rusuluhum	11	رُسُلُهُم رُسُلُهُمۡ
018e74f56812	maʕiː	11	مَعِىَ مَّعِىَ
4266437c01ba	ʕibaːdᵊ	11	عِبَادَ عِبَادٌ عِبَادِ عِبَـٰدُ عِبَادُ
b9c5bb0ed758	waʔasˤħaːbᵊ	11	وَأَصۡحَـٰبُ وَأَصۡحَـٰبَ وَأَصۡحَـٰبِ
8179cf773d58	walmuʔminaːt	11	وَٱلۡمُؤۡمِنَـٰتِ وَٱلۡمُؤۡمِنَـٰتُ
cb8bdd915108	ʕadᵊn	11	عَدۡنٍ
0f4c9f2c5764	taquːm	11	تَقُومُ تَقُومَ
b2168b32a63a	ʔamː̃an	11	أَمَّن أَمَّنۡ
5a12509b2e65	ʔasːamʕ	11	ٱلسَّمۡعَ ٱلسَّمۡعِ
642bc7ec14e0	ʔalɣafuːr	11	ٱلۡغَفُورُ
d8370bf1b6b0	fasˤbir	11	فَٱصۡبِرۡ
cb2d766c7383	wasaxːar	11	وَسَخَّرَ
1f71df636f9d	ʔaʔinː̃aː	11	أَءِنَّا أَئِنَّا
2c48b9c08e70	razaqᵊnaːhum	10	رَزَقۡنَـٰهُمۡ
0c2b588e2c14	ʔaːminuː	10	ءَامِنُواۡ
97576d11bda4	judˤilː	10	يُضِلُّ يُضِلَّ
91689f743dd6	minː̃iː	10	مِنِّى مِّنِّى مِنِّىٓ
c8b138b9d3a5	wakaðːabuː	10	وَكَذَّبُواۡ
a4738ba12b13	θamanaː	10	ثَمَنًا
8085757b07ae	liqawmihiː	10	لِقَوۡمِهِۦ لِقَوۡمِهِۦٓ
c5981d6ab94b	nuʔmin	10	نُّؤۡمِنَ نُؤۡمِنُ نُؤۡمِنَ
8d77ea286e16	ʔalqarjah	10	ٱلۡقَرۡيَةِ ٱلۡقَرۡيَةَ
07af1b99f14e	haːduː	10	هَادُواۡ هَادُوٓاۡ
c51d987b22cd	fariːqaː	10	فَرِيقًا
98583c7056a1	ʕaduwːaː	10	عَدُوًّا
d9ad3347e528	watːabaʕuː	10	وَٱتَّبَعُواۡ وَٱتَّبَعُوٓاۡ
7cf594024310	sulajmaːn	10	سُلَيۡمَـٰنَ سُلَيۡمَـٰنُ
ced4781e1c53	minhumaː	10	مِّنۡهُمَا مِنۡهُمَا مِنۡهُمَآ
4250d16b55a2	kaθiːr	10	كَثِيرٍ كَثِيرٌ
fc6837d6d239	tabajːan	10	تَبَيَّنَ تَّبَيَّنَ
0b6327887ce9	jaxtalifuːn	10	يَخۡتَلِفُونَ
6b09b215fd8d	wad͡ʒᵊh	10	وَجۡهِ وَجۡهُ وَجۡهَ
4fb6ce87a3ef	qadˤaː	10	قَضَىٰٓ قَضَىٰ قَضَى
7a990ed61c04	fajakuːn	10	فَيَكُونُ فَيَكُونَ
18212fff54d8	rabːuhuː	10	رَبُّهُۥ رَبُّهُۥٓ
5fbbaa8653b1	ħaniːfaː	10	حَنِيفًا
3417afbbac49	jaʔt	10	يَأۡتِ
8d8b9736a6a2	ʔasˤːaːbiriːn	10	ٱلصَّـٰبِرِينَ
c84b4fa3690d	musˤiːbah	10	مُّصِيبَةٌ مُّصِيبَةٍ مُّصِيبَةُۢ مُّصِيبَةُ مُصِيبَةٌ
213912226aae	taːbuː	10	تَابُواۡ
d8c016391f91	ʔarːijaːħ	10	ٱلرِّيَـٰحَ ٱلرِّيَـٰحِ ٱلرِّيَـٰحُ ٱلرِّيَاحَ
c767af808bb5	ʔaːbaːːʔanaː	10	ءَابَآءَنَا ءَابَآءَنَآ
482f69708972	jahtaduːn	10	يَهۡتَدُونَ
092f299c0656	ʔaxiːh	10	أَخِيهِ
6fd87f9d3f48	ʕibaːdiː	10	عِبَادِى عِبَادِىَ عِبَادِىٓ عِبَـٰدِى
498729b7686a	θalaːθah	10	ثَلَـٰثَةَ ثَلَـٰثَةِ ثَلَـٰثَةٌ ثَلَـٰثَةٍ ثَلَـٰثَةُ
16e503c626b8	kabiːr	10	كَبِيرٌ كَبِيرٍ
c710b00718eb	ħaliːm	10	حَلِيمٌ حَلِيمٍ
33baffe9f633	baʕdˤahum	10	بَعۡضَهُمۡ بَعۡضَهُم
7bbbce764646	ʔanː̃uːr	10	ٱلنُّورِ ٱلنُّورَ ٱلنُّورُ
b23d14fbd655	wahiː	10	وَهِىَ
f6a002d2f27e	ʔatˤːajr	10	ٱلطَّيۡرِ ٱلطَّيۡرُ ٱلطَّيۡرَ
e1c82f2e6b69	ʔamwaːlahum	10	أَمۡوٰلَهُمۡ أَمۡوٰلَهُمُ أَمۡوٰلَهُم
754fcdfd4b04	d͡ʒanː̃ah	10	جَنَّةٌ جَنَّةُ جَنَّةٍ جَنَّةِۭ جَنَّةِ جَنَّةَ
82ccac990a80	wajaɣfir	10	وَيَغۡفِرۡ وَيَغۡفِرُ
06078bce36bb	bik	10	بِكَ
6b320f001dbf	ʔalmasiːħ	10	ٱلۡمَسِيحُ ٱلۡمَسِيحَ
a067ab00e16e	ʔalkaːðibiːn	10	ٱلۡكَـٰذِبِينَ
18b913241f12	wabajnakum	10	وَبَيۡنَكُمۡ وَبَيۡنَكُمُ
b22182aa8ba8	ʔalmuⁿkar	10	ٱلۡمُنكَرِ ٱلۡمُنكَرَ
19f935f73531	taquːl	10	تَقُولَ تَقُولُ
1f608f3b7d8d	faʔinː̃ahum	10	فَإِنَّهُمۡ
1ad801f3dc7f	falːaðiːn	10	فَٱلَّذِينَ
e791dbcf0fe4	qaliːl	10	قَلِيلٌ قَلِيلٍ
e53aec0f7fea	ʔuⁿðˤur	10	ٱنظُرۡ
ff5e21f86522	ʔadˤalː	10	أَضَلُّ أَضَلَّ
88af40f03a61	waʕadᵊ	10	وَعَدَ
474878415be3	jaxrud͡ʒᵊ	10	يَخۡرُجُ يَخۡرُجۡ
7df9560817ad	jaʕmal	10	يَعۡمَلۡ يَعۡمَلُ
b28f9ab6312b	jad͡ʒiduːn	10	يَجِدُونَ
d1f53b904c00	jaʃaʔ	10	يَشَأۡ يَشَإِ
8bee9555d2ca	ħadiːθ	10	حَدِيثُ حَدِيثِۭ حَدِيثٍ
c38a22c63372	ʔaðˤːanː̃	10	ٱلظَّنَّ ٱلظَّنِّ
41d846d317d9	ʔatˤːajːibaːt	10	ٱلطَّيِّبَـٰتِ ٱلطَّيِّبَـٰتُ
1f53e121e502	faʔinː̃aː	10	فَإِنَّا فَإِنَّآ
f3bca5670a90	ʔalmufsidiːn	10	ٱلۡمُفۡسِدِينَ
4f6584caa6eb	ʔanː̃aʕiːm	10	ٱلنَّعِيمِ
4bd927d0b7ff	ʔasˤːuːr	10	ٱلصُّورِ
88f89616bdc8	waʃːahaːdah	10	وَٱلشَّهَـٰدَةِ
3ba881b66bcb	marːah	10	مَرَّةٍ مَرَّةِۭ
47238a865adc	d͡ʒaːːʔat	10	جَآءَتۡ جَآءَتِ
eefb0c6fc830	ʔaːjaːtiː	10	ءَايَـٰتِى ءَايَـٰتِىَ
a2c1973a18e6	ʔiθnajn	10	ٱثۡنَيۡنِ
8f3e85b1306d	lahumaː	10	لَهُمَا لَّهُمَا لَّهُمَآ
d172adfbd961	wad͡ʒaːːʔ	10	وَجَآءَ
63abd5b21f33	mud͡ʒᵊrimiːn	10	مُّجۡرِمِينَ مُجۡرِمِينَ
2f98ea5bafc6	jatafakːaruːn	10	يَتَفَكَّرُونَ
7d08cce72c74	ʔalbaːtˤil	10	ٱلۡبَـٰطِلُ ٱلۡبَـٰطِلَ ٱلۡبَـٰطِلِ
c36f8de8f2ce	fitnahaː	10	فِتۡنَةً
bedcd0b65e0a	lajaquːlunː̃	10	لَيَقُولُنَّ لَّيَقُولُنَّ
c984f2a1c957	ʔalʔaʕraːbᵊ	10	ٱلۡأَعۡرَابِ ٱلۡأَعۡرَابُ
9b04b106d60e	ʔalquruːn	10	ٱلۡقُرُونِ ٱلۡقُرُونَ ٱلۡقُرُونُ
668ec16dff7e	juɣniː	10	يُغۡنِى
782601f27032	raʔaw	10	رَأَوۡاۡ رَأَوُاۡ
5ec33e856310	linafsihiː	10	لِنَفۡسِهِۦ لِّنَفۡسِهِۦ لِنَفۡسِهِۦٓ
523b791e57bf	ʔalʔaħzaːbᵊ	10	ٱلۡأَحۡزَابِ ٱلۡأَحۡزَابُ ٱلۡأَحۡزَابَ
0b89a4346220	ʕibaːdinaː	10	عِبَادِنَا عِبَادِنَآ
d1da48bda170	jamlikuːn	10	يَمۡلِكُونَ
9fc9997a0a5c	ʔalʔamθaːl	10	ٱلۡأَمۡثَالَ ٱلۡأَمۡثَـٰلَ ٱلۡأَمۡثَـٰلُ
ee35372d70b0	ʔalħamiːdᵊ	10	ٱلۡحَمِيدُ ٱلۡحَمِيدِ
ed3151ae41c8	ʔaːxar	10	ءَاخَرَ
3e945366d9aa	biħamdᵊ	10	بِحَمۡدِ
02339ada29b1	biman	10	بِمَن بِمَنِ بِمَنۡ
cf3764c3a563	juːʕaduːn	10	يُوعَدُونَ
6b661d5d1ca6	bujuːt	10	بُيُوتِ بُيُوتٍ بُيُوتَ
151ac232c0c0	taⁿziːl	10	تَنزِيلُ تَنزِيلٌ تَنزِيلَ
b2d343abe727	waʔanː̃aː	10	وَأَنَّا وَأَنَّىٰ
db9ee9940ca6	wasːamaːːʔ	9	وَٱلسَّمَآءِ وَٱلسَّمَآءَ
15fb7796f4ca	faʔtuː	9	فَأۡتُواۡ
a905c1bc47f5	tafʕaluː	9	تَفۡعَلُواۡ تَفۡعَلُوٓاۡ
2e85c9db56fe	wajahdiː	9	وَيَهۡدِى وَيَهۡدِىٓ
39f51f5ea90c	ʔistawaː	9	ٱسۡتَوَىٰ ٱسۡتَوَىٰٓ
0fd14d9fcaf7	lilmalaːːʔikah	9	لِلۡمَلَـٰٓئِكَةِ
022f4d32005e	subᵊħaːnak	9	سُبۡحَـٰنَكَ
e80b76922837	ʔibᵊliːs	9	إِبۡلِيسَ إِبۡلِيسُ
101ab14ac89b	libaʕdˤ	9	لِبَعۡضٍ لِبَعۡضِ
62b1c026c537	ʔuðkuruː	9	ٱذۡكُرُواۡ
35488dbd1fa7	bilbaːtˤil	9	بِٱلۡبَـٰطِلِ
d4b042cb4aaa	qultum	9	قُلۡتُمۡ قُلۡتُم
31c1b41ca4d8	ʕalim	9	عَلِمَ
bb5d7b397239	ʔadᵊnaː	9	أَدۡنَىٰ أَدۡنَىٰٓ أَدۡنَى
7fe38ee8111a	ʔanː̃abijːiːn	9	ٱلنَّبِيِّــۧنَ
1dba0ddee020	kuːnuː	9	كُونُواۡ كُونُوٓاۡ
64e103a90b68	ʔakuːn	9	أَكُونَ
9010a55a0fda	biɣaːfil	9	بِغَـٰفِلٍ
c088ccdd9497	fawajl	9	فَوَيۡلٌ
8f70418db565	miːθaːqᵊ	9	مِيثَـٰقَ مِّيثَـٰقٌ مِّيثَـٰقُ
b4f762b540fc	walmasaːkiːn	9	وَٱلۡمَسَـٰكِينِ وَٱلۡمَسَـٰكِينَ وَٱلۡمَسَـٰكِينُ
a60e56a00e4e	dijaːrihim	9	دِيَـٰرِهِمۡ دِيَـٰرِهِم
64b7e1eecfd9	ʔalfaːsiquːn	9	ٱلۡفَـٰسِقُونَ
54112fd9ff43	taʕlam	9	تَعۡلَمُ تَعۡلَمۡ
f6c9d395948f	nasˤiːr	9	نَصِيرٍ نَّصِيرٍ
a21ec7cf3bfc	falahuː	9	فَلَهُۥ فَلَهُۥٓ
f403c5590fc9	waʔismaːʕiːl	9	وَإِسۡمَـٰعِيلَ وَإِسۡمَـٰعِيلُ
8c04aa7e5818	milːah	9	مِلَّةَ مِّلَّةَ مِّلَّةِ
8cb1ebf6da5a	waʔisħaːqᵊ	9	وَإِسۡحَـٰقَ
2ca52e504e5e	takuːnanː̃	9	تَكُونَنَّ
1bcaf37ee32f	walaʕalːakum	9	وَلَعَلَّكُمۡ
c4d936ca06a8	ʔixtalafuː	9	ٱخۡتَلَفُواۡ ٱخۡتَلَفُوٓاۡ
efd85d84d30d	jasʔaluːnak	9	يَسۡــَٔلُونَكَ
2448de8145d1	fiːhinː̃	9	فِيهِنَّ
dc91c8a7a4b8	fadˤlaː	9	فَضۡلًا
615804be14b9	nasˤiːbᵊ	9	نَصِيبٌ نَّصِيبٍ
8f8fa79a8e33	sariːʕ	9	سَرِيعُ
c13e1fffb98f	tawalːaː	9	تَوَلَّىٰ تَوَلَّىٰٓ
3d7fcecbdb24	zujːin	9	زُيِّنَ
fbdf4774a525	biʔiðnihiː	9	بِإِذۡنِهِۦ بِإِذۡنِهِۦٓ
4654454131f0	mataː	9	مَتَىٰ
79e40a852c3a	ʔahlihiː	9	أَهۡلِهِۦ أَهۡلِهِۦٓ
77330ca5c39b	ʔaʕmaːluhum	9	أَعۡمَـٰلُهُمۡ
c2f43683289b	ʔaqᵊrabᵊ	9	أَقۡرَبُ
f0b2922c6fec	jaʃkuruːn	9	يَشۡكُرُونَ
04664f81fc14	wajumiːt	9	وَيُمِيتُ
6d4eb332c5b3	baʕdˤaː	9	بَعۡضًا بَعۡضَۢا
3a46ae16b0b7	faʔaxaðahum	9	فَأَخَذَهُمُ فَأَخَذَهُمۡ
03419dcffd5b	liʔuliː	9	لِّأُوۡلِى لِأُوۡلِى
82d692202226	ʔalʔabᵊsˤaːr	9	ٱلۡأَبۡصَـٰرُ ٱلۡأَبۡصَـٰرِ ٱلۡأَبۡصَـٰرَ
8f8d4dff0104	taʃaːːʔ	9	تَشَآءُ
2986ab33ad8a	ʔalxajr	9	ٱلۡخَيۡرِ ٱلۡخَيۡرُ ٱلۡخَيۡرَ
e9999043cb8b	warːasuːl	9	وَٱلرَّسُولَ وَٱلرَّسُولِ وَٱلرَّسُولُ
8a3d5aff9a31	hunaːlik	9	هُنَالِكَ
ec09725c264a	tuʔminuː	9	تُؤۡمِنُواۡ تُؤۡمِنُوٓاۡ
ee33b96b4549	ʔaxað	9	أَخَذَ
8567ee50db37	quluːbikum	9	قُلُوبِكُمۡ قُلُوبِكُم
14ea0574e3b6	kalːaðiːn	9	كَٱلَّذِينَ
913cd2d3d389	ħasanah	9	حَسَنَةٌ حَسَنَةٍ
8f290a7ab7ac	sajːiʔah	9	سَيِّئَةٌ سَيِّئَةٍ سَيِّئَةُۢ سَيِّئَةِۭ
48acb2104cb9	faljatawakːal	9	فَلۡيَتَوَكَّلِ
8dcf13b0dfee	jatuːbᵊ	9	يَتُوبُ يَتُوبَ
cdc1beec6154	maθwaː	9	مَثۡوًى مَثۡوَى
90ec0e78f113	ʔaⁿfusuhum	9	أَنفُسُهُمۡ
8ecd1565149f	kaman	9	كَمَن كَمَنۡ كَمَنۢ
7d6fdabbe715	nafʕaː	9	نَفۡعًا نَّفۡعًا نَفۡعَۢا
df75cd3a53f8	kaʔan	9	كَأَن
7ae19e156dae	wakulːaː	9	وَكُلاًّ
003e57720a16	faʔaxaðathum	9	فَأَخَذَتۡهُمُ فَأَخَذَتۡهُمۡ
50bc8d7948f1	dˤalːuː	9	ضَلُّواۡ ضَلُّوٓاۡ
0edba497bf44	nuːraː	9	نُورًا
6050f2eb8ab7	ʔism	9	ٱسۡمَ
670db039464b	warabːuk	9	وَرَبُّكَ
1d3c3487718e	nafsiː	9	نَفۡسِى نَفۡسِىٓ نَّفۡسِى
822cc5d8e075	wabajn	9	وَبَيۡنَ
48b3b9de7aab	waʔaːtajnaːh	9	وَءَاتَيۡنَـٰهُ
4eba9105d0d7	faʔasˤbaħuː	9	فَأَصۡبَحُواۡ
4698040f4a28	makaːnaː	9	مَكَانًا مَّكَانًا
8553318c1ce4	daxaluː	9	دَخَلُواۡ دَّخَلُواۡ
890859110af7	dˤarːaː	9	ضَرًّا
d0622e2f5698	ʔaquːl	9	أَقُولُ أَقُولَ
5a75fd2f698b	faʔinː̃ak	9	فَإِنَّكَ
d66581bc3a12	birabːihim	9	بِرَبِّهِمۡ
5b00cb6c4fd0	balaɣ	9	بَلَغَ
521490211ada	bariːːʔ	9	بَرِىٓءٌ
1d9d28134bb1	jufliħ	9	يُفۡلِحُ
0246cfd825d7	ʔasaːtˤiːr	9	أَسَـٰطِيرُ
98d472cee884	lakaːðibuːn	9	لَكَـٰذِبُونَ
f68a24aeeb72	ʔumam	9	أُمَمٍ أُمَمٌ
8e2188fbfb5a	walbaħr	9	وَٱلۡبَحۡرِ وَٱلۡبَحۡرُ
7bef55f17721	liʔabiːh	9	لِأَبِيهِ
cb9459ad1192	ʕilmaː	9	عِلۡمًا عِلۡمَۢا
0607c5f79f59	ʔuːħiː	9	أُوحِىَ
5579c2f1f8a2	tud͡ʒᵊzawn	9	تُجۡزَوۡنَ
3435bc74ae9a	waʃːams	9	وَٱلشَّمۡسَ وَٱلشَّمۡسُ وَٱلشَّمۡسِ
5bf45d5e1910	walʔiⁿs	9	وَٱلۡإِنسِ وَٱلۡإِنسَ
0ce74de0db15	taʔtijahum	9	تَأۡتِيَهُمُ تَأۡتِيَهُمۡ تَأۡتِيَهُم
c2603c186b81	wakam	9	وَكَمۡ وَكَم
dd7bd520fdf4	ðˤaːlimiːn	9	ظَـٰلِمِينَ
2ab407ff7714	ʔimː̃aː	9	إِمَّا إِمَّآ
05e16a052144	ʔaɣnaː	9	أَغۡنَىٰ
645d21705bf7	jursil	9	يُرۡسِلَ يُرۡسِلُ يُرۡسِلِ
a1d00e2c26e9	ɣajruhuː	9	غَيۡرُهُۥٓ غَيۡرُهُۥ
98ae3aec47da	bujuːtaː	9	بُيُوتًا
22d873c63c5f	madᵊjan	9	مَدۡيَنَ
6467d091741d	ʕaðaːbiː	9	عَذَابِى عَذَابِىٓ
a9da8dfdfc03	qariːbaː	9	قَرِيبًا
1386d4bacff0	waθamuːdᵊ	9	وَثَمُودَ وَثَمُودُ
226c663ab030	ʔalwaʕdᵊ	9	ٱلۡوَعۡدُ ٱلۡوَعۡدِ ٱلۡوَعۡدَ
5bfcc893117e	ʔad͡ʒᵊriː	9	أَجۡرِىَ
a0c38bdf628d	baʃaraː	9	بَشَرًا
024e56917955	wajaːqawm	9	وَيَـٰقَوۡمِ
fffc81db65a4	taxaf	9	تَخَفۡ
bc0f9a4ce43f	qurʔaːnaː	9	قُرۡءَانًا قُرۡءٰنًا
412d100c540f	siniːn	9	سِنِينَ
5d041d3045de	ʔalmalik	9	ٱلۡمَلِكُ ٱلۡمَلِكِ
d224c3c1ac2e	rawaːsiː	9	رَوٰسِىَ
aa33d879c0ad	turaːbaː	9	تُرَابًا تُرٰبًا تُرٰبَۢا
55440d2dad3e	jabᵊsutˤᵊ	9	يَبۡسُطُ
118c383b3cd4	wajaqᵊdir	9	وَيَقۡدِرُ
b9dc05f083c9	maʕluːm	9	مَّعۡلُومٍ مَّعۡلُومٌ
61f7a299cd69	nutˤᵊfah	9	نُّطۡفَةٍ
0716d13101c1	ʔalʔaʕlaː	9	ٱلۡأَعۡلَىٰ ٱلۡأَعۡلَىٰٓ ٱلۡأَعۡلَى
fd4dede0afb3	nad͡ʒᵊʕal	9	نَجۡعَل نَجۡعَلُ نَجۡعَلِ نَّجۡعَلَ
73a8692d8e2e	lilrːaħmaːn	9	لِلرَّحۡمَـٰنِ
48c091299cda	tubᵊsˤiruːn	9	تُبۡصِرُونَ
504489423dc1	tukaðːibuːn	9	تُكَذِّبُونَ
c33e846b4ec0	ðˤulumaːt	8	ظُلُمَـٰتِ ظُلُمَـٰتٍ ظُلُمَـٰتٌ ظُلُمَـٰتُۢ
6a0311e72472	wakuⁿtum	8	وَكُنتُمۡ وَكُنتُم
b0eeac6133d7	waquːluː	8	وَقُولُواۡ وَقُولُوٓاۡ
aaa09d4a1f6c	tawalːajtum	8	تَوَلَّيۡتُمۡ تَوَلَّيۡتُم
25479f50b5a9	muhiːn	8	مُّهِينٌ
6a66542bf397	ʔaljahuːdᵊ	8	ٱلۡيَهُودُ ٱلۡيَهُودَ
02d2be8f5cce	waːsiʕ	8	وٰسِعٌ وٰسِعُ
495ba379cca4	kun	8	كُن
7b6f8e213e65	wanaðiːraː	8	وَنَذِيرًا
eb983f67c959	ʕaⁿk	8	عَنكَ
68aa9788fe3e	tatːabiʕ	8	تَتَّبِعۡ تَتَّبِعَ تَتَّبِعِ
7b09c2dbf78f	ʔaːmaⁿtum	8	ءَامَنتُم ءَامَنتُمۡ
c4dc242e9131	walikulː	8	وَلِكُلٍّ وَلِكُلِّ
50732eb83dd5	ʔalxajraːt	8	ٱلۡخَيۡرٰتِ ٱلۡخَيۡرٰتُ
ec59578d38f8	jaⁿfaʕ	8	يَنفَعُ
b7594344f585	maːːʔ	8	مَّآءٍ مَآءَ
31bed005a107	jarawn	8	يَرَوۡنَ
b6c3b1fb30ca	tatːabiʕuː	8	تَتَّبِعُواۡ تَتَّبِعُوٓاۡ
5330b6e9baef	ʔijːaːh	8	إِيَّاهُ
b51f38d71bff	walkitaːbᵊ	8	وَٱلۡكِتَـٰبِ وَٱلۡكِتَـٰبَ
59e71024a5ed	wabᵊn	8	وَٱبۡنِ وَٱبۡنَ
d506f95e28df	katabᵊ	8	كَتَبَ
e7737166304c	taʔkuluː	8	تَأۡكُلُواۡ تَأۡكُلُوٓاۡ
7dbb3eda5624	jad͡ʒidᵊ	8	يَجِدۡ يَجِدِ
05b6f095c278	ħasanahaː	8	حَسَنَةً
0a0aea68d4ca	tuħʃaruːn	8	تُحۡشَرُونَ
45b9f54b67b6	ʔalʕizːah	8	ٱلۡعِزَّةَ ٱلۡعِزَّةُ ٱلۡعِزَّةِ
374e6e84c36b	ʔalqitaːl	8	ٱلۡقِتَالُ ٱلۡقِتَالَ ٱلۡقِتَالِ
7be43b1b5321	fiːhimaː	8	فِيهِمَا فِيهِمَآ
148e9ea4e82b	jadᵊʕuː	8	يَدۡعُواۡ يَدۡعُوٓاۡ
21e1b6f1f40b	watatːaquː	8	وَتَتَّقُواۡ
2828b79ef320	ʕalajhimaː	8	عَلَيۡهِمَا عَلَيۡهِمَآ
c8c09c7a0649	niʕmat	8	نِعۡمَتَ
022e79f8a1ae	laðuː	8	لَذُو
2e81c121c897	sˤabᵊraː	8	صَبۡرًا
1773869e73ab	miʔah	8	مِاۡئَةَ مِّاۡئَةٌ مِّاۡئَةُ مِاۡئَةٍ مِاۡئَةِ
51935ed76d47	tuⁿfiquː	8	تُنفِقُواۡ
e5f26c42631f	waʔaqaːmuː	8	وَأَقَامُواۡ
494296cc05e4	walʔiⁿd͡ʒiːl	8	وَٱلۡإِنجِيلَ وَٱلۡإِنجِيلِ وَٱلۡإِنجِيلُ
0b835016b075	ʔumː̃	8	أُمَّ أُمِّ أُمُّ
ae3c3db2f6b2	lijawm	8	لِيَوۡمٍ لِيَوۡمِ
b61e2c78ea6c	nasˤiːbaː	8	نَصِيبًا
40d2fd8b3749	ʔalmajːit	8	ٱلۡمَيِّتِ ٱلۡمَيِّتَ
5ada584e646c	ʔuⁿθaː	8	أُنثَىٰ
513522763c99	ʔaᵐbaːːʔ	8	أَنۢبَآءِ أَنۢبَـٰٓؤُاۡ
8854212a502f	ʔawlaː	8	أَوۡلَىٰ أَوۡلَى
4d818827511c	kaːfiriːn	8	كَـٰفِرِينَ
eee4c26f2d15	wud͡ʒuːh	8	وُجُوهٌ وُجُوهِ وُجُوهُ
917210c6d9e1	turħamuːn	8	تُرۡحَمُونَ
8251b7c9c02e	juridᵊ	8	يُرِدۡ يُرِدِ
209e28d48741	ðˤanː̃	8	ظَنَّ ظَنُّ
b246357104cb	ʔitːabaʕ	8	ٱتَّبَعَ
0177341a4616	ʔaːtaːhum	8	ءَاتَـٰهُمُ ءَاتَـٰهُمۡ ءَاتَـٰهُم
f853a1185500	ðuːquː	8	ذُوقُواۡ
a60019f76070	ʕamal	8	عَمَلَ عَمَلِ عَمَلٌ عَمَلٍ
24c8530e7760	rid͡ʒaːlaː	8	رِجَالًا رِّجَالًا
fd627685d655	ʔajmaːnukum	8	أَيۡمَـٰنُكُمۡ أَيۡمَـٰنُكُم
8dfde84a93b4	ʔasːuːːʔ	8	ٱلسُّوٓءَ ٱلسُّوٓءُ ٱلسُّوٓءِ
0ac9df4f2307	wajad͡ʒᵊʕal	8	وَيَجۡعَل وَيَجۡعَلَ وَيَجۡعَلُ
1e23927e343f	ʔalːaːtiː	8	ٱلَّـٰتِى ٱلَّـٰتِىٓ
edb894104ea9	jatːabiʕuːn	8	يَتَّبِعُونَ
ae3fe18235fd	ʔahlihaː	8	أَهۡلِهَآ أَهۡلِهَا
6e60ec86c872	miθqaːl	8	مِثۡقَالَ مِّثۡقَالِ مِثۡقَالُ
1a067b0b1fa1	ʔaːxariːn	8	ءَاخَرِينَ
9789a533a28a	ʔajdijahum	8	أَيۡدِيَهُمۡ
c027fe22c926	biʔamwaːlihim	8	بِأَمۡوٰلِهِمۡ
9d5f97567add	waʔaⁿfusihim	8	وَأَنفُسِهِمۡ
379a5748fddf	ʔajːuhaː	8	أَيُّهَا أَيُّهَآ
443e376ef000	rasuːlihiː	8	رَسُولِهِۦ رَسُولِهِۦٓ
c728fd781f57	diːnahum	8	دِينَهُمۡ دِينَهُمُ
e7452c4179ef	waʔawħajnaː	8	وَأَوۡحَيۡنَآ
d51d7e91593d	wahaːruːn	8	وَهَـٰرُونَ
8cf06705b116	rusulaː	8	رُسُلًا رُّسُلًا
ed985a980355	ʔalʔiθm	8	ٱلۡإِثۡمِ ٱلۡإِثۡمَ
92c5740aade3	nuːr	8	نُورَ نُورٍ نُورٌ نُورُ نُّورٌ نُّورٍ
a093338560b5	jamlik	8	يَمۡلِكُ
261f047eac31	jaxaːfuːn	8	يَخَافُونَ
9bf928d4e6f1	ʔuriːdᵊ	8	أُرِيدُ أُرِيدَ
73a72f127759	muqiːm	8	مُّقِيمٌ مُّقِيمٍ مُقِيمَ
375a620e66b1	ħukmaː	8	حُكۡمًا
75ba0c7fa455	tˤiːn	8	طِينٍ
fface30dbe29	jaʔtiːhim	8	يَأۡتِيهِم يَأۡتِيهِمۡ يَأۡتِيهِمُ
b3955cf63acb	malak	8	مَلَكٌ مَّلَكُ مَّلَكٍ
8ec062fd81ef	laqudˤiː	8	لَقُضِىَ لَّقُضِىَ
bb1d72bf4666	xasiruː	8	خَسِرُوٓاۡ
4c49287414ba	naquːl	8	نَقُولُ نَّقُولُ نَّقُولَ
8595d3e18989	wadˤalː	8	وَضَلَّ
a7d6a360d7d6	ʔabᵊwaːbᵊ	8	أَبۡوٰبَ أَبۡوٰبٍ أَبۡوٰبُ
f4b9b349c957	ʕamil	8	عَمِلَ
916bc8ca3e71	wawahabᵊnaː	8	وَوَهَبۡنَا
fa58c23c5d1a	xalaqᵊnaːkum	8	خَلَقۡنَـٰكُمۡ خَلَقۡنَـٰكُم
dbf090209049	wad͡ʒaʕaluː	8	وَجَعَلُواۡ وَجَعَلُوٓاۡ
f6ef5c20cb1a	tutˤiʕ	8	تُطِعۡ تُطِعِ
575ce548debf	daːr	8	دَارُ دَارَ دَارِ
ccb0a5bba0ed	liqaːːʔ	8	لِقَآءَ لِّقَآءِ
347d971a5a31	ʔalɣanijː	8	ٱلۡغَنِىُّ
f424a06dd1c2	ʔamː̃aː	8	أَمَّا أَمَّآ
91993641ed07	maːl	8	مَالَ مَالِ مَّالٍ مَّالِ مَالٌ مَالٍ
19574828d7be	laɣafuːr	8	لَغَفُورٌ
53b1a3e429e3	waðikraː	8	وَذِكۡرَىٰ وَذِكۡرًا
bada76afc18f	jubᵊʕaθuːn	8	يُبۡعَثُونَ
492ca0c2dffc	waminhaː	8	وَمِنۡهَا
76ee7e7b45b5	faljawm	8	فَٱلۡيَوۡمَ
261b734f9444	ʔudᵊʕuː	8	ٱدۡعُواۡ
505b4d96f814	fakaðːabuːh	8	فَكَذَّبُوهُ
d1e9b5aabef4	ʔaxaːhum	8	أَخَاهُمۡ
5466f48e03e7	jaʕbudᵊ	8	يَعۡبُدُ
b019efbb3f00	waʔahlahuː	8	وَأَهۡلَهُۥٓ وَأَهۡلَهُۥ
225c3e959316	jahdᵊ	8	يَهۡدِ
d6235b40b54c	ʔasːaħarah	8	ٱلسَّحَرَةُ ٱلسَّحَرَةَ
127e1f9d65e9	birabːᵊ	8	بِرَبِّ
f847c235933e	muslimiːn	8	مُسۡلِمِينَ مُّسۡلِمِينَ
cdfc66b72644	ʔaljamː̃	8	ٱلۡيَمِّ ٱلۡيَمُّ
20903897824e	fakaːn	8	فَكَانَ
1930bac4e978	karih	8	كَرِهَ
03832fddc3dd	jak	8	يَكُ
d39518f8386c	waqawm	8	وَقَوۡمُ وَقَوۡمَ وَقَوۡمِ
c4dd43c2b8fe	ʕamalaː	8	عَمَلًا
099749946153	ʔamrunaː	8	أَمۡرُنَا أَمۡرُنَآ
4f6575a2c1e9	tusmiʕ	8	تُسۡمِعُ
1dd7aa591ef1	jaʕbuduːn	8	يَعۡبُدُونَ
1aaa1a4bcd10	ʕarabijːaː	8	عَرَبِيًّا
7d6ba60ab485	jaːːʔabat	8	يَـٰٓأَبَتِ
d3604a64cb6b	ʔalmuxlasˤiːn	8	ٱلۡمُخۡلَصِينَ
8780dc2d8d77	jasiːr	8	يَسِيرٌ يَسِيرٍ
0eb78146edff	talːaːh	8	تَٱللَّهِ
895a5ecd09d2	ʔalkabiːr	8	ٱلۡكَبِيرُ ٱلۡكَبِيرِ
d5ad86409c68	ʃakuːr	8	شَكُورٍ شَكُورٌ
a4ce0d9e1285	bisultˤaːn	8	بِسُلۡطَـٰنٍ بِسُلۡطَـٰنِۭ
035be752d33a	ʔarːiːħ	8	ٱلرِّيحَ ٱلرِّيحُ ٱلرِّيحِ
4c7f2bb90773	waʕujuːn	8	وَعُيُونٍ
1b672d6b5aec	labiθtum	8	لَّبِثۡتُمۡ لَبِثۡتُمۡ
6fff150e6307	taxrud͡ʒᵊ	8	تَخۡرُجُ تَخۡرُجۡ تَخۡرُجَ
3e1f0462ef19	ʔamriː	8	أَمۡرِى أَمۡرِىٓ
611082f73ac6	nabijːaː	8	نَبِيًّا نَّبِيًّا
92c5308473c2	ʔasːaʕiːr	8	ٱلسَّعِيرِ
8cd819036a81	warabːᵊ	8	وَرَبُّ وَرَبٌّ وَرَبَّ وَرَبِّ
01f0f8ae0810	ʔalʔaxiriːn	8	ٱلۡأَخِرِينَ
e2be1fdbf050	ʔuqᵊsim	8	أُقۡسِمُ
fee59aa0cc47	bism	7	بِٱسۡمِ بِسۡمِ
ea5f82edb0fd	ʔanʕamt	7	أَنۡعَمۡتَ أَنۡعَمۡتُ
beedbce93679	xalaw	7	خَلَوۡاۡ
45c1b91555a4	jaʕmahuːn	7	يَعۡمَهُونَ
762a1a2b20c5	bilhudaː	7	بِٱلۡهُدَىٰ
8142b7ff3747	ʔaːðaːnihim	7	ءَاذَانِهِمۡ ءَاذَانِهِم
da27ac6fcae9	muħiːtˤᵊ	7	مُحِيطٌ مُّحِيطُۢ مُحِيطُۢ مُّحِيطٍ
7525e8337f91	miθlihiː	7	مِّثۡلِهِۦ مِثۡلِهِۦ مِّثۡلِهِۦٓ
167bbb6bc60f	ʔazwaːd͡ʒᵊ	7	أَزۡوٰجٌ أَزۡوٰجٍ أَزۡوٰجِ
4ac8e0d428a5	ʔamar	7	أَمَرَ
9f11822e5d02	ʔaʃːad͡ʒarah	7	ٱلشَّجَرَةِ ٱلشَّجَرَةَ
1e00a0e9920e	faʔimː̃aː	7	فَإِمَّا
a78d4a2bfed8	ʕadᵊl	7	عَدۡلٍ عَدۡلٌ عَدۡلُ
7617501c085c	ðˤaːlimuːn	7	ظَـٰلِمُونَ
cd03f5332458	tˤajːibaːt	7	طَيِّبَـٰتِ طَيِّبَـٰتٍ
9ecf14bc06f3	razaqᵊnaːkum	7	رَزَقۡنَـٰكُمۡ رَزَقۡنَـٰكُم
a83fb1539112	fakuluː	7	فَكُلُواۡ
2036b80400fe	juxrid͡ʒᵊ	7	يُخۡرِجُ يُخۡرِجۡ يُخۡرِجَ
8a55fc6c2734	ʔatˤːuːr	7	ٱلطُّورِ ٱلطُّورَ
346c484d772c	waraħmatuhuː	7	وَرَحۡمَتُهُۥ
5b6ba77d9638	waljataːmaː	7	وَٱلۡيَتَـٰمَىٰ
0ad7200be1dd	waʔaːtajnaː	7	وَءَاتَيۡنَا
45bc77f37d7b	ʔalf	7	أَلۡفَ أَلۡفٌ أَلۡفٍ أَلۡفِ
be42439cc63a	jatluː	7	يَتۡلُواۡ
e0a63458370b	waʕiːsaː	7	وَعِيسَىٰ وَعِيسَى وَعِيسَىٰٓ
ef5bd86a5664	ʔaʔaⁿtum	7	ءَأَنتُمۡ
91f5e30de6a5	ʔawalaw	7	أَوَلَوۡ
b57c769e7b7c	jaʔkuluːn	7	يَأۡكُلُونَ
5e68ddddb794	ʔiθmaː	7	إِثۡمًا
76d0e2a3eb5c	hunː̃	7	هُنَّ
71a42a531904	ʔalħad͡ʒːᵊ	7	ٱلۡحَجِّ ٱلۡحَجَّ ٱلۡحَجُّ
9418d252fb3e	ʔaðaː	7	أَذًى
15211651f600	faðkuruː	7	فَٱذۡكُرُواۡ فَٱذۡكُرُوٓاۡ
4aedbd7cce30	jaʔtijahum	7	يَأۡتِيَهُمُ يَأۡتِيَهُم يَأۡتِيَهُمۡ
f97cfe7b4e02	fawqahum	7	فَوۡقَهُمۡ فَوۡقَهُمُ
834c8ea70ecb	ħisaːbᵊ	7	حِسَابٍ
8c9097b09da3	nasˤr	7	نَصۡرُ نَصۡرَ نَصۡرٌ
bf0a8fbf91ba	jataðakːaruːn	7	يَتَذَكَّرُونَ
1661ff41f2ca	xiftum	7	خِفۡتُمۡ
37eb71f26d96	mataːʕaː	7	مَّتَـٰعًا مَتَـٰعًا مَتَـٰعَۢا
87ca0e9180b1	falajs	7	فَلَيۡسَ
2a1746cf404d	xalfahum	7	خَلۡفَهُمۡ خَلۡفَهُم
abcdacefc1d2	minhunː̃	7	مِنۡهُنَّ مِّنۡهُنَّ
24ab5bd06d72	ʔaⁿfaquː	7	أَنفَقُواۡ
4c90181d2990	ɣanijː	7	غَنِىٌّ
4ab303ab25ac	turaːbᵊ	7	تُرَابٍ تُرَابٌ
e99ef6ab787e	ʔalxabiːθ	7	ٱلۡخَبِيثَ ٱلۡخَبِيثُ ٱلۡخَبِيثِ
34b21495abc2	tad͡ʒiduː	7	تَجِدُواۡ
c38b9a5285bf	walmuʔminuːn	7	وَٱلۡمُؤۡمِنُونَ
b6299f971181	laduⁿk	7	لَّدُنكَ
981831d4ef89	biðunuːbihim	7	بِذُنُوبِهِمۡ
355e70ddf2dc	naːsˤiriːn	7	نَّـٰصِرِينَ
8405d71b8fd7	ladajhim	7	لَدَيۡهِمۡ
51b5606a9c3e	taʕaːlaw	7	تَعَالَوۡاۡ
4320f744316d	diːn	7	دِينِ دِينَ دِينُ
c06ffb96257d	ʕiwad͡ʒaː	7	عِوَجًا عِوَجَا
4881817028bb	ðˤulmaː	7	ظُلۡمًا
24379db25960	masː	7	مَسَّ
acc80f0c29cf	ʔaʃːaːkiriːn	7	ٱلشَّـٰكِرِينَ
2474592cfba7	θawaːbᵊ	7	ثَوَابَ ثَوَابُ ثَوَابِ
2a2b36040eb0	nabijː	7	نَّبِىٍّ نَبِىٍّ
2b7d946f93b6	ʔiɣfir	7	ٱغۡفِرۡ
268a923b1392	ʕiⁿdanaː	7	عِندَنَا
012080d67cf2	ʔiːmaːnaː	7	إِيمَـٰنًا
12a4fe09b747	fabiʔs	7	فَبِئۡسَ
3d9327ca53e9	sajːiʔaːtihim	7	سَيِّـَٔـاتِهِمۡ
414f09084086	saʕiːraː	7	سَعِيرًا
af747e9d4d14	wabanaːt	7	وَبَنَاتِ وَبَنَاتُ وَبَنَـٰتِۭ
906df761ecfa	ʔalmuʔminaːt	7	ٱلۡمُؤۡمِنَـٰتِ ٱلۡمُؤۡمِنَـٰتُ
9de401aff679	taqᵊtuluː	7	تَقۡتُلُواۡ تَقۡتُلُوٓاۡ
1d50566b47bc	jasiːraː	7	يَسِيرًا
e44b114635cd	ʔarːid͡ʒaːl	7	ٱلرِّجَالِ ٱلرِّجَالَ ٱلرِّجَالُ
2a4e51aa4b8a	waʔaʕtadᵊnaː	7	وَأَعۡتَدۡنَا
2959bb1215ae	tak	7	تَكُ
9bf5b7d5ff5a	sawf	7	سَوۡفَ
83b1017fd804	ʕaziːzaː	7	عَزِيزًا
acdd31af9405	jaːlajtaniː	7	يَـٰلَيۡتَنِى
e389d08fc6e2	kajdᵊ	7	كَيۡدُ كَيۡدَ كَيۡدِ كَيۡدٌ
9dda0a5ba5d5	watawakːal	7	وَتَوَكَّلۡ
6bc8868b4971	baʔs	7	بَأۡسٍ بَأۡسَ بَأۡسِ بَأۡسٌ
e31aa6e4419b	muʔminaː	7	مُؤۡمِنًا
5f9f1ab8ef6d	waʔaʕadːᵊ	7	وَأَعَدَّ
db951418578c	kaθiːrah	7	كَثِيرَةٌ كَثِيرَةٍ
bfbb5ca8abc5	ʔaʕadːᵊ	7	أَعَدَّ
bc12f27b7cae	jutlaː	7	يُتۡلَىٰ
379ec4fa7868	ʕiⁿdahum	7	عِندَهُمُ عِندَهُمۡ عِندَهُم
64768e0b57ae	ðukːiruː	7	ذُكِّرُواۡ
fb6e23bb6aa9	fatakuːn	7	فَتَكُونَ فَتَكُونُ
561d000bff55	rusulunaː	7	رُسُلُنَا رُسُلُنَآ
70fce3eb45d1	ʔanː̃afs	7	ٱلنَّفۡسَ ٱلنَّفۡسُ
7091ae48aa3b	fajunabːiʔukum	7	فَيُنَبِّئُكُم
2390cd9f1941	ʔajmaːnihim	7	أَيۡمَـٰنِهِمۡ
c1eea65c83b4	ħizbᵊ	7	حِزۡبَ حِزۡبِۭ حِزۡبُ
63e4345bc0f6	faːsiquːn	7	فَـٰسِقُونَ
71b8b76cd46c	taħt	7	تَحۡتَ تَحۡتِ
2f6e367a5c4c	jastakbiruːn	7	يَسۡتَكۡبِرُونَ
81bcd0684b46	ʔamrihiː	7	أَمۡرِهِۦ أَمۡرِهِۦٓ
50c5ffc971d8	taʔtiːhim	7	تَأۡتِيهِم تَأۡتِيهِمۡ تَّأۡتِيهِمۡ
a745cb339057	d͡ʒaʕalnaːh	7	جَعَلۡنَـٰهُ
143d022d1bd8	rad͡ʒulaː	7	رَجُلًا رَّجُلًا
e26fb073cc3d	ʔumirt	7	أُمِرۡتُ أُمِرۡتَ
d1dd2fd55f47	tuʃrikuːn	7	تُشۡرِكُونَ
cc2b72b49888	jad͡ʒᵊħaduːn	7	يَجۡحَدُونَ
e1abe633e7db	nasuː	7	نَسُواۡ
bb3945bdc721	xazaːːʔin	7	خَزَآئِنُ خَزَآئِنِ خَزَآئِنَ
cac0a6a5a8f4	ʔalʔaʕmaː	7	ٱلۡأَعۡمَىٰ
d6f371fe5849	tastaʕd͡ʒiluːn	7	تَسۡتَعۡجِلُونَ تَسۡتَعۡجِلُونِ
2ce14a41e7e0	ʔalħukm	7	ٱلۡحُكۡمُ ٱلۡحُكۡمَ
66cbeb4a06ef	wataʕaːlaː	7	وَتَعَـٰلَىٰ
cf6d3eeace58	jasˤifuːn	7	يَصِفُونَ
dd7f29af2f51	xaːliqᵊ	7	خَـٰلِقُ خَـٰلِقُۢ خَـٰلِقٍ
d663904ddcc6	bimuʕd͡ʒiziːn	7	بِمُعۡجِزِينَ
8f35984fcd05	ʔiʕmaluː	7	ٱعۡمَلُواۡ ٱعۡمَلُوٓاۡ
e997e3368686	ʔalmusrifiːn	7	ٱلۡمُسۡرِفِينَ
a1a7ec8c7b3b	ʔaːbaːːʔunaː	7	ءَابَآؤُنَا ءَابَآؤُنَآ
c76e423a3ebc	bilːatiː	7	بِٱلَّتِى
f86853917e51	ʔalkajl	7	ٱلۡكَيۡلَ ٱلۡكَيۡلُ
f86b41f05c80	lakumaː	7	لَكُمَا لَّكُمَآ
dbaacfaf7771	ʔaxrad͡ʒᵊ	7	أَخۡرَجَ
d5484c64c28a	muxlisˤiːn	7	مُخۡلِصِينَ
53d91b7cb599	biraħmah	7	بِرَحۡمَةٍ
7195d2b2357a	sitːah	7	سِتَّةِ
117af27b2824	jadaː	7	يَدَىۡ يَدَآ
ac2fec11ef5a	nuːħaː	7	نُوحًا
c67a76bd2b48	ʔalɣaːbiriːn	7	ٱلۡغَـٰبِرِينَ
3e63085e9eaa	ʃuʕajbaː	7	شُعَيۡبًا
392611a67237	saːħir	7	سَـٰحِرٍ سَـٰحِرٌ سَاحِرٌ
dfaf2cbed248	faʔarsalnaː	7	فَأَرۡسَلۡنَا فَأَرۡسَلۡنَآ
ca46604044d5	faʕal	7	فَعَلَ
a674cd79133c	waðˤanː̃uː	7	وَظَنُّوٓاۡ وَظَنُّواۡ
c451b39f92ac	ʔalmunaːfiquːn	7	ٱلۡمُنَـٰفِقُونَ
225f84d31b88	quwːah	7	قُوَّةٍ قُوَّةَ
5ea78eddd924	ʔalʔiːmaːn	7	ٱلۡإِيمَـٰنِ ٱلۡإِيمَـٰنُ ٱلۡإِيمَـٰنَ
8c38f50e03c8	taħzan	7	تَحۡزَنۡ تَحۡزَنَ
60033c4ae9d8	suːrah	7	سُورَةٌ
c81c3d7b75e8	saʔaltahum	7	سَأَلۡتَهُم سَأَلۡتَهُمۡ
3929896de7b0	waʕaːdᵊ	7	وَعَادٍ وَعَادٌ وَعَادُۢ
e266437ba661	waʕdaː	7	وَعۡدًا
d4d146de415e	tawakːalt	7	تَوَكَّلۡتُ
62816c95ee60	sˤidᵊqᵊ	7	صِدۡقٍ
10f8969d3470	juʕiːduhuː	7	يُعِيدُهُۥ يُعِيدُهُۥٓ
971c5e3c2880	lijad͡ʒᵊziː	7	لِيَجۡزِىَ لِّيَجۡزِىَ
59e603edac7f	ʔadˤːurː	7	ٱلضُّرُّ ٱلضُّرَّ ٱلضُّرِّ
bbb68e426014	sabaqat	7	سَبَقَتۡ
9c6b697f56d3	walʔabᵊsˤaːr	7	وَٱلۡأَبۡصَـٰرَ وَٱلۡأَبۡصَـٰرُ وَٱلۡأَبۡصَـٰرِ
be9a8a67c572	ʔiftaraːh	7	ٱفۡتَرَٮٰهُ
b2d223d782ad	ʕiⁿdinaː	7	عِندِنَا عِندِنَآ
7b85ec0eda50	ʔihtadaː	7	ٱهۡتَدَىٰ
fe6e41003c2b	wasˤbir	7	وَٱصۡبِرۡ
a2ce4100d4c5	taʕbuduː	7	تَعۡبُدُوٓاۡ تَعۡبُدُواۡ
9bd16a046f8b	waħaːqᵊ	7	وَحَاقَ
96bff03b7601	maːlaː	7	مَالًا
10c8e9c31ec8	muriːbᵊ	7	مُرِيبٍ مُّرِيبِۭ مُّرِيبٍ
a73b60754586	ʔasˤːajħah	7	ٱلصَّيۡحَةُ ٱلصَّيۡحَةَ
e1d6238d9157	salaːmaː	7	سَلَـٰمًا
8a1ade7c1aae	wataraknaː	7	وَتَرَكۡنَا
696c41f91fb4	watawalːaː	7	وَتَوَلَّىٰ وَتَوَلَّىٰٓ
4d60ddec8fa7	ʔaːminiːn	7	ءَامِنِينَ
018261538bb7	jasiːruː	7	يَسِيرُواۡ
c63d15913ec6	jataðakːar	7	يَتَذَكَّرُ
44342f2b6da5	ʔalmursaluːn	7	ٱلۡمُرۡسَلُونَ
e12d9d55d002	xalqaː	7	خَلۡقًا
0d6efc750a8a	mutːakiʔiːn	7	مُتَّكِــِٔينَ مُّتَّكِــِٔينَ
3afea5f572d5	sˤafːaː	7	صَفًّا
7616d77c3416	naːdaː	7	نَادَىٰ
e6b28498470c	bukrahaː	7	بُكۡرَةً
633a1032dd89	waʔabᵊqaː	7	وَأَبۡقَىٰٓ وَأَبۡقَىٰ
550408e81be8	jatasaːːʔaluːn	7	يَتَسَآءَلُونَ
ced177fba7be	ʔafaraʔajtum	7	أَفَرَءَيۡتُم أَفَرَءَيۡتُمُ
ece8336e70b9	ʔalfasˤl	7	ٱلۡفَصۡلِ
be79f6c1adfe	ħaː miːːːm	7	حمٓ
03ac28520081	walːajl	7	وَٱلَّيۡلِ
c9f0c649026a	naʕbudᵊ	6	نَعۡبُدُ نَّعۡبُدَ نَعۡبُدَ
598428e34503	ʔasˤːiraːtˤᵊ	6	ٱلصِّرٰطَ ٱلصِّرٰطِ
9f6fbc27d936	ʔadˤːaːːːlːiːn	6	ٱلضَّآلِّينَ
a1eec2395918	ʔalif laːːːm miːːːm	6	الٓمٓ
1904d1065ab0	bimuʔminiːn	6	بِمُؤۡمِنِينَ
8dbc2b438f62	ʔiʃtaraw	6	ٱشۡتَرَوُاۡ ٱشۡتَرَوۡاۡ
02ad434601af	ʔadˤːalaːlah	6	ٱلضَّلَـٰلَةَ ٱلضَّلَـٰلَةُ ٱلضَّلَـٰلَةِ
2b99f7ea7d30	jakaːdᵊ	6	يَكَادُ
8d5a708a819e	ʔaⁿdaːdaː	6	أَندَادًا
15cad8a42b56	nazːalnaː	6	نَزَّلۡنَا نَزَّلۡنَآ
c679ebf7b2ae	ʔanː̃ah	6	أَنَّهُ
031bf2675efb	ɣajbᵊ	6	غَيۡبُ غَيۡبَ غَيۡبِ
ae0d54c8ed8e	ʔusd͡ʒuduː	6	ٱسۡجُدُواۡ
f035f237e24a	waqulnaː	6	وَقُلۡنَا
4b4ff1e90b42	ʔatːawːaːbᵊ	6	ٱلتَّوَّابُ
f22a88056d72	niʕmatiː	6	نِعۡمَتِىَ نِعۡمَتِى
2e0c61e31d93	ʔalʕid͡ʒᵊl	6	ٱلۡعِجۡلَ
51a1bbdce141	tahtaduːn	6	تَهۡتَدُونَ
b988b77344b7	naraː	6	نَرَىٰ نَرَى
cd8bf99dd5b3	ʔalbaːbᵊ	6	ٱلۡبَابَ ٱلۡبَابِ
2216e85ea897	faqulnaː	6	فَقُلۡنَا
1954dfc028c7	ʕajnaː	6	عَيۡنًا
18588488e3a8	waʃrabuː	6	وَٱشۡرَبُواۡ
178bcc5be6d6	rizqᵊ	6	رِّزۡقٍ رِّزۡقِ رِزۡقٌ
a6d3a9752b2d	falahum	6	فَلَهُمۡ
a05e0abe5001	ʔad͡ʒᵊruhum	6	أَجۡرُهُمۡ
b292ffa9a52d	biquwːah	6	بِقُوَّةٍ
999b00e29c2b	ʔaʕuːð	6	أَعُوذُ
b33ed12114db	ʔald͡ʒaːhiliːn	6	ٱلۡجَـٰهِلِينَ
116291c30041	ʔudᵊʕ	6	ٱدۡعُ
a6bc4a3b9556	d͡ʒiʔt	6	جِئۡتَ جِئۡتِ
7264e8816d34	juħj	6	يُحۡىِ
83c169b314df	lamaː	6	لَمَا لَمَآ
0cfa491b1367	juʕlinuːn	6	يُعۡلِنُونَ
dcafe81f8032	juxlif	6	يُخۡلِفُ يُخۡلِفَ
30eb290088d3	taquːluːn	6	تَقُولُونَ
79d085a02ead	ʔiħsaːnaː	6	إِحۡسَـٰنًا إِحۡسَانًا
cbe1f02be8c5	xizj	6	خِزۡىٌ خِزۡىِ
095b998973e4	baɣjaː	6	بَغۡيَۢا بَغۡيًا
9668a4acfa18	ɣadˤabᵊ	6	غَضَبٌ غَضَبٍ غَضَبَ
5e984935fefa	ʔasːiħr	6	ٱلسِّحۡرَ ٱلسِّحۡرُ ٱلسِّحۡرِ
8aa313a771f6	bixajr	6	بِخَيۡرٍ
8402e5d217ad	liʔaⁿfusikum	6	لِأَنفُسِكُمۡ لِأَنفُسِكُم لِّأَنفُسِكُمۡ
517db9563931	huːdaː	6	هُودًا
381b82b6bcd8	wad͡ʒᵊhahuː	6	وَجۡهَهُۥ وَجۡهَهُۥٓ
e47434c1adc9	falːaːh	6	فَٱللَّهُ
62b5c397e18b	ʔalmaʃriqᵊ	6	ٱلۡمَشۡرِقِ ٱلۡمَشۡرِقُ
ecef403cdcc3	maqaːm	6	مَقَامَ مَّقَامِ مَّقَامُ مَقَامٌ مَقَامٍ
0e7df8726a4c	ʔasːud͡ʒuːdᵊ	6	ٱلسُّجُودِ
073d158db4db	ʔid͡ʒᵊʕal	6	ٱجۡعَلۡ ٱجۡعَل
be56721f4c5c	ʔaːminaː	6	ءَامِنًا
2e39df3bf9a5	nafsahuː	6	نَفۡسَهُۥ
8abef3791f1a	hadaː	6	هَدَى هَدَىٰ
5a18d1573d87	wad͡ʒᵊhak	6	وَجۡهَكَ
0cdbaf83e67e	wud͡ʒuːhakum	6	وُجُوهَكُمۡ
4901788f7fda	biʃaːʔ	6	بِشَىۡءٍ
51dd1d563281	juⁿðˤaruːn	6	يُنظَرُونَ
414c0c26d2c9	tˤajːibaː	6	طَيِّبًا
d7067bc8500a	ʔitːabiʕuː	6	ٱتَّبِعُواۡ
17e46fd79e13	jasmaʕ	6	يَسۡمَعُ يَسۡمَعَ
920f2cd3b36c	ʔiθm	6	إِثۡمَ إِثۡمٌ
32a3ce6a21f3	ʔalbirː	6	ٱلۡبِرَّ ٱلۡبِرُّ ٱلۡبِرِّ
883c15d2196e	ʔalmutːaquːn	6	ٱلۡمُتَّقُونَ
d4775ebb8e70	ʕanː̃iː	6	عَنِّى عَنِّىٓ
1c2aa00f6e3c	faʔinː̃iː	6	فَإِنِّى فَإِنِّىٓ
278a5a31250a	ʔatːaqᵊwaː	6	ٱلتَّقۡوَىٰ
e481be77c927	famin	6	فَمِنَ فَمِن فَمِنۡ
c20d51b6f23a	ʔalfasaːdᵊ	6	ٱلۡفَسَادَ ٱلۡفَسَادِ ٱلۡفَسَادُ
a08a4c3d33d8	raʔuːf	6	رَءُوفٌ رَءُوفُۢ
d3c7033501e5	faʕlamuː	6	فَٱعۡلَمُوٓاۡ
743b977f0634	turd͡ʒaʕ	6	تُرۡجَعُ
637778e983bd	tadᵊxuluː	6	تَدۡخُلُواۡ
f718d46fe5e6	jaʔtikum	6	يَأۡتِكُمۡ يَأۡتِكُم
7e1de1c594aa	ħabitˤat	6	حَبِطَتۡ
44c66577c3c8	wad͡ʒaːhaduː	6	وَجَـٰهَدُواۡ
33f77daca5a9	raħmat	6	رَحۡمَتَ رَحۡمَتِ رَحۡمَتُ
eb12d3bb974f	wajasʔaluːnak	6	وَيَسۡــَٔلُونَكَ
49cef6843f00	bimaʕruːf	6	بِمَعۡرُوفٍ
bc999d49f68f	sirːaː	6	سِرًّا
0f171c160146	maʕruːfaː	6	مَّعۡرُوفًا مَعۡرُوفًا
2273a322614f	qardˤaː	6	قَرۡضًا
cef454807249	waʔinː̃ak	6	وَإِنَّكَ
5cd70e7e9e75	ʔalʕalijː	6	ٱلۡعَلِىُّ ٱلۡعَلِىِّ
e6f950af6f39	ʔatˤːaːɣuːt	6	ٱلطَّـٰغُوتَ ٱلطَّـٰغُوتِ ٱلطَّـٰغُوتُ
181ff48e181c	ʔalkibar	6	ٱلۡكِبَرُ ٱلۡكِبَرِ ٱلۡكِبَرَ
dbf902edde0a	ðurːijːah	6	ذُرِّيَّةِ ذُرِّيَّةٌ ذُرِّيَّةَ
f8cf52a2d514	ħamiːdᵊ	6	حَمِيدٌ حَمِيدٍ
29dd456a4357	ʔaⁿsˤaːr	6	أَنصَارٍ أَنصَارُ أَنصَارَ
8337d25b1fcf	ʔasˤːadaqaːt	6	ٱلصَّدَقَـٰتِ ٱلصَّدَقَـٰتُ
f75918059ae3	bilːajl	6	بِٱلَّيۡلِ
9fa618c66288	bilʕadᵊl	6	بِٱلۡعَدۡلِ
b2284052ecc1	wajuʕaðːibᵊ	6	وَيُعَذِّبُ وَيُعَذِّبَ
3138c6298742	waʔatˤaʕnaː	6	وَأَطَعۡنَا
0ad2d71ae78b	taħmil	6	تَحۡمِلُ تَحۡمِلۡ
ba70de48e010	ʔalʔarħaːm	6	ٱلۡأَرۡحَامِ ٱلۡأَرۡحَامُ
811f652b1fd1	ʔalfitnah	6	ٱلۡفِتۡنَةِ ٱلۡفِتۡنَةَ
797a0729de56	tuɣniː	6	تُغۡنِىَ تُغۡنِى
4f678091ecb3	walʔanʕaːm	6	وَٱلۡأَنۡعَـٰمِ وَٱلۡأَنۡعَـٰمُ وَٱلۡأَنۡعَـٰمَ
3f86230d59ac	faɣfir	6	فَٱغۡفِرۡ
5a92be80fc86	baʕiːdaː	6	بَعِيدًا
8603b067cdca	tuħibːuːn	6	تُحِبُّونَ
8077ea3ac3b8	ʔimraʔat	6	ٱمۡرَأَتُ ٱمۡرَأَتَ
0844cd39593b	tˤajːibahaː	6	طَيِّبَةً
cb48d8afaf86	wasabːiħ	6	وَسَبِّحۡ
7aeddda6a39f	ʔajːuhum	6	أَيُّهُمۡ أَيُّهُم
ef25e142a7b4	ʔaʃːaːhidiːn	6	ٱلشَّـٰهِدِينَ
74e2ae0bab8d	taxtalifuːn	6	تَخۡتَلِفُونَ
d9c192b8cee8	ʔuⁿzilat	6	أُنزِلَتۡ أُنزِلَتِ
c12c55a76719	wabimaː	6	وَبِمَا وَبِمَآ
5fdfa147b1cf	jurd͡ʒaʕuːn	6	يُرۡجَعُونَ
d826b3ce3a7f	ʔatˤːaʕaːm	6	ٱلطَّعَامَ ٱلطَّعَامِ
60051544a6bd	wud͡ʒuːhuhum	6	وُجُوهُهُمۡ وُجُوهُهُم
56be7148d379	lakaːn	6	لَكَانَ
5ad155c3d67b	waʔakθaruhum	6	وَأَكۡثَرُهُمۡ وَأَكۡثَرُهُمُ
28d93b281861	buʃraː	6	بُشۡرَىٰ بُشۡرَۢا
491230484d39	wad͡ʒanː̃aːt	6	وَجَنَّـٰتٍ وَجَنَّـٰتٌ
6bdda7296b35	ʔalmukaðːibiːn	6	ٱلۡمُكَذِّبِينَ
67c5541f9888	walijaʕlam	6	وَلِيَعۡلَمَ
5298198e6b85	qutil	6	قُتِلَ
0ea087674ae9	wakaʔajːin	6	وَكَأَيِّن
0d190e62ff12	wamaʔwaːhum	6	وَمَأۡوَٮٰهُمۡ وَمَأۡوَٮٰهُمُ
1159d56615e9	wamiⁿkum	6	وَمِنكُم
aa6462022d49	ʕafaː	6	عَفَا
280816efd759	fabimaː	6	فَبِمَا فَبِمَآ
1953a0f3bb22	wastaɣfir	6	وَٱسۡتَغۡفِرۡ وَٱسۡتَغۡفِرِ
cba2209c7453	naʕlam	6	نَعۡلَمُ نَعۡلَمَ
99b1a053f780	biʔafwaːhihim	6	بِأَفۡوٰهِهِمۡ بِأَفۡوٰهِهِم
5ecb33c4b8c6	bilːaðiːn	6	بِٱلَّذِينَ
a02d7b6a3f9a	jusaːriʕuːn	6	يُسَـٰرِعُونَ
65ab43fc63c6	ʔajdiːkum	6	أَيۡدِيكُمۡ أَيۡدِيكُم
14c6cabb73e9	d͡ʒaːːʔuː	6	جَآءُو
6c67cc72fa98	laːkin	6	لَـٰكِنِ لَّـٰكِنِ
8d6ae98c4c1d	nuzulaː	6	نُزُلًا نُزُلَۢا نُّزُلًا
20ddd9475155	ʔalʔuⁿθajajn	6	ٱلۡأُنثَيَيۡنِ
2e5927683de6	jutˤiʕ	6	يُطِعِ
9070753f1496	ʔaʕtadᵊnaː	6	أَعۡتَدۡنَا
4534ddd6fb91	zawd͡ʒᵊ	6	زَوۡجٍ زَوۡجِۭ
42437510de76	ʔud͡ʒuːrahunː̃	6	أُجُورَهُنَّ
b71d8053a3ee	baʕdˤakum	6	بَعۡضَكُمۡ بَعۡضَكُم
c38fa5a32990	ðarːah	6	ذَرَّةٍ
4ce2b7cf9c21	mafʕuːlaː	6	مَفۡعُولًا مَّفۡعُولًا
f1c67ad6ea43	juʃrik	6	يُشۡرِكۡ يُشۡرِكُ
1b425c1f2e19	ʔahdaː	6	أَهۡدَىٰ أَهۡدَىٰٓ
4d332e07e412	dˤalaːlaː	6	ضَلَـٰلَۢا ضَلَـٰلًا
7f340640e4c0	raʔajt	6	رَأَيۡتَ رَأَيۡتُ
ee83f3e45b71	ladunː̃aː	6	لَّدُنَّا لَّدُنَّآ
da5a3babac06	mustaqiːmaː	6	مُّسۡتَقِيمًا مُسۡتَقِيمًا
6357073c8eef	jaxʃawn	6	يَخۡشَوۡنَ
5ef7dbfe74f7	wabajnahum	6	وَبَيۡنَهُم وَبَيۡنَهُمۡ
a8ab5d4b28e8	raqabah	6	رَقَبَةٍ
8b956ce5dfaf	ʔalqaː	6	أَلۡقَى أَلۡقَىٰ أَلۡقَىٰٓ
47bc2416b5d0	suːːʔaː	6	سُوٓءًا سُوٓءَۢا
e8d3020691e3	jadᵊxuluːn	6	يَدۡخُلُونَ
a8075bed4805	qadiːraː	6	قَدِيرًا
e4654cc07f32	ħarːamnaː	6	حَرَّمۡنَا
956c3359777a	ʕabᵊdaː	6	عَبۡدًا
d14a73f7ecd8	jabᵊtaɣuːn	6	يَبۡتَغُونَ
9668923ecc96	waʔad͡ʒᵊr	6	وَأَجۡرٌ وَأَجۡرٍ
9a4e956aeec0	d͡ʒaːːʔanaː	6	جَآءَنَا
800b69714fa7	jaxrud͡ʒuː	6	يَخۡرُجُواۡ
5f79e77a49e4	waʔasˤlaħ	6	وَأَصۡلَحَ
7eeda8a01040	bilmuʔminiːn	6	بِٱلۡمُؤۡمِنِينَ
d41563a3c1f6	ʔaːθaːrihim	6	ءَاثَـٰرِهِم ءَاثَـٰرِهِمۡ
1155a4403352	ʔaːtaːkum	6	ءَاتَـٰكُمۡ ءَاتَـٰكُم ءَاتَـٰكُمُ
4e2635175f9f	fawqihim	6	فَوۡقِهِمۡ
72d81797ed3e	wakaθiːr	6	وَكَثِيرٌ
f4acd1ae741b	juʔfakuːn	6	يُؤۡفَكُونَ
98c843048359	samiʕuː	6	سَمِعُواۡ
8d995778e87d	razaqakum	6	رَزَقَكُمُ رَزَقَكُمۡ
78d27e4fddd5	muʔminuːn	6	مُؤۡمِنُونَ مُّؤۡمِنُونَ
da11ec1e6d1f	miⁿk	6	مِنكَ مِّنكَ
603ddd1a7aeb	ʔarːaħmah	6	ٱلرَّحۡمَةِ ٱلرَّحۡمَةَ ٱلرَّحۡمَةُ
e57833aa895b	faːtˤir	6	فَاطِرِ فَاطِرَ فَاطِرُ
a7f915d6fcfe	ʔalxabiːr	6	ٱلۡخَبِيرُ
37ea89c01e6e	ʔajː	6	أَىُّ أَىِّ أَىَّ
0ade7f43831b	biliqaːːʔ	6	بِلِقَآءِ
e2e13705a399	nuzːil	6	نُزِّلَ
8f50f9c65ac2	baʔsunaː	6	بَأۡسُنَا بَأۡسُنَآ
14a1c2f5feea	ʕiⁿdiː	6	عِندِى عِندِىٓ
92c22e39cfa1	jabᵊʕaθ	6	يَبۡعَثَ يَبۡعَثُ
371560e79d3f	ʔaðːikraː	6	ٱلذِّكۡرَىٰ ٱلذِّكۡرَىٰٓ
b472bca87b73	ʔisħaːqᵊ	6	إِسۡحَـٰقَ
376f544931b6	waluːtˤaː	6	وَلُوطًا
d0614442ea1d	zaʕamtum	6	زَعَمۡتُمۡ زَعَمۡتُم
ca7129e44ec8	ʔanː̃ud͡ʒuːm	6	ٱلنُّجُومِ ٱلنُّجُومُ ٱلنُّجُومَ
2a113a5c7841	faʔaxrad͡ʒᵊnaː	6	فَأَخۡرَجۡنَا
69ecee9d7a87	ʔalʔiⁿs	6	ٱلۡإِنسِ ٱلۡإِنسُ
e127a673a892	faðarhum	6	فَذَرۡهُمۡ
ff19c1f1a152	jadˤilː	6	يَضِلُّ
8fb067d71a66	ðukir	6	ذُكِرَ
d31d2e8af96c	jamʃiː	6	يَمۡشِى
c2eb1a82ed1c	jamkuruːn	6	يَمۡكُرُونَ
2ed4dda10621	jaðːakːaruːn	6	يَذَّكَّرُونَ
6d481e04b8ad	ɣaːfiluːn	6	غَـٰفِلُونَ
d2db3e20a1ca	juradːᵊ	6	يُرَدُّ
505c8d946bda	falilːaːh	6	فَلِلَّهِ
fb81a3f37570	walmiːzaːn	6	وَٱلۡمِيزَانَ
9f1aac2d6d8f	ʔinː̃aniː	6	إِنَّنِى إِنَّنِىٓ
19113e33e6a9	d͡ʒaʕalakum	6	جَعَلَكُمۡ جَعَلَكُم
88a998e41ca3	mawaːziːnuhuː	6	مَوٰزِينُهُۥ
724bd617f188	ʔad͡ʒaluhum	6	أَجَلُهُمۡ
bb71c4be4264	saːʕahaː	6	سَاعَةً
cddbd377efc8	wanaːdaː	6	وَنَادَىٰٓ وَنَادَىٰ
a11a7af5066f	rid͡ʒaːl	6	رِجَالٌ
0e0a6ffd18cc	tabaːrak	6	تَبَارَكَ تَبَـٰرَكَ
4105ee2acfa7	faʔaⁿd͡ʒajnaːh	6	فَأَنجَيۡنَـٰهُ
d003cf1329be	taʔkul	6	تَأۡكُلُ تَأۡكُلۡ
bcd62c47a29a	ʔahlahaː	6	أَهۡلَهَا
a4fd5758577d	ʔalħasanah	6	ٱلۡحَسَنَةِ ٱلۡحَسَنَةُ ٱلۡحَسَنَةَ
34210e4992bc	wamalaʔihiː	6	وَمَلَإِيۡهِۦ وَمَلَإِيۡهِۦٓ
aa6b2a86a744	bajdˤaːːʔ	6	بَيۡضَآءَ بَيۡضَآءُ
1fdd928fdeb1	ʔaʕjun	6	أَعۡيُنٌ أَعۡيُنٍ أَعۡيُنَ أَعۡيُنِ
082d15b0fda7	ʔarːaːħimiːn	6	ٱلرّٰحِمِينَ
a78a572b2651	hawaːh	6	هَوَٮٰهُ
ccbd0dfac7ef	ʔajːaːn	6	أَيَّانَ
1990f065e472	warizqᵊ	6	وَرِزۡقٌ وَرِزۡقُ
a0579b191835	ʔasˤːumː̃	6	ٱلصُّمَّ ٱلصُّمُّ
05f0375a20f5	mudᵊbiriːn	6	مُدۡبِرِينَ مُّدۡبِرِينَ
e8317f3f997c	maʕanaː	6	مَعَنَا مَّعَنَا مَعَنَآ
7657ab3820ed	faːsiqiːn	6	فَـٰسِقِينَ
5362e08cb111	kafartum	6	كَفَرۡتُمۡ كَفَرۡتُم
8d83d7a320a5	ʔasːawʔ	6	ٱلسَّوۡءِ
f332dee9dc49	ʔalʔawːaluːn	6	ٱلۡأَوَّلُونَ
697bd146e64a	jabᵊdaʔ	6	يَبۡدَؤُاۡ
8dd5f8a99a59	dˤurː	6	ضُرٍّ ضُرٌّ
2c5ae34de60c	rusulanaː	6	رُسُلَنَا
f409f4e80029	daʕaw	6	دَعَوُاۡ دَعَوۡاۡ
f6aed6adff46	lilħaqːᵊ	6	لِلۡحَقِّ
72e976455ef0	jastamiʕuːn	6	يَسۡتَمِعُونَ
552f1dd766ec	ʔafaʔaⁿt	6	أَفَأَنتَ
c0bf83708858	qudˤiː	6	قُضِىَ
aa00cbb3bb0a	ʔalxuldᵊ	6	ٱلۡخُلۡدِ ٱلۡخُلۡدَ
5860de86e34f	waʔumirt	6	وَأُمِرۡتُ
da285f62878a	ʔalʔaliːm	6	ٱلۡأَلِيمَ ٱلۡأَلِيمُ ٱلۡأَلِيمِ
cb1efc356efd	jaːbunajː	6	يَـٰبُنَىَّ
96e8980c8b7d	ħafiːðˤ	6	حَفِيظٌ حَفِيظُۢ حَفِيظٍ
9a0459b99ca6	kajdaː	6	كَيۡدًا
aa1b5ddb8b2e	lilʔiⁿsaːn	6	لِلۡإِنسَـٰنِ
5f6e037ff09b	faːʕiliːn	6	فَـٰعِلِينَ
963447161b35	jaːːʔabaːnaː	6	يَـٰٓأَبَانَا يَـٰٓأَبَانَآ
dd9128a8a810	ʔasːid͡ʒᵊn	6	ٱلسِّجۡنِ ٱلسِّجۡنُ ٱلسِّجۡنَ
2743a00525bf	ʔalwaːħidᵊ	6	ٱلۡوٰحِدُ ٱلۡوٰحِدِ
46a2a9cadbda	ʔalqahːaːr	6	ٱلۡقَهَّارُ ٱلۡقَهَّارِ ٱلۡقَهَّـٰرُ
ea135d51dd8b	laʕalːiː	6	لَّعَلِّىٓ لَعَلِّىٓ
8ff7026228ea	ʕalimnaː	6	عَلِمۡنَا
45449045bd93	fajaⁿðˤuruː	6	فَيَنظُرُواۡ
b17ed71c2baf	d͡ʒadiːdᵊ	6	جَدِيدٍ جَدِيدِۭ
4e6942ad0af0	duʕaːːʔ	6	دُعَآءِ دُعَآءُ دُعَآءَ دُعَـٰٓؤُاۡ دُعَآءٍ
4cbccafdc95a	ʔalquluːbᵊ	6	ٱلۡقُلُوبُ ٱلۡقُلُوبِ
2f297da8c375	maʔaːbᵊ	6	مَــَٔابٍ مَـَٔـابِ
3545e4b192a0	miθlukum	6	مِّثۡلُكُمۡ
ea709607f963	dˤarabᵊ	6	ضَرَبَ
e03da4d55fa2	rabːihaː	6	رَبِّهَا
7d844d8d35a8	sunː̃ah	6	سُنَّةَ سُنَّةُ
5b9b546833ec	fasabːiħ	6	فَسَبِّحۡ
ca889326c780	ʔaljaqiːn	6	ٱلۡيَقِينِ ٱلۡيَقِينُ
1b3afca4fe2f	ʔataː	6	أَتَىٰ أَتَى أَتَىٰٓ
7b6287938522	ʔilaːhukum	6	إِلَـٰهُكُمۡ إِلَـٰهُكُمُ
480b271cca75	sajːiʔaːt	6	سَيِّـَٔـاتُ سَيِّـَٔـاتِ
b693b463dea1	ʔalbasˤar	6	ٱلۡبَصَرُ ٱلۡبَصَرَ ٱلۡبَصَرِ
0a33d3f01a8c	tafʕaluːn	6	تَفۡعَلُونَ
628f3eb08346	ʔad͡ʒᵊrahum	6	أَجۡرَهُم أَجۡرَهُمۡ
456853acbbb5	wabaniːn	6	وَبَنِينَ
51abf7fef039	biʕibaːdihiː	6	بِعِبَادِهِۦ
f60a6390a6d5	jusabːiħ	6	يُسَبِّحُ
0347e6ea4860	wud͡ʒuːhihim	6	وُجُوهِهِمۡ وُجُوهِهِمُ وُجُوهِهِم
2e5f630dab8e	ʔalħadiːθ	6	ٱلۡحَدِيثِ
1cf1d5ee820a	ʔaʃːimaːl	6	ٱلشِّمَالِ
9da8d0164ba3	θalaːθ	6	ثَلَـٰثَ ثَلَـٰثُ ثَلَـٰثٍ ثَلَـٰثِ
b62398282f1d	ʔaraʔajt	6	أَرَءَيۡتَ
9841c6530dcb	ʕajn	6	عَيۡنٍ عَيۡنَ عَيۡنٌ
0e7799a459d3	jusraː	6	يُسۡرًا
ccd5530c8ff9	jaᵐbaɣiː	6	يَنۢبَغِى
23d8f4d9cf3e	jaxʃaː	6	يَخۡشَىٰ يَخۡشَى يَخۡشَىٰٓ
b8811eefe170	ʔataːk	6	أَتَـٰكَ
64827ef0363a	ʔalkubᵊraː	6	ٱلۡكُبۡرَىٰ ٱلۡكُبۡرَىٰٓ ٱلۡكُبۡرَى
cac225c5c34b	tˤaɣaː	6	طَغَىٰ طَغَا
bdf2f97b5fe4	jaːwajlanaː	6	يَـٰوَيۡلَنَآ يَـٰوَيۡلَنَا
1eb82d100747	wald͡ʒibaːl	6	وَٱلۡجِبَالُ وَٱلۡجِبَالَ وَٱلۡجِبَالِ
b680e573f34e	bilʕaðaːbᵊ	6	بِٱلۡعَذَابِ
2595ba3863e9	jasʕaː	6	يَسۡعَىٰ
002ffe48c88e	faːkihah	6	فَـٰكِهَةٌ فَـٰكِهَةٍ
c69596d56a6e	mad͡ʒᵊnuːn	6	مَجۡنُونٌ مَّجۡنُونِۭ مَّجۡنُونٌ مَجۡنُونٍ
95eb33072cef	mudːakir	6	مُّدَّكِرٍ
a0b107fffc7d	wanuður	6	وَنُذُرِ
fd34c3077ab7	ʔalmustaqiːm	5	ٱلۡمُسۡتَقِيمَ ٱلۡمُسۡتَقِيمِ
5115ad1c7339	ʔasːufahaːːʔ	5	ٱلسُّفَهَآءُ ٱلسُّفَهَآءَ
bdb8fd7b0b97	tˤuɣjaːnihim	5	طُغۡيَـٰنِهِمۡ
ca670474f8aa	ħawlahuː	5	حَوۡلَهُۥ حَوۡلَهُۥٓ
95d13ec7a41e	tad͡ʒᵊʕaluː	5	تَجۡعَلُواۡ
aa9abe58777e	ʕahdᵊ	5	عَهۡدَ عَهۡدٍ عَهۡدٌ عَهۡدُ
947faec7dba3	juħjiːkum	5	يُحۡيِيكُمۡ
596b29e752e9	samaːwaːt	5	سَمَـٰوٰتٍ سَمَـٰوَاتٍ
93ecf8534e38	ʔalʔasmaːːʔ	5	ٱلۡأَسۡمَآءُ ٱلۡأَسۡمَآءَ
4b390b4ab990	ʔaqul	5	أَقُل أَقُلۡ
c7614e7e7dc2	taktumuːn	5	تَكۡتُمُونَ
5eea538b99bb	liʔadam	5	لِأَدَمَ
f00c93031fe0	fasad͡ʒaduː	5	فَسَجَدُوٓاۡ
c5cfad75a0f5	ʔabaː	5	أَبَىٰ أَبًا أَبَىٰٓ أَبَآ
fc3c18fd060c	fataːbᵊ	5	فَتَابَ
5b42706071c6	waʔawfuː	5	وَأَوۡفُواۡ
f97afbcc3ba7	jaðˤunː̃uːn	5	يَظُنُّونَ
4cd48d87566b	waʔanː̃ahum	5	وَأَنَّهُمۡ وَأَنَّهُم
91d087cf2256	ʃiʔtum	5	شِئۡتُمۡ شِئۡتُم
0c436c0c872f	jafsuquːn	5	يَفۡسُقُونَ
742520775a7f	ʔunaːs	5	أُنَاسٍ أُنَاسٌ أُنَاسِۭ
71becd53fb45	taʕθaw	5	تَعۡثَوۡاۡ
009c2b89a8d9	mufsidiːn	5	مُفۡسِدِينَ
e2d608e875a3	wanː̃asˤaːraː	5	وَٱلنَّصَـٰرَىٰ وَٱلنَّصَـٰرَىٰٓ
f1043bc16e2f	warafaʕnaː	5	وَرَفَعۡنَا
5e174799fd9e	xuðuː	5	خُذُواۡ
50e6c24508c9	ʕalimtum	5	عَلِمۡتُمُ عَلِمۡتُم عَلِمۡتُمۡ
a799a0e9733f	ʔasːabᵊt	5	ٱلسَّبۡتِ ٱلسَّبۡتُ
fee8f40e1852	quluːbukum	5	قُلُوبُكُمۡ قُلُوبُكُم
9d6f4786651e	fahiː	5	فَهِىَ
6b49ee56cb4c	xaʃjah	5	خَشۡيَةِ خَشۡيَةَ
bd98696de625	jaktubuːn	5	يَكۡتُبُونَ
cba9f9a027cc	ħusnaː	5	حُسۡنًا حُسۡنَۢا
b4a8ceb31f5e	bilʔiθm	5	بِٱلۡإِثۡمِ
5fc329c272f6	walʕudᵊwaːn	5	وَٱلۡعُدۡوٰنِ
64adb7925f6a	juxafːaf	5	يُخَفَّفُ
f3b1150c8f77	laʕanahum	5	لَعَنَهُمُ لَّعَنَهُمُ
22276491d325	musˤadːiqᵊ	5	مُصَدِّقٌ مُّصَدِّقٌ مُّصَدِّقُ
b4f3d83d4c43	walilkaːfiriːn	5	وَلِلۡكَـٰفِرِينَ
c7acdb935d06	biðˤːaːlimiːn	5	بِٱلظَّـٰلِمِينَ
efcc461c5307	jawadːᵊ	5	يَوَدُّ
dfe9aec5eff7	sanah	5	سَنَةٍ
3858444c5219	wabuʃraː	5	وَبُشۡرَىٰ
24358a1992f1	ðˤuhuːrihim	5	ظُهُورِهِمۡ
fce144e53afe	laman	5	لَمَن لَمَنِ لَّمَن
53afeff62fe4	turiːduːn	5	تُرِيدُونَ
8cee3caf715d	bilʔiːmaːn	5	بِٱلۡإِيمَـٰنِ
b1373260b4bb	nasˤaːraː	5	نَصَـٰرَىٰ نَصَـٰرَىٰٓ
589db197dab5	ʔaslam	5	أَسۡلَمَ
9e2f5c7f4904	jatluːn	5	يَتۡلُونَ
a379d14a3436	walmaɣribᵊ	5	وَٱلۡمَغۡرِبِ وَٱلۡمَغۡرِبُ
2c9b759d331b	ħadˤar	5	حَضَرَ
2b9ec7f0a3b7	jaʕquːbᵊ	5	يَعۡقُوبَ
f6ac2c4cbdce	waːħidaː	5	وٰحِدًا
28e52508f30a	tusʔaluːn	5	تُسۡــَٔلُونَ
2963b2312069	bimiθl	5	بِمِثۡلِ
7c18eca16390	ʃiqaːqᵊ	5	شِقَاقِۭ شِقَاقٍ شِقَاقَ
9246d8588d2a	warabːukum	5	وَرَبُّكُمۡ
40c19a1ca7fe	laraʔuːf	5	لَرَءُوفٌ
2b9af4dfcd72	ʔabᵊnaːːʔahum	5	أَبۡنَآءَهُمۡ أَبۡنَآءَهُمُ
295bf8fb3b7f	waʃkuruː	5	وَٱشۡكُرُواۡ
43bc8c3d6a0d	jaktumuːn	5	يَكۡتُمُونَ
d92da353ae8a	waʔasˤlaħuː	5	وَأَصۡلَحُواۡ وَأَصۡلَحُوٓاۡ
5ff7d7275cb0	wanː̃aːs	5	وَٱلنَّاسِ
82e20faefde6	jaraː	5	يَرَىٰ يَرَى يَرَىٰٓ
12446f8ec381	ʔitːabaʕuː	5	ٱتَّبَعُواۡ
39aa61973581	xutˤuːaːt	5	خُطُوٰتِ
b05cf35a6d08	walaħm	5	وَلَحۡمَ وَلَحۡمُ وَلَحۡمٍ وَلَحۡمِ
b56e3eaa39de	wadˤːarːaːːʔ	5	وَٱلضَّرَّآءِ وَٱلضَّرَّآءُ
d56fa50d6315	waħiːn	5	وَحِينَ
8237e939887b	sˤadaquː	5	صَدَقُواۡ
1edd41bbc671	jaːːʔuliː	5	يَـٰٓأُوۡلِى
6c105299cfb4	ʔaħadakum	5	أَحَدَكُمُ أَحَدَكُم
6096c5c595a4	xaːf	5	خَافَ
638f96b24c77	safar	5	سَفَرٍ
2a4c3d3c57ed	ʔuħilː	5	أُحِلَّ
aa76ecf514ad	lajlah	5	لَيۡلَةُ لَيۡلَةَ لَيۡلَةٍ لَيۡلَةِ
4715e054be16	nisaːːʔikum	5	نِسَآئِكُمۡ نِّسَآئِكُمۡ نِّسَآئِكُمُ
0002b71ff511	wakuluː	5	وَكُلُواۡ
83da5c84f53a	ʔalfad͡ʒᵊr	5	ٱلۡفَجۡرِ
56605c0fed22	ʔamwaːl	5	أَمۡوٰلَ أَمۡوٰلِ
7b2f277e5434	walajs	5	وَلَيۡسَ
07d6bbbeced7	ʔitːaqaː	5	ٱتَّقَىٰ ٱتَّقَىٰٓ
d62becb6cd03	ʔalqatl	5	ٱلۡقَتۡلِ ٱلۡقَتۡلُ
baa227c60b16	juqaːtiluːkum	5	يُقَـٰتِلُوكُمۡ
839fe1329a95	jabᵊluɣ	5	يَبۡلُغَ
d854cb33800b	ʔaʃhur	5	أَشۡهُرٍ أَشۡهُرٌ
eb0746c8fd10	ʔalmihaːdᵊ	5	ٱلۡمِهَادُ
7406585108a6	bilʕibaːdᵊ	5	بِٱلۡعِبَادِ
4759ec8b6d67	kaːːːfːahaː	5	كَآفَّةً
d9383da397db	d͡ʒaːːʔatkum	5	جَآءَتۡكُم جَآءَتۡكُمُ جَآءَتۡكُمۡ
58ca97bda2c2	waqudˤiː	5	وَقُضِىَ
ef40dde3de02	diːnikum	5	دِينِكُمۡ
075d2687e448	haːd͡ʒaruː	5	هَاجَرُواۡ
673b0fd030ec	ʔaljataːmaː	5	ٱلۡيَتَـٰمَىٰ ٱلۡيَتَـٰمَىٰٓ
5ecb036a0ed0	muʔminah	5	مُّؤۡمِنَةٍ مُّؤۡمِنَةٌ مُؤۡمِنَةٍ
9d048b4133ad	ʔarbaʕah	5	أَرۡبَعَةِ أَرۡبَعَةَ أَرۡبَعَةٌ
663b510a8724	jaħilː	5	يَحِلُّ يَحِلَّ
dfdcd465c597	wusʕahaː	5	وُسۡعَهَا وُسۡعَهَآ
37df3e25bf51	fariːdˤahaː	5	فَرِيضَةً
aa8d724c4329	maʕruːf	5	مَّعۡرُوفٌ مَعۡرُوفٍ مَّعۡرُوفٍ
74cb115bb3d9	xarad͡ʒuː	5	خَرَجُواۡ
95b50e466c6d	fiʔah	5	فِئَةٍ فِئَةٌ
5bf874343c6b	kalːaðiː	5	كَٱلَّذِى
2191c8c616cc	ħabːah	5	حَبَّةٍ
fa871cd69e85	juⁿfiqᵊ	5	يُنفِقُ
2871b767163b	ʔalħikmah	5	ٱلۡحِكۡمَةَ ٱلۡحِكۡمَةِ
ef30ff6fb429	sajːiʔaːtikum	5	سَيِّـَٔـاتِكُمۡ
9be0e542168d	bisiːmaːhum	5	بِسِيمَـٰهُمۡ
87ac96d9a538	ʔarːibaː	5	ٱلرِّبَوٰاۡ
b62ade0dbd49	jaquːm	5	يَقُومُ
5dd2c6307220	d͡ʒaːːʔahuː	5	جَآءَهُۥ جَآءَهُۥٓ
534f0ba83b67	salaf	5	سَلَفَ
12b786dd4d06	ʔaθiːm	5	أَثِيمٍ
afeb531f459c	ʔiħdaːhumaː	5	إِحۡدَٮٰهُمَا
7cab7acfba56	ʔalʔuxraː	5	ٱلۡأُخۡرَىٰ ٱلۡأُخۡرَىٰٓ
e2b2e9ed75dd	ʔalmiːʕaːdᵊ	5	ٱلۡمِيعَادَ ٱلۡمِيعَـٰدِ
715546b3a20d	ʔamwaːluhum	5	أَمۡوٰلُهُمۡ
cbcc05f93937	laʕibᵊrahaː	5	لَعِبۡرَةً
f0953c3ebf8d	waridˤwaːn	5	وَرِضۡوٰنٌ وَرِضۡوٰنٍ
3c5548ff7789	ʔinː̃anaː	5	إِنَّنَا إِنَّنَآ
1cf95b093b4f	ʔalːaːhumː̃	5	ٱللَّهُمَّ
c899e4f67d4c	ʕamilat	5	عَمِلَتۡ
20d56c3f42dd	ʔatˤiːʕuː	5	أَطِيعُواۡ
66e809fddd17	ʔaðːakar	5	ٱلذَّكَرَ ٱلذَّكَرُ
690ab588e822	jaːmarjam	5	يَـٰمَرۡيَمُ
cf56c42788bf	ʔadːuʕaːːʔ	5	ٱلدُّعَآءَ ٱلدُّعَآءِ
220b13a6e411	bujuːtikum	5	بُيُوتِكُمۡ
412981b705f1	faʕbuduːh	5	فَٱعۡبُدُوهُ
9c00d6c64656	ʔuːtiːtum	5	أُوتِيتُم أُوتِيتُمۡ
5acf3e3ea2fa	juʔtiːh	5	يُؤۡتِيهِ
f7e325ea0098	d͡ʒazaːːʔuhum	5	جَزَآؤُهُمۡ جَزَآؤُهُم
f08c07987034	libaniː	5	لِّبَنِىٓ لِبَنِىٓ
af29c8e5e56a	tutˤiːʕuː	5	تُطِيعُواۡ تُطِيعُوٓاۡ
cb729ce5856f	wakajf	5	وَكَيۡفَ
2910eeb39464	ʔalʔadᵊbaːr	5	ٱلۡأَدۡبَـٰرَ ٱلۡأَدۡبَارَ
6c4e8594185a	sawaːːʔaː	5	سَوَآءً
086bad83e046	tasˤbiruː	5	تَصۡبِرُواۡ
ee3a52a56c6d	faⁿðˤuruː	5	فَٱنظُرُواۡ
6818368bb4ce	d͡ʒaːhaduː	5	جَـٰهَدُواۡ
8cc4a98ffc42	ʔasˤaːbahum	5	أَصَابَهُمۡ أَصَابَهُمُ
ca5c05dd347d	ʔamrinaː	5	أَمۡرِنَا
a833e35c96d1	xaːsiriːn	5	خَـٰسِرِينَ
d6fad7c49e1b	mawlaːkum	5	مَوۡلَـٰكُمۡ
9400f26376cd	jaɣʃaː	5	يَغۡشَىٰ يَغۡشَى
e3c0cc73d5e3	qutiluː	5	قُتِلُواۡ قُتِلُوٓاۡ
bf7651ec0053	ɣaliːðˤ	5	غَلِيظٍ غَلِيظَ غَلِيظٌ
3b86ae7fa774	taħsabanː̃	5	تَحۡسَبَنَّ
36ece46d3b09	xalfihim	5	خَلۡفِهِمۡ
0cf3305b3eaa	jastabᵊʃiruːn	5	يَسۡتَبۡشِرُونَ
11b6f1362c17	ʔaħsanuː	5	أَحۡسَنُواۡ
bd82d652030e	jaħzuⁿk	5	يَحۡزُنكَ
1aff05b05a43	ʔatˤːajːibᵊ	5	ٱلطَّيِّبِ ٱلطَّيِّبُ
b10564b803a8	faʔaːminuː	5	فَـَٔـامِنُواۡ
ac07298f8a72	ʔalħariːqᵊ	5	ٱلۡحَرِيقِ
4ea90bacf713	biðˤalːaːm	5	بِظَلَّـٰمٍ بِظَلَّامٍ
31f6806f953d	lilʕabiːdᵊ	5	لِّلۡعَبِيدِ
4be02ed32505	jaðkuruːn	5	يَذۡكُرُونَ
27a7ec0a9847	xalaqᵊt	5	خَلَقۡتُ خَلَقۡتَ
646bbe6eb9ed	birabːikum	5	بِرَبِّكُمۡ
ca9e376f513a	ʔalʔabᵊraːr	5	ٱلۡأَبۡرَارَ ٱلۡأَبۡرَارِ
0ab67516ffe1	ðakar	5	ذَكَرٍ
f45c8b4e9f3e	ʔalbilaːdᵊ	5	ٱلۡبِلَـٰدِ
c780a4c87e5a	maʔwaːhum	5	مَأۡوَٮٰهُمۡ مَأۡوَٮٰهُمُ مَّأۡوَٮٰهُمۡ
3af397b4b206	waxalaqᵊ	5	وَخَلَقَ
b9772aec90d4	ʔaːbaːːʔukum	5	ءَابَآؤُكُمۡ ءَابَآؤُكُم
e0d02e4a2b5b	jaʔtiːn	5	يَأۡتِينَ
218b6aa5d0c9	ʔalfaːħiʃah	5	ٱلۡفَـٰحِشَةَ ٱلۡفَـٰحِشَةُ
d0c6a48f11f1	faʕasaː	5	فَعَسَىٰٓ فَعَسَى فَعَسَىٰ
a889c522dae7	ʔamwaːlihim	5	أَمۡوٰلِهِمۡ
d9fedd8d6604	jaðˤlim	5	يَظۡلِمُ يَظۡلِمۡ يَظۡلِم
3409d913cdea	ħadiːθaː	5	حَدِيثًا
b19b90e87860	taqᵊrabuː	5	تَقۡرَبُواۡ
b9003c6b5cd2	taʕlamuː	5	تَعۡلَمُوٓاۡ تَعۡلَمُواۡ
38d42f437a2c	tuʔminuːn	5	تُؤۡمِنُونَ
55bd6999036f	waʔaħsan	5	وَأَحۡسَنُ وَأَحۡسَنَ
3093508fef78	jasˤudːuːn	5	يَصُدُّونَ
c04a6e535c69	d͡ʒaːːʔuːk	5	جَآءُوكَ
fdcf7cbda7a0	jaħlifuːn	5	يَحۡلِفُونَ
5a283b66482a	faʔaʕridˤ	5	فَأَعۡرِضۡ
3766450e1cdf	jad͡ʒiduː	5	يَجِدُواۡ
8b6db49a1a5d	faʕaluːh	5	فَعَلُوهُ
f1e1576c7cca	sˤiraːtˤaː	5	صِرٰطًا
3a0b1bf8f393	ʔanʕam	5	أَنۡعَمَ
d9292a706f31	lajaquːlanː̃	5	لَيَقُولَنَّ لَّيَقُولَنَّ
76cafda75f4f	wad͡ʒᵊʕal	5	وَٱجۡعَل
7957e32eb779	juqaːtiluːn	5	يُقَـٰتِلُونَ
73e55dd2ca42	tusˤibᵊhum	5	تُصِبۡهُمۡ
384b84ba19e1	ʕiⁿdik	5	عِندِكَ
194cc84ca658	ʔasːalaːm	5	ٱلسَّلَـٰمِ ٱلسَّلَـٰمَ ٱلسَّلَـٰمُ
3547cb112ac4	last	5	لَسۡتَ لَّسۡتَ لَّسۡتُ
6f7b796dfe08	ʕaradˤ	5	عَرَضَ عَرَضٌ
76707062ca0a	waqaʕ	5	وَقَعَ
09cfa9484b36	jud͡ʒaːdil	5	يُجَـٰدِلُ
b4a52f3a063e	ʔinaːθaː	5	إِنَـٰثًا
e149b83a03d7	xasir	5	خَسِرَ
c7943108eb9e	ɣuruːraː	5	غُرُورًا
3e1b09919e3b	watːabaʕ	5	وَٱتَّبَعَ
495960454e8a	ʔalʔaⁿfus	5	ٱلۡأَنفُسُ ٱلۡأَنفُسِ ٱلۡأَنفُسَ
131d1c5c8fd5	kulːaː	5	كُلاًّ كُلاَّۢ
8d500a46f7ec	lijaɣfir	5	لِيَغۡفِرَ لِّيَغۡفِرَ
4e1866e1b661	wasawf	5	وَسَوۡفَ
905d135148c4	nuhuː	5	نُهُواۡ
e2504c97af30	jaʃhadᵊ	5	يَشۡهَدُ يَشۡهَدَ
8c7bc11374cb	wasˤadːuː	5	وَصَدُّواۡ
1444aa911bb1	quluːbahum	5	قُلُوبَهُمۡ قُلُوبَهُم
8412d1211652	jasˤnaʕuːn	5	يَصۡنَعُونَ
bc8ac7cb5981	ʔabᵊnaːːʔ	5	أَبۡنَآءِ أَبۡنَـٰٓؤُاۡ أَبۡنَآءَ
3effb267e714	ʔamlik	5	أَمۡلِكُ
3285891d2f9e	watl	5	وَٱتۡلُ
328ffab65326	jadak	5	يَدَكَ
314570fb3694	faʔasˤbaħ	5	فَأَصۡبَحَ
1e5c09d743d2	xilaːf	5	خِلَـٰفٍ خِلَـٰفَ
27d0fc37436b	faħkum	5	فَٱحۡكُم
9c3817de88a6	fataraː	5	فَتَرَى
1c85aac6d5c9	d͡ʒahdᵊ	5	جَهۡدَ
8fae922d30a0	wajuʔtuːn	5	وَيُؤۡتُونَ
4ce45a2dc61a	ʔalɣaːlibuːn	5	ٱلۡغَـٰلِبُونَ
82e08eaae427	waʔadˤalː	5	وَأَضَلُّ وَأَضَلَّ
060162cd8a05	labiʔs	5	لَبِئۡسَ
58fcd3753575	lisaːn	5	لِسَانَ لِسَانِ لِّسَانُ لِسَانٌ
e253943f1ab9	waʕan	5	وَعَنِ وَعَنۡ وَعَن
bab4a79be954	jaʔtuː	5	يَأۡتُواۡ يَأۡتُوٓاۡ
2f9786510321	ʔarːaːziqiːn	5	ٱلرّٰزِقِينَ
c9333a5a8f54	qult	5	قُلۡتَ قُلۡتُ
8b991405ffef	radˤiː	5	رَّضِىَ رَضِىَ
6e8eda83193f	waradˤuː	5	وَرَضُواۡ
33b6ab6516b8	jaʕdiluːn	5	يَعۡدِلُونَ
b8c35cf5aac2	muʕridˤiːn	5	مُعۡرِضِينَ
029a5deb1bd4	qarn	5	قَرۡنٍ
f569415163c2	taħtihim	5	تَحۡتِهِمُ تَحۡتِهِمۡ
a643bf4eee89	siːruː	5	سِيرُواۡ
0538899b3a9f	ʔataːhum	5	أَتَـٰهُمۡ أَتَـٰهُم
933f1488f322	kabur	5	كَبُرَ
96a2dd2206bb	jaʔtiːkum	5	يَأۡتِيكُم
6594c94dcbdc	ʔatːabiʕ	5	أَتَّبِعُ
ab7bc42ca5f1	walbasˤiːr	5	وَٱلۡبَصِيرُ وَٱلۡبَصِيرِ
a55115910d35	ʃafiːʕ	5	شَفِيعٍ شَفِيعٌ
2f1ae8725484	fatanː̃aː	5	فَتَنَّا
3f7379c4e2bc	nufasˤːil	5	نُفَصِّلُ
6c7713f2c219	lanakuːnanː̃	5	لَنَكُونَنَّ لَّنَكُونَنَّ
7821624104ac	biwakiːl	5	بِوَكِيلٍ
bee8f339d956	hadaːnaː	5	هَدَٮٰنَا
7f86a3f7025a	ʔalqamar	5	ٱلۡقَمَرَ ٱلۡقَمَرُ
ac0d50803fca	muhtaduːn	5	مُّهۡتَدُونَ
c101a03e4fee	wamuːsaː	5	وَمُوسَىٰ
3bf2086366a3	jalʕabuːn	5	يَلۡعَبُونَ
684836393864	sˤalaːtihim	5	صَلَاتِهِمۡ
d664de4b5700	ʔaⁿʃaʔakum	5	أَنشَأَكُم أَنشَأَكُمۡ
02714cfcd390	waɣajr	5	وَغَيۡرَ وَغَيۡرُ وَغَيۡرِ
ba1961e5b2c9	wakiːl	5	وَكِيلٌ
ddf226c7d8a9	basˤaːːʔir	5	بَصَآئِرُ بَصَآئِرَ بَصَـٰٓئِرُ
e44faeaece42	kalimat	5	كَلِمَتُ
f52d63cc0917	ʔusm	5	ٱسۡمُ
1e99873671e3	majtaː	5	مَّيۡتًا مَيۡتًا
65a48239611e	biʔaⁿfusihim	5	بِأَنفُسِهِمۡ
6be705ae9bbc	jaħʃuruhum	5	يَحۡشُرُهُمۡ
e85d0b2623f4	lijudˤilː	5	لِيُضِلَّ لِّيُضِلَّ
65722ab3cc26	ʔaljatiːm	5	ٱلۡيَتِيمَ ٱلۡيَتِيمِ
9e26e8b7ea04	ʔaʃudːahuː	5	أَشُدَّهُۥ أَشُدَّهُۥٓ
c61c693e7d54	bilħasanah	5	بِٱلۡحَسَنَةِ
1b736faf0d9f	bisːajːiʔah	5	بِٱلسَّيِّئَةِ
9045d272083e	tazir	5	تَزِرُ
06e076aa60d8	waːzirah	5	وَازِرَةٌ
5f908b8e9a2d	wizr	5	وِزۡرَ
0dbe7ccc46fc	lituⁿðir	5	لِتُنذِرَ لِّتُنذِرَ
e62341497234	ʔasːaːd͡ʒidiːn	5	ٱلسَّـٰجِدِينَ
55b193973073	jaʔmur	5	يَأۡمُرُ
12b33be526cf	jastaʔxiruːn	5	يَسۡتَــٔۡخِرُونَ يَسۡتَأۡخِرُونَ
00e64b6c8e34	sˤuduːrihim	5	صُدُورِهِم صُدُورِهِمۡ
a759638dd2ae	ʔabᵊsˤaːruhum	5	أَبۡصَـٰرُهُمۡ
90b47dc121ad	naʕmal	5	نَعۡمَلُ نَعۡمَلۡ
218678f70daf	risaːlaːt	5	رِسَـٰلَـٰتِ
c4e74dbbd135	ʔad͡ʒiʔtanaː	5	أَجِئۡتَنَا
94b7e90b834e	waħdahuː	5	وَحۡدَهُۥ وَحۡدَهُۥٓ
c5fe4c75b087	waʔaːbaːːʔukum	5	وَءَابَآؤُكُم وَءَابَآؤُكُمۡ وَءَابَآؤُكُمُ
6edc88ce2116	ʔustudˤʕifuː	5	ٱسۡتُضۡعِفُواۡ ٱسۡتُضۡعِفُوٓاۡ
5df5f291790c	d͡ʒaːθimiːn	5	جَـٰثِمِينَ
d5efcae10221	waʔamtˤarnaː	5	وَأَمۡطَرۡنَا
9093dfbb9ae1	ʔalħaːkimiːn	5	ٱلۡحَـٰكِمِينَ
92c868b77e32	ʔasːajːiʔah	5	ٱلسَّيِّئَةَ ٱلسَّيِّئَةِ ٱلسَّيِّئَةُ
4f44c5092040	naqusˤː	5	نَقُصُّ نَّقُصُّ
5a0190c2ebbc	baʕaθnaː	5	بَعَثۡنَا
57ef895ea660	saːd͡ʒidiːn	5	سَـٰجِدِينَ
11242e93ffe7	fastakbaruː	5	فَٱسۡتَكۡبَرُواۡ
cb44fc1645d0	baːraknaː	5	بَـٰرَكۡنَا
86f30222a259	qawmiː	5	قَوۡمِى
abe2fa10e551	lirabːihim	5	لِرَبِّهِمۡ لِرَبِّهِمُ
b2b687acfdc3	qawmahuː	5	قَوۡمَهُۥ
6d421423b509	kaʔanː̃ahuː	5	كَأَنَّهُۥ
10cb1f18003c	ʔaːtajnaːh	5	ءَاتَيۡنَـٰهُ
d8cb4f6b2afd	ʃiʔnaː	5	شِئۡنَا
4e0dfede1825	wamimː̃an	5	وَمِمَّنۡ وَمِمَّن
4da6f73eef92	d͡ʒinː̃ah	5	جِنَّةٍ جِنَّةُۢ جِنَّةٌ
fa96a61f5f87	jamʃuːn	5	يَمۡشُونَ
f1d6d708fb33	jatawakːaluːn	5	يَتَوَكَّلُونَ
712dec7dd88f	wajunazːil	5	وَيُنَزِّلُ
a092d55b3e10	ħid͡ʒaːrahaː	5	حِجَارَةً
41578b2fc93b	niʕm	5	نِعۡمَ نِّعۡمَ
f6622b0c657f	ʔaraː	5	أَرَىٰ أَرَى
590bcef44693	wud͡ʒuːhahum	5	وُجُوهَهُمۡ وُجُوهَهُمُ
03eaf65d7257	ʔistatˤaʕtum	5	ٱسۡتَطَعۡتُم ٱسۡتَطَعۡتُمۡ
c8a0d37b2ed6	naʕiːm	5	نَعِيمٍ نَعِيمٌ
7b742201b538	ʔarsal	5	أَرۡسَلَ
216697c0f6a9	kaːrihuːn	5	كَـٰرِهُونَ
e31cc4300611	jaʕlamuː	5	يَعۡلَمُوٓاۡ يَعۡلَمُواۡ
a18933a91b76	ʔalxizj	5	ٱلۡخِزۡىِ ٱلۡخِزۡىَ ٱلۡخِزۡىُ
f9bb0e88300f	walmunaːfiqaːt	5	وَٱلۡمُنَـٰفِقَـٰتِ وَٱلۡمُنَـٰفِقَـٰتُ
c18d34d29057	marːatajn	5	مَرَّتَيۡنِ مَّرَّتَيۡنِ
cd2e41340953	walqurʔaːn	5	وَٱلۡقُرۡءَانِ وَٱلۡقُرۡءَانَ
5783b1938934	ʔalif laːːːm raː	5	الٓر
18e0142b7ef3	ʔaʃːarː	5	ٱلشَّرُّ ٱلشَّرَّ
e64e919d072c	jaʔkul	5	يَأۡكُلُ يَأۡكُلَ
207501e3d8a5	lajlaː	5	لَيۡلًا
61ea98d44657	jarzuqukum	5	يَرۡزُقُكُم يَرۡزُقُكُمۡ
b468982aacc1	ħaqːat	5	حَقَّتۡ
ffcbe12a80d8	ʔaðin	5	أَذِنَ
a9394da77fb2	wad͡ʒaʕalnaːhum	5	وَجَعَلۡنَـٰهُمۡ
45a386372ea8	ʔalmuⁿðariːn	5	ٱلۡمُنذَرِينَ
2728dab78e3e	ʔuʔtuːniː	5	ٱئۡتُونِى
b1ee467234ba	tuːbuː	5	تُوبُوٓاۡ
835879930fe2	kafuːr	5	كَفُورٍ كَفُورٌ
eca473963caa	jastad͡ʒiːbuː	5	يَسۡتَجِيبُواۡ
d36ff157bb84	mirjah	5	مِرۡيَةٍ
02287fdef766	d͡ʒaram	5	جَرَمَ
ecb6324f249a	ʔaːlihatinaː	5	ءَالِهَتِنَا
7ca1a14ef5ed	fiːnaː	5	فِينَا
a8a3447a3d1b	ʔasˤaːbᵊ	5	أَصَابَ
804cc7521ac9	biʔs	5	بِئۡسَ
6f914defea35	ʔald͡ʒinː̃ah	5	ٱلۡجِنَّةِ ٱلۡجِنَّةُ
78a369679083	taʔwiːl	5	تَأۡوِيلِ تَأۡوِيلُ
f6bf7856328a	waʕilmaː	5	وَعِلۡمًا
f5c6e4d6bb2c	ladajnaː	5	لَدَيۡنَا لَّدَيۡنَا لَدَيۡنَآ
b4911126e6dd	ʔamrahum	5	أَمۡرَهُم أَمۡرَهُمۡ
30529813692d	muⁿðir	5	مُنذِرٌ مُّنذِرٌ مُنذِرُ
9267faa30da6	haːdᵊ	5	هَادٍ
dba4ca25120c	jud͡ʒaːdiluːn	5	يُجَـٰدِلُونَ
ab91313281ee	ʔaʕmaː	5	أَعۡمَىٰ أَعۡمَىٰٓ
4f988950429e	ʕuqᵊbaː	5	عُقۡبَى عُقۡبًا
5e5ea9ae4f85	faniʕm	5	فَنِعۡمَ
c4d7f521c8ee	walaʕaðaːbᵊ	5	وَلَعَذَابُ
8bb4698955a8	kafaː	5	كَفَىٰ
5a66f1f7746b	bilqawl	5	بِٱلۡقَوۡلِ
e099e4d9179f	biqadar	5	بِقَدَرٍ
b025c0471634	lanaħn	5	لَنَحۡنُ
3d831a50ca08	surur	5	سُرُرٍ سُرُرٌ
c2d8fd48de8a	musˤbiħiːn	5	مُصۡبِحِينَ مُّصۡبِحِينَ
9a0e26b40192	fakaːnuː	5	فَكَانُواۡ
40d085d099b6	saxːar	5	سَخَّرَ
8eaa9d45d269	ʃurakaːːʔiː	5	شُرَكَآءِىَ شُرَكَآءِى
681f0d02ad61	jaʃaːːʔuːn	5	يَشَآءُونَ
a12476de97e3	jamuːt	5	يَمُوتُ
254ac582979a	jaʃtahuːn	5	يَشۡتَهُونَ
fb106e78cc21	ʔumː̃ahaːtikum	5	أُمَّهَـٰتِكُمۡ
40a668a520d3	birabːik	5	بِرَبِّكَ
30a126c0b8cc	tad͡ʒᵊʕal	5	تَجۡعَلۡ تَجۡعَلَ
56302cb197e9	lamabᵊʕuːθuːn	5	لَمَبۡعُوثُونَ
aec189820d56	ʔiðhabᵊ	5	ٱذۡهَبۡ ٱذۡهَب
c7411f1db2d8	d͡ʒaːnibᵊ	5	جَانِبَ جَانِبِ جَانِبٍ
fa831579184c	kitaːbahuː	5	كِتَـٰبَهُۥ
303f5980d526	ʔaʕradˤ	5	أَعۡرَضَ
327299e3d3bc	masːah	5	مَسَّهُ مَّسَّهُ
2c4bac4950ae	ʔarːuːħ	5	ٱلرُّوحُ ٱلرُّوحِ ٱلرُّوحَ
2cc802dd606b	raʃadaː	5	رَشَدًا
a6b427e2de9a	ʔalʔaraːːʔik	5	ٱلۡأَرَآئِكِ
79422cac3f0f	watːaxaðuː	5	وَٱتَّخَذُواۡ وَٱتَّخَذُوٓاۡ
f1c3e359481c	fakaːnat	5	فَكَانَتۡ
076483bd6aa8	ðikriː	5	ذِكۡرِى
052ddffd4533	ħajːaː	5	حَيًّا
ea7b90747725	ʕabᵊdᵊ	5	عَبۡدُ عَبۡدٍ عَبۡدٌ
ce4f008809b2	ɣaflah	5	غَفۡلَةٍ
ddd9a25634d8	ʔaʃːafaːʕah	5	ٱلشَّفَـٰعَةُ ٱلشَّفَـٰعَةَ
6ad718e052d9	jaxaːf	5	يَخَافُ
d91c97574be2	ʃad͡ʒarah	5	شَجَرَةٍ شَجَرَةِ شَجَرَةُ شَجَرَةٌ
a3a1ea355b87	jusabːiħuːn	5	يُسَبِّحُونَ
7e5502de350c	muʃfiquːn	5	مُشۡفِقُونَ مُّشۡفِقُونَ
0bab688ee145	waqawmihiː	5	وَقَوۡمِهِۦ وَقَوۡمِهِۦٓ
fc76db4cdac2	fad͡ʒaʕalnaːhum	5	فَجَعَلۡنَـٰهُمۡ فَجَعَلۡنَـٰهُمُ
80cf4f0e6c48	watˤːajr	5	وَٱلطَّيۡرَ وَٱلطَّيۡرُ وَٱلطَّيۡرِ
daf0325ea93e	ʔalqubuːr	5	ٱلۡقُبُورِ ٱلۡقُبُورُ
91edfd328402	judᵊxil	5	يُدۡخِلُ
0b271eef61d3	ʔalħamiːm	5	ٱلۡحَمِيمِ ٱلۡحَمِيمُ
8bdbaf00be1c	manaːfiʕ	5	مَنَـٰفِعُ مَنَـٰفِعَ
a41e6e4b8b25	nakiːr	5	نَكِيرِ نَّكِيرٍ
300c6b2ee98f	waʕiðˤaːmaː	5	وَعِظَـٰمًا
b2f0849369fc	mitnaː	5	مِتۡنَا
f2eb89dfd208	ʔalʔaxariːn	5	ٱلۡأَخَرِينَ
e430fd650bb7	d͡ʒaːːːnː̃	5	جَآنٌّ
50f69b011bb2	ʔaʔilaːh	5	أَءِلَـٰهٌ
56efc621ec05	jukaðːibᵊ	5	يُكَذِّبُ
a2ae3107a08b	wafirʕawn	5	وَفِرۡعَوۡنَ وَفِرۡعَوۡنُ
9561150e959d	muħdˤaruːn	5	مُحۡضَرُونَ مُّحۡضَرُونَ
3127312cdeeb	tabᵊdiːlaː	5	تَبۡدِيلًا
09bdfd05d590	d͡ʒuⁿdᵊ	5	جُندٌ جُندٍ
2283b3555ba4	sˤajħahaː	5	صَيۡحَةً
2a14e1c7b834	ʔawːaːbᵊ	5	أَوَّابٌ أَوَّابٍ
0a6d1124b81b	bijawm	5	بِيَوۡمِ
9178f0cc250b	ðˤanaⁿtum	5	ظَنَنتُمۡ ظَنَنتُم
5255ce836065	tufsiduː	4	تُفۡسِدُواۡ
b1a85850324e	qaːmuː	4	قَامُواۡ قَامُوٓاۡ
7ae30cc857b6	wadᵊʕuː	4	وَٱدۡعُواۡ
0b0bf03aaea7	ʔuʕidːat	4	أُعِدَّتۡ
61af6105ee6a	mutˤahːarah	4	مُّطَهَّرَةٌ مُّطَهَّرَةِۭ
87448dd21dae	jadˤribᵊ	4	يَضۡرِبُ يَضۡرِبَ
d5b126bdfb49	jaⁿqudˤuːn	4	يَنقُضُونَ
e9b2405402e4	jumiːtukum	4	يُمِيتُكُمۡ
f9a62da82707	kulːahaː	4	كُلَّهَا
d4bb0d3c3671	jaːːʔaːdam	4	يَـٰٓـــَٔادَمُ يَـٰٓــَٔـادَمُ
5047f4fa6b48	ʔihbitˤuː	4	ٱهۡبِطُواۡ
3ad1147dfcaa	biʔaːjaːtiː	4	بِـَٔـايَـٰتِى
92d3336c1c0f	fatːaquːn	4	فَٱتَّقُونِ
2fef093e8d27	bisˤːabᵊr	4	بِٱلصَّبۡرِ
ea3efb9355dc	raːd͡ʒiʕuːn	4	رٰجِعُونَ
3714591894c1	juqᵊbal	4	يُقۡبَلُ يُقۡبَلَ
82c0ebc64907	ʃafaːʕah	4	شَفَـٰعَةٌ شَفَـٰعَةُ
2f2accb999a5	juʔxað	4	يُؤۡخَذُ يُؤۡخَذۡ
a0a6d3e2363f	ʔabᵊnaːːʔakum	4	أَبۡنَآءَكُمۡ
50c78465260f	balaːːʔ	4	بَلَآءٌ بَلَـٰٓؤٌاۡ
0049a7ec50d8	waʔaɣraqᵊnaː	4	وَأَغۡرَقۡنَآ وَأَغۡرَقۡنَا
2c9aa86e217d	taⁿðˤuruːn	4	تَنظُرُونَ
88c5bf50bae2	ʔarbaʕiːn	4	أَرۡبَعِينَ
c0e8bd8ea640	lajlahaː	4	لَيۡلَةً لَيۡلَهَا
364c95eb635f	ʔitːaxaðtum	4	ٱتَّخَذۡتُمُ ٱتَّخَذۡتُم ٱتَّخَذۡتُمۡ
4a5e8378335e	biɣadˤabᵊ	4	بِغَضَبٍ
3c9a46d635fa	wajaqᵊtuluːn	4	وَيَقۡتُلُونَ
22232133b928	miːθaːqakum	4	مِيثَـٰقَكُمۡ
e8a9c2bcbc85	fawqakum	4	فَوۡقَكُمُ فَوۡقَكُمۡ
6cb0c8582fdd	jaʔmurukum	4	يَأۡمُرُكُمۡ يَأۡمُرُكُم
2b3aa636a23e	ʔalħarθ	4	ٱلۡحَرۡثَ ٱلۡحَرۡثِ
c8d974df192c	ʔalʔaːn	4	ٱلۡـَٔـٰنَ
9664dd71dbda	kaːduː	4	كَادُواۡ
399c20a711b6	jusirːuːn	4	يُسِرُّونَ
08090c6664dc	ʕahdaː	4	عَهۡدًا
131e6674734d	wabilwaːlidajn	4	وَبِٱلۡوٰلِدَيۡنِ
9fb43314f7b7	dijaːrikum	4	دِيَـٰرِكُمۡ دِيَـٰرِكُم
a67b2125d426	taqᵊtuluːn	4	تَقۡتُلُونَ
5be14d405255	biruːħ	4	بِرُوحِ بِرُوحٍ
ee4280191c45	ʔalqudus	4	ٱلۡقُدُسِ
a5fa6bf95860	ʔaⁿfusukum	4	أَنفُسُكُمۡ أَنفُسُكُمُ
66fa2730ea17	quluːbunaː	4	قُلُوبُنَا
c4d9f2e42f64	bikufrihim	4	بِكُفۡرِهِمۡ
8524b812f380	falim	4	فَلِمَ
b149c63853ab	wasmaʕuː	4	وَٱسۡمَعُواۡ
41a2f2bd735e	ʕaːhaduː	4	عَـٰهَدُواۡ
272660d0cec7	tatluː	4	تَتۡلُواۡ
8057c40d6ad5	ʔalmarʔ	4	ٱلۡمَرۡءِ ٱلۡمَرۡءُ
4bd7e4874f92	jaⁿfaʕuhum	4	يَنفَعُهُمۡ
a558c23dce9e	walabiʔs	4	وَلَبِئۡسَ
0a8d19e683b2	watːaqaw	4	وَٱتَّقَوۡاۡ
455cbbc60264	ʔiːmaːnikum	4	إِيمَـٰنِكُمۡ
6302dfa6850f	tuqadːimuː	4	تُقَدِّمُواۡ
45bcfbe77a4a	haːtuː	4	هَاتُواۡ
4a12268fa012	burhaːnakum	4	بُرۡهَـٰنَكُمۡ
3f572962ee14	muħsin	4	مُحۡسِنٌ
7865808ec61b	ʔanː̃asˤaːraː	4	ٱلنَّصَـٰرَىٰ ٱلنَّصَـٰرَى
6201fcc7d38e	ʔusmuhuː	4	ٱسۡمُهُۥ ٱسۡمُهُۥٓ
99c2afe7e4ea	baʃiːraː	4	بَشِيرًا
2b1c85409e93	ʔimaːmaː	4	إِمَامًا
85f2dd1708b0	ðurːijːatiː	4	ذُرِّيَّتِى ذُرِّيَّتِىٓ
0ecfcb838102	ʔahlahuː	4	أَهۡلَهُۥ
f26f7c3be7a5	lirabːᵊ	4	لِرَبِّ
7b474238188a	baʕdiː	4	بَعۡدِى بَعۡدِىٓ
cb6731d3478c	walʔasbaːtˤᵊ	4	وَٱلۡأَسۡبَاطِ وَٱلۡأَسۡبَاطَ
37fdafe239a8	ʔihtadaw	4	ٱهۡتَدَواۡ ٱهۡتَدَوۡاۡ
3ab3eedcfec1	ʕaːbiduːn	4	عَـٰبِدُونَ
99e5b0d49216	ʔaʕmaːlukum	4	أَعۡمَـٰلُكُمۡ
1a342057b2b4	sajaquːl	4	سَيَقُولُ
26e9dfda918b	jatːabiʕ	4	يَتَّبِعُ يَتَّبِعۡ
8a8a9f387992	jaⁿqalibᵊ	4	يَنقَلِبۡ يَنقَلِبُ يَنقَلِبَ
0a0a1d712b3b	jaʕrifuːn	4	يَعۡرِفُونَ
db3eec6b4e63	ʔalmumtariːn	4	ٱلۡمُمۡتَرِينَ
6e7481cd7781	taʃʕuruːn	4	تَشۡعُرُونَ
3a4f87866a48	ʔalxawf	4	ٱلۡخَوۡفِ ٱلۡخَوۡفُ
6d9fc402407b	ʃaʕaːːʔir	4	شَعَـٰٓئِرَ شَعَآئِرِ شَعَـٰٓئِرِ
af30c479d658	wamaːtuː	4	وَمَاتُواۡ
798d3ed982e5	kufːaːr	4	كُفَّارٌ
116c7ae07eba	laʕnah	4	لَعۡنَةُ لَعۡنَةَ لَّعۡنَةُ
009903c8a207	waxtilaːf	4	وَٱخۡتِلَـٰفِ وَٱخۡتِلَـٰفُ
93e947f8d680	faʔaħjaː	4	فَأَحۡيَا
f91ffbaaa3a9	ħalaːlaː	4	حَلَـٰلًا
4e8bf9e9eb4a	bisːuːːʔ	4	بِٱلسُّوٓءِ
6b089a529414	natːabiʕ	4	نَتَّبِعُ نَّتَّبِعِ
51ab542eda15	ʔaːbaːːʔuhum	4	ءَابَآؤُهُمۡ ءَابَآؤُهُم
fc099894efbb	ʔalmajtah	4	ٱلۡمَيۡتَةَ ٱلۡمَيۡتَةُ
6ab3428f2c2e	wadːam	4	وَٱلدَّمَ وَٱلدَّمُ
9e6065e34a72	ʔuhilː	4	أُهِلَّ
24e6177b86ff	liɣajr	4	لِغَيۡرِ
2b4b32ded949	ʔudˤtˤurː	4	ٱضۡطُرَّ
9e90c6573225	ʔalmaːl	4	ٱلۡمَالَ ٱلۡمَالِ ٱلۡمَالُ
b051dbc00452	wasˤːaːbiriːn	4	وَٱلصَّـٰبِرِينَ
10f9dbbdb684	walʔuⁿθaː	4	وَٱلۡأُنثَىٰ وَٱلۡأُنثَىٰٓ
f07acecb16e4	ʔiʕtadaː	4	ٱعۡتَدَىٰ
7da07989a50b	ʃahr	4	شَهۡرٌ شَهۡرُ شَهۡرٍ
736d444c70bd	ʃahidᵊ	4	شَهِدَ
e9cb85fc8b06	ʔaʃːahr	4	ٱلشَّهۡرَ ٱلشَّهۡرُ ٱلشَّهۡرِ
492397515de7	hadaːkum	4	هَدَٮٰكُمۡ
18ecf85f28a3	ʔamwaːlakum	4	أَمۡوٰلَكُم أَمۡوٰلَكُمُ أَمۡوٰلَكُمۡ
438d3a7cff46	ʔalbujuːt	4	ٱلۡبُيُوتَ ٱلۡبُيُوتِ
0e048265b886	juqaːtiluːnakum	4	يُقَـٰتِلُونَكُمۡ
4a788bb09d11	ʔalmuʕtadiːn	4	ٱلۡمُعۡتَدِينَ
da89762a1f74	waʔaⁿfiquː	4	وَأَنفِقُواۡ
57f2cec624dc	ʔalhadᵊj	4	ٱلۡهَدۡىِ ٱلۡهَدۡىُ ٱلۡهَدۡىَ
55d1f0ba1a4e	ʔamiⁿtum	4	أَمِنتُمۡ أَمِنتُم
09e19aa3c4ce	fasˤijaːm	4	فَصِيَامُ
6ae7c00b7030	faradˤ	4	فَرَضَ
7fb0db2e7ce6	ʔaːtinaː	4	ءَاتِنَا
3cd13fa19750	mardˤaːt	4	مَرۡضَاتِ مَرۡضَاتَ
0bbc96dfc645	jarzuqᵊ	4	يَرۡزُقُ
1eb75dda45ae	mubaʃːiriːn	4	مُبَشِّرِينَ مُّبَشِّرِينَ
6378266069d8	wamuⁿðiriːn	4	وَمُنذِرِينَ
39bb0d494d3a	lijaħkum	4	لِيَحۡكُمَ
c10ea562d0bf	ʔaⁿfaqᵊtum	4	أَنفَقۡتُم أَنفَقۡتُمۡ
43d80ca721e4	ʔistatˤaːʕuː	4	ٱسۡتَطَـٰعُواۡ
aa7ff30f42ec	ħarθ	4	حَرۡثَ حَرۡثٌ
942ec9227b8b	juʔaːxiðukum	4	يُؤَاخِذُكُمُ يُؤَاخِذُكُم
d34dee8555d2	ʔajmaːnikum	4	أَيۡمَـٰنِكُمۡ
05e220fb5964	ʔaraːduː	4	أَرَادُوٓاۡ أَرَادُواۡ
f780c7b79927	ʔaːtajtumuːhunː̃	4	ءَاتَيۡتُمُوهُنَّ
413ceeb09b5b	tˤalːaqᵊtum	4	طَلَّقۡتُمُ
3a95c898bae9	ʔad͡ʒalahunː̃	4	أَجَلَهُنَّ
1fe35574d49c	ðˤalam	4	ظَلَمَ
2c25f3aa1f2e	jaʕiðˤukum	4	يَعِظُكُم يَعِظُكُمۡ يَعِظُكُمُ
9709991650bb	ʔazkaː	4	أَزۡكَىٰ
02425c53a200	bijadihiː	4	بِيَدِهِۦ
5a8e77a43f4d	liltːaqᵊwaː	4	لِلتَّقۡوَىٰ
2f0d62aa9175	ʕalːamakum	4	عَلَّمَكُمُ عَلَّمَكُم
5e88ccc8a1c0	kaθiːrahaː	4	كَثِيرَةً كَثِيرَةَۢ
d2fa11fe8179	baʕaθ	4	بَعَثَ
8bcc5c334865	juʔt	4	يُؤۡتَ يُؤۡتِ
db0d7e77ee97	fadˤːalnaː	4	فَضَّلۡنَا
e5957d98fc7b	ʔaⁿfiquː	4	أَنفِقُواۡ
4cb34370eb54	wasiʕ	4	وَسِعَ
8185fd6bd7d3	faʔt	4	فَأۡتِ
1d4e34c45718	marː	4	مَرَّ
e31e2b86e4c4	xaːwijah	4	خَاوِيَةٌ خَاوِيَةٍ
30fe6cacb9fe	ʕaːm	4	عَامٍ عَامٌ
5eda3fe45679	labiθt	4	لَبِثۡتُ لَبِثۡتَ لَّبِثۡتَ
6f9760f01c16	laħmaː	4	لَحۡمًا
9576a7337bfc	wamaɣfirah	4	وَمَغۡفِرَةٌ
4194a3c61aec	naxiːl	4	نَّخِيلٍ
f6b0f859e7e0	jaʕidukum	4	يَعِدُكُمُ يَعِدُكُم يَعِدُكُمۡ
5a72e2c8b39b	jaðːakːar	4	يَذَّكَّرُ يَذَّكَّرَ
0d9ea2d6cd73	tubᵊduː	4	تُبۡدُواۡ
ce5a3d1dd2a7	tuðˤlamuːn	4	تُظۡلَمُونَ
a7f633e7a0fd	waʕalaːnijahaː	4	وَعَلَانِيَةً
4dc1ebd246da	kafːaːr	4	كَفَّارٍ كَفَّارٌ
9e178d104c32	waʔaːtaw	4	وَءَاتَوُاۡ
913b72f6e3ed	waðaruː	4	وَذَرُواۡ
d682ab3a3e6a	dˤaʕiːfaː	4	ضَعِيفًا
b4270e2a02ba	rad͡ʒulajn	4	رَجُلَيۡنِ رَّجُلَيۡنِ
acc216357344	tid͡ʒaːrahaː	4	تِجَـٰرَةً
279c94c6e9b9	waɣfir	4	وَٱغۡفِرۡ
e80e6da8f175	ʔalfurqaːn	4	ٱلۡفُرۡقَانَ ٱلۡفُرۡقَانِ
f9df00f0f78b	ʔiⁿtiqaːm	4	ٱنتِقَامٍ
557613b461e0	jaxfaː	4	يَخۡفَىٰ
7e61c973a868	ʔawlaːduhum	4	أَوۡلَـٰدُهُم أَوۡلَـٰدُهُمۡ
07ac32796585	ðunuːbanaː	4	ذُنُوبَنَا ذُنُوبَنَآ
fbd7bc2482a9	waʔuluː	4	وَأُوۡلُواۡ
5862c96aca40	qaːːʔimaː	4	قَآئِمًا قَآئِمَۢا
0135a528170d	ʔalʔislaːm	4	ٱلۡإِسۡلَـٰمِ ٱلۡإِسۡلَـٰمُ ٱلۡإِسۡلَـٰمَ
c8304509a29e	sˤuduːrikum	4	صُدُورِكُمۡ
dde84fea8bd0	ðurːijːahaː	4	ذُرِّيَّةً ذُرِّيَّةَۢ
c1065f1d464f	zakarijːaː	4	زَكَرِيَّا زَكَرِيَّآ
983aaefc461a	ʔalmiħraːbᵊ	4	ٱلۡمِحۡرَابَ ٱلۡمِحۡرَابِ
87443f889d95	habᵊ	4	هَبۡ
7f36d01ef778	ɣulaːm	4	غُلَـٰمٌ
8c6a3570c17a	bilʕaʃijː	4	بِٱلۡعَشِىِّ
3f44860f873d	jaxtasˤimuːn	4	يَخۡتَصِمُونَ
1f25b4b9a7f4	ʔalmuqarːabiːn	4	ٱلۡمُقَرَّبِينَ
5574a785076d	d͡ʒiʔtukum	4	جِئۡتُكُم
4b46c35f7c1a	jaːʕiːsaː	4	يَـٰعِيسَى يَـٰعِيسَىٰٓ
6fd624379688	ʔud͡ʒuːrahum	4	أُجُورَهُمۡ
928af8e2a785	xalaqahuː	4	خَلَقَهُۥ
d91c8d8110eb	ʔalqasˤasˤ	4	ٱلۡقَصَصَ ٱلۡقَصَصُ ٱلۡقَصَصِ
56ef9a5e47dd	haːːʔaⁿtum	4	هَـٰٓأَنتُمۡ
3ecee57ed5a4	diːnakum	4	دِينَكُمۡ
a4552a8b2c77	jaʃtaruːn	4	يَشۡتَرُونَ
444c9d8156db	biʕahdᵊ	4	بِعَهۡدِ
b36db43a2c6a	jaⁿðˤur	4	يَنظُرُ
3c3d6570dcde	bilkitaːbᵊ	4	بِٱلۡكِتَـٰبِ
ca9b2ed40888	libaʃar	4	لِبَشَرٍ
828f73919cc7	bilkufr	4	بِٱلۡكُفۡرِ
a4890ad69e4d	ʔafaɣajr	4	أَفَغَيۡرَ
d7dc1b81a896	jabᵊɣuːn	4	يَبۡغُونَ
89611fcebbb4	tˤawʕaː	4	طَوۡعًا
f07cc416450e	diːnaː	4	دِينًا
4130f04f416d	kufraː	4	كُفۡرًا
2a7ee82a1db9	bajt	4	بَيۡتٍ بَيۡتٌ
c71bca578a6a	mubaːrakaː	4	مُبَارَكًا مُّبَارَكًا مُّبَـٰرَكًا
69ef95b850ec	wajaʔmuruːn	4	وَيَأۡمُرُونَ
042aaaca78c5	wajanhawn	4	وَيَنۡهَوۡنَ
610d75d40d9a	jasd͡ʒuduːn	4	يَسۡجُدُونَ
c7c8fd44af88	riːħ	4	رِيحٌ رِيحٍ رِيحَ
988019fb823c	ʔafwaːhihim	4	أَفۡوٰهِهِمۡ
e6e1b4352f57	sˤuduːruhum	4	صُدُورُهُمۡ
080c8d74432e	kulːihiː	4	كُلِّهِۦ
b7813c80dacb	faʕaluː	4	فَعَلُواۡ
161f6813fc80	faːħiʃahaː	4	فَـٰحِشَةً
a15ebe82197c	waniʕm	4	وَنِعۡمَ
8518661261ff	muħamː̃adᵊ	4	مُحَمَّدٌ مُحَمَّدٍ مُّحَمَّدٌ
ed32331c3668	waħusn	4	وَحُسۡنَ وَحُسۡنُ
fdf5c178c32b	ʔarːuʕbᵊ	4	ٱلرُّعۡبَ
377d2d4e405a	waʕdahuː	4	وَعۡدَهُۥ وَعۡدَهُۥٓ
19b7104fcc1f	ʔaraːkum	4	أَرَٮٰكُم أَرَٮٰكُمۡ
953fdf90170a	jadᵊʕuːkum	4	يَدۡعُوكُمۡ
4163479c38c2	likajlaː	4	لِّكَيۡلَا لِكَيۡلَا
4c897feff817	ʔasˤaːbakum	4	أَصَـٰبَكُمۡ أَصَـٰبَكُم
1880661c81f9	ʔald͡ʒaːhilijːah	4	ٱلۡجَـٰهِلِيَّةِ
0f1bff9d45a8	haːhunaː	4	هَـٰهُنَا هَـٰهُنَآ
11ec861c2c8a	ʔald͡ʒamʕaːn	4	ٱلۡجَمۡعَانِ
df8523bbab3e	liʔixwaːnihim	4	لِإِخۡوٰنِهِمۡ لِإِخۡوٰنِهِمُ
8b5536422dbb	manː̃	4	مَنَّ مَّنَّ
6cd57ab9af93	biniʕmah	4	بِنِعۡمَةٍ بِنِعۡمَةِ
2fc736429836	judˤiːʕ	4	يُضِيعُ
18cb8249973f	ʔistad͡ʒaːbuː	4	ٱسۡتَجَابُواۡ
14fcc51542fd	qijaːmaː	4	قِيَـٰمًا
d7306504c62b	ʕaːmil	4	عَـٰمِلٌ عَـٰمِلٍ عَامِلٌ
34d5424d0274	θawaːbaː	4	ثَوَابًا
fc6b310453f9	taʕdiluː	4	تَعۡدِلُواۡ
bf607b9a66eb	haniːːʔaː	4	هَنِيٓـــَٔۢا هَنِيٓــًٔا
47502e5ab517	ħasiːbaː	4	حَسِيبًا
b9311cbe7e57	ħaðˤː	4	حَظِّ حَظٍّ
d4ef42221646	ʔiθnatajn	4	ٱثۡنَتَيۡنِ
a5c04f715f83	wasˤijːah	4	وَصِيَّةٍ
e6619efe43a7	dajn	4	دَيۡنٍ
96f12dab6cdd	judᵊxilh	4	يُدۡخِلۡهُ
de007f6fb83f	ʕanhumaː	4	عَنۡهُمَا عَنۡهُمَآ
ddd32393810a	ʔatːawbah	4	ٱلتَّوۡبَةُ ٱلتَّوۡبَةَ
794ea6c1c329	bid͡ʒahaːlah	4	بِجَهَـٰلَةٍ
81f13cb6a63f	bifaːħiʃah	4	بِفَـٰحِشَةٍ
7a5855f888ac	buhtaːnaː	4	بُهۡتَـٰنًا
dc4e00bf82e2	ʔalmuħsˤanaːt	4	ٱلۡمُحۡصَنَـٰتِ
396540fd6f2b	kariːmaː	4	كَرِيمًا
57b17172b70d	fadˤːal	4	فَضَّلَ
c8695900de0b	taxaːfuːn	4	تَخَافُونَ
d89432e14271	muhiːnaː	4	مُّهِينًا
a7c06559d67d	fasaːːʔ	4	فَسَآءَ
092d6bdbd4b0	waʔaⁿfaquː	4	وَأَنفَقُواۡ
4ac44a59615d	razaqahum	4	رَزَقَهُمُ رَزَقَهُم
b7193bfb9d60	d͡ʒiʔnaː	4	جِئۡنَا
2c301ca80515	mardˤaː	4	مَّرۡضَىٰٓ مَّرۡضَىٰ
bdcbfdb76e78	sˤaʕiːdaː	4	صَعِيدًا
bf45f2f5121d	ʔalkalim	4	ٱلۡكَلِمَ ٱلۡكَلِمُ
d0e64fca3278	waʔaːtajnaːhum	4	وَءَاتَيۡنَـٰهُم وَءَاتَيۡنَـٰهُمۡ
af3f36f6846d	samiːʕaː	4	سَمِيعَۢا سَمِيعًا
aba3be9a277e	ʔaradᵊnaː	4	أَرَدۡنَآ
1a236af98c47	ʔakun	4	أَكُن أَكُنۢ
a02e9412759a	ʔajdijakum	4	أَيۡدِيَكُمۡ
f60b19cc4576	nafsik	4	نَفۡسِكَ نَّفۡسِكَ
ad004d9fe86a	nafsak	4	نَفۡسَكَ نَّفۡسَكَ
dcda526f4345	biʔaħsan	4	بِأَحۡسَنِ بِأَحۡسَنَ
c0d951d24ed1	qawmahum	4	قَوۡمَهُمۡ
3ed939589208	ʔasːalam	4	ٱلسَّلَمَ
5a347d76146d	qatal	4	قَتَلَ
6974365c48e3	ʔalqaːʕidiːn	4	ٱلۡقَـٰعِدِينَ
be74781e1921	ʔardˤ	4	أَرۡضِ أَرۡضُ أَرۡضٍ
7546f7e94648	wasaːːʔat	4	وَسَآءَتۡ
b5755849fe9c	matˤar	4	مَطَرُ مَّطَرٍ مَطَرَ
e7d63cc460d1	jardˤaː	4	يَرۡضَىٰ
01c1a09b271e	ʔaːðaːn	4	ءَاذَانٌ ءَاذَانَ
17d7b4f649f4	watːaxað	4	وَٱتَّخَذَ
479ee47ee3c7	waʔijːaːkum	4	وَإِيَّاكُمۡ
37e7bf8a48bc	takfuruː	4	تَكۡفُرُواۡ تَكۡفُرُوٓاۡ
d35324be8214	juðhibᵊkum	4	يُذۡهِبۡكُمۡ
d38528746688	ʔalhawaː	4	ٱلۡهَوَىٰٓ ٱلۡهَوَىٰ
497b8c1084e7	jaxuːdˤuː	4	يَخُوضُواۡ
96cd56520a6f	nakun	4	نَكُن
304c8847612e	ʔald͡ʒahr	4	ٱلۡجَهۡرَ ٱلۡجَهۡرِ
fb7340cf9058	miːθaːqahum	4	مِّيثَـٰقَهُمۡ مِيثَـٰقَهُمۡ
7157282c5b56	wasulajmaːn	4	وَسُلَيۡمَـٰنَ
6f1464753955	biʕilmihiː	4	بِعِلۡمِهِۦ
8ce0cedaa7b5	jaʃhaduːn	4	يَشۡهَدُونَ
3dbd19a4701b	ʔalmuqarːabuːn	4	ٱلۡمُقَرَّبُونَ
50195785764e	wastakbaruː	4	وَٱسۡتَكۡبَرُواۡ
3cc1bc666ad2	halak	4	هَلَكَ
a1f1de802485	ʔawfuː	4	أَوۡفُواۡ
6775426a1fcd	ħilː	4	حِلٌّ حِلُّۢ
9c9a6e53547b	waʔard͡ʒulakum	4	وَأَرۡجُلَكُم وَأَرۡجُلَكُمۡ
65b5d1fed4c7	niʕmatahuː	4	نِعۡمَتَهُۥ
199067031948	ʕaʃar	4	عَشَرَ
048f6ad88865	ʔalʕadaːwah	4	ٱلۡعَدٰوَةَ ٱلۡعَدَاوَةَ ٱلۡعَدٰوَةُ
128b3a22cf56	walbaɣdˤaːːʔ	4	وَٱلۡبَغۡضَآءَ وَٱلۡبَغۡضَآءُ
b5c24ac67b7c	ʔaxiː	4	أَخِى
ae544a0aedd3	wad͡ʒaːhiduː	4	وَجَـٰهِدُواۡ
d992123f877c	samː̃aːʕuːn	4	سَمَّـٰعُونَ
b6cd9fab3914	jaʔtuːk	4	يَأۡتُوكَ
edd139816aef	ʔalʔiⁿd͡ʒiːl	4	ٱلۡإِنجِيلَ ٱلۡإِنجِيلِ
3f172676f597	lijabᵊluwakum	4	لِّيَبۡلُوَكُمۡ لِيَبۡلُوَكُمۡ
afbd40f9c02a	ʕiⁿdihiː	4	عِندِهِۦ عِندِهِۦٓ
03789decefa1	naːdimiːn	4	نَـٰدِمِينَ
af3a69f3d8e8	ʔahaːːʔulaːːʔ	4	أَهَـٰٓؤُلَآءِ
8d0953b69edb	juqiːmuːn	4	يُقِيمُونَ
627ced6309f2	jatawalː	4	يَتَوَلَّ
cb2d35807104	tˤuɣjaːnaː	4	طُغۡيَـٰنًا
fad211f99ab7	wakufraː	4	وَكُفۡرًا
cb0e6d525d45	waʔalqajnaː	4	وَأَلۡقَيۡنَا
a92d973e3af9	jaqᵊtuluːn	4	يَقۡتُلُونَ يَقۡتُلُونِ
120797835f27	rid͡ʒᵊs	4	رِجۡسٌ
d43051c16f8b	waʔaːmanuː	4	وَّءَامَنُواۡ وَءَامَنُوٓاۡ وَءَامَنُواۡ
8c2fc2e7c2fb	wabaːl	4	وَبَالَ
8645fc8494ff	qurbaː	4	قُرۡبَىٰ قُرۡبَىٰٓ
1bf9b1cc5df5	ʕalːaːm	4	عَلَّـٰمُ
841b8abc11a4	ʔalɣujuːbᵊ	4	ٱلۡغُيُوبِ
614df3d24954	biʔiðniː	4	بِإِذۡنِى
0599dc05caad	nuriːdᵊ	4	نُرِيدُ نُّرِيدُ
66ad767733a6	wakuⁿt	4	وَكُنتُ وَكُنتَ
22dbcf78401d	waʔad͡ʒal	4	وَأَجَلٌ وَأَجَلٍ
868299e1800e	taksibuːn	4	تَكۡسِبُونَ
5807a0305a14	ʔaɣajr	4	أَغَيۡرَ
f04b96e4bdff	ʕasˤajt	4	عَصَيۡتُ عَصَيۡتَ
7949ed769512	bidˤurː	4	بِضُرٍّ
c9187f26702b	ʔaʔinː̃akum	4	أَئِنَّكُمۡ
999cfe9d0ada	biʔaːjaːtihiː	4	بِـَٔـايَـٰتِهِۦٓ بِـَٔـايَـٰتِهِۦ
da893bf760b7	tazʕumuːn	4	تَزۡعُمُونَ
fb16d8afda08	muʃrikiːn	4	مُشۡرِكِينَ مُّشۡرِكِينَ
4ea76e3ebdb4	kaðabuː	4	كَذَبُواۡ
1984303e03f5	waqᵊraː	4	وَقۡرًا
905d4350aea4	faʔaxaðnaːhum	4	فَأَخَذۡنَـٰهُم فَأَخَذۡنَـٰهُمۡ
db21c48ddea7	fataħnaː	4	فَتَحۡنَا
7a28cefb0fff	daːbir	4	دَابِرَ دَابِرُ
cac78e10c427	nusˤarːif	4	نُصَرِّفُ
50377351f4f1	nursil	4	نُرۡسِلُ نُّرۡسِلَ
7a3d3944bd52	jamasːuhum	4	يَمَسُّهُمُ يَمَسُّهُم يَمَسُّهُمۡ
e355769a8126	bajninaː	4	بَيۡنِنَا بَيۡنِنَآ
97867074c578	jatawafːaːkum	4	يَتَوَفَّـٰكُم يَتَوَفَّـٰكُمۡ
30d3e791cbe6	wajursil	4	وَيُرۡسِلُ وَيُرۡسِلَ
fb3adc9b946a	ʃijaʕaː	4	شِيَعًا
d367e7a91d1d	wakaðːabᵊ	4	وَكَذَّبَ
0e4a53ff5dd0	ʃaraːbᵊ	4	شَرَابٌ
fd95d4b66455	waʕaðaːbᵊ	4	وَعَذَابٌ وَعَذَابٍ
0e6b71f9ded3	ʔiʔtinaː	4	ٱئۡتِنَا
06468fc77645	watːaquːh	4	وَٱتَّقُوهُ
87bfc60b9d18	juⁿfax	4	يُنفَخُ
42330275ca46	malakuːt	4	مَلَكُوتُ مَلَكُوتَ مَلَكُوتِ
f10e6c5e0db8	qawmuhuː	4	قَوۡمُهُۥ قَوۡمُهُۥٓ
40f02219a431	biðˤulm	4	بِظُلۡمٍ
383e9b578cf1	mubaːrak	4	مُبَارَكٌ مُّبَارَكٌ مُبَـٰرَكٌ
dc805f54b7d4	tuʔfakuːn	4	تُؤۡفَكُونَ
c2c779daf2ab	nabaːt	4	نَبَاتُ نَبَاتَ نَّبَاتٍ
489d5242c250	ħabːaː	4	حَبًّا
d40607ec3580	wazːajtuːn	4	وَٱلزَّيۡتُونَ وَٱلزَّيۡتُونِ
8a2045fdc43f	falinafsihiː	4	فَلِنَفۡسِهِۦ
9b1ed2ebd912	zajːanː̃aː	4	زَيَّنَّا
9c3ada567455	mard͡ʒiʕuhum	4	مَرۡجِعُهُمۡ مَّرۡجِعُهُمۡ
b7dd81b2d27a	waʔaqᵊsamuː	4	وَأَقۡسَمُواۡ
efdf4c83472f	ʔanː̃ahaː	4	أَنَّهَا أَنَّهَآ
e3067301631d	lijuʔminuː	4	لِيُؤۡمِنُواۡ لِيُؤۡمِنُوٓاۡ
438452d146da	juːħiː	4	يُوحِى يُوحِىٓ
1268092af88c	bilmuhtadiːn	4	بِٱلۡمُهۡتَدِينَ
9afd8a07f30f	ʔarːid͡ʒᵊs	4	ٱلرِّجۡسَ
6253ef402851	jawmikum	4	يَوۡمِكُمۡ
559dc2bc81f0	ʃahidᵊnaː	4	شَهِدۡنَا شَهِدۡنَآ
a08176af236d	makaːnatikum	4	مَكَانَتِكُمۡ
aa30a3a8e0b4	jaħkumuːn	4	يَحۡكُمُونَ
810121309fec	butˤuːn	4	بُطُونِ
af0516867c8d	muxtalifaː	4	مُخۡتَلِفًا مُّخۡتَلِفًا
aa343fe3099f	wasˤːaːkum	4	وَصَّـٰكُم وَصَّـٰكُمُ
80aa1fc3894d	ʔad͡ʒidᵊ	4	أَجِدُ أَجِدَ
93a3182f8c23	lasˤaːdiquːn	4	لَصَـٰدِقُونَ
5ede09aef1ca	baʔsanaː	4	بَأۡسَنَا بَأۡسَنَآ
ef33168e719b	ðˤahar	4	ظَهَرَ
e2e85d7d0295	ʔaːmanat	4	ءَامَنَتۡ
b2c59cfa6d17	xalaːːʔif	4	خَلَـٰٓئِفَ
46fc476b4271	ʔahlaknaːhaː	4	أَهۡلَكۡنَـٰهَا أَهۡلَكۡنَـٰهَآ
7a3ceae31097	daʕwaːhum	4	دَعۡوَٮٰهُمۡ
e81dfc88061b	ʔursil	4	أُرۡسِلَ
bf09013b3b6b	θaqulat	4	ثَقُلَتۡ
65e32b4cb172	faxrud͡ʒᵊ	4	فَٱخۡرُجۡ
08d08761f622	laʔamlaʔanː̃	4	لَأَمۡلَأَنَّ
83d7117e1511	ziːnah	4	زِينَةَ زِينَةُ زِينَةِ
61b87977f5b5	naʕam	4	نَعَمۡ
4facde42d66b	ħid͡ʒaːbᵊ	4	حِجَابٌ حِجَابٍ
066c51a06440	xawfaː	4	خَوۡفًا
3f00565f5be7	watˤamaʕaː	4	وَطَمَعًا
e5859eb53b04	saħaːbaː	4	سَحَابًا
7eb540bd3eb1	walaːkinː̃iː	4	وَلَـٰكِنِّى وَلَـٰكِنِّىٓ
74f78e05ade3	taʕidunaː	4	تَعِدُنَآ
52f0943f9ff2	naːqah	4	نَاقَةُ نَاقَةٌ نَاقَةَ
0df097a15662	bisuːːʔ	4	بِسُوٓءٍ
d9d2b9ae2b92	ʔarːad͡ʒᵊfah	4	ٱلرَّجۡفَةُ
abc9ccffaaa7	daːrihim	4	دَارِهِمۡ
76d8ab9b25e5	fatawalːaː	4	فَتَوَلَّىٰ
631b1b14410c	lataʔtuːn	4	لَتَأۡتُونَ
0b94c57919c7	d͡ʒawaːbᵊ	4	جَوَابَ
83424e07afc1	ʔimraʔatahuː	4	ٱمۡرَأَتَهُۥ
adc98039c7a0	tawakːalnaː	4	تَوَكَّلۡنَا
66464bf4be24	makr	4	مَكۡرَ مَّكۡرٌ مَكۡرُ
b5c9671b6ac4	faʔarsil	4	فَأَرۡسِلۡ
ab977802f910	ʔalɣaːlibiːn	4	ٱلۡغَـٰلِبِينَ
16aea5895931	ʔalquː	4	أَلۡقُواۡ
c5c54fd91659	ʕiⁿdak	4	عِندَكَ
b74623dad929	kaʃafnaː	4	كَشَفۡنَا
c5c05b193cdd	faⁿtaqamnaː	4	فَٱنتَقَمۡنَا
525e7ee5beab	ɣaːfiliːn	4	غَـٰفِلِينَ
b30a10508a22	ʔaːlihah	4	ءَالِهَةٌ
bbd390b1558c	tad͡ʒᵊhaluːn	4	تَجۡهَلُونَ
d60a75d5611a	waʔmur	4	وَأۡمُرۡ
2757055f14b0	qawmak	4	قَوۡمَكَ
41e8dad7bec6	d͡ʒasadaː	4	جَسَدًا
31213f7c33a7	ʔarħam	4	أَرۡحَمُ
a24126061587	baʕdihaː	4	بَعۡدِهَا
3591647deedd	jahduːn	4	يَهۡدُونَ
dd39c733b39e	ʔalmubᵊtˤiluːn	4	ٱلۡمُبۡطِلُونَ
175ad93d40af	ʕilmuhaː	4	عِلۡمُهَا
1ac2b0184494	linafsiː	4	لِنَفۡسِى
ab67c30fee0d	masːaniː	4	مَسَّنِىَ مَّسَّنِىَ
db1a69d98d66	ʔilajhaː	4	إِلَيۡهَا
bff5f9eca852	fataʕaːlaː	4	فَتَعَـٰلَى فَتَعَـٰلَىٰ
fe7ab9986faf	tadᵊʕuːhum	4	تَدۡعُوهُمۡ
5c7e87074d5b	fastaʕið	4	فَٱسۡتَعِذۡ
86b3803cd113	ʔaːjaːtuhuː	4	ءَايَـٰتُهُۥ ءَايَـٰتُهُۥٓ
be6250c54fcf	ʔiħdaː	4	إِحۡدَى
15ea790bffeb	ʔalfatħ	4	ٱلۡفَتۡحُ ٱلۡفَتۡحِ
a8f1a86a2afb	ʔamwaːlukum	4	أَمۡوٰلُكُمۡ
8ec87b3a0792	wajasˤudːuːn	4	وَيَصُدُّونَ
b2ea9898d336	qawijː	4	قَوِىٌّ
ef2ea03514af	niʕmahaː	4	نِّعۡمَةً نِعۡمَةً
2a93ece194b6	duːnihim	4	دُونِهِمۡ دُونِهِمُ دُونِهِم
615cb56e3dc3	ʔitːabaʕak	4	ٱتَّبَعَكَ
8f54022c7d3a	jaɣlibuː	4	يَغۡلِبُواۡ يَغۡلِبُوٓاۡ
6104be414c9a	sabaqᵊ	4	سَبَقَ
6991916f50a4	juʔtikum	4	يُؤۡتِكُمۡ يُؤۡتِكُمُ
a929cf149759	wahaːd͡ʒaruː	4	وَهَاجَرُواۡ
e307cfcf922c	ʕaːhatːum	4	عَـٰهَدتُّم عَـٰهَدتُّمۡ
ea28fdea74cc	ʔalʔakbar	4	ٱلۡأَكۡبَرِ ٱلۡأَكۡبَرُ ٱلۡأَكۡبَرَ
39c8067ac1a4	lilmuʃrikiːn	4	لِلۡمُشۡرِكِينَ لِّلۡمُشۡرِكِينَ
e17da3df5ab3	ʔistaqaːmuː	4	ٱسۡتَقَـٰمُواۡ
7f38d2985b2a	ʔajmaːnahum	4	أَيۡمَـٰنَهُمۡ أَيۡمَـٰنَهُم
4efbd68f43e0	sˤuduːr	4	صُدُورِ صُدُورَ
88f371384101	ʔalfaːːʔizuːn	4	ٱلۡفَآئِزُونَ
7571da760011	fatarabːasˤuː	4	فَتَرَبَّصُواۡ فَتَرَبَّصُوٓاۡ
c9f3b7fcbd7a	qawluhum	4	قَوۡلُهُمۡ قَوۡلُهُم
1de399218095	ʔalqajːim	4	ٱلۡقَيِّمُ ٱلۡقَيِّمِ
deb88151e643	binaː	4	بِنَا بِنَآ
68abbedaa8e8	jaʔtuːn	4	يَأۡتُونَ
9ad96d01f7bf	radˤuː	4	رَضُواۡ
ae7a698e857c	juʔðuːn	4	يُؤۡذُونَ
099779b38a00	walmunaːfiqiːn	4	وَٱلۡمُنَـٰفِقِينَ
934cfbee7299	waʔaːxaruːn	4	وَءَاخَرُونَ
f481937bf057	juħibːuːn	4	يُحِبُّونَ
3b1dd845c1e6	sˤaːliħ	4	صَـٰلِحٌ صَـٰلِحٍ
35c3aabc34d3	ʔajːukum	4	أَيُّكُمۡ
cb07a7081145	ʕad͡ʒabaː	4	عَجَبًا
2a7f894950d3	judabːir	4	يُدَبِّرُ
d50e547e02c9	liqaːːʔanaː	4	لِقَآءَنَا
16e5f945c2d6	wajaʕbuduːn	4	وَيَعۡبُدُونَ
fcaecc87a807	ʔaðaqᵊnaː	4	أَذَقۡنَا
21425b23763f	makraː	4	مَكۡرًا
77edf541b7d7	bilʔams	4	بِٱلۡأَمۡسِ
c56a95c4edea	ðilːah	4	ذِلَّةٌ
3c12e461eb98	fasajaquːluːn	4	فَسَيَقُولُونَ
2b9e379baa88	taħkumuːn	4	تَحۡكُمُونَ
c26da097b5d7	ʔaʕmal	4	أَعۡمَلُ أَعۡمَلَ
d4f9b74327d2	ʔalʕumj	4	ٱلۡعُمۡىَ ٱلۡعُمۡىِ
976223efd6d2	nurijanː̃ak	4	نُرِيَنَّكَ
8cf69bd0ded5	naʕiduhum	4	نَعِدُهُمۡ
11e38e287cbc	laħaqːᵊ	4	لَحَقٌّ لَحَقُّ
3376a92c9641	waʔasarːuː	4	وَأَسَرُّواۡ
e1243a1e7fdc	litaskunuː	4	لِتَسۡكُنُواۡ لِّتَسۡكُنُوٓاۡ
4865eb7cc928	faʕalajh	4	فَعَلَيۡهِ
8c3cec7445b2	waʔaxiːh	4	وَأَخِيهِ
6d61dd93ec42	jaqᵊdˤiː	4	يَقۡضِى
e8701a25feea	fasʔal	4	فَسۡــَٔلِ فَسۡــَٔلۡ
251576946a62	tadᵊʕ	4	تَدۡعُ
283067762a8f	watːabiʕ	4	وَٱتَّبِعۡ
066adee0ad40	sˤanaʕuː	4	صَنَعُواۡ صَنَعُوٓاۡ
688001c116f3	judˤaːʕaf	4	يُضَـٰعَفُ يُضَـٰعَفۡ
493209ede21f	naraːk	4	نَرَٮٰكَ
22a555c5ed78	jaːnuːħ	4	يَـٰنُوحُ
9240459db274	biʔaʕjuninaː	4	بِأَعۡيُنِنَا
c8f965629956	jaʔtiːh	4	يَأۡتِيهِ
01be010d7613	zawd͡ʒajn	4	زَوۡجَيۡنِ
f1a5d29463d6	mawd͡ʒᵊ	4	مَوۡجٌ مَوۡجٍ مَّوۡجٌ
e5cbf7cad5b9	raħim	4	رَّحِمَ رَحِمَ
b34384f1cba8	buʕdaː	4	بُعۡدًا
bf3e2ad945c1	tatawalːaw	4	تَتَوَلَّوۡاۡ
b46872c3c30a	nad͡ʒːajnaː	4	نَجَّيۡنَا
4d67c3e3fdb7	muniːbᵊ	4	مُّنِيبٍ مُّنِيبٌ
bb1dc5017f82	jaːːʔibᵊraːhiːm	4	يَـٰٓإِبۡرٰهِيمُ
08db5733e9e3	luːtˤaː	4	لُوطًا
a6e22bdd2330	ʕalimt	4	عَلِمۡتَ عَلِمۡتُ
72cb70a0b2dc	biʕaziːz	4	بِعَزِيزٍ
ed89bc57692e	liʔad͡ʒal	4	لِأَجَلٍ
9a835ad361c2	ʔabiːkum	4	أَبِيكُمۡ
87e1ec0ce73e	ɣadaː	4	غَدًا
b48d4f51a786	tasˤifuːn	4	تَصِفُونَ
dd0057bd3b9f	xudˤr	4	خُضۡرٍ خُضۡرٌ
01d21f3c1b36	makiːn	4	مَّكِينٍ مَكِينٌ مَكِينٍ
cca1e72f2743	baːbᵊ	4	بَابٍ بَابُۢ
524b604bb929	ʔaxaːh	4	أَخَاهُ
245a9cf540fa	ʔabiː	4	أَبِى أَبِىٓ
b8cdc0e62dbe	jatːaqᵊ	4	يَتَّقِ
a198f9088a25	latˤiːf	4	لَطِيفٌ لَطِيفُۢ
3e5fb230ff23	tasʔaluhum	4	تَسۡــَٔلُهُمۡ
d8bc66400f2e	nuːħiː	4	نُّوحِىٓ نُوحِىٓ
b34b135edbf0	jad͡ʒᵊriː	4	يَجۡرِى يَجۡرِىٓ
ba3fcdd4bb65	bimaːːʔ	4	بِمَآءٍ
1976117c7caf	laʃadiːdᵊ	4	لَشَدِيدٌ لَشَدِيدُ
e48aab9ef695	xalfihiː	4	خَلۡفِهِۦ خَلۡفِهِۦٓ
266fa0249d13	maradːᵊ	4	مَرَدَّ مَرَدٍّ
62bf94b1ef96	biħamdihiː	4	بِحَمۡدِهِۦ
cdbad7676e76	xalaquː	4	خَلَقُواۡ
6e45b94927d2	ʕiqaːbᵊ	4	عِقَابِ عِقَابٍ
55aabf4363e7	ʔuʃrik	4	أُشۡرِكُ أُشۡرِكَ أُشۡرِكۡ
64c4e19bd4c9	sˤabːaːr	4	صَبَّارٍ
9788ac264fe2	ʔursiltum	4	أُرۡسِلۡتُم
37020a5db19c	miθlunaː	4	مِّثۡلُنَا
b45177a450bd	maħiːsˤ	4	مَّحِيصٍ
70ebeb007456	qaraːr	4	قَرَارٍ
87a0bf371042	jasˤlawnahaː	4	يَصۡلَوۡنَهَا
5d221b12ff46	ʔalbaladᵊ	4	ٱلۡبَلَدِ ٱلۡبَلَدَ
32dfca9ea5ee	walilmuʔminiːn	4	وَلِلۡمُؤۡمِنِينَ
77c668a51e98	ruʔuːsihim	4	رُءُوسِهِمۡ رُءُوسِهِمُ
2d70b0d046ea	ʃajtˤaːn	4	شَيۡطَـٰنٍ
a4094d13f04f	rad͡ʒiːm	4	رَّجِيمٍ رَجِيمٌ
aa25d667409e	sˤalsˤaːl	4	صَلۡصَـٰلٍ
ef42bc80b138	xalaqᵊnaːh	4	خَلَقۡنَـٰهُ
233c8a75f174	mutaqaːbiliːn	4	مُّتَقَـٰبِلِينَ مُتَقَـٰبِلِينَ
66c448f6be5f	biɣulaːm	4	بِغُلَـٰمٍ
ae961afad0a1	ʔalwaːnuhuː	4	أَلۡوٰنُهُۥ أَلۡوٰنُهُۥٓ
d7c28611d09d	walitabᵊtaɣuː	4	وَلِتَبۡتَغُواۡ
1d71ffb89ad6	ʔalbanaːt	4	ٱلۡبَنَـٰتِ ٱلۡبَنَاتُ ٱلۡبَنَاتِ ٱلۡبَنَـٰتُ
3016a60478be	θamaraːt	4	ثَمَرٰتٍ ثَمَرٰتِ ثَمَرٰتُ
22a67cab1257	muxtalif	4	مُّخۡتَلِفٌ مُخۡتَلِفٌ مُّخۡتَلِفٍ
95f4d6f6a317	ʔalʕumur	4	ٱلۡعُمُرِ ٱلۡعُمُرُ
1f18eaa0d742	ʔajmaːnuhum	4	أَيۡمَـٰنُهُمۡ
def955e0fee7	ʔazwaːd͡ʒikum	4	أَزۡوٰجِكُم أَزۡوٰجِكُمۡ
f01f4df4f7a7	wadˤarabᵊ	4	وَضَرَبَ
ecbd5ba07f1c	walʔafʔidah	4	وَٱلۡأَفۡــِٔدَةَ
fba89ce04245	juʔðan	4	يُؤۡذَنُ يُؤۡذَنَ
91f04190411e	nadᵊʕuː	4	نَدۡعُواۡ نَّدۡعُوَاۡ نَّدۡعُواۡ
f0b3e1f502d2	ʔalbasˤiːr	4	ٱلۡبَصِيرُ
34409df78870	litabᵊtaɣuː	4	لِّتَبۡتَغُواۡ لِتَبۡتَغُواۡ
6623094e60f6	faħaqːᵊ	4	فَحَقَّ
0a7fed3380c1	kafuːraː	4	كَفُورًا
d5180512ea4f	masʔuːlaː	4	مَسۡــُٔولًا مَّسۡــُٔولًا
c9890b9397c8	nufuːraː	4	نُفُورًا
7da7c4ee934b	walːaw	4	وَلَّوۡاۡ
e557c617b93c	ʕiðˤaːmaː	4	عِظَـٰمًا
03080b3ab076	ʔaħaːtˤᵊ	4	أَحَاطَ
630f443244d8	ħaːsˤibaː	4	حَاصِبًا
29273e5d336a	bijamiːnihiː	4	بِيَمِينِهِۦ
dcf0f5078e64	qabᵊlak	4	قَبۡلَكَ
58b90e020aa2	jaziːdᵊ	4	يَزِيدُ
6154bbfb8fdb	ðˤahiːraː	4	ظَهِيرًا
f18278c2df83	kisafaː	4	كِسَفًا
09b509dca7e4	nazal	4	نَزَلَ
629abc9e0c79	taⁿziːlaː	4	تَنزِيلًا
b8d6eae86bb1	tadᵊʕuː	4	تَدۡعُواۡ
13529a5584e6	lijuⁿðir	4	لِّيُنذِرَ لِيُنذِرَ
5d28e0091d66	ʔalkahf	4	ٱلۡكَهۡفِ
677c023729ed	labiθuː	4	لَبِثُواۡ لَبِثُوٓاۡ
e7a366559ccd	faljaⁿðˤur	4	فَلۡيَنظُرۡ فَلۡيَنظُرِ
f8781720a695	ʔamrihim	4	أَمۡرِهِمۡ
127e9830cbb6	sajaquːluːn	4	سَيَقُولُونَ
6610dafc5240	ʔasaːwir	4	أَسَاوِرَ
7c7f1733ce07	birabːiː	4	بِرَبِّىٓ بِرَبِّى
443c92aa1c48	tastatˤiːʕ	4	تَسۡتَطِيعَ
58808d7b82b0	mawʕidaː	4	مَّوۡعِدًا مَوۡعِدًا
e03331e27ee2	ʔahlaknaːhum	4	أَهۡلَكۡنَـٰهُمۡ أَهۡلَكۡنَـٰهُم
a1725b9a41f3	ʔalbaħrajn	4	ٱلۡبَحۡرَيۡنِ
76e53c182367	sababaː	4	سَبَبًا
014e33cc5f2d	wanufix	4	وَنُفِخَ
4c9bf7dac1fa	jaħsabuːn	4	يَحۡسَبُونَ
b1abbfe8c629	jard͡ʒuː	4	يَرۡجُواۡ
20b473b2a16c	wakaːnat	4	وَكَانَتِ وَكَانَتۡ
27d64cd69017	jaħjaː	4	يَحۡيَىٰ
ee3f9e2f9454	sawijːaː	4	سَوِيًّا
a5dd918913df	waʕaʃijːaː	4	وَعَشِيًّا
a286fa6e82c6	biwaːlidajh	4	بِوٰلِدَيۡهِ
25c3de7e24d1	wad͡ʒaʕalaniː	4	وَجَعَلَنِى
0e3140242fc7	raħmatinaː	4	رَحۡمَتِنَآ رَّحۡمَتِنَا رَّحۡمَتِنَآ
80764c591551	waʔaːman	4	وَءَامَنَ
88a736b0c766	ʔafaraʔajt	4	أَفَرَءَيۡتَ
3939ac7906ae	tasmaʕ	4	تَسۡمَعُ تَسۡمَعۡ
684b6bfd9e8f	ʔaːtiːkum	4	ءَاتِيكُم
70eb8074f141	nuːdiː	4	نُودِىَ
7f8038f5e3db	kaː	4	كَىۡ
88001cde78ca	subulaː	4	سُبُلًا
6fd81fda695c	ʔanː̃ad͡ʒᵊwaː	4	ٱلنَّجۡوَىٰ ٱلنَّجۡوَى
ae08e862412c	ʔaflaħ	4	أَفۡلَحَ
bcfcd6bad4c0	tazakːaː	4	تَزَكَّىٰ
934d90e27961	jard͡ʒiʕ	4	يَرۡجِعُ يَرۡجِعَ
50305e9216ed	raʔajtahum	4	رَأَيۡتَهُمۡ
b9a534c8feff	xuliqᵊ	4	خُلِقَ
4a5fc495beb4	jaⁿtˤiquːn	4	يَنطِقُونَ
87a9ff1b225f	wanad͡ʒːajnaːh	4	وَنَجَّيۡنَـٰهُ
df9c262ea710	ʔaʔimː̃ahaː	4	أَئِمَّةً
aa259ffbf668	fastad͡ʒabᵊnaː	4	فَٱسۡتَجَبۡنَا
c062e2293906	ʔadᵊriː	4	أَدۡرِىٓ أَدۡرِى
6e3ce14849c0	juːlid͡ʒᵊ	4	يُولِجُ
ee33a9c9fac7	wajuːlid͡ʒᵊ	4	وَيُولِجُ
2249e4450356	malaːːʔikahaː	4	مَلَـٰٓئِكَةً مَّلَـٰٓئِكَةً
7d33fc0c364e	ʔaːbaːːʔahum	4	ءَابَآءَهُمۡ ءَابَآءَهُمُ
d67aa7f2c4fd	ʔimriʔ	4	ٱمۡرِىٍٕ
3390e0745778	ʔifk	4	إِفۡكٌ
de54051f515d	ʔixwaːnihinː̃	4	إِخۡوٰنِهِنَّ
cbf4c3312b48	ʔaːbaːːʔikum	4	ءَابَآئِكُمُ ءَابَآئِكُمۡ
5492edbbd7d6	naðiːraː	4	نَذِيرًا نَّذِيرًا
48c80a7c41d3	waʔasˤiːlaː	4	وَأَصِيلًا
14fce369ad80	θubuːraː	4	ثُبُورًا
0233927a1b26	jukaðːibuːn	4	يُكَذِّبُونِ يُكَذِّبُونَ
0a66b5b37a40	ʔaɣraqᵊnaː	4	أَغۡرَقۡنَا
ae2e1cd20a9c	ʔaxuːhum	4	أَخُوهُمۡ
c0f9242b25fb	fatħaː	4	فَتۡحًا
821b50f9a98d	ladajː	4	لَدَىَّ
027f061bc886	raʔaːh	4	رَءَاهُ رَّءَاهُ
0fa70e08dae5	faʔaᵐbatnaː	4	فَأَنۢبَتۡنَا
c2bd1a9da8f0	wahaːmaːn	4	وَهَـٰمَـٰنَ
bea867e0141b	junaːdiːhim	4	يُنَادِيهِمۡ
110ad007b63b	waʔibᵊraːhiːm	4	وَإِبۡرٰهِيمَ
7e807e033aaa	riːħaː	4	رِيحًا
b705bd4eb1ac	fajawmaʔið	4	فَيَوۡمَئِذٍ
1636f39776eb	tadᵊriː	4	تَدۡرِى
565170e318b9	mahiːn	4	مَّهِينٍ مَهِينٌ
35af11f9bd82	ʔalmaʔwaː	4	ٱلۡمَأۡوَىٰ ٱلۡمَأۡوَىٰٓ
efea46da3cda	d͡ʒunuːdᵊ	4	جُنُودُ جُنُودٌ جُنُودَ
841221ab29ff	d͡ʒamiːlaː	4	جَمِيلًا
3e18f68dc418	miⁿkunː̃	4	مِنكُنَّ مِّنكُنَّ
a4483e436dd6	ʔaʕmaːlakum	4	أَعۡمَـٰلَكُمۡ
145147ffa23c	walmuʃrikiːn	4	وَٱلۡمُشۡرِكِينَ
68deddc7b383	ʕiːn	4	عِينٌ عِينٍ
016386060018	lajaquːluːn	4	لَيَقُولُونَ
c7336906ed0e	kaðːaːbᵊ	4	كَذَّابٌ
fa644f0b6fdb	wabadaː	4	وَبَدَا
041019372deb	mamnuːn	4	مَمۡنُونٍ مَمۡنُونِۭ
aa1fb857a149	fidˤːah	4	فِضَّةٍ
e98d3ceda9cd	mawlaː	4	مَوۡلًى مَّوۡلًى مَوۡلَى مَوۡلَىٰ
cd3b8b014ec0	ʔanː̃uður	4	ٱلنُّذُرُ ٱلنُّذُرِ
49870b6269e3	faðakːir	4	فَذَكِّرۡ
1aae3d722839	jasːarnaː	4	يَسَّرۡنَا
115164997b9f	lilðːikr	4	لِلذِّكۡرِ
201e9d4caa66	saqar	4	سَقَرَ سَقَرُ
65177aab3874	ħisaːbaː	4	حِسَابًا
e49b42382aa2	ʔalmiskiːn	4	ٱلۡمِسۡكِينِ ٱلۡمِسۡكِينَ
7144fb786cee	ʔadᵊbar	4	أَدۡبَرَ
4216fd5eed4d	taðkirah	4	تَذۡكِرَةٌ
4cf9bcc5fe00	ʔajaħsabᵊ	4	أَيَحۡسَبُ
425f24cfd5b2	watawaːsˤaw	4	وَتَوَاصَوۡاۡ
8e1543c0fa22	ʔanuʔmin	3	أَنُؤۡمِنُ
5dcb72894fab	muhtadiːn	3	مُهۡتَدِينَ
99293920086f	sˤumː̃	3	صُمُّۢ صُمٌّ
84d3d11f4dd1	bilkaːfiriːn	3	بِٱلۡكَـٰفِرِينَ
c4968bbb9868	ʔalbarqᵊ	3	ٱلۡبَرۡقَ ٱلۡبَرۡقُ
936907a95508	faʔaxrad͡ʒᵊ	3	فَأَخۡرَجَ
045f1cac3e08	mutaʃaːbihaː	3	مُتَشَـٰبِهًا مُّتَشَـٰبِهًا
4cdc5484c25e	juːsˤal	3	يُوصَلَ
3cf8f18e1139	waʔaʕlam	3	وَأَعۡلَمُ
7de20892344c	tubᵊduːn	3	تُبۡدُونَ
f57358b7f8b0	wastakbar	3	وَٱسۡتَكۡبَرَ
fcbe345b2aa8	raɣadaː	3	رَغَدًا
b0e0524b3a86	mustaqarː	3	مُسۡتَقَرٌّ مُّسۡتَقَرٌّ
46170f1436cd	wamataːʕ	3	وَمَتَـٰعٌ
49e9f6a190c3	kalimaːt	3	كَلِمَـٰتُ كَلِمَـٰتٍ
fbb895c1e4bd	jaʔtijanː̃akum	3	يَأۡتِيَنَّكُم يَأۡتِيَنَّكُمۡ
5b141dfb031e	waʔijːaːj	3	وَإِيَّـٰىَ
c4611bcde80e	waʔaːminuː	3	وَءَامِنُواۡ
ad647794fc04	ʔaⁿzalt	3	أَنزَلۡتَ أَنزَلۡتُ
4650f8ba18b5	kaːfir	3	كَافِرٌ كَافِرِۭ
d537a66f8399	taʃtaruː	3	تَشۡتَرُواۡ
ad038d6fb328	wasˤːalaːh	3	وَٱلصَّلَوٰةِ
dd02025cec00	mulaːquː	3	مُّلَـٰقُواۡ
71bbfbfde9dd	jasuːmuːnakum	3	يَسُومُونَكُمۡ
0c9a869a39d1	wajastaħjuːn	3	وَيَسۡتَحۡيُونَ
b1387af2dcb3	nisaːːʔakum	3	نِسَآءَكُمۡ
ac5b983cca8d	d͡ʒahrahaː	3	جَهۡرَةً
6b5fffe17ef5	ʔasˤːaːʕiqah	3	ٱلصَّـٰعِقَةُ
f5cd1deeb09d	ʔalɣamaːm	3	ٱلۡغَمَامَ ٱلۡغَمَامِ ٱلۡغَمَـٰمَ
65ec1e9f03d1	ʔalmanː̃	3	ٱلۡمَنَّ
e8f5cda96740	wasːalwaː	3	وَٱلسَّلۡوَىٰ
23b6f33be960	wadᵊxuluː	3	وَٱدۡخُلُواۡ
93aab2e8b242	faʔaⁿzalnaː	3	فَأَنزَلۡنَا
82d027521256	rid͡ʒᵊzaː	3	رِجۡزًا
8f371da01280	ʔidˤribᵊ	3	ٱضۡرِب
b9c830e37e5c	biʕasˤaːk	3	بِّعَصَاكَ
3124f4aa3958	ʔiθnataː	3	ٱثۡنَتَا ٱثۡنَتَىۡ
8b01c2f0dcc6	ʕaʃrah	3	عَشۡرَةَ
82f2fb9140b1	ʕasˤaw	3	عَصَواۡ
36f4ebadf3e3	jaʕtaduːn	3	يَعۡتَدُونَ
a8edbdcca81b	ʔaːtajnaːkum	3	ءَاتَيۡنَـٰكُم
2775e070eac4	wamawʕiðˤahaː	3	وَمَوۡعِظَةً
fe6a0652105d	baqarah	3	بَقَرَةٌ
1a9255e5930a	ʔalbaqar	3	ٱلۡبَقَرِ ٱلۡبَقَرَ
25b701138133	musalːamah	3	مُّسَلَّمَةٌ مُسَلَّمَةٌ
a36b95fd2491	kalaːm	3	كَلَـٰمَ
4859875ac96b	ʔawalaː	3	أَوَلَا
c96ffc7523ff	biʔajdiːhim	3	بِأَيۡدِيهِمۡ
15508a4585f3	wawajl	3	وَوَيۡلٌ
af0f57c9af4b	ʔajːaːmaː	3	أَيَّامًا
9844acbcc3ae	kasabᵊ	3	كَسَبَ
50a3d9cc5fbd	sajːiʔahaː	3	سَيِّئَةً
fdc7cf8764ef	taʃhaduːn	3	تَشۡهَدُونَ تَشۡهَدُونِ
b619128bdfdf	waqafːajnaː	3	وَقَفَّيۡنَا
f4e33ba3c514	tahwaː	3	تَهۡوَىٰٓ تَهۡوَى
b99bd75fc292	wafariːqaː	3	وَفَرِيقًا
79ee6030a99a	biʔsamaː	3	بِئۡسَمَا
9a1dbd4ecad2	jakfuruː	3	يَكۡفُرُواۡ
3a26f52a48bc	xaːlisˤahaː	3	خَالِصَةً
339f986d27f9	ʔaħaduhum	3	أَحَدُهُم أَحَدُهُمۡ
6cc85019b8b8	juʕamː̃ar	3	يُعَمَّرُ يُعَمَّرَ
905c73eddbde	qalbik	3	قَلۡبِكَ
e635efe2e64b	wamalaːːʔikatihiː	3	وَمَلَـٰٓئِكَتِهِۦ
d211b021f31e	jadˤurːuhum	3	يَضُرُّهُمۡ
aa2acf2bb371	xalaːqᵊ	3	خَلَـٰقٍ خَلَـٰقَ
3adfd35a9bce	junazːal	3	يُنَزَّلَ يُنَزَّلُ
8d3ad7b2106f	tasʔaluː	3	تَسۡــَٔلُواۡ
ff7df027349f	qawlihim	3	قَوۡلِهِمۡ قَوۡلِهِمُ
3c052683178b	manaʕ	3	مَنَعَ مَّنَعَ
5bb5984dd101	masaːd͡ʒidᵊ	3	مَسَـٰجِدَ
b9448d244262	juðkar	3	يُذۡكَرَ يُذۡكَرِ يُذۡكَرُ
c12256a679ef	tuwalːuː	3	تُوَلُّواۡ
dd79af0e57ec	taʔtiːnaː	3	تَأۡتِينَا تَأۡتِينَآ
203e120473e2	bajːanː̃aː	3	بَيَّنَّا
f6b6ec8324d1	ʔitːabaʕt	3	ٱتَّبَعۡتَ
bd53df1f5760	bajtiː	3	بَيۡتِىَ
e88109ac3d1c	ʔaːjaːtik	3	ءَايَـٰتِكَ
29f690fe27d4	wajuʕalːimuhum	3	وَيُعَلِّمُهُمُ
d804d404dd0f	wajuzakːiːhim	3	وَيُزَكِّيهِمۡ
b07f6bc544ac	jaːbanijː	3	يَـٰبَنِىَّ
5dddfcbd5d38	ʔisˤtˤafaː	3	ٱصۡطَفَىٰٓ ٱصۡطَفَىٰ
858adefdbbd6	kasabᵊtum	3	كَسَبۡتُمۡ
3d6019a78788	nufarːiqᵊ	3	نُفَرِّقُ
3382efff6cd9	ʔaʕmaːlunaː	3	أَعۡمَـٰلُنَا
f6f7cb04e59e	ʃahaːdahaː	3	شَهَـٰدَةً
6aa9a88a0df1	wajakuːn	3	وَيَكُونَ
2f5b1e91699c	linaʕlam	3	لِنَعۡلَمَ
9ae73ae46829	ʕaqibajh	3	عَقِبَيۡهِ
9f1f1f65977c	binː̃aːs	3	بِٱلنَّاسِ
64f235f7e9c4	fawalː	3	فَوَلِّ
a2e4ba9c932c	ʃatˤᵊr	3	شَطۡرَ
d2069aa040bf	liʔalːaː	3	لِئَلَّا لِّئَلَّا
2c291ed18149	ħud͡ʒːah	3	حُجَّةٌ حُجَّةُۢ حُجَّةَ
6083522f619e	wajuʕalːimukum	3	وَيُعَلِّمُكُمُ وَيُعَلِّمُكُم
0260aa9dd910	ʔaħjaːːʔ	3	أَحۡيَآءٌ أَحۡيَآءٍ
9b593b137e51	ʔalʔamwaːl	3	ٱلۡأَمۡوٰلِ
23dd3b5e33e6	bihimaː	3	بِهِمَا
19581b29111c	wabaθː	3	وَبَثَّ
97f1ef763706	ħubːaː	3	حُبًّا
3fdac073a6ee	ʔalquwːah	3	ٱلۡقُوَّةِ ٱلۡقُوَّةَ
84d1a6d9c61a	waraʔaw	3	وَرَأَوُاۡ وَرَأَوۡاۡ
23aba69200bc	ʔalʔasbaːbᵊ	3	ٱلۡأَسۡبَابُ ٱلۡأَسۡبَـٰبِ ٱلۡأَسۡبَـٰبَ
5533f8ff3b98	karːahaː	3	كَرَّةً
7a0ace17f112	wamaθal	3	وَمَثَلُ
d5fc090ee872	ʔalxiⁿziːr	3	ٱلۡخِنزِيرِ
81b1c2dc44f3	baːɣ	3	بَاغٍ
7b5c8d571e42	butˤuːnihim	3	بُطُونِهِمۡ
fdf2a51584db	jukalːimuhum	3	يُكَلِّمُهُمُ يُكَلِّمُهُمۡ
8f650abd0c5b	wanː̃abijːiːn	3	وَٱلنَّبِيِّــۧنَ
8beecf3d3e0d	waʔaːtaː	3	وَءَاتَى
04c5b8c87c08	ʔarːiqaːbᵊ	3	ٱلرِّقَابِ
dc58536842d0	biʔiħsaːn	3	بِإِحۡسَـٰنٍ
aeefbe60e79e	walʔaqᵊrabiːn	3	وَٱلۡأَقۡرَبِينَ
423d0c1bc315	ʔasˤːijaːm	3	ٱلصِّيَامُ ٱلصِّيَامِ ٱلصِّيَامَ
749caa76e824	maʕduːdaːt	3	مَّعۡدُودٰتٍ
74d3a72e516a	mariːdˤaː	3	مَّرِيضًا مَرِيضًا
9875a09750cc	ʔalʕusr	3	ٱلۡعُسۡرِ ٱلۡعُسۡرَ
ee8b249a57f7	daʕwah	3	دَعۡوَةَ دَعۡوَةُ دَعۡوَةٌ
a5f2942d27fb	ʔadːaːʕ	3	ٱلدَّاعِ
c8f93801f46a	libaːs	3	لِبَاسٌ لِبَاسَ
920114dc30dd	wabᵊtaɣuː	3	وَٱبۡتَغُواۡ وَٱبۡتَغُوٓاۡ
d91c441caa9c	jatabajːan	3	يَتَبَيَّنَ
1550da84b925	biʔan	3	بِأَن
7cb547611c8f	waqaːtiluː	3	وَقَـٰتِلُواۡ
6b9f0627e185	taʕtaduː	3	تَعۡتَدُوٓاۡ تَعۡتَدُواۡ
22510fbc18be	waqᵊtuluːhum	3	وَٱقۡتُلُوهُمۡ
7c27a5dc5106	ʔiⁿtahaw	3	ٱنتَهَوۡاۡ
46e83f0969d7	raʔsihiː	3	رَّأۡسِهِۦ رَأۡسِهِۦ
8b2ae6bc051c	wastaɣfiruː	3	وَٱسۡتَغۡفِرُواۡ
e5924468d8d0	ʔaːbaːːʔakum	3	ءَابَآءَكُمۡ
5143b6553277	jawmajn	3	يَوۡمَيۡنِ
e908560bc237	saʕaː	3	سَعَىٰ
517a4ca745dd	ðˤulal	3	ظُلَلٌ ظُلَلٍ
e2d4c0983bfc	jubadːil	3	يُبَدِّلۡ يُبَدِّلُ يُبَدِّلَ
0cd2b0f6cb5f	fahadaː	3	فَهَدَىٰ فَهَدَى
1877af521d16	ħasibᵊtum	3	حَسِبۡتُمۡ
f5c9acdc91cf	masːathum	3	مَّسَّتۡهُمُ مَسَّتۡهُمۡ مَّسَّتۡهُمۡ
7cae70fd1db0	jarudːuːkum	3	يَرُدُّوكُمۡ يَرُدُّوكُم
4f8225ce0967	ʔalxamr	3	ٱلۡخَمۡرِ ٱلۡخَمۡرُ
4c75eecc2833	walmajsir	3	وَٱلۡمَيۡسِرِ وَٱلۡمَيۡسِرُ
fb8674376228	wamanaːfiʕ	3	وَمَنَـٰفِعُ
5d89e9137891	tatafakːaruːn	3	تَتَفَكَّرُونَ
173fa2c6e61e	faʔixwaːnukum	3	فَإِخۡوٰنُكُمۡ
57a13ef590f5	taⁿkiħuː	3	تَنكِحُواۡ تَنكِحُوٓاۡ
a55ab2dba7f3	ʔalmaħiːdˤ	3	ٱلۡمَحِيضِ
2a29689aba77	bilːaɣw	3	بِٱللَّغۡوِ
7baf6913b15a	nisaːːʔihim	3	نِّسَآئِهِمۡ نِّسَآئِهِم
f616c5f56a41	kunː̃	3	كُنَّ
1485e533af80	juqiːmaː	3	يُقِيمَا
eb51e091c74e	ðˤanː̃aː	3	ظَنًّا ظَنَّآ
248c99f5c105	faʔamsikuːhunː̃	3	فَأَمۡسِكُوهُنَّ
d68aaee41906	jutimː̃	3	يُتِمَّ يُتِمُّ
a40ed0daa55f	ʔaratːum	3	أَرَدتُّمۡ أَرَدتُّمُ
a065e8e14b29	ʔawlaːdakum	3	أَوۡلَـٰدَكُمۡ أَوۡلَـٰدَكُم
8189b4df9298	ʔaːtajtum	3	ءَاتَيۡتُم
aa15eac8f411	wajaðaruːn	3	وَيَذَرُونَ
0f7f03135d2d	ʔanː̃ikaːħ	3	ٱلنِّكَاحِ ٱلنِّكَاحَ
a1b7cb2f3d5c	tamasːuːhunː̃	3	تَمَسُّوهُنَّ
784e0bec5d7d	taʕfuː	3	تَعۡفُواۡ تَعۡفُوٓاۡ
288ce5ad3478	linabijː	3	لِنَبِىٍّ
e9097facf191	juʔtiː	3	يُؤۡتِى
b9e899966ee0	jaʔtijakum	3	يَأۡتِيَكُمُ
3f3bbd739927	waʔaːl	3	وَءَالَ وَءَالُ
7f5e604eb5a3	natluːhaː	3	نَتۡلُوهَا
1e7379aadf78	warafaʕ	3	وَرَفَعَ
b2bf05193083	bajʕ	3	بَيۡعٌ
64203ea67d3a	walkaːfiruːn	3	وَٱلۡكَـٰفِرُونَ
09f0f554e8da	ʔalqajːuːm	3	ٱلۡقَيُّومُ ٱلۡقَيُّومِ
03e2ebdcfcfb	jaʃfaʕ	3	يَشۡفَعۡ يَشۡفَعُ
dea9bb9cfd81	ʔarːuʃdᵊ	3	ٱلرُّشۡدِ ٱلرُّشۡدُ
9f13c5bcda0f	ʔalɣajː	3	ٱلۡغَىِّ
d03dfc94f2d2	ʕuruːʃihaː	3	عُرُوشِهَا
0a76afe4b7e7	waⁿðˤur	3	وَٱنظُرۡ
1bd01750b7ae	ʔalʕiðˤaːm	3	ٱلۡعِظَـٰمَ ٱلۡعِظَامِ
4bba595004f9	tuʔmin	3	تُؤۡمِن تُؤۡمِنَ
8c593c9739ed	faxuð	3	فَخُذۡ
d64bdae5a098	d͡ʒabal	3	جَبَلٍ
429ff1d86faa	maːlahuː	3	مَالَهُۥ مَالَهُۥٓ
95f170f20c9b	waːbil	3	وَابِلٌ
1ddb1b30fba6	jaqᵊdiruːn	3	يَقۡدِرُونَ
2431d389408f	ʔukulahaː	3	أُكُلَهَا
d4f424f76aa0	dˤiʕfajn	3	ضِعۡفَيۡنِ
22c69d4ca034	waʔaʕnaːbᵊ	3	وَأَعۡنَـٰبٍ وَأَعۡنَابٍ
41cd7050fda2	bilfaħʃaːːʔ	3	بِٱلۡفَحۡشَآءِ
732b1e2727db	maɣfirahaː	3	مَّغۡفِرَةً
8ca24e4da8e8	ʔalfuqaraːːʔ	3	ٱلۡفُقَرَآءُ ٱلۡفُقَرَآءَ
90b24e3f54f6	wajukafːir	3	وَيُكَفِّرُ وَيُكَفِّرۡ وَيُكَفِّرَ
ccf9fc8ce4b1	lilfuqaraːːʔ	3	لِلۡفُقَرَآءِ
ce86e3ca3960	ʔaɣnijaːːʔ	3	أَغۡنِيَآءُ أَغۡنِيَآءَ
fbdc0f3f6ebe	jasʔaluːn	3	يَسۡــَٔلُونَ
d94404540b02	ʔalbajʕ	3	ٱلۡبَيۡعَ ٱلۡبَيۡعُ
2b3876a8bb9a	falakum	3	فَلَكُمۡ فَلَكُمُ
40b1aa006f03	ʔamwaːlikum	3	أَمۡوٰلِكُمۡ
1a026f88b66f	kaːtibᵊ	3	كَاتِبٌ كَاتِبُۢ
bc74f56bdf95	duʕuː	3	دُعُوٓاۡ دُعُواۡ
89f67f0aa819	waʔaqᵊwam	3	وَأَقۡوَمُ وَأَقۡوَمَ
0d0b3ca7622d	tuxfuːh	3	تُخۡفُوهُ
cc43bd65f1bb	wakutubihiː	3	وَكُتُبِهِۦ
41a1de4ccc6a	waʔilajk	3	وَإِلَيۡكَ
b14411104374	waʕalajhaː	3	وَعَلَيۡهَا
5efb7147ac2e	warħamnaː	3	وَٱرۡحَمۡنَا وَٱرۡحَمۡنَآ
d47a264fe32b	waʔuxar	3	وَأُخَرَ وَأُخَرُ
50ad68470434	wahabᵊ	3	وَهَبۡ وَهَبَ
04026d18f70e	ʔalwahːaːbᵊ	3	ٱلۡوَهَّابُ ٱلۡوَهَّابِ
c12b1ab39a02	d͡ʒaːmiʕ	3	جَامِعُ جَامِعٍ
9552180d4103	kadaʔbᵊ	3	كَدَأۡبِ
8ae377012ddf	waʔuxraː	3	وَأُخۡرَىٰ
4c4f6ae1aa92	binasˤrihiː	3	بِنَصۡرِهِۦ
8b120e0a156c	ʔaʃːahawaːt	3	ٱلشَّهَوٰتِ
f0d9ac2ff3ee	ʔaslamuː	3	أَسۡلَمُواۡ
bbefd91d84d9	jaʔmuruːn	3	يَأۡمُرُونَ
8a8358a36fc0	fabaʃːirhum	3	فَبَشِّرۡهُم
f8db47d9aeb1	jatawalːaː	3	يَتَوَلَّىٰ يَتَوَلَّى
043cd80c467e	wabajnahuː	3	وَبَيۡنَهُۥ وَبَيۡنَهُۥٓ
816d34e40633	ʔamadaː	3	أَمَدًا أَمَدَۢا
a7f8d132959f	ðunuːbakum	3	ذُنُوبَكُمۡ
b7d8259df15d	wanuːħaː	3	وَنُوحًا
139d244548d4	ʕimraːn	3	عِمۡرٰنَ
151c2cd3ab3c	wad͡ʒadᵊ	3	وَجَدَ
3cbdfc5fbb64	ʕiⁿdahaː	3	عِندَهَا
e4e9a631d810	daʕaː	3	دَعَا دَعَآ
98492a4e8632	qaːːʔim	3	قَآئِمٌ
b92cbcb53014	tukalːim	3	تُكَلِّمَ تُكَلِّمُ
358a0d5b52d7	nisaːːʔ	3	نِسَآءِ نِسَآءٌ نِّسَآءٍ
dd2605bb2e3f	ʔalmahdᵊ	3	ٱلۡمَهۡدِ
a134a437b780	ʔatˤːiːn	3	ٱلطِّينِ
ae4d74d06d43	tˤajraː	3	طَيۡرَۢا طَيۡرًا
a97117212d0b	ʔalħawaːrijːuːn	3	ٱلۡحَوَارِيُّونَ
17b4bef518a4	wamakaruː	3	وَمَكَرُواۡ
2a3a9dac3416	nuʃrik	3	نُّشۡرِكَ نُشۡرِكَ
9692a3b487f1	baʕdˤunaː	3	بَعۡضُنَا
0b5e96fde484	ʔarbaːbaː	3	أَرۡبَابًا
84535153bcbd	ʔitːabaʕuːh	3	ٱتَّبَعُوهُ
f27ae3e66dcd	dumt	3	دُمۡتُ دُمۡتَ
c0c124139698	ʔawfaː	3	أَوۡفَىٰ
b23274c6d175	walħukm	3	وَٱلۡحُكۡمَ
b2ba08c1f6f0	wanː̃ubuwːah	3	وَٱلنُّبُوَّةَ
984e0347eeb7	ʔiːmaːnihim	3	إِيمَـٰنِهِمۡ
f6068b1d7621	waʃahiduː	3	وَشَهِدُواۡ وَشَهِدُوٓاۡ
d7ce564ba30d	wad͡ʒaːːʔahum	3	وَجَآءَهُمُ وَجَآءَهُمۡ
5684c027a71b	ʔadˤːaːːːlːuːn	3	ٱلضَّآلُّونَ
d93061047db7	tafarːaquː	3	تَفَرَّقُواۡ تَفَرَّقُوٓاۡ
b9b455b4f150	ʔaʕdaːːʔaː	3	أَعۡدَآءً
c54b4575dce4	fafiː	3	فَفِى
a04150da0066	taʔmuruːn	3	تَأۡمُرُونَ
bde74eedabde	ʔalʔaᵐbijaːːʔ	3	ٱلۡأَنۢبِيَآءَ
1fd427569e38	wadːuː	3	وَدُّواۡ
ad2cdc8c673b	ʔalɣajðˤ	3	ٱلۡغَيۡظِ ٱلۡغَيۡظَ
dac49189707f	jadˤurːukum	3	يَضُرُّكُمۡ يَضُرُّكُم
96a36f935c87	ʔanː̃asˤr	3	ٱلنَّصۡرُ
39c5f75991b0	juʕaðːibahum	3	يُعَذِّبَهُمۡ يُعَذِّبَهُمُ يُعَذِّبَهُم
a856ac4df9cb	ʔalʕaːmiliːn	3	ٱلۡعَـٰمِلِينَ
723afb571ea1	tahinuː	3	تَهِنُواۡ
cecbc2d87781	taħzanuː	3	تَحۡزَنُواۡ
7d37e4141e22	miθluhuː	3	مِّثۡلُهُۥ
abfb64a79e63	ʔaʕqaːbikum	3	أَعۡقَـٰبِكُمۡ
9aa8663a195a	linafs	3	لِنَفۡسٍ لِّنَفۡسٍ
45d6318c8e7a	nuʔtihiː	3	نُؤۡتِهِۦ
691b0bc14519	faːtakum	3	فَاتَكُمۡ
3d3e4d04bab9	ʔalɣamː̃	3	ٱلۡغَمِّ
f6004248dc1c	tˤaːːʔifahaː	3	طَآئِفَةً طَآئِفَةَۢ
e8bf96a0da71	watˤaːːʔifah	3	وَطَآئِفَةٌ
828111a0d7f0	ʔataqaː	3	ٱلۡتَقَى
0ec72d40b895	dˤarabuː	3	ضَرَبُواۡ
66ac5e7cfc95	maːtuː	3	مَاتُواۡ
427cfc0d06e3	lijad͡ʒᵊʕal	3	لِيَجۡعَلَ لِّيَجۡعَلَ
346f72cd85dd	jad͡ʒᵊmaʕuːn	3	يَجۡمَعُونَ
923901b21c10	ɣaːlibᵊ	3	غَالِبَ غَالِبٌ
824ecd65d9e8	ridˤwaːn	3	رِضۡوٰنَ رِضۡوٰنِ
97442def40c2	wamaʔwaːh	3	وَمَأۡوَٮٰهُ
25fac71a045e	qaːtiluː	3	قَـٰتِلُواۡ
57216805b85c	lilʔiːmaːn	3	لِلۡإِيمَـٰنِ
0a240ba022ea	wafadˤl	3	وَفَضۡلٍ
2638859d19fb	ħasbunaː	3	حَسۡبُنَا
ce394faf53ed	jadˤurːuː	3	يَضُرُّواۡ
fc9334828fde	ħaðˤːaː	3	حَظًّا
9b3691cebb9b	jaħsabanː̃	3	يَحۡسَبَنَّ
fe9702cd8ee4	liʔaⁿfusihim	3	لِأَنفُسِهِمۡ لِّأَنفُسِهِمۡ
84185a310fd9	jabᵊxaluːn	3	يَبۡخَلُونَ
8f3a099594ab	ʕahidᵊ	3	عَهِدَ
f5dbd013be0e	lirasuːl	3	لِرَسُولٍ
78fe04eb0d6c	qabᵊliː	3	قَبۡلِى
82568e82589e	kaðːabuːk	3	كَذَّبُوكَ
40050938d6b4	ðaːːʔiqah	3	ذَآئِقَةُ
ada39ff0e4d5	waʔinː̃amaː	3	وَإِنَّمَآ وَإِنَّمَا
00d8f2ee8983	waʔaⁿfusikum	3	وَأَنفُسِكُمۡ
22708930af80	ʕazm	3	عَزۡمِ
c3f09462f930	ʔataw	3	أَتَوۡاۡ أَتَواۡ
b1bf7bb61e5b	fastad͡ʒaːbᵊ	3	فَٱسۡتَجَابَ
48aa785903fd	sabiːliː	3	سَبِيلِى سَبِيلِىٓ
814455b9a5a9	xaːʃiʕiːn	3	خَـٰشِعِينَ
548e4168034a	zawd͡ʒahaː	3	زَوۡجَهَا
dc79125c0143	maθnaː	3	مَثۡنَىٰ مَّثۡنَىٰ
8ef684e6d8da	ɣanijːaː	3	غَنِيًّا
a8cf1330e6b1	ʔalwaːlidaːn	3	ٱلۡوٰلِدَانِ
023006e8bbaa	walʔaqᵊrabuːn	3	وَٱلۡأَقۡرَبُونَ
d54bf58af98b	falahaː	3	فَلَهَا
ff0e41e79c0f	ʔasːudus	3	ٱلسُّدُسُ
f2151e956ec3	ʔixwah	3	إِخۡوَةٌ إِخۡوَةُ
cc455b22012c	nisˤf	3	نِصۡفُ
83130c7aafec	jaʕsˤ	3	يَعۡصِ
27b024938749	xaːlidaː	3	خَـٰلِدًا
1767eb6c1fb2	tawːaːbaː	3	تَوَّابًا تَوَّابَۢا
308304556238	jatuːbuːn	3	يَتُوبُونَ
c22b15a2f261	tubᵊt	3	تُبۡتُ
d19375f20967	karhaː	3	كَرۡهًا
7df4aae71bf6	mubajːinah	3	مُّبَيِّنَةٍ
c604abf07a6a	waʔiθmaː	3	وَإِثۡمًا
2424042b2188	miːθaːqaː	3	مِّيثَـٰقًا
7ec9071d2492	ɣaliːðˤaː	3	غَلِيظًا
7dfd8418cbfd	wasaːːʔ	3	وَسَآءَ
51f4024a2f81	ħurːimat	3	حُرِّمَتۡ
c2a85992bd89	daxaltum	3	دَخَلۡتُم
0832ec7ca3bb	bihinː̃	3	بِهِنَّ
ff0a7b024ec5	walmuħsˤanaːt	3	وَٱلۡمُحۡصَنَـٰتُ
492bdb4fec9e	biʔamwaːlikum	3	بِأَمۡوٰلِكُمۡ بِأَمۡوٰلِكُم
1a83f8d22d6a	xaʃiː	3	خَشِىَ
ce054a64a8a4	lijubajːin	3	لِيُبَيِّنَ
7a2574971c26	wajatuːbᵊ	3	وَيَتُوبَ وَيَتُوبُ
875ac96c3c11	wajuriːdᵊ	3	وَيُرِيدُ
192555513499	kabaːːʔir	3	كَبَـٰٓئِرَ كَبَآئِرَ
a7f4dedb255a	ʕalijːaː	3	عَلِيًّا
e0d3adac935a	waʕbuduː	3	وَٱعۡبُدُواۡ
7e0b2de1b1f6	tuʃrikuː	3	تُشۡرِكُواۡ
062248c0cd24	wad͡ʒiʔnaː	3	وَجِئۡنَا
e078c6e701f2	ʕafuwːaː	3	عَفُوًّا
d1b7316e3fa4	wajuriːduːn	3	وَيُرِيدُونَ
e25f91468a8a	juħarːifuːn	3	يُحَرِّفُونَ
91166e4bdded	mawaːdˤiʕihiː	3	مَّوَاضِعِهِۦ مَوَاضِعِهِۦ
1d75019198ae	juʃrak	3	يُشۡرَكَ يُشۡرَكۡ
1e0f82a272ee	fatiːlaː	3	فَتِيلًا
9de8da43363b	juʔtuːn	3	يُؤۡتُونَ
2b5efaccc5ed	ʔumiruː	3	أُمِرُوٓاۡ
35f7ed60299b	ʃad͡ʒar	3	شَجَرَ شَجَرٌ شَجَرٍ
3aa2f2df00f1	katabᵊnaː	3	كَتَبۡنَا
0d8b41a12ce9	ʔuqᵊtuluː	3	ٱقۡتُلُوٓاۡ ٱقۡتُلُواۡ
a9e009cbfb26	waʔaʃadːᵊ	3	وَأَشَدَّ وَأَشَدُّ
8883092e2e52	waʃːuhadaːːʔ	3	وَٱلشُّهَدَآءِ وَٱلشُّهَدَآءُ
c77031a71e51	ʔiⁿfiruː	3	ٱنفِرُواۡ
e9de7a68f0fc	fawzaː	3	فَوۡزًا
929619fc7c9f	ʔaxrid͡ʒᵊnaː	3	أَخۡرِجۡنَا
bfa2f52e1fbd	faqaːtiluː	3	فَقَـٰتِلُوٓاۡ فَقَـٰتِلُواۡ
15e929b53437	ʔajnamaː	3	أَيۡنَمَا
2428575be499	jakaːduːn	3	يَكَادُونَ
13d07ad2897a	ʔasˤaːbak	3	أَصَابَكَ
bd0278267730	ħafiːðˤaː	3	حَفِيظًا
99f6c5ddf9df	tˤaːʕah	3	طَاعَةٌ
4fa3f6d9043e	juhaːd͡ʒiruː	3	يُهَاجِرُواۡ
641c4aae9d2d	jasˤiluːn	3	يَصِلُونَ
f88a50dc39ae	d͡ʒaːːʔuːkum	3	جَآءُوكُمۡ جَآءُوكُم
bd0b95653339	rudːuː	3	رُدُّوٓاۡ رُدُّواۡ
a6b5fea0d03d	fataħriːr	3	فَتَحۡرِيرُ
f52b6a4308b7	waɣadˤibᵊ	3	وَغَضِبَ
7f6d0f6be9e7	dˤarabᵊtum	3	ضَرَبۡتُمۡ
cb83a4c9062c	fatabajːanuː	3	فَتَبَيَّنُوٓاۡ فَتَبَيَّنُواۡ
2e666a65ebc6	maɣaːnim	3	مَغَانِمَ مَغَانِمُ
1fcc85e705ac	ʔalmud͡ʒaːhidiːn	3	ٱلۡمُجَـٰهِدِينَ
1b6fadf60f3b	darad͡ʒahaː	3	دَرَجَةً
7c9fa00c10fd	masˤiːraː	3	مَصِيرًا
b5f606850e39	faʔaqiːmuː	3	فَأَقِيمُواۡ
a3ba2deecce9	ʕibaːdik	3	عِبَادِكَ
b7d01b5ea5f3	jaʕiduhum	3	يَعِدُهُمُ يَعِدُهُمۡ
655ac46d93d1	qiːlaː	3	قِيلًا
ac66677c3dac	xaliːlaː	3	خَلِيلًا
9075f8b5c69f	wajaʔt	3	وَيَأۡتِ
cbb183c5634d	ʃaːkiraː	3	شَاكِرًا
8dd6544cc17a	jatːaxiðuː	3	يَتَّخِذُواۡ
17acdcd562da	waʔaxaðnaː	3	وَأَخَذۡنَا
ccee4c8a0d74	waqawlihim	3	وَقَوۡلِهِمۡ
a4e07de38d3a	tˤabaʕ	3	طَبَعَ
a01d82ae4add	waʔaklihim	3	وَأَكۡلِهِمُ وَأَكۡلِهِمۡ
22910385a6d0	waʔajːuːbᵊ	3	وَأَيُّوبَ
99e54e5bdc61	ʕibaːdatihiː	3	عِبَادَتِهِۦ
f3de35af42d9	wajaziːduhum	3	وَيَزِيدُهُم وَيَزِيدُهُمۡ
c45bf27729da	burhaːn	3	بُرۡهَـٰنَ بُرۡهَـٰنٌ
29142358f09b	kaːnataː	3	كَانَتَا
0df7f7feea28	bahiːmah	3	بَهِيمَةِ بَهِيمَةُ
15abea96349a	ʔasˤːajdᵊ	3	ٱلصَّيۡدِ ٱلصَّيۡدَ
9d6b1f8447aa	ħurum	3	حُرُمٌ
f93553df5f8f	waridˤwaːnaː	3	وَرِضۡوٰنًا
732b4e3b1527	jad͡ʒᵊrimanː̃akum	3	يَجۡرِمَنَّكُمۡ
06a10affa88e	junabːiʔuhum	3	يُنَبِّئُهُم يُنَبِّئُهُمُ
51b0676f7ded	wajaʕfuː	3	وَيَعۡفُواۡ
ad4ba565d522	wakitaːbᵊ	3	وَكِتَـٰبٌ وَكِتَابٍ وَكِتَـٰبٍ
0de66d39dcc6	faʔinː̃ahaː	3	فَإِنَّهَا
c66453b58991	ʔalʔaxar	3	ٱلۡأَخَرُ ٱلۡأَخَرِ
b1f774bea531	jaːwajlataː	3	يَـٰوَيۡلَتَىٰٓ يَـٰوَيۡلَتَىٰ
6b7b9401a3ea	fakaʔanː̃amaː	3	فَكَأَنَّمَا فَكَأَنَّمَآ
86ba82d47d0a	fasaːdaː	3	فَسَادًا
9bed83823486	wamiθlahuː	3	وَمِثۡلَهُۥ
22d985510f9c	juʕaðːibᵊ	3	يُعَذِّبُ
d8a9c915cd01	ʔaʕridˤ	3	أَعۡرِضۡ
b7a313cefee0	ʔalmuqᵊsitˤiːn	3	ٱلۡمُقۡسِطِينَ
72f3f42524fc	waʕiⁿdahum	3	وَعِندَهُمۡ وَعِندَهُمُ
91a51adc7c1a	kafːaːrah	3	كَفَّارَةٌ كَفَّـٰرَةُ كَفَّـٰرَةٌ
a59c344a94ef	faʕlam	3	فَٱعۡلَمۡ
301254c61643	jatawalːahum	3	يَتَوَلَّهُم يَتَوَلَّهُمۡ
7e3a5186a179	daːːʔirah	3	دَآئِرَةُ دَآئِرَةٌ
c7cca6f93fb3	jartadːᵊ	3	يَرۡتَدَّ يَرۡتَدُّ
198c185c7e11	biqawm	3	بِقَوۡمٍ
b7251c31633b	walaʕibaː	3	وَلَعِبًا
5fba79c33a54	ʔunabːiʔukum	3	أُنَبِّئُكُم أُنَبِّئُكُمۡ
c0d50059f21c	jadᵊ	3	يَدُ يَدٍ
6ec69f47c8ae	jadaːh	3	يَدَاهُ
45633169ef1b	waʔarsalnaː	3	وَأَرۡسَلۡنَا وَأَرۡسَلۡنَآ
d0261002ec24	ʔahwaːːʔ	3	أَهۡوَآءَ
f25e2ea75e0a	mawadːahaː	3	مَّوَدَّةً
62e49337db0c	ʔajmaːnakum	3	أَيۡمَـٰنَكُمۡ
22878217e991	lijaʕlam	3	لِيَعۡلَمَ لِّيَعۡلَمَ
5594a8e8ec72	ðawaː	3	ذَوَا ذَوَىۡ
e1ed3b60e93c	litaʕlamuː	3	لِتَعۡلَمُوٓاۡ لِتَعۡلَمُواۡ
23bfe201ced6	ʔiʕlamuː	3	ٱعۡلَمُوٓاۡ
e9ac796bdd89	bajnikum	3	بَيۡنِكُمۡ
3e152ee4f5e1	ʔajmaːn	3	أَيۡمَـٰنُۢ أَيۡمَـٰنَ أَيۡمَـٰنٌ
b0263311873a	jad͡ʒᵊmaʕ	3	يَجۡمَعُ
be94f46f2107	wanakuːn	3	وَنَكُونَ
a1e60c8292e2	taɣfir	3	تَغۡفِرۡ
6a48f8a9b419	wanː̃uːr	3	وَٱلنُّورَ وَٱلنُّورُ وَٱلنُّورِ
8384af2d7c5d	ʔad͡ʒalaː	3	أَجَلًا
04526cf59b48	makːanː̃aːhum	3	مَّكَّنَّـٰهُمۡ مَكَّنَّـٰهُمۡ
c5aee305f57c	midᵊraːraː	3	مِّدۡرَارًا
6947066c162a	faʔahlaknaːhum	3	فَأَهۡلَكۡنَـٰهُم فَأَهۡلَكۡنَـٰهُمۡ
4de3134a06bb	malakaː	3	مَلَكًا
e25f6244f575	ʔustuhziʔ	3	ٱسۡتُهۡزِئَ
6b9defc017ff	birusul	3	بِرُسُلٍ
5544b3d9c2b3	saxiruː	3	سَخِرُواۡ
0495c1344fef	ʔuⁿðˤuruː	3	ٱنظُرُواۡ ٱنظُرُوٓاۡ
7d3a595ced35	jamsask	3	يَمۡسَسۡكَ
d2bc8966c0dc	jastamiʕ	3	يَسۡتَمِعُ يَسۡتَمِعِ
c54129e72522	ʔakinː̃ahaː	3	أَكِنَّةً
29ac9a1e95ea	jafqahuːh	3	يَفۡقَهُوهُ
4bd7088405fa	janhawn	3	يَنۡهَوۡنَ
103ef3de9783	ħajaːtunaː	3	حَيَاتُنَا
136ea8dcb446	laʕibᵊ	3	لَعِبٌ
825d0a4faf4a	walahw	3	وَلَهۡوٌ
6157a1c82bb0	mubadːil	3	مُبَدِّلَ
a4c6e860310e	likalimaːt	3	لِكَلِمَـٰتِ لِّكَلِمَـٰتِ
d634e7511d33	ʔistatˤaʕt	3	ٱسۡتَطَعۡتَ ٱسۡتَطَعۡتُ
abde16aa0caa	jabᵊʕaθuhum	3	يَبۡعَثُهُمُ
ef3bf6dfe7a3	juħʃaruːn	3	يُحۡشَرُونَ
83952e6b20ef	ʔataːkum	3	أَتَـٰكُمۡ
b976be3a30ae	wazajːan	3	وَزَيَّنَ
bac8a60d0129	fariħuː	3	فَرِحُواۡ
d1805e8fce2a	mubᵊlisuːn	3	مُبۡلِسُونَ مُّبۡلِسُونَ
5d760699c224	jasˤdifuːn	3	يَصۡدِفُونَ
dd0be13ca34b	waʔaⁿðir	3	وَأَنذِرۡ وَأَنذِرِ
41190c86f497	waʕiⁿdahuː	3	وَعِندَهُۥ وَعِندَهُۥٓ
c957cf5f1b15	tadˤarːuʕaː	3	تَضَرُّعًا
b1fde3028ea6	qawmuk	3	قَوۡمُكَ
793d4bb84f13	waɣarːathum	3	وَغَرَّتۡهُمُ
9993713b02ef	lilːaðiː	3	لِلَّذِى لِلَّذِىٓ
566c21596043	tataðakːaruːn	3	تَتَذَكَّرُونَ
2bc2699e94e1	ʔalfariːqajn	3	ٱلۡفَرِيقَيۡنِ
6b80c45d906e	hadajnaː	3	هَدَيۡنَا
0781d5aed496	ʔaːbaːːʔihim	3	ءَابَآئِهِمۡ
f78a0761dcd6	waðurːijːaːtihim	3	وَذُرِّيَّـٰتِهِمۡ
8cf61ed690fc	qadaruː	3	قَدَرُواۡ
03733dc09e28	qadᵊrihiː	3	قَدۡرِهِۦٓ قَدۡرِهِۦ
fb98124e2d2f	ħawlahaː	3	حَوۡلَهَا
7b6d32ae296e	juħaːfiðˤuːn	3	يُحَافِظُونَ
ecd013bae077	ʔalhuːn	3	ٱلۡهُونِ
9a433a77ca49	tastakbiruːn	3	تَسۡتَكۡبِرُونَ
9864d7d30207	taqᵊdiːr	3	تَقۡدِيرُ
fe94046a6371	fasˤːalnaː	3	فَصَّلۡنَا
5755201de53e	ʔaʕnaːbᵊ	3	أَعۡنَـٰبٍ أَعۡنَابٍ
8c51113ed0bc	θamarihiː	3	ثَمَرِهِۦٓ ثَمَرِهِۦ
1f9b6aefbd03	faʕalajhaː	3	فَعَلَيۡهَا
93c6155da5ba	waʔaʕridˤ	3	وَأَعۡرِضۡ
adb95d03f841	d͡ʒaʕalnaːk	3	جَعَلۡنَـٰكَ
1ef031fc13a4	fajunabːiʔuhum	3	فَيُنَبِّئُهُم
c4256900171f	wald͡ʒinː̃	3	وَٱلۡجِنُّ وَٱلۡجِنِّ
0ec5607d2007	watamː̃at	3	وَتَمَّتۡ
fc1c8a9d0068	jaxrusˤuːn	3	يَخۡرُصُونَ
3ba8c24d1b99	ʔad͡ʒᵊramuː	3	أَجۡرَمُواۡ
24628a74a789	sˤadᵊrahuː	3	صَدۡرَهُۥ
1824d16016cb	kaʔanː̃amaː	3	كَأَنَّمَا كَأَنَّمَآ
ddd9bfc22504	jaːmaʕʃar	3	يَـٰمَعۡشَرَ
2acfc20521ee	waʔahluhaː	3	وَأَهۡلُهَا
d931406f9769	wanː̃axl	3	وَٱلنَّخۡلَ وَٱلنَّخۡلُ
4af93cebabd2	ħaqːahuː	3	حَقَّهُۥ
9e3b19081ace	θamaːnijah	3	ثَمَـٰنِيَةَ ثَمَـٰنِيَةٌ
b619d040df60	biʕilm	3	بِعِلۡمٍ بِعِلۡمِ
9549e2b09280	waːsiʕah	3	وٰسِعَةٌ وٰسِعَةٍ
2b63a476637d	ʕiⁿdakum	3	عِندَكُم عِندَكُمۡ
2fbd5bc7ec4c	tatːabiʕuːn	3	تَتَّبِعُونَ
3335f06e1e88	falaw	3	فَلَوۡ
31d1a4a2b5f0	taʃhadᵊ	3	تَشۡهَدۡ تَشۡهَدَ تَشۡهَدُ
2a09e47c3d1a	nukalːif	3	نُكَلِّفُ
b7c7c39616d6	lakunː̃aː	3	لَكُنَّا لَكُنَّآ
0a9be2c10f9d	muⁿtaðˤiruːn	3	مُنتَظِرُونَ مُّنتَظِرُونَ
8b4256750636	jud͡ʒᵊzaː	3	يُجۡزَىٰٓ يُجۡزَى
784dc98ce7d8	ʃariːk	3	شَرِيكٌ شَرِيكَ
8fa052ae2735	taksibᵊ	3	تَكۡسِبُ
c6ab12a2e195	bajaːtaː	3	بَيَـٰتًا
d695746f6e7f	xafːat	3	خَفَّتۡ
7487866539a4	manaʕak	3	مَنَعَكَ
1fa9f00703c5	ʔalmuⁿðˤariːn	3	ٱلۡمُنظَرِينَ
939ccf24ec15	madᵊħuːraː	3	مَّدۡحُورًا
79c8f2b71212	tabiʕak	3	تَبِعَكَ
f14e3799aa45	ʔanː̃aːsˤiħiːn	3	ٱلنَّـٰصِحِينَ
de9f8da3cf3a	wafiːhaː	3	وَفِيهَا
fdf71169f43b	tuxrad͡ʒuːn	3	تُخۡرَجُونَ
58d156a87155	libaːsaː	3	لِبَاسًا
8c5cb3822038	ʔataquːluːn	3	أَتَقُولُونَ
f0083dcaa31d	wajaħsabuːn	3	وَيَحۡسَبُونَ
c35846a4c4b8	jastaqᵊdimuːn	3	يَسۡتَقۡدِمُونَ
318d285e0265	jalid͡ʒᵊ	3	يَلِجُ يَلِجَ
1da2003bd5fc	wanazaʕnaː	3	وَنَزَعۡنَا
8fef2ad3a029	waʕadanaː	3	وَعَدَنَا
783fce951ae9	wajabᵊɣuːnahaː	3	وَيَبۡغُونَهَا
8ec62ab2b848	tad͡ʒᵊʕalnaː	3	تَجۡعَلۡنَا
6203a3c21ea8	lahwaː	3	لَهۡوًا
844ac70d0a26	bikitaːbᵊ	3	بِكِتَـٰبٍ
75bd2c3ae26d	ʃufaʕaːːʔ	3	شُفَعَآءَ شُفَعَـٰٓؤُاۡ
1d43c2c52037	wanː̃ud͡ʒuːm	3	وَٱلنُّجُومُ وَٱلنُّجُومَ
474d8c2009f5	musaxːaraːt	3	مُسَخَّرٰتِۭ مُسَخَّرٰتُۢ مُسَخَّرٰتٍ
25739c8f123a	walʔamr	3	وَٱلۡأَمۡرُ
3cc22901a8c9	majːit	3	مَّيِّتٍ مَيِّتٌ
f6018508ceb2	lanaraːk	3	لَنَرَٮٰكَ
4394dc329fad	xulafaːːʔ	3	خُلَفَآءَ
3c0de224b598	faʔtinaː	3	فَأۡتِنَا
39a2e7f11471	samː̃ajtumuːhaː	3	سَمَّيۡتُمُوهَآ
5979c59e16cb	faⁿtaðˤiruː	3	فَٱنتَظِرُوٓاۡ
afa5f2c25b58	ʔalmuⁿtaðˤiriːn	3	ٱلۡمُنتَظِرِينَ
13b9da926f5e	tamasːuːhaː	3	تَمَسُّوهَا
081d0b6a9f0d	fajaʔxuðakum	3	فَيَأۡخُذَكُمۡ
cfdea2f59d3a	tatːaxiðuːn	3	تَتَّخِذُونَ
ff04f604ca1b	ʔanː̃aːqah	3	ٱلنَّاقَةَ ٱلنَّاقَةِ
ab37b2ba81bb	ʔabᵊlaɣtukum	3	أَبۡلَغۡتُكُمۡ أَبۡلَغۡتُكُم
229c610e5572	ʔataʔtuːn	3	أَتَأۡتُونَ
2637436405cb	matˤaraː	3	مَّطَرًا
170a18e28a1a	tabᵊxasuː	3	تَبۡخَسُواۡ
48e18a809f53	ʔaʃjaːːʔahum	3	أَشۡيَآءَهُمۡ
710c8f65b778	ʔursilt	3	أُرۡسِلۡتُ
56ec0f6ec18f	jaːʃuʕajbᵊ	3	يَـٰشُعَيۡبُ
e322fff60aa4	ʕudᵊnaː	3	عُدۡنَا
dbb60de6c1d9	laxaːsiruːn	3	لَّخَـٰسِرُونَ
4445792c551c	jaɣnaw	3	يَغۡنَوۡاۡ
60a617a94e41	badːalnaː	3	بَدَّلۡنَآ بَدَّلۡنَا
8f50c5532fd6	jatˤᵊbaʕ	3	يَطۡبَعُ
e51a156b0935	faʔalqaː	3	فَأَلۡقَىٰ
1237b65a95fd	ʕasˤaːh	3	عَصَاهُ
6468d7b627c3	jadahuː	3	يَدَهُۥ
6f3629daaf8e	lilnː̃aːðˤiriːn	3	لِلنَّـٰظِرِينَ
cf7cc148ee4f	lasaːħir	3	لَسَـٰحِرٌ
a4aac940b3d0	ʔardˤikum	3	أَرۡضِكُم أَرۡضِكُمۡ
d55e42cbfff3	famaːðaː	3	فَمَاذَا
c4ff22caa4e6	waʔaxaːh	3	وَأَخَاهُ
da395b31b96c	ʔalmadaːːʔin	3	ٱلۡمَدَآئِنِ
05dcb0b46eeb	ħaːʃiriːn	3	حَـٰشِرِينَ
9e26ea01f8bd	laʔad͡ʒᵊraː	3	لَأَجۡرًا
a517625c86c4	waʔinː̃akum	3	وَإِنَّكُمۡ
62cf266a692e	wad͡ʒaːːʔuː	3	وَجَآءُو وَجَآءُوٓ
63bd47f720ef	ʕasˤaːk	3	عَصَاكَ
ee5a4ca04e01	talqaf	3	تَلۡقَفُ تَلۡقَفۡ
48fb4cc4b7dc	ʔaːðan	3	ءَاذَنَ
c66dd88b8072	nisaːːʔahum	3	نِسَآءَهُمۡ
0a1e45dcf3f3	liqawmih	3	لِقَوۡمِهِ
4856d9e5ea3c	wasˤbiruː	3	وَٱصۡبِرُوٓاۡ وَٱصۡبِرُواۡ
54c7a057810e	walʕaːqibah	3	وَٱلۡعَـٰقِبَةُ
e8fa7a753910	ʔarːid͡ʒᵊz	3	ٱلرِّجۡزَ ٱلرِّجۡزُ
6843ac985308	faʔaɣraqᵊnaːhum	3	فَأَغۡرَقۡنَـٰهُمۡ
e0c609259d9d	makaːnahuː	3	مَكَانَهُۥ مَكَانَهُۥٓ
ac4dca10d114	d͡ʒaʕalahuː	3	جَعَلَهُۥ
17632a9bb7be	dakːaː	3	دَكًّا
45b4249c2050	wakun	3	وَكُن
7a81bcf18caf	ʔalʔalwaːħ	3	ٱلۡأَلۡوَاحَ ٱلۡأَلۡوَاحِ
195b989fd447	jud͡ʒᵊzawn	3	يُجۡزَوۡنَ
f82410c73aa7	jahdiːhim	3	يَهۡدِيهِمۡ يَهۡدِيهِمُ
df3d1785df02	waʔalqaː	3	وَأَلۡقَىٰ وَأَلۡقَى
58afca650445	ʃiʔt	3	شِئۡتَ
7cb4111517d0	walaʕalːahum	3	وَلَعَلَّهُمۡ
e59442096423	ʔasˤːaːliħuːn	3	ٱلصَّـٰلِحُونَ
982ecb1ea292	jaʔtihim	3	يَأۡتِهِمۡ
ec307b5e9afc	nudˤiːʕ	3	نُضِيعُ
47929cfbeec4	waːqiʕ	3	وَاقِعُۢ وَاقِعٍ
de2f3dc5ba03	ðurːijːatahum	3	ذُرِّيَّتَهُمۡ
65e0d02b45d2	lid͡ʒahanː̃am	3	لِجَهَنَّمَ
bba8ffdf6c76	julħiduːn	3	يُلۡحِدُونَ
507c365867d7	juxlaquːn	3	يُخۡلَقُونَ
77ac3063d733	nasˤraː	3	نَصۡرًا
aefce055c7c9	ʃurakaːːʔakum	3	شُرَكَآءَكُمۡ شُرَكَآءَكُمُ
c696b08addbd	tuⁿðˤiruːn	3	تُنظِرُونِ
2bb910bf6eb5	xuð	3	خُذِ خُذۡ
a11c719fa9f3	bilɣuduwː	3	بِٱلۡغُدُوِّ
8cde3c241214	walʔasˤaːl	3	وَٱلۡأَصَالِ
576597507b3c	bikalimaːtihiː	3	بِكَلِمَـٰتِهِۦ بِكَلِمَـٰتِهِۦٓ
a570280a14ea	rid͡ʒᵊz	3	رِّجۡزٍ رِجۡزَ
d6163ed0f559	laqiːtum	3	لَقِيتُمُ لَقِيتُمۡ
c0c2e323fd4f	walilrːasuːl	3	وَلِلرَّسُولِ
7578811da20c	warazaqakum	3	وَرَزَقَكُم
0591db23be75	baʕdˤahuː	3	بَعۡضَهُۥ
4316f60b6592	sunː̃at	3	سُنَّتَ سُنَّتُ
e9007d10d0b8	ʔalmawlaː	3	ٱلۡمَوۡلَىٰ
6d37c2a720c8	ʔasfal	3	أَسۡفَلَ
5575c8ce7fc0	jatawakːal	3	يَتَوَكَّلۡ يَتَوَكَّلُ
45f8482541ce	jadˤribuːn	3	يَضۡرِبُونَ
7052ea0ce869	waðuːquː	3	وَذُوقُواۡ
8a85469b545f	waʔaːxariːn	3	وَءَاخَرِينَ
2f906c649459	jaʕlamuhum	3	يَعۡلَمُهُمۡ
1496bd780c2b	waʕiⁿdᵊ	3	وَعِندَ
71dc7b8d4536	jaðˤharuː	3	يَظۡهَرُواۡ
b8405544a5a5	fasˤadːuː	3	فَصَدُّواۡ
be20990b9d03	jastawuːn	3	يَسۡتَوُۥنَ
7d61600117e3	wamasaːkin	3	وَمَسَـٰكِنَ وَمَسَـٰكِنُ
1300d01c8b3f	ʔaħabːᵊ	3	أَحَبُّ أَحَبَّ
dfa1748e66e3	tuɣn	3	تُغۡنِ
13e6925cb54c	sakiːnatahuː	3	سَكِينَتَهُۥ
bc7c3212b86d	tarawhaː	3	تَرَوۡهَا
e96273964a6c	ʔalmuʃrikuːn	3	ٱلۡمُشۡرِكُونَ
432e466b5e83	rasuːlahuː	3	رَسُولَهُۥ
086f032ae450	wadiːn	3	وَدِينِ
23fc4530e034	lijuðˤhirahuː	3	لِيُظۡهِرَهُۥ
fcaccb2bdc35	ʕidːah	3	عِدَّةَ عِدَّةٍ
9cd76e7576fd	ʕaːmaː	3	عَامًا
262846773c0b	bilħajaːh	3	بِٱلۡحَيَوٰةِ
0a99f3c332ea	juʕaðːibᵊkum	3	يُعَذِّبۡكُمۡ
251a79effe71	ɣajrakum	3	غَيۡرَكُمۡ
9f8318fabff8	faʔaⁿzal	3	فَأَنزَلَ
0e521d1d44fd	ʔalxuruːd͡ʒᵊ	3	ٱلۡخُرُوجَ ٱلۡخُرُوجُ ٱلۡخُرُوجِ
e47592add92d	fariħuːn	3	فَرِحُونَ
f1f2775f4309	ʔuðun	3	أُذُنٌ أُذُنُ
9733f31d92a6	taʕtaðiruː	3	تَعۡتَذِرُواۡ
31c39b0bfc27	lijaðˤlimahum	3	لِيَظۡلِمَهُمۡ
0a6aabdb52cc	tastaɣfir	3	تَسۡتَغۡفِرۡ
389d604324d9	marːahaː	3	مَرَّةً مَّرَّةً
55600dd27496	ʔalmuxalːafuːn	3	ٱلۡمُخَلَّفُونَ
02e2921750b3	ʔadˤːuʕafaːːʔ	3	ٱلضُّعَفَـٰٓؤُاۡ ٱلضُّعَفَآءِ
aa30002dbc26	jazaːl	3	يَزَالُ
ee7142113b98	walmuhaːd͡ʒiriːn	3	وَٱلۡمُهَـٰجِرِينَ
49d3b0fbb9bf	nasˤabᵊ	3	نَصَبٌ
764af0b83bbd	juftanuːn	3	يُفۡتَنُونَ
cee99688ab2e	naðˤar	3	نَظَرَ نَّظَرَ
272e38443340	ʕadadᵊ	3	عَدَدَ
ca699f469ad3	dˤarːaːːʔ	3	ضَرَّآءَ
c97a2d4353a4	tˤajːibah	3	طَيِّبَةٍ طَيِّبَةٌ
dc64da1f83a0	waðˤanː̃	3	وَظَنَّ
69dadab8b0b0	ʔataːhaː	3	أَتَـٰهَا أَتَـٰهَآ
2153cdd23062	ʕaːsˤim	3	عَاصِمٍ عَاصِمَ
d28b33e392ee	wajuxrid͡ʒᵊ	3	وَيُخۡرِجُ وَيُخۡرِجۡ
6d94475c1e35	ʔadˤːalaːl	3	ٱلضَّلَـٰلُ
06f67cca5705	ʃurakaːːʔikum	3	شُرَكَآئِكُم
4c8b8404db35	tahdiː	3	تَهۡدِى
77f65cb1ba54	jalbaθuː	3	يَلۡبَثُوٓاۡ
948144682dff	natawafːajanː̃ak	3	نَتَوَفَّيَنَّكَ
38ae776c4861	warabːiː	3	وَرَبِّى وَرَبِّىٓ
4235a32a6013	ʃaʔn	3	شَأۡنٍ شَأۡنٌ
d4c7bb6b395b	qurʔaːn	3	قُرۡءَانٍ قُرۡءَانَ قُرۡءَانٌ
2039ff9bea36	ʔalbuʃraː	3	ٱلۡبُشۡرَىٰ
3773a55c2558	mubᵊsˤiraː	3	مُبۡصِرًا
b84f6486388f	fanad͡ʒːajnaːh	3	فَنَجَّيۡنَـٰهُ
3c1d20772e3c	qawmihim	3	قَوۡمِهِمۡ قَوۡمِهِم
5cacff2617c4	watakuːn	3	وَتَكُونُ وَتَكُونَ
018a732978d0	lilqawm	3	لِّلۡقَوۡمِ
5afbe741ee58	wad͡ʒunuːduhuː	3	وَجُنُودُهُۥ
c0d49be948ed	ʔaːmaⁿt	3	ءَامَنتُ
62e609691f51	litakuːn	3	لِتَكُونَ
c545fe895afb	warazaqᵊnaːhum	3	وَرَزَقۡنَـٰهُم
6e99f30aab45	kulːuhum	3	كُلُّهُمۡ
ecf531c577f9	ʔaqim	3	أَقِمِ أَقِمۡ
c53995deaa56	lildːiːn	3	لِلدِّينِ
734fc66535ac	faʕalt	3	فَعَلۡتَ
8087d58b4e93	jahtadiː	3	يَهۡتَدِى
4737a7d89f40	fusˤːilat	3	فُصِّلَتۡ
4cb8f6c418a7	ʔistaɣfiruː	3	ٱسۡتَغۡفِرُواۡ
66de5b48b7ce	faxuːr	3	فَخُورٍ فَخُورٌ
da27e028d747	kaⁿz	3	كَنزٌ
94062ce47afb	ʃaːhidᵊ	3	شَاهِدٌ
f4b5addb0ab5	juʕradˤuːn	3	يُعۡرَضُونَ
544dd114b23f	kaːðibiːn	3	كَـٰذِبِينَ
1ba82a850b97	muɣraquːn	3	مُّغۡرَقُونَ
8f686ded4236	juxziːh	3	يُخۡزِيهِ
85d32d86a16a	waʔahlak	3	وَأَهۡلَكَ
7efcd0be2097	bisalaːm	3	بِسَلَـٰمٍ
6143b3a0313e	fatˤaraniː	3	فَطَرَنِى فَطَرَنِىٓ
50a2eae3ccef	warabːikum	3	وَرَبِّكُم وَرَبِّكُمۡ
974f12dfaa77	rusulahuː	3	رُسُلَهُۥ رُسُلَهُۥٓ
97084bb7d2d3	d͡ʒabːaːr	3	جَبَّارٍ
94a9e285179c	ʕaniːdᵊ	3	عَنِيدٍ
30530a7629f4	laʕnahaː	3	لَعۡنَةً
6bc712ca20fd	huːdᵊ	3	هُودٍ هُودٌ
df56ce79ffe8	faʕaqaruːhaː	3	فَعَقَرُوهَا
aed06863651b	tamatːaʕuː	3	تَمَتَّعُواۡ
9e237a8e44f9	ʔalqawijː	3	ٱلۡقَوِىُّ
cee0d0fd2f7b	xiːfahaː	3	خِيفَةً
2e66f8c87f4a	ʔursilnaː	3	أُرۡسِلۡنَآ
0b9aedab0928	laʃaːʔ	3	لَشَىۡءٌ
779dd1e04ff0	faʔasr	3	فَأَسۡرِ
aa8641b1e5ca	biʔahlik	3	بِأَهۡلِكَ
cc0e1374dfb9	sid͡ʒːiːl	3	سِجِّيلٍ
e4a099775053	nafʕal	3	نَفۡعَلُ نَّفۡعَلَ
c268496d6492	wasultˤaːn	3	وَسُلۡطَـٰنٍ
7d269f092af1	ðˤalamnaːhum	3	ظَلَمۡنَـٰهُمۡ
1df733eb910d	ðˤaːlimah	3	ظَالِمَةٌ ظَـٰلِمَةٌ
3ca3ccb1e5d7	tatˤᵊɣaw	3	تَطۡغَوۡاۡ
17f33ef49237	tuⁿsˤaruːn	3	تُنصَرُونَ
b25d7636f941	waʔaqim	3	وَأَقِمِ
1b266d967144	xalaqahum	3	خَلَقَهُمۡ
8f310a6e6e6e	ʕaːmiluːn	3	عَـٰمِلُونَ
e1e1f0d013fa	ʔalʔaħaːdiːθ	3	ٱلۡأَحَادِيثِ
c9ac921b47c4	ʕusˤbah	3	عُصۡبَةٌ
e2df9802005b	sˤaːliħiːn	3	صَـٰلِحِينَ
103f1f1bdf65	qaːːʔil	3	قَآئِلٌ
93231c67f525	laħaːfiðˤuːn	3	لَحَـٰفِظُونَ
abfe4126a8b0	ʔaðːiʔbᵊ	3	ٱلذِّئۡبُ
2e9d6a62928f	sawːalat	3	سَوَّلَتۡ
87cf8f4a49f7	wad͡ʒaːːʔat	3	وَجَآءَتۡ
33cefab8bce3	misˤr	3	مِصۡرَ مِّصۡرَ
f830c2cc8e13	makːanː̃aː	3	مَكَّنَّا
8424d41951bf	lijuːsuf	3	لِيُوسُفَ
98c0112b96d2	dubur	3	دُبُرٍ
6c29b9cede97	qudːᵊ	3	قُدَّ
502e66290253	liðaᵐbik	3	لِذَنۢبِكَ لِذَنۢبِكِ
92ea3005e4e1	wadaxal	3	وَدَخَلَ
a1ea87ab397e	maʕah	3	مَعَهُ
7cdc3a1594a3	ʔaħaduhumaː	3	أَحَدُهُمَآ
9f21766e6c63	bitaʔwiːlihiː	3	بِتَأۡوِيلِهِۦ بِتَأۡوِيلِهِۦٓ
0a6ffd6fa0a0	ʔird͡ʒiʕ	3	ٱرۡجِعۡ ٱرۡجِعِ
997ef43c1dfd	muⁿkiruːn	3	مُنكِرُونَ
51c3faa97531	kajl	3	كَيۡلَ كَيۡلٌ
d4cfbf044f18	ʔiⁿqalabuː	3	ٱنقَلَبُوٓاۡ ٱنقَلَبُواۡ
4c5020ffd71c	ʔahlihim	3	أَهۡلِهِمۡ أَهۡلِهِمُ
3ec4680489a9	ʔalmutawakːiluːn	3	ٱلۡمُتَوَكِّلُونَ
d1eecbed5e78	ħaːd͡ʒahaː	3	حَاجَةً
d1d5363af59b	waliman	3	وَلِمَن وَلِمَنۡ
a4941d047df0	d͡ʒazaːːʔuhuː	3	جَزٰٓؤُهُۥ جَزٰٓؤُهُۥٓ
a5888d851057	jaʔðan	3	يَأۡذَنَ يَأۡذَنۢ
d4263355a4ac	ʔird͡ʒiʕuː	3	ٱرۡجِعُواۡ ٱرۡجِعُوٓاۡ
3587fceb2e1d	ħaːfiðˤiːn	3	حَـٰفِظِينَ
7ef233cff946	kaðˤiːm	3	كَظِيمٌ
cc5dfd03b0e1	jad͡ʒᵊziː	3	يَجۡزِى
a813c1d1fe32	wad͡ʒᵊhihiː	3	وَجۡهِهِۦ وَجۡهِهِۦٓ
e84af126e881	ʔadᵊʕuː	3	أَدۡعُواۡ أَدۡعُوٓاۡ
c0082a64a376	ʕamadᵊ	3	عَمَدٍ
f4a487e75094	tarawnahaː	3	تَرَوۡنَهَا
98cc0f346081	ʔalʔaɣlaːl	3	ٱلۡأَغۡلَـٰلُ ٱلۡأَغۡلَـٰلَ
edc921fbb43f	ʔaʕnaːqihim	3	أَعۡنَـٰقِهِمۡ أَعۡنَاقِهِمۡ
4f4f6f0be205	wajastaʕd͡ʒiluːnak	3	وَيَسۡتَعۡجِلُونَكَ
62a444bfbe32	juriːkum	3	يُرِيكُمُ يُرِيكُمۡ
e0970c5202d1	jasd͡ʒudᵊ	3	يَسۡجُدُ
acaf14559554	d͡ʒaʕaluː	3	جَعَلُواۡ جَعَلُوٓاۡ
35a98c3f512c	wajaxaːfuːn	3	وَيَخَافُونَ
f83e1bb05830	jadᵊxuluːnahaː	3	يَدۡخُلُونَهَا
6fdeaa77586b	ʔalːaʕnah	3	ٱللَّعۡنَةُ ٱللَّعۡنَةَ
9d6f329a5979	ʔanaːbᵊ	3	أَنَابَ
c9eac72faf7d	biðikr	3	بِذِكۡرِ
936ceee34090	birːaħmaːn	3	بِٱلرَّحۡمَـٰنِ
6451d4864aa8	makruhum	3	مَكۡرُهُمۡ
c74e70db96a0	waːqᵊ	3	وَاقٍ
53e64dd62143	wuʕidᵊ	3	وُعِدَ
a492cdfe39ec	ðunuːbikum	3	ذُنُوبِكُمۡ
193727e9dfec	ʔardˤinaː	3	أَرۡضِنَآ أَرۡضِنَا
29b32768f7b2	faʔawħaː	3	فَأَوۡحَىٰٓ
32693e416ae2	waʕiːdᵊ	3	وَعِيدِ
d37b5e8716ff	ʔalbaʕiːdᵊ	3	ٱلۡبَعِيدُ ٱلۡبَعِيدِ
7ba088f54d45	kalimahaː	3	كَلِمَةً كَلِمَةَۢ
54af1126e3b2	ʔalqaraːr	3	ٱلۡقَرَارُ ٱلۡقَرَارِ
96ecdbccd6ee	fad͡ʒᵊʕal	3	فَٱجۡعَلۡ فَٱجۡعَل
09586d10a2e9	ʔismaːʕiːl	3	إِسۡمَـٰعِيلَ
b56a1bc6f4b5	juʔaxːiruhum	3	يُؤَخِّرُهُمۡ
4669efaaf4f9	muhtˤiʕiːn	3	مُهۡطِعِينَ مُّهۡطِعِينَ
39faf2e9e90a	makaruː	3	مَكَرُواۡ
e3353d728497	wasːamaːwaːt	3	وَٱلسَّمَـٰوٰتُ وَٱلسَّمَـٰوٰتِ
8d1681455457	muqarːaniːn	3	مُّقَرَّنِينَ مُقَرَّنِينَ
ce0c6bb5eee2	waqurʔaːn	3	وَقُرۡءَانٍ وَقُرۡءَانَ وَقُرۡءَانٌ
ab83ab378415	lamad͡ʒᵊnuːn	3	لَمَجۡنُونٌ
53d05a635ba8	laqaːluː	3	لَقَالُوٓاۡ لَقَالُواۡ لَّقَالُواۡ
5af11d3f5a4e	waʔaᵐbatnaː	3	وَأَنۢبَتۡنَا
7c52883b569f	ħamaʔ	3	حَمَإٍ
2ec8ac32731a	masnuːn	3	مَّسۡنُونٍ
66ebd9816a53	ʔad͡ʒᵊmaʕuːn	3	أَجۡمَعُونَ
db32fe8ac60e	ʕibaːdak	3	عِبَادَكَ
1990da5294f6	sabᵊʕah	3	سَبۡعَةُ سَبۡعَةٌ
7c091a8cb4ad	d͡ʒiʔnaːk	3	جِئۡنَـٰكَ
5e2a309ae781	matːaʕnaː	3	مَتَّعۡنَا
f19488662c96	waxfidˤ	3	وَٱخۡفِضۡ
fa2c213dcf79	d͡ʒanaːħak	3	جَنَاحَكَ
d70bd282648b	ʔanː̃ak	3	أَنَّكَ
9c76d83dfa19	taʕaːlaː	3	تَعَـٰلَىٰ تَعَـٰلَى
6f6a0ec5d187	tamiːdᵊ	3	تَمِيدَ
4fa069502948	tusirːuːn	3	تُسِرُّونَ
6cd610dd5798	tuʕlinuːn	3	تُعۡلِنُونَ
6b2baadf63b5	faʔalqaw	3	فَأَلۡقَوۡاۡ فَأَلۡقَوُاۡ
87aac6f623dc	ʔalmutakabːiriːn	3	ٱلۡمُتَكَبِّرِينَ
7fe3ee8dd969	ðˤulimuː	3	ظُلِمُواۡ
c557173567e7	jaxsif	3	يَخۡسِفَ
58528fa85c79	lijakfuruː	3	لِيَكۡفُرُواۡ
3c9cb0a86a2a	wajad͡ʒᵊʕaluːn	3	وَيَجۡعَلُونَ
b6cf73b36aad	buʃːir	3	بُشِّرَ
a8e0e407cc21	lilʃːaːribiːn	3	لِّلشَّـٰرِبِينَ
c64ecef91721	jaqᵊdir	3	يَقۡدِرُ يَقۡدِرَ
764225138545	wamataːʕaː	3	وَمَتَـٰعًا
afe4b81f372c	nabᵊʕaθ	3	نَبۡعَثُ نَبۡعَثَ
36d0ca114a26	justaʕtabuːn	3	يُسۡتَعۡتَبُونَ
2bc945c904b0	jufsiduːn	3	يُفۡسِدُونَ
85900d73b303	wanazːalnaː	3	وَنَزَّلۡنَا
1f00a2b4135b	walmuⁿkar	3	وَٱلۡمُنكَرِ
8a42f663af7c	walanad͡ʒᵊzijanː̃ahum	3	وَلَنَجۡزِيَنَّهُمۡ
6365ae59df1f	ʔalkaːðibuːn	3	ٱلۡكَـٰذِبُونَ
921c53ea0fb0	taʔtiː	3	تَأۡتِى تَأۡتِىَ
b8d4825d708d	qarjahaː	3	قَرۡيَةً
e17821cef2fe	wad͡ʒaʕalnaːh	3	وَجَعَلۡنَـٰهُ
83605cdc6ce8	duːniː	3	دُونِى دُونِىٓ
81ebd3385c24	ħamalnaː	3	حَمَلۡنَا
0a87e4fb0814	ʕuluwːaː	3	عُلُوًّا
8e7f2ec29ba4	mubᵊsˤirahaː	3	مُبۡصِرَةً
e5f1fb710a2d	ʔiqᵊraʔ	3	ٱقۡرَأۡ
827006cf60ca	ʔalʕaːd͡ʒilah	3	ٱلۡعَاجِلَةَ
315bcbf8282e	ʔufː	3	أُفٍّ
76f7391f2f1d	ʔaðːulː	3	ٱلذُّلِّ
fea526d79861	ʔawħaː	3	أَوۡحَىٰ أَوۡحَىٰٓ
19f7c5763edd	sˤarːafnaː	3	صَرَّفۡنَا
b94c668b3925	ħaliːmaː	3	حَلِيمًا
949eea2b9975	masħuːraː	3	مَّسۡحُورًا مَسۡحُورًا
b453143643b4	taħwiːlaː	3	تَحۡوِيلًا
c2572f4926ba	ʔarːuʔjaː	3	ٱلرُّءۡيَا ٱلرُّءۡيَآ
f98c550c078a	xasaːraː	3	خَسَارًا
33037c7705a7	ʔanʕamnaː	3	أَنۡعَمۡنَا
74dbefe731bc	faʔabaː	3	فَأَبَىٰٓ فَأَبَى
15b4620d46ff	kufuːraː	3	كُفُورًا
a831c1b8dbf4	tisʕ	3	تِسۡعَ تِسۡعِ تِسۡعٌ
47e0a5b96abd	ʕadadaː	3	عَدَدًا عَدَدَۢا
48440c7ed329	firaːraː	3	فِرَارًا
9b2ded269044	kalbuhum	3	كَلۡبُهُمۡ
bf4d0e687106	nasiːt	3	نَسِيتُ نَسِيتَ
89ac7cd2bd9f	turiːdᵊ	3	تُرِيدُ
f90e0d5ecfb6	kalmuhl	3	كَٱلۡمُهۡلِ
89310fc4cfd7	juħalːawn	3	يُحَلَّوۡنَ
669ec3a3499b	suⁿdus	3	سُندُسٍ
78a4f81ce994	waʔistabᵊraqᵊ	3	وَإِسۡتَبۡرَقٍ وَإِسۡتَبۡرَقٌ
68266635336d	wadˤribᵊ	3	وَٱضۡرِبۡ
d97bf843b7a0	zarʕaː	3	زَرۡعًا
1555e23ac7d0	wafad͡ʒːarnaː	3	وَفَجَّرۡنَا
786cd952434f	ʔaðˤunː̃	3	أَظُنُّ
cd1e3388e7e8	qaːːʔimahaː	3	قَآئِمَةً
3774e1dca97f	waxajr	3	وَخَيۡرٌ
d4ce5d1014ed	muʃfiqiːn	3	مُشۡفِقِينَ
66cf419ba782	ʔalħuːt	3	ٱلۡحُوتَ ٱلۡحُوتُ ٱلۡحُوتِ
6a453736a2eb	satad͡ʒiduniː	3	سَتَجِدُنِىٓ
fa2b34cca803	faⁿtˤalaqaː	3	فَٱنطَلَقَا
ef1f5e4fc61b	ʔasːafiːnah	3	ٱلسَّفِينَةِ ٱلسَّفِينَةُ
ff234de38710	nukraː	3	نُّكۡرًا
c44eb99a8c4c	ʔalqarnajn	3	ٱلۡقَرۡنَيۡنِ
079612f1692a	wawad͡ʒadᵊ	3	وَوَجَدَ
26d97815ec61	sadːaː	3	سَدًّا
5b6563e5a6b8	ʔalħadiːdᵊ	3	ٱلۡحَدِيدَ ٱلۡحَدِيدِ
81837e9b13e1	d͡ʒamʕaː	3	جَمۡعًا
0373e55d2d73	ʃaqijːaː	3	شَقِيًّا
9f22ce051576	faxarad͡ʒᵊ	3	فَخَرَجَ
36b1c74643f1	taqijːaː	3	تَقِيًّا
ba6ddfdec89c	d͡ʒabːaːraː	3	جَبَّارًا
7fab493ad9a1	wasalaːm	3	وَسَلَـٰمٌ
db331841c2e3	mitː	3	مِتُّ مِّتَّ
6c4b49700f0b	sawʔ	3	سَوۡءٍ
e3bd7c3c15d4	bisˤːalaːh	3	بِٱلصَّلَوٰةِ
69762ada29ad	waʔilajnaː	3	وَإِلَيۡنَا
78526ac00359	taʕbudᵊ	3	تَعۡبُدُ تَعۡبُدِ تَّعۡبُدُ
0e2c383b97cd	d͡ʒaːːʔaniː	3	جَآءَنِى جَآءَنِىَ
82026a45cd6d	taⁿtah	3	تَنتَهِ
66608ee66e25	ʔalʔajman	3	ٱلۡأَيۡمَنِ ٱلۡأَيۡمَنَ
724231871dd2	laɣwaː	3	لَغۡوًا
1f91f7f4b895	wasˤtˤabir	3	وَٱصۡطَبِرۡ
686b22fa3c24	fardaː	3	فَرۡدًا
6bba21ed85e7	takaːdᵊ	3	تَكَادُ
e0a6a165f524	taðkirahaː	3	تَذۡكِرَةً
2ab34cf75235	wahal	3	وَهَلۡ
1a3933dc4b2e	ʔaːnast	3	ءَانَسۡتُ
5e5367ca9167	bilwaːdᵊ	3	بِٱلۡوَادِ
7a02aacabe9a	tasʕaː	3	تَسۡعَىٰ
a1a0e24128bd	waliː	3	وَلِىَ
b4af1c81a6a5	ʔadulːukum	3	أَدُلُّكُمۡ
c6e42d38bf5a	taqarː	3	تَقَرَّ
b329a99126b2	faquːlaː	3	فَقُولَآ فَقُولَا
b1a26c9c86f4	laʕalːahuː	3	لَعَلَّهُۥ لَّعَلَّهُۥ
5e89adac1c49	wabajnak	3	وَبَيۡنَكَ
d8064fd9b600	xaːbᵊ	3	خَابَ
8ab50ccc2436	biʕibaːdiː	3	بِعِبَادِى بِعِبَادِىٓ
cc2bfba70f9c	walaːkinː̃aː	3	وَلَـٰكِنَّا وَلَـٰكِنَّآ
aa12a772494d	taⁿfaʕ	3	تَنفَعُ
9e04a31cb270	masaːkinihim	3	مَسَـٰكِنِهِمۡ مَّسَـٰكِنِهِمۡ
604587c99502	ʔahlak	3	أَهۡلَكَ
a330f73e044a	ʔasˤːuħuf	3	ٱلصُّحُفِ ٱلصُّحُفُ
e47055e7d030	fasataʕlamuːn	3	فَسَتَعۡلَمُونَ
bd11f1f099c7	ʃaːʕir	3	شَاعِرٌ شَاعِرٍ
2d3eff65df53	fasubᵊħaːn	3	فَسُبۡحَـٰنَ
4cb992d2deed	jusʔal	3	يُسۡــَٔلُ
058f947e6b9f	faʕbuduːn	3	فَٱعۡبُدُونِ
e2b34d80061f	mukramuːn	3	مُّكۡرَمُونَ
9f8c1c9a79b6	ʔirtadˤaː	3	ٱرۡتَضَىٰ
e901f8ef4bc9	faðaːlik	3	فَذٰلِكَ
2c2d40348c1a	ʔaːlihatakum	3	ءَالِهَتَكُمۡ
4f0096a96b9b	waʔaːbaːːʔahum	3	وَءَابَآءَهُمۡ
cdc099eb1135	ʕaːbidiːn	3	عَـٰبِدِينَ
c2bbaa9705ac	juqaːl	3	يُقَالُ
324e904665f5	ʔalkarbᵊ	3	ٱلۡكَرۡبِ
35288aacedec	waðaː	3	وَذَا
ca3ef9591b49	ʔalwaːriθiːn	3	ٱلۡوٰرِثِينَ
9fbe075c929a	wad͡ʒaʕalnaːhaː	3	وَجَعَلۡنَـٰهَا وَجَعَلۡنَـٰهَآ
cb340ffae358	ʔalbaʕθ	3	ٱلۡبَعۡثِ
1ff7a775cb1e	jafsˤil	3	يَفۡصِلُ
7d135f18dd27	nuðiqᵊh	3	نُذِقۡهُ نُّذِقۡهُ
b809aa22693c	tuʃrik	3	تُشۡرِكۡ تُشۡرِكَ
be6ec33d7120	d͡ʒaʕalnaːhaː	3	جَعَلۡنَـٰهَا
c8634dbb1898	ʔuxrid͡ʒuː	3	أُخۡرِجُواۡ
32b9586a256c	laqawijː	3	لَقَوِىٌّ
1228f73e4cea	jukaðːibuːk	3	يُكَذِّبُوكَ
0a16a1b69bed	muʕaːd͡ʒiziːn	3	مُعَـٰجِزِينَ
193c38e7ee92	julqiː	3	يُلۡقِى
7706a8b33aa5	laʕalaː	3	لَعَلَىٰ
378f4c4b5b50	lijakuːn	3	لِيَكُونَ
afc1bc686288	ʔazwaːd͡ʒihim	3	أَزۡوٰجِهِمۡ
21e33440ae38	laqaːdiruːn	3	لَقَـٰدِرُونَ
61584d5eb83d	ʔuⁿsˤurniː	3	ٱنصُرۡنِى
54f124eb9170	kaðːabuːn	3	كَذَّبُونِ
eba765b643d9	ʔaⁿʃaʔnaː	3	أَنشَأۡنَا
51e41244f719	waquluːbuhum	3	وَقُلُوبُهُمۡ وَّقُلُوبُهُمۡ
ba82ee1e4567	jaⁿtˤiqᵊ	3	يَنطِقُ
87add845a573	waʔaːbaːːʔunaː	3	وَءَابَآؤُنَا وَءَابَآؤُنَآ
c563e875e043	waraːːʔihim	3	وَرَآئِهِم وَرَآئِهِمۡ
57af8785977b	nufix	3	نُفِخَ
f270ab85b0f4	ʔalkariːm	3	ٱلۡكَرِيمِ ٱلۡكَرِيمُ
99101581f077	jarmuːn	3	يَرۡمُونَ
2cc72ed23eff	ʔarbaʕ	3	أَرۡبَعُ أَرۡبَعَ أَرۡبَعٍ
6317ce0b5430	mubajːinaːt	3	مُّبَيِّنَـٰتٍ مُبَيِّنَـٰتٍ
85c3ccaffba2	kaʔanː̃ahaː	3	كَأَنَّهَا
45e591ab104d	jadˤaʕn	3	يَضَعۡنَ
f735fe41c4d1	ʕabᵊdihiː	3	عَبۡدِهِۦ عَبۡدِهِۦٓ
54f7938802d9	nuʃuːraː	3	نُشُورًا
36309240d82c	julqaː	3	يُلۡقَىٰٓ يُلۡقَىٰ
9108da31bfa3	fad͡ʒaʕalnaːh	3	فَجَعَلۡنَـٰهُ
a490bd338ea4	mustaqarːaː	3	مُسۡتَقَرًّا مُّسۡتَقَرًّا
545d1e0c9edc	waθamuːd	3	وَثَمُودَاۡ
74d9447d06d3	dˤarabᵊnaː	3	ضَرَبۡنَا
db2713694c7a	ʔaðˤːilː	3	ٱلظِّلَّ ٱلظِّلِّ ٱلظِّلُّ
8204253751f0	baldahaː	3	بَلۡدَةً
329a476591b8	fad͡ʒaʕalahuː	3	فَجَعَلَهُۥ
e6d84d7d8e11	siraːd͡ʒaː	3	سِرَاجًا سِرٰجًا
56a72b56c390	marːuː	3	مَرُّواۡ
ebd073389daa	naʃaʔ	3	نَّشَأۡ
b4dae02dabdb	sajahdiːn	3	سَيَهۡدِينِ
3950957fbb2f	θamː̃	3	ثَمَّ
9528ed9a475d	biqalbᵊ	3	بِقَلۡبٍ
d812322087d1	wanad͡ʒːiniː	3	وَنَجِّنِى
9abf01c017ab	ʔalmaʃħuːn	3	ٱلۡمَشۡحُونِ
a44628d3485f	bimuʕaðːabiːn	3	بِمُعَذَّبِينَ
32d6e089128a	ʃirbᵊ	3	شِرۡبٌ شِرۡبُ شِرۡبٍ
b246c34f1592	wataðaruːn	3	وَتَذَرُونَ
4524cea7267a	ʔalʔamiːn	3	ٱلۡأَمِينُ ٱلۡأَمِينِ
8bfda7c8bfb8	jastaʕd͡ʒiluːn	3	يَسۡتَعۡجِلُونَ يَسۡتَعۡجِلُونِ
f36585923314	tanazːal	3	تَنَزَّلُ
4df3ee513a89	walːaː	3	وَلَّىٰ
30268d843867	ʕibaːdih	3	عِبَادِهِ
001c07dc71a9	juːzaʕuːn	3	يُوزَعُونَ
dd91ea744311	ʔulqiː	3	أُلۡقِىَ
eaeb4c0f1298	jaʃkur	3	يَشۡكُرُ يَشۡكُرۡ
0352ffb4343e	ʃiːʕatihiː	3	شِيعَتِهِۦ
e3b7ddcd0c3d	faʔaxaðnaːh	3	فَأَخَذۡنَـٰهُ
3ca4dc519d1c	ʔaʕradˤuː	3	أَعۡرَضُواۡ
d2ee55634182	jaːlajt	3	يَـٰلَيۡتَ
b97b91d26213	julaqːaːhaː	3	يُلَقَّـٰهَآ
7c7278f6b738	walajaʕlamanː̃	3	وَلَيَعۡلَمَنَّ
ee693f84583a	ħasibᵊ	3	حَسِبَ
2ac6414871f9	wawasˤːajnaː	3	وَوَصَّيۡنَا
2088565294a8	jubᵊdiʔ	3	يُبۡدِئُ
d42c7f3671ce	ʔanː̃aʃʔah	3	ٱلنَّشۡأَةَ
800bed36ecb1	jad͡ʒᵊħadᵊ	3	يَجۡحَدُ
1d497f41fc79	kufruhuː	3	كُفۡرُهُۥ كُفۡرُهُۥٓ
e0a9933c6cf5	musˤfarːaː	3	مُصۡفَرًّا
fd6e29ad7416	fabaʃːirh	3	فَبَشِّرۡهُ
909fcade722c	ʔalɣaruːr	3	ٱلۡغَرُورُ
524b51406159	jaʕrud͡ʒᵊ	3	يَعۡرُجُ
4d911f3827ad	muⁿtaqimuːn	3	مُنتَقِمُونَ مُّنتَقِمُونَ
1b43c8ae38d4	faʔaħbatˤᵊ	3	فَأَحۡبَطَ
efb644283787	ʔuswah	3	أُسۡوَةٌ
273d2933345e	zaːdahum	3	زَادَهُمۡ
3eb98f2c5c47	ʃaːhidaː	3	شَـٰهِدًا
7dca17ff5f77	wamubaʃːiraː	3	وَمُبَشِّرًا وَمُبَشِّرَۢا
10092d7c5ccb	ʔafaːːʔ	3	أَفَآءَ
290d8ad6fd9b	judᵊriːk	3	يُدۡرِيكَ
5a30643fae84	laʕalː	3	لَعَلَّ
607c688082f7	waqaliːl	3	وَقَلِيلٌ
7c1b2a569723	d͡ʒanː̃ataːn	3	جَنَّتَانِ
23ccfec12d1f	ʃirk	3	شِرۡكٌ شِرۡكٍ
9957ab385139	ʔaruːniː	3	أَرُونِى أَرُونِىَ
1f4504e7708d	ʔawlaːdukum	3	أَوۡلَـٰدُكُمۡ أَوۡلَـٰدُكُم
c5d556b2e6eb	ʕamalihiː	3	عَمَلِهِۦ
ceb0b102c14e	tadˤaʕ	3	تَضَعُ تَضَعَ
64b8d5c4b165	maqᵊtaː	3	مَقۡتًا
9d8dcc5008ff	d͡ʒamiːʕ	3	جَمِيعٌ
1a19fbf0ac17	waʔaːjah	3	وَءَايَةٌ
6f45cec4134f	ʔalʔad͡ʒᵊdaːθ	3	ٱلۡأَجۡدَاثِ
79ed27cb1428	biqaːdir	3	بِقَـٰدِرٍ
fcfd48fad647	ʔahum	3	أَهُمۡ
edcecdcd1804	xalaqᵊnaːhum	3	خَلَقۡنَـٰهُم خَلَقۡنَـٰهُمۡ
d05d3abf8cb9	wasˤadːaqᵊ	3	وَصَدَّقَ
e9afd14ef406	maʕiːn	3	مَّعِينِۭ مَّعِينٍ
3c7cb834d277	qaːsˤiraːt	3	قَـٰصِرٰتُ
d8f80833496e	ʔatˤːarf	3	ٱلطَّرۡفِ
3e531cc35011	maknuːn	3	مَّكۡنُونٌ مَّكۡنُونٍ
f89420790db3	ʔalbutˤuːn	3	ٱلۡبُطُونَ ٱلۡبُطُونِ
4059cc3c0248	muⁿðiriːn	3	مُّنذِرِينَ مُنذِرِينَ
d5da5bc04f04	faraːɣ	3	فَرَاغَ
ba8492be371a	ʕalimat	3	عَلِمَتۡ عَلِمَتِ
c07a11bccccf	fakafaruː	3	فَكَفَرُواۡ
a90e389c90f2	fatawalː	3	فَتَوَلَّ
aa7322ee7bc1	ʕabᵊdanaː	3	عَبۡدَنَا عَبۡدَنَآ
9dbdae0aa50f	ʔalɣafːaːr	3	ٱلۡغَفَّـٰرُ ٱلۡغَفَّـٰرِ
b48d6ae4b1dd	muxlisˤaː	3	مُخۡلِصًا
561b9f09b078	jaːʕibaːdᵊ	3	يَـٰعِبَادِ
ed31a2a1d444	ħutˤaːmaː	3	حُطَـٰمًا
5452a207a5d9	d͡ʒaːːʔuːhaː	3	جَآءُوهَا
738c928121ab	xazanatuhaː	3	خَزَنَتُهَآ خَزَنَتُهَا
0c27273dc0c3	xaːʃiʕahaː	3	خَـٰشِعَةً
b294dce8166f	ʔald͡ʒamʕ	3	ٱلۡجَمۡعِ ٱلۡجَمۡعُ
b7698413bb2b	ʔald͡ʒawaːr	3	ٱلۡجَوَارِ
50a624714f72	biðaːlik	3	بِذٰلِكَ
93b6ab26b49b	jadˤħakuːn	3	يَضۡحَكُونَ
cf4ac130a69b	waʔakwaːbᵊ	3	وَأَكۡوَابٍ وَأَكۡوَابٌ
54f2bb200ba7	julaːquː	3	يُلَـٰقُواۡ
568246526ef6	jawmahum	3	يَوۡمَهُمُ
780f019599b5	waʔanhaːr	3	وَأَنۡهَـٰرٌ
8fbae16af302	ħamiːmaː	3	حَمِيمًا
478f7910b872	faʔawlaː	3	فَأَوۡلَىٰ فَأَوۡلَىٰٓ
1a1f941e50de	jabᵊxal	3	يَبۡخَلُ يَبۡخَلۡ
aea7db0dbd7d	lituʔminuː	3	لِتُؤۡمِنُواۡ لِّتُؤۡمِنُواۡ
fd81ff310d2b	muʔminaːt	3	مُّؤۡمِنَـٰتٌ مُؤۡمِنَـٰتٍ مُّؤۡمِنَـٰتٍ
ef307100cc4d	faʔasˤliħuː	3	فَأَصۡلِحُواۡ
b290ed9a6c0e	muʕtadᵊ	3	مُعۡتَدٍ
d2b31bcb17a1	lawaːqiʕ	3	لَوٰقِعٌ
7c3ff13c2152	taðar	3	تَذَرُ تَذَرۡ
6854ad68f6b6	liħukm	3	لِحُكۡمِ
127dad8ba520	walʔuːlaː	3	وَٱلۡأُولَىٰ وَٱلۡأُولَىٰٓ
3d959972834a	bilħusnaː	3	بِٱلۡحُسۡنَىٰ بِٱلۡحُسۡنَى
fc3aaea838ca	sˤuħuf	3	صُحُفِ صُحُفٍ
8b77da528a88	jaxrud͡ʒuːn	3	يَخۡرُجُونَ
e51a2a416234	binː̃uður	3	بِٱلنُّذُرِ
dea712c362ec	sajaʕlamuːn	3	سَيَعۡلَمُونَ
7cbd65d518c7	ʕalːam	3	عَلَّمَ
e33dbb44e00f	ʔalmiːzaːn	3	ٱلۡمِيزَانَ ٱلۡمِيزَانِ
75dcccc71eb4	ʔiⁿs	3	إِنسٌ
670bf5845724	ʔalmajmanah	3	ٱلۡمَيۡمَنَةِ
26547306028b	ʔalmaʃʔamah	3	ٱلۡمَشۡــَٔمَةِ
285f7f89b753	marfuːʕah	3	مَّرۡفُوعَةٍ مَّرۡفُوعَةٌ
04a3a0f37abf	sabːaħ	3	سَبَّحَ
eb2b3ce90015	miskiːnaː	3	مِسۡكِينًا
8ea08c1c38dd	jukafːir	3	يُكَفِّرۡ يُكَفِّرَ
46827f40c373	ʔalħaːːːqːah	3	ٱلۡحَآقَّةُ
50d506e0adc2	raːdˤijah	3	رَّاضِيَةٍ رَاضِيَةٌ
7425b3d5304b	laqawl	3	لَقَوۡلُ لَقَوۡلٌ
78d728e7d8b4	biqawl	3	بِقَوۡلِ
53e962b5e51d	maːluhuː	3	مَالُهُۥ مَالُهُۥٓ
ecc5b19ebe87	qadːar	3	قَدَّرَ
6e40ead4cc65	lilbaʃar	3	لِّلۡبَشَرِ لِلۡبَشَرِ
eea05f820230	bidːiːn	3	بِٱلدِّينِ
543303754917	jarahuː	3	يَرَهُۥ يَرَهُۥٓ
0818588f2fe5	ʔalqadᵊr	3	ٱلۡقَدۡرِ
dfcffe898087	ʔalqaːriʕah	3	ٱلۡقَارِعَةُ
8f5a7cc2565f	maːlik	2	مَـٰلِكِ مَـٰلِكَ
0693be93a4d9	wajuqiːmuːn	2	وَيُقِيمُونَ
ee365ce3219f	ʔaʔaⁿðartahum	2	ءَأَنذَرۡتَهُمۡ
cf9e5e728b41	tuⁿðirhum	2	تُنذِرۡهُمۡ
95b8266ab23c	ʔabᵊsˤaːrihim	2	أَبۡصَـٰرِهِمۡ
3f3466b84306	juxaːdiʕuːn	2	يُخَـٰدِعُونَ
e81efdb276ec	fazaːdahum	2	فَزَادَهُمُ فَزَادَهُمۡ
b1919db03eee	jakðibuːn	2	يَكۡذِبُونَ
eb3c1c7bc874	musˤliħuːn	2	مُصۡلِحُونَ
7884c8356872	laquː	2	لَقُواۡ
a4be3a49e100	maθaluhum	2	مَثَلُهُمۡ
e0b9e93af023	bukm	2	بُكۡمٌ
d5088cf006a2	ʕumj	2	عُمۡىٌ
cd2951e515ae	jad͡ʒᵊʕaluːn	2	يَجۡعَلُونَ
9e5ed1f38a1a	ʔasˤaːbiʕahum	2	أَصَـٰبِعَهُمۡ
3d0b0494f8e3	ʔasˤːawaːʕiqᵊ	2	ٱلصَّوٰعِقِ ٱلصَّوٰعِقَ
0f447901280c	ħaðar	2	حَذَرَ
5d058167b204	ʔabᵊsˤaːrahum	2	أَبۡصَـٰرَهُمۡ
216abd05ded3	laðahabᵊ	2	لَذَهَبَ لَّذَهَبَ
aec3a8b68bf4	waʔabᵊsˤaːrihim	2	وَأَبۡصَـٰرِهِمۡ
127df0ac6fc0	binaːːʔaː	2	بِنَآءً
de96d9b18658	ʕabᵊdinaː	2	عَبۡدِنَا
3dd630c7f22a	bisuːrah	2	بِسُورَةٍ
8b22bdda1926	ʃuhadaːːʔakum	2	شُهَدَآءَكُم شُهَدَآءَكُمُ
5ee8b8841625	waquːduhaː	2	وَقُودُهَا
0e7a77e12af0	walħid͡ʒaːrah	2	وَٱلۡحِجَارَةُ
28b942e7de5a	jastaħjiː	2	يَسۡتَحۡىِۦٓ يَسۡتَحۡىِۦ
38b0c63d0e20	miːθaːqihiː	2	مِيثَـٰقِهِۦ
80c4be9ed1f8	wajaqᵊtˤaʕuːn	2	وَيَقۡطَعُونَ
2cedbee65af7	wajufsiduːn	2	وَيُفۡسِدُونَ
d0d1a34d192b	ʔamwaːtaː	2	أَمۡوٰتًا أَمۡوٰتَۢا
25024a5c1395	d͡ʒaːʕil	2	جَاعِلٌ جَاعِلِ
3c98ef21155c	xaliːfahaː	2	خَلِيفَةً
5dbaef256b48	biʔasmaːːʔihim	2	بِأَسۡمَآئِهِمۡ
92939064a2bd	ʔuskun	2	ٱسۡكُنۡ
1cc04e9d161e	wazawd͡ʒuk	2	وَزَوۡجُكَ
79d934b2895c	ʃiʔtumaː	2	شِئۡتُمَا
5988e99b34f3	taqᵊrabaː	2	تَقۡرَبَا
9396613eedcd	fatakuːnaː	2	فَتَكُونَا
8ef01263f4bd	kaːnaː	2	كَانَا
fc56bfe90ade	tabiʕ	2	تَبِعَ
d45410e26b19	hudaːj	2	هُدَاىَ
0218291d3b5a	farhabuːn	2	فَٱرۡهَبُونِ
2794b637dd21	ʔarːaːkiʕiːn	2	ٱلرّٰكِعِينَ
ce15310c0ee4	bilbirː	2	بِٱلۡبِرِّ
18a8b09a2ed3	wataⁿsawn	2	وَتَنسَوۡنَ
505e0450006e	waʔinː̃ahaː	2	وَإِنَّهَا
0b78d00fc5c1	waʔanː̃iː	2	وَأَنِّى
137906c47300	fadˤːaltukum	2	فَضَّلۡتُكُمۡ
fbddabb94639	tad͡ʒᵊziː	2	تَجۡزِى
545a5b44a5b9	walfurqaːn	2	وَٱلۡفُرۡقَانَ وَٱلۡفُرۡقَانِ
72dcf53ee92c	ðˤalamtum	2	ظَلَمۡتُمۡ ظَّلَمۡتُمۡ
c3cd925428f3	baːriʔikum	2	بَارِئِكُمۡ
c0291f78d7b9	faqᵊtuluː	2	فَٱقۡتُلُوٓاۡ فَٱقۡتُلُواۡ
1a5133336598	waðˤalːalnaː	2	وَظَلَّلۡنَا
41020967db17	ðˤalamuːnaː	2	ظَلَمُونَا
24ae9816c52b	ħitˤːah	2	حِطَّةٌ
428ded16d264	naɣfir	2	نَّغۡفِرۡ
384e88e530bc	xatˤaːjaːkum	2	خَطَـٰيَـٰكُمۡ
83a9efbae822	fabadːal	2	فَبَدَّلَ
e01dd19b4a1c	ʔalħad͡ʒar	2	ٱلۡحَجَرَ
d2655d7e15f7	maʃrabahum	2	مَّشۡرَبَهُمۡ
b347ff931e27	fadᵊʕ	2	فَٱدۡعُ
361734913334	tuᵐbit	2	تُنۢبِتُ
bac0448a2393	wadˤuribat	2	وَضُرِبَتۡ
94d7d6fccece	ʔaðːilːah	2	ٱلذِّلَّةُ
55f7edaa4b54	wabaːːʔuː	2	وَبَآءُو
a9458033c935	wasˤːaːbiʔiːn	2	وَٱلصَّـٰبِــِٔينَ
483639b269c3	qiradahaː	2	قِرَدَةً
c409d6c540dc	xaːsiʔiːn	2	خَـٰسِــِٔينَ
5c29a1c738cc	fad͡ʒaʕalnaːhaː	2	فَجَعَلۡنَـٰهَا
a854aa937ed8	nakaːlaː	2	نَكَـٰلًا
366770e4c6a8	tuʔmaruːn	2	تُؤۡمَرُونَ
aa78052d0fdd	lawnuhaː	2	لَوۡنُهَا لَّوۡنُهَا
fefa948b4d1d	taʃaːbah	2	تَشَـٰبَهَ
614c8858ed1a	lamuhtaduːn	2	لَمُهۡتَدُونَ
4283618e4fe7	muxrid͡ʒᵊ	2	مُخۡرِجٌ
fc380b2a3ca7	wajuriːkum	2	وَيُرِيكُمۡ
5de7f5b1f7f3	qasat	2	قَسَتۡ
848b50c45204	xalaː	2	خَلَا
e2a48d7e99fc	ʔamaːnijː	2	أَمَانِىَّ أَمَانِىِّ
f36159a02e45	tamasːanaː	2	تَمَسَّنَا
4dfb9c4a7d06	juradːuːn	2	يُرَدُّونَ
e5f6a8fd35a4	waʔajːadᵊnaːh	2	وَأَيَّدۡنَـٰهُ
e6728a40ec18	kaðːabᵊtum	2	كَذَّبۡتُمۡ
fa92a2a2787a	ɣulf	2	غُلۡفُۢ
4d66ae7849ae	ʕarafuː	2	عَرَفُواۡ
61a165c11fc0	ʔaᵐbijaːːʔ	2	أَنۢبِيَآءَ
4d03f351fdb4	waʕasˤajnaː	2	وَعَصَيۡنَا
152bd1237a4e	fatamanː̃aw	2	فَتَمَنَّوُاۡ
be4b199e88b3	ħajaːh	2	حَيَوٰةٍ حَيَوٰةٌ
557a679f9b26	nazːalahuː	2	نَزَّلَهُۥ
a613d206e3e5	wad͡ʒibᵊriːl	2	وَجِبۡرِيلَ وَجِبۡرِيلُ
86340db66b40	ʔiʃtaraːh	2	ٱشۡتَرَٮٰهُ
33ec202d4305	jaxtasˤː	2	يَخۡتَصُّ
973198c15ed7	biraħmatihiː	2	بِرَحۡمَتِهِۦ
25c8b6c96fd7	rasuːlakum	2	رَسُولَكُمۡ رَسُولَكُمُ
6cfecd93a5b8	wadːᵊ	2	وَدَّ
54a19c710f69	tad͡ʒiduːh	2	تَجِدُوهُ
a61f096c0250	jadᵊxul	2	يَدۡخُلَ يَدۡخُلِ
6f926a9c8ed5	ʔad͡ʒᵊruhuː	2	أَجۡرُهُۥ
f1360b8c40cb	lajsat	2	لَيۡسَتِ
0857afd44767	wasaʕaː	2	وَسَعَىٰ
aed7534ec2a4	jadᵊxuluːhaː	2	يَدۡخُلُوهَآ يَدۡخُلُوهَا
fa0a7d430ba8	qaːnituːn	2	قَـٰنِتُونَ
76b029324b0b	badiːʕ	2	بَدِيعُ
5bdf452b6556	tardˤaː	2	تَرۡضَىٰ
3e89b433eaee	bikalimaːt	2	بِكَلِمَـٰتٍ بِكَلِمَـٰتِ
9215bd104d45	janaːl	2	يَنَالُ يَنَالَ
8c4494334106	liltˤːaːːʔifiːn	2	لِلطَّآئِفِينَ
f8d9b11822b5	warːukːaʕ	2	وَٱلرُّكَّعِ
054fa7e10d03	jarfaʕ	2	يَرۡفَعُ يَرۡفَعِ
dca8dacb161f	ʔalqawaːʕidᵊ	2	ٱلۡقَوَاعِدَ ٱلۡقَوَاعِدِ
911c0b1429ce	wad͡ʒᵊʕalnaː	2	وَٱجۡعَلۡنَا
7a94c35d3276	wabᵊʕaθ	2	وَٱبۡعَثۡ
08c2540f87f4	ʔaslamt	2	أَسۡلَمۡتُ
1ca3e4cf0aa0	tamuːtunː̃	2	تَمُوتُنَّ
33678fb8f6dc	waʔilaːh	2	وَإِلَـٰهَ وَإِلَـٰهُ
86543b086934	tahtaduː	2	تَهۡتَدُواۡ
ccae7da5cc64	quːluː	2	قُولُوٓاۡ
b15d20bd6b1d	ʔanː̃abijːuːn	2	ٱلنَّبِيُّونَ
6477a41015ce	d͡ʒaʕalnaːkum	2	جَعَلۡنَـٰكُمۡ
3d093ab38aaa	litakuːnuː	2	لِّتَكُونُواۡ لِتَكُونُواۡ
7299da64a468	taqalːubᵊ	2	تَقَلُّبَ تَقَلُّبُ
e0cabf71521c	qibᵊlahaː	2	قِبۡلَةً
8e51539adf0a	waħajθ	2	وَحَيۡثُ
dffdb4f88c52	fawalːuː	2	فَوَلُّواۡ
b6b134d11ac5	ʃatˤᵊrahuː	2	شَطۡرَهُۥ
ef1655fb9939	bitaːbiʕ	2	بِتَابِعٍ
0aa6d2802d38	jaʕrifuːnahuː	2	يَعۡرِفُونَهُۥ
a9229e3c33ae	fastabiquː	2	فَٱسۡتَبِقُواۡ
782251467183	xarad͡ʒᵊt	2	خَرَجۡتَ
0a678fcb56f4	taxʃawhum	2	تَخۡشَوۡهُمۡ
94607b01bdce	ʔistaʕiːnuː	2	ٱسۡتَعِينُواۡ
78077b5963ab	ʔamwaːt	2	أَمۡوٰتُۢ أَمۡوٰتٌ
5e7105a37fad	walanabᵊluwanː̃akum	2	وَلَنَبۡلُوَنَّكُم وَلَنَبۡلُوَنَّكُمۡ
0670ff5d1b5b	wanaqᵊsˤ	2	وَنَقۡصٍ
09f89e9bb608	ʔasˤaːbathum	2	أَصَـٰبَتۡهُم
f31ffa2b2453	tatˤawːaʕ	2	تَطَوَّعَ
2208c37e3f8c	waʔilaːhukum	2	وَإِلَـٰهُكُمۡ
1b014bd81c5c	walfulk	2	وَٱلۡفُلۡكِ وَٱلۡفُلۡكَ
e59f4ea169b1	watasˤriːf	2	وَتَصۡرِيفِ
48113b6ef89f	tabarːaʔ	2	تَبَرَّأَ
ab28338d7a0b	ħasaraːt	2	حَسَرٰتٍ
e5ad505c0533	bixaːrid͡ʒiːn	2	بِخَـٰرِجِينَ
c355e034d1ad	walfaħʃaːːʔ	2	وَٱلۡفَحۡشَآءِ وَٱلۡفَحۡشَآءَ
346e3d21b82a	juzakːiːhim	2	يُزَكِّيهِمۡ
5b1b67958d14	qibal	2	قِبَلَ
f8705a43c1c9	ħubːihiː	2	حُبِّهِۦ
c23d8df4b435	waʔaqaːm	2	وَأَقَامَ
0834fa8848f0	ʔalbaʔsaːːʔ	2	ٱلۡبَأۡسَآءِ ٱلۡبَأۡسَآءُ
c3836200d6f0	ʔalbaʔs	2	ٱلۡبَأۡسِ ٱلۡبَأۡسَ
6d4e7c41abb6	ʔalqisˤaːsˤ	2	ٱلۡقِصَاصُ ٱلۡقِصَاصِ
c030e9f42587	bilʔuⁿθaː	2	بِٱلۡأُنثَىٰ
02a575b41329	ʔalwasˤijːah	2	ٱلۡوَصِيَّةُ ٱلۡوَصِيَّةِ
8c98a79c67d0	faʕidːah	2	فَعِدَّةٌ
8fe90a8fa822	ʔuxar	2	أُخَرَ
542be34c5696	fidᵊjah	2	فِدۡيَةٌ
fba3379f615c	miskiːn	2	مِسۡكِينٍ مِّسۡكِينٌ
6a8a1c9f4b0a	ʔalʕidːah	2	ٱلۡعِدَّةَ
71e3aa174c45	faljastad͡ʒiːbuː	2	فَلۡيَسۡتَجِيبُواۡ
a26c266e0e5d	ʔalxajtˤᵊ	2	ٱلۡخَيۡطُ ٱلۡخَيۡطِ
61979ebdc8c8	ʕaːkifuːn	2	عَـٰكِفُونَ
8efa50f17d3a	ʔalmasaːd͡ʒidᵊ	2	ٱلۡمَسَـٰجِدِ ٱلۡمَسَـٰجِدَ
31d3c70c40d7	litaʔkuluː	2	لِتَأۡكُلُواۡ
41ed7511c5fd	θaqiftumuːhum	2	ثَقِفۡتُمُوهُمۡ
5bd379c4907e	walfitnah	2	وَٱلۡفِتۡنَةُ
741e407264a1	qaːtaluːkum	2	قَـٰتَلُوكُمۡ
20f3bef5ca00	waqaːtiluːhum	2	وَقَـٰتِلُوهُمۡ
292e56cebe64	ʕudᵊwaːn	2	عُدۡوٰنَ
980e46835b70	qisˤaːsˤ	2	قِصَاصٌ
111de4e32742	biʔajdiːkum	2	بِأَيۡدِيكُمۡ
6d8cfeef86ff	ʔistajsar	2	ٱسۡتَيۡسَرَ
36d4c4aa0600	ruʔuːsakum	2	رُءُوسَكُمۡ
3cf2a0051f98	maħilːahuː	2	مَحِلَّهُۥ
17e0c14ecb02	sˤadaqah	2	صَدَقَةٍ
93864f3e8600	tamatːaʕ	2	تَمَتَّعَ تَمَتَّعۡ
27297a1dff7e	rad͡ʒaʕtum	2	رَجَعۡتُمۡ
553b2c3ec33d	ʕaʃarah	2	عَشَرَةٌ عَشَرَةِ
ef9dc8b9d671	maʕluːmaːt	2	مَّعۡلُومَـٰتٌ مَّعۡلُومَـٰتٍ
82c7daa0bd03	fusuːqᵊ	2	فُسُوقَ فُسُوقُۢ
51ea0226630a	jaʕlamh	2	يَعۡلَمۡهُ
dd7f3a5ecd4b	tabᵊtaɣuː	2	تَبۡتَغُواۡ
b193c37d5235	ʔafadˤtum	2	أَفَضۡتُم أَفَضۡتُمۡ
73ec40447800	ʔafiːdˤuː	2	أَفِيضُواۡ
b35929cf5cf8	qadˤajtum	2	قَضَيۡتُم قَضَيۡتُمُ
709a94cc22df	waqinaː	2	وَقِنَا
41347b9edf7d	taʔaxːar	2	تَأَخَّرَ
0ff6308e8063	qalbihiː	2	قَلۡبِهِۦ
5acd48691261	ʔalxisˤaːm	2	ٱلۡخِصَامِ
bafeff75bf58	ʔitːaqᵊ	2	ٱتَّقِ
703074c2e7cd	ʔaxaðath	2	أَخَذَتۡهُ
a8be35bbaa0f	wajasxaruːn	2	وَيَسۡخَرُونَ
0b81d6f9ba3e	fabaʕaθ	2	فَبَعَثَ
54140ac036d3	ʔixtalaf	2	ٱخۡتَلَفَ
097c4081ab62	wazulziluː	2	وَزُلۡزِلُواۡ
8b1b37dfd5bb	waʕasaː	2	وَعَسَىٰٓ
2ef5b5d8f93a	takrahuː	2	تَكۡرَهُواۡ
6032a9af8d8d	qitaːl	2	قِتَالٍ قِتَالٌ
12d8cdc8e53c	walmasd͡ʒidᵊ	2	وَٱلۡمَسۡجِدِ
2389f1ffe397	jazaːluːn	2	يَزَالُونَ
45369fb9032c	diːnihiː	2	دِينِهِۦ
d27953da99da	ʔalʕafw	2	ٱلۡعَفۡوَ
57d12ccb5823	ʔisˤlaːħ	2	إِصۡلَاحٌ إِصۡلَـٰحِۭ
d5028a749463	juʔminː̃	2	يُؤۡمِنَّ
360c32355491	ʔaʕd͡ʒabatkum	2	أَعۡجَبَتۡكُمۡ
1f15c7631a44	muʃrik	2	مُّشۡرِكٍ مُشۡرِكٌ
28d56ece54c7	wajubajːin	2	وَيُبَيِّنُ
4818eb37e20d	ʔatˤːalaːqᵊ	2	ٱلطَّلَـٰقَ ٱلطَّلَـٰقُ
d5b932bbd494	jatarabːasˤn	2	يَتَرَبَّصۡنَ
5c20dfe519ae	biʔaⁿfusihinː̃	2	بِأَنفُسِهِنَّ
56297c589f01	ʔisˤlaːħaː	2	إِصۡلَـٰحًا
582fbd7f061f	walahunː̃	2	وَلَهُنَّ
3a23a76e8738	taʔxuðuː	2	تَأۡخُذُواۡ
ea177d6e0c40	jataʕadːᵊ	2	يَتَعَدَّ
32bc4457d1a2	tˤalːaqahaː	2	طَلَّقَهَا
e9c5214ec19f	ɣajrahuː	2	غَيۡرَهُۥ
7998b9b0b6e5	fabalaɣn	2	فَبَلَغۡنَ
9a140042448b	dˤiraːraː	2	ضِرَارًا
2435ec756c7e	taʕdˤuluːhunː̃	2	تَعۡضُلُوهُنَّ
fd910e549233	juːʕaðˤ	2	يُوعَظُ
352664e04eb2	waʔatˤᵊhar	2	وَأَطۡهَرُ
671d391d7e2e	ʔawlaːdahunː̃	2	أَوۡلَـٰدَهُنَّ
66a26b6b9aa2	ʔarːadˤaːʕah	2	ٱلرَّضَاعَةَ ٱلرَّضَـٰعَةِ
f20130e513d1	tukalːaf	2	تُكَلَّفُ
736ca4335658	mawluːdᵊ	2	مَوۡلُودٌ
56c4ba6f6c4d	taraːdˤ	2	تَرَاضٍ
b8b3602d3521	jutawafːawn	2	يُتَوَفَّوۡنَ
4f39ebd9ac17	balaɣn	2	بَلَغۡنَ
309252bf5666	faʕaln	2	فَعَلۡنَ
3b96070e1c8b	ʔaⁿfusihinː̃	2	أَنفُسِهِنَّ
e1a64949fc1c	ʕuqᵊdah	2	عُقۡدَةَ عُقۡدَةُ
a07596e8164e	qadaruhuː	2	قَدَرُهُۥ
8e972f9caf8a	tˤalːaqᵊtumuːhunː̃	2	طَلَّقۡتُمُوهُنَّ
a17fedeee705	faradˤtum	2	فَرَضۡتُمۡ
b91ab81b3ef1	jaʕfuː	2	يَعۡفُوَاۡ يَعۡفُوَ
c691b435dddc	wasˤijːahaː	2	وَصِيَّةً
39adfa807afe	muːtuː	2	مُوتُواۡ
2da5b41e793a	juqᵊridˤ	2	يُقۡرِضُ
d6edce18f1d4	fajudˤaːʕifahuː	2	فَيُضَـٰعِفَهُۥ
758e6b2fbf26	ʔadˤʕaːfaː	2	أَضۡعَافًا أَضۡعَـٰفًا
999126a478e5	malikaː	2	مَلِكًا
0f8f9b1181cc	nuqaːtil	2	نُّقَـٰتِلۡ نُقَـٰتِلَ
595b02486193	ʕasajtum	2	عَسَيۡتُمۡ
af01fe1fdce5	tuqaːtiluː	2	تُقَـٰتِلُواۡ
c4598b7eb3f6	nabijːuhum	2	نَبِيُّهُمۡ
bbcfc9f5aeac	tˤaːluːt	2	طَالُوتَ طَالُوتُ
293fc23b3c05	mulkahuː	2	مُلۡكَهُۥ
79f2a03f8dd1	ʔatːaːbuːt	2	ٱلتَّابُوتُ ٱلتَّابُوتِ
c751ff995098	tˤaːqah	2	طَاقَةَ
98f3929024bd	wad͡ʒunuːdihiː	2	وَجُنُودِهِۦ
091df3155f92	ɣalabat	2	غَلَبَتۡ
6d3def8261d7	fiʔahaː	2	فِئَةً
f188f6f64d4b	barazuː	2	بَرَزُواۡ
f9a1424640cb	ʔafriɣ	2	أَفۡرِغۡ
32927f04e063	waθabːit	2	وَثَبِّتۡ
57b505460fae	ʔaqᵊdaːmanaː	2	أَقۡدَامَنَا
6e3f91280a14	waⁿsˤurnaː	2	وَٱنصُرۡنَا
c66283ce639d	dafʕ	2	دَفۡعُ
fc2416dffe6e	lafasadat	2	لَّفَسَدَتِ لَفَسَدَتِ
b45c7012bd90	ʔiqᵊtataluː	2	ٱقۡتَتَلُواۡ
0f122adf73a0	juħiːtˤuːn	2	يُحِيطُونَ
b8359cc237e1	wajuʔmin	2	وَيُؤۡمِنۢ وَيُؤۡمِنُ
33eb0f491e47	ʔistamsak	2	ٱسۡتَمۡسَكَ
1c380a23eb02	bilʕurwah	2	بِٱلۡعُرۡوَةِ
fed3370ca80b	ʔalwuθqaː	2	ٱلۡوُثۡقَىٰ
03a79652b477	ʔawlijaːːʔuhum	2	أَوۡلِيَآؤُهُمُ أَوۡلِيَآؤُهُم
c541b714c44e	ʔaːtaːh	2	ءَاتَـٰهُ
8e36e9e519af	ʔariniː	2	أَرِنِى أَرِنِىٓ
a156ea2090b1	ʔarbaʕahaː	2	أَرۡبَعَةً
0b584b0df716	d͡ʒuzʔaː	2	جُزۡءًا
509863045566	manː̃aː	2	مَنًّا مَنَّۢا
2f4e9ec0e55c	tubᵊtˤiluː	2	تُبۡطِلُواۡ تُبۡطِلُوٓاۡ
e96c5ab1e75c	riʔaːːʔ	2	رِئَآءَ
d57ac90cdd46	famaθaluhuː	2	فَمَثَلُهُۥ
5a9731141aea	ʔaħadukum	2	أَحَدُكُمۡ
a6977453a947	ʔaxrad͡ʒᵊnaː	2	أَخۡرَجۡنَا
a4cd567c4385	tuⁿfiquːn	2	تُنفِقُونَ
892d674832c6	hudaːhum	2	هُدَٮٰهُمۡ
533c13bad8cc	juwafː	2	يُوَفَّ
c04f509357ff	dˤarbaː	2	ضَرۡبًا ضَرۡبَۢا
f89d1bc9aa72	mawʕiðˤah	2	مَوۡعِظَةٌ مَّوۡعِظَةٌ
5ec13a488efb	ʔarːibaːaː	2	ٱلرِّبَوٰٓاۡ
c3e1573e17ab	tubᵊtum	2	تُبۡتُمۡ
e96cbda826cd	ruʔuːs	2	رُءُوسُ
2586c4aae05b	tuwafːaː	2	تُوَفَّىٰ
785fe013bc2c	jaʔbᵊ	2	يَأۡبَ
96378ca14686	jaktubᵊ	2	يَكۡتُبَ يَكۡتُبُ
2562bf907eb1	ʕalːamah	2	عَلَّمَهُ
acf4af93cd57	waljatːaqᵊ	2	وَلۡيَتَّقِ
699fe34c835a	jastatˤiːʕ	2	يَسۡتَطِيعُ
512ae45b976c	rid͡ʒaːlikum	2	رِّجَالِكُمۡ
2c317b86273e	ʔaʃːuhadaːːʔ	2	ٱلشُّهَدَآءِ ٱلشُّهَدَآءُ
887f8a54fbc5	sˤaɣiːraː	2	صَغِيرًا
7273fa47005b	ʔaqᵊsatˤᵊ	2	أَقۡسَطُ
81546b08600b	waʔaʃhiduː	2	وَأَشۡهِدُوٓاۡ وَأَشۡهِدُواۡ
502c54a96ad3	ʔaʃːahaːdah	2	ٱلشَّهَـٰدَةَ
5ee2fa15909f	rusulihiː	2	رُّسُلِهِۦ
6b0648106c0f	jukalːif	2	يُكَلِّفُ
c2faa9fbab59	qabᵊlinaː	2	قَبۡلِنَا
003b4632da49	mawlaːnaː	2	مَوۡلَـٰنَا
f00155ee869b	fajatːabiʕuːn	2	فَيَتَّبِعُونَ
8e155c8598a4	wabᵊtiɣaːːʔ	2	وَٱبۡتِغَآءَ
bd7e785cc6bb	taʔwiːlahuː	2	تَأۡوِيلَهُۥٓ تَأۡوِيلَهُۥ
c00569c502e4	fiʔatajn	2	فِئَتَيۡنِ
b649c1fa5266	ħubːᵊ	2	حُبُّ حُبَّ
a9cac8656c5c	ʔaðːahabᵊ	2	ٱلذَّهَبِ ٱلذَّهَبَ
ae793b584abe	walfidˤːah	2	وَٱلۡفِضَّةِ وَٱلۡفِضَّةَ
673f84d318e7	walxajl	2	وَٱلۡخَيۡلِ وَٱلۡخَيۡلَ
0ba1a8c9ac03	ħusn	2	حُسۡنُ
90c2d72df726	wasˤːaːdiqiːn	2	وَٱلصَّـٰدِقِينَ
49d1a518d9d4	walqaːnitiːn	2	وَٱلۡقَـٰنِتِينَ
d6bb9017f142	wad͡ʒᵊhiː	2	وَجۡهِىَ
3ee327ccde7f	judᵊʕawn	2	يُدۡعَوۡنَ
cb3d38d507eb	wawufːijat	2	وَوُفِّيَتۡ
248ca1a9d749	tuʔtiː	2	تُؤۡتِى تُؤۡتِىٓ
c1bd3e549975	bijadik	2	بِيَدِكَ
173f15feb593	watuxrid͡ʒᵊ	2	وَتُخۡرِجُ
0c05470b2671	tatːaquː	2	تَتَّقُواۡ
bfbc8b90537a	wajuħaðːirukum	2	وَيُحَذِّرُكُمُ
43eb95598b10	bajnahaː	2	بَيۡنَهَا
59bbfc70d3e2	fatːabiʕuːniː	2	فَٱتَّبِعُونِى
9d4b7c83d196	baʕdˤuhaː	2	بَعۡضُهَا
dee5687afd93	naðart	2	نَذَرۡتُ
7c58e7c52108	ʔarːad͡ʒiːm	2	ٱلرَّجِيمِ
9ba4f4008bd2	nabaːtaː	2	نَبَاتًا
28b07d1ddace	daxal	2	دَخَلَ
1fc65019eb9b	jusˤalːiː	2	يُصَلِّى
3e8328427b65	jubaʃːiruk	2	يُبَشِّرُكَ يُبَشِّرُكِ
0fc5c9066f95	bikalimah	2	بِكَلِمَةٍ
348f10606072	ʔaːjatuk	2	ءَايَتُكَ
3eaa70b81021	walʔibᵊkaːr	2	وَٱلۡإِبۡكَـٰرِ
df694d89a93f	lirabːik	2	لِرَبِّكِ لِرَبِّكَ
8e4921cf167b	nuːħiːh	2	نُوحِيهِ
2bb32272c79f	julquːn	2	يُلۡقُونَ
139be9f5d849	wad͡ʒiːhaː	2	وَجِيهًا
86637e83d122	wakahlaː	2	وَكَهۡلًا
c2b1641973c9	jamsasniː	2	يَمۡسَسۡنِى
7be2f62b9c4c	watːawraːh	2	وَٱلتَّوۡرَٮٰةَ
34ad1a180068	kahajʔah	2	كَهَيۡــَٔةِ
e9e04ab68cc3	ʔalʔakmah	2	ٱلۡأَكۡمَهَ
4549fc9915fc	walʔabᵊrasˤ	2	وَٱلۡأَبۡرَصَ
b0f583dff1b8	wamusˤadːiqaː	2	وَمُصَدِّقًا
69ea282bba8f	jadajː	2	يَدَىَّ
3ccfe96e3b8c	ʔaⁿsˤaːriː	2	أَنصَارِىٓ
7b0579ea5707	waʃhadᵊ	2	وَٱشۡهَدۡ
5ce2a1489c1d	biʔanː̃aː	2	بِأَنَّا
1108e237a5ac	faktubᵊnaː	2	فَٱكۡتُبۡنَا
c532e0a02161	ʔalmaːkiriːn	2	ٱلۡمَـٰكِرِينَ
fa90f97ab8fe	fajuwafːiːhim	2	فَيُوَفِّيهِمۡ
64e0afa2165f	laʕnat	2	لَّعۡنَتَ لَعۡنَتَ
fd6bf3227008	bilmufsidiːn	2	بِٱلۡمُفۡسِدِينَ
4e90c71d2189	faquːluː	2	فَقُولُواۡ
88f61057b7ee	tuħaːːːd͡ʒːuːn	2	تُحَآجُّونَ
3c6f3c0d9a12	muslimaː	2	مُّسۡلِمًا مُسۡلِمًا
cb79e6962c28	judˤilːuːn	2	يُضِلُّونَ
92ad3fbe1342	juʔtaː	2	يُؤۡتَىٰٓ يُؤۡتَىٰ
55c6ab5295ae	bijadᵊ	2	بِيَدِ
483628331c91	taʔmanh	2	تَأۡمَنۡهُ
eb3c7016fdf4	juʔadːihiː	2	يُؤَدِّهِۦٓ
58b0df7b7241	ʔalʔumː̃ijːiːn	2	ٱلۡأُمِّيِّــۧنَ
9c6d59003bcb	biʕahdihiː	2	بِعَهۡدِهِۦ
88427d0f1705	watːaqaː	2	وَٱتَّقَىٰ
0adf90f4c350	ʕibaːdaː	2	عِبَادًا
c6505e73aedb	tadᵊrusuːn	2	تَدۡرُسُونَ
ef4b772a0023	wakarhaː	2	وَكَرۡهًا
bfe3d19b0ff9	ʔizdaːduː	2	ٱزۡدَادُواۡ
5d66ee773acf	tuqᵊbal	2	تُقۡبَلَ
7a03297bb99b	ʔaħadihim	2	أَحَدِهِم أَحَدِهِمۡ
f55d7517accc	tunazːal	2	تُنَزَّلَ
8e0b2883db4b	sˤadaqᵊ	2	صَدَقَ
195ee7254d24	wafiːkum	2	وَفِيكُمۡ
9f94bec518d1	waʕtasˤimuː	2	وَٱعۡتَصِمُواۡ
dff1288eaeb0	biħabᵊl	2	بِحَبۡلِ بِحَبۡلٍ
95477594c194	faʔasˤbaħtum	2	فَأَصۡبَحۡتُم
05459714c961	ʔixwaːnaː	2	إِخۡوٰنًا
29ea9b92e230	ʃafaː	2	شَفَا
2ed146c638e1	watuʔminuːn	2	وَتُؤۡمِنُونَ
e46a3dd3b003	θuqifuː	2	ثُقِفُوٓاۡ
27859dabddcc	lajsuː	2	لَيۡسُواۡ لَّيۡسُواۡ
105b3373fd02	qaːːʔimah	2	قَآئِمَةٌ
18fda27323da	ʔaːnaːːʔ	2	ءَانَآءَ
5dbd3125955f	jafʕaluː	2	يَفۡعَلُواۡ
dac50d905a12	bilmutːaqiːn	2	بِٱلۡمُتَّقِينَ
910063cb85a5	ðˤalamahum	2	ظَلَمَهُمُ
6fbb08702c05	xabaːlaː	2	خَبَالًا
04e9d35219ce	ʕanitːum	2	عَنِتُّمۡ
10ac91bf4908	badat	2	بَدَتِ بَدَتۡ
bc5e9f2326ba	tuxfiː	2	تُخۡفِى
373cff999108	ʔulaːːʔ	2	أُوۡلَآءِ
be778d120bcf	tasuʔhum	2	تَسُؤۡهُمۡ
6543d5f1329e	kajduhum	2	كَيۡدُهُمۡ
b1d53bb0d819	ʔahlik	2	أَهۡلِكَ
9a0a009f36fe	maqaːʕidᵊ	2	مَقَـٰعِدَ
a55d0c57a1be	hamː̃at	2	هَمَّت هَمَّتۡ
6252ea380c89	tˤaːːʔifataːn	2	طَّآئِفَتَانِ طَآئِفَتَانِ
9c65ef5bd7d9	nasˤarakum	2	نَصَرَكُمُ
4110adb648b8	ʔaðilːah	2	أَذِلَّةٌ أَذِلَّةٍ
3d1c9cf140be	ʔaːlaːf	2	ءَالَـٰفٍ
9008e91b746d	d͡ʒaʕalah	2	جَعَلَهُ
f0e0c76d3954	walitatˤᵊmaʔinː̃	2	وَلِتَطۡمَئِنَّ
acac4c70ecc4	wad͡ʒanː̃ah	2	وَجَنَّةٍ
5d1d3005c1d0	ʕardˤuhaː	2	عَرۡضُهَا
2027fe5141d5	fastaɣfaruː	2	فَٱسۡتَغۡفَرُواۡ
f7851420d8d3	ʔaðːunuːbᵊ	2	ٱلذُّنُوبَ
f5b48dbd19f2	sunan	2	سُنَنٌ سُنَنَ
9b11ee03b10d	fasiːruː	2	فَسِيرُواۡ
d9eaf6245982	wamawʕiðˤah	2	وَمَوۡعِظَةٌ
8508d0cd56d1	ʔalʔaʕlawn	2	ٱلۡأَعۡلَوۡنَ
88d4d6365112	qarħ	2	قَرۡحٌ
9bc0343c0da3	ʔalʔajːaːm	2	ٱلۡأَيَّامُ ٱلۡأَيَّامِ
cd677e939b6f	wajatːaxið	2	وَيَتَّخِذَ وَيَتَّخِذُ
515095f6c380	walijumaħːisˤ	2	وَلِيُمَحِّصَ
bc6f91c53bd2	qabᵊlih	2	قَبۡلِهِ
6c3998c8e5ca	ʔafaʔin	2	أَفَإِيۡن
3339e20ecbe1	maːt	2	مَّاتَ
a3828d7efb63	ʔiⁿqalabᵊtum	2	ٱنقَلَبۡتُمۡ
b8eb73c1bf7b	tamuːt	2	تَمُوتَ تَمُوتُ
3200d7f59283	ʔistakaːnuː	2	ٱسۡتَكَانُواۡ
79f3a5fd75fb	fataⁿqalibuː	2	فَتَنقَلِبُواۡ
b513a9aa95f7	sanulqiː	2	سَنُلۡقِى
be9038954829	ʔamanahaː	2	أَمَنَةً
a7b5fef85d16	juxfuːn	2	يُخۡفُونَ
431d82020a8a	ħasrahaː	2	حَسۡرَةً
57a92566feb0	qutiltum	2	قُتِلۡتُمۡ
87174059b970	mutːum	2	مُتُّمۡ مُّتُّمۡ
d43f16e46135	laʔilaː	2	لَإِلَى
c9eeca2be084	faʕf	2	فَٱعۡفُ
18e936728a69	fatawakːal	2	فَتَوَكَّلۡ
ca6290dc9da2	jaⁿsˤurkum	2	يَنصُرۡكُمُ يَنصُرۡكُمۡ
21d04594942a	jaⁿsˤurukum	2	يَنصُرُكُم
da2eebec51e9	baːːʔ	2	بَآءَ
671615e06f64	ʔasˤaːbatkum	2	أَصَـٰبَتۡكُم
0c165a610b30	fabiʔiðn	2	فَبِإِذۡنِ
46cb1430bf66	naːfaquː	2	نَافَقُواۡ
fb7b3b6b3e1a	jurzaquːn	2	يُرۡزَقُونَ
0fb4d14c077b	jalħaquː	2	يَلۡحَقُواۡ
6f4b1790f9cb	juxawːif	2	يُخَوِّفُ
2ca71fac9506	ʔawlijaːːʔahuː	2	أَوۡلِيَآءَهُۥ أَوۡلِيَآءَهُۥٓ
c830dbf72fd8	numliː	2	نُمۡلِى
b58b94768124	lijazdaːduː	2	لِيَزۡدَادُوٓاۡ
2f61877189bf	jad͡ʒᵊtabiː	2	يَجۡتَبِى يَجۡتَبِىٓ
3153302d967b	baxiluː	2	بَخِلُواۡ
ae1f6d499dcb	miːraːθ	2	مِيرٰثُ
71c35ec5f889	samiʕ	2	سَمِعَ
1d0ce019e031	faqiːr	2	فَقِيرٌ
42bad7c96798	sanaktubᵊ	2	سَنَكۡتُبُ
8d20dcc16273	wanaquːl	2	وَنَقُولُ
67249f685c43	wazːubur	2	وَٱلزُّبُرِ
c9b1d4fc79d0	ʔalmuniːr	2	ٱلۡمُنِيرِ
2d1e5ce279c0	ʔud͡ʒuːrakum	2	أُجُورَكُمۡ
e1696aa93aa3	waʔudᵊxil	2	وَأُدۡخِلَ
574586315174	faːz	2	فَازَ
6468882cac3f	ʔalɣuruːr	2	ٱلۡغُرُورِ
8f3fa5937331	jafraħuːn	2	يَفۡرَحُونَ
3979e2593d96	waquʕuːdaː	2	وَقُعُودًا
0653d9e7ccce	baːtˤilaː	2	بَـٰطِلًا
808a3de47f69	faʔaːmanː̃aː	2	فَـَٔـامَنَّا
381a10959f11	watawafːanaː	2	وَتَوَفَّنَا
0ca0db31f69d	waʔuːðuː	2	وَأُوذُواۡ
9a085245915b	waqaːtaluː	2	وَقَـٰتَلُواۡ
3449ab012ef5	laʔukafːiranː̃	2	لَأُكَفِّرَنَّ لَّأُكَفِّرَنَّ
10ebb7477aa0	ʔaθːawaːbᵊ	2	ٱلثَّوَابِ ٱلثَّوَابُ
d0fc38737b98	wanisaːːʔaː	2	وَنِسَآءً
97b45c6b5df5	raqiːbaː	2	رَقِيبًا رَّقِيبًا
abbfcb54cf93	waθulaːθ	2	وَثُلَـٰثَ
779e70d46bc8	warubaːʕ	2	وَرُبَـٰعَ
ac9829388bd3	balaɣuː	2	بَلَغُواۡ
2aaf7e5bbbab	ruʃdaː	2	رُشۡدًا
c8d713dc63c6	faqiːraː	2	فَقِيرًا
1f33ac7d8e3d	lilrːid͡ʒaːl	2	لِّلرِّجَالِ
8731c37c0734	walilnː̃isaːːʔ	2	وَلِلنِّسَآءِ
716796a776bd	mafruːdˤaː	2	مَّفۡرُوضًا
d8825cdb78c9	tarakuː	2	تَرَكُواۡ
9f7e71fe48d3	sadiːdaː	2	سَدِيدًا
1115a85c8b02	falahunː̃	2	فَلَهُنَّ
17f72ed53299	ʔabawaːh	2	أَبَوَاهُ
12a4a5df2c80	faliʔumː̃ih	2	فَلِأُمِّهِ
f8d0b6ea9115	ʔaθːuluθ	2	ٱلثُّلُثُ ٱلثُّلُثِ
a0f6475150bd	waʔabᵊnaːːʔukum	2	وَأَبۡنَآؤُكُمۡ
591328aa6d67	ʔarːubuʕ	2	ٱلرُّبُعُ
37dd64061451	taraktum	2	تَرَكۡتُمۡ تَرَكۡتُم
445a45d22829	ʔimraʔah	2	ٱمۡرَأَةٌ
2c80415b0bbb	ʔax	2	أَخٌ
85fef067e811	ʔuxt	2	أُخۡتٌ
57d38bff6c91	walːaːtiː	2	وَٱلَّـٰتِى
cc4b89275d59	ʃahiduː	2	شَهِدُواۡ
97419794e31a	faʔaʕridˤuː	2	فَأَعۡرِضُواۡ
360ef92f89e4	ʔaħadahum	2	أَحَدَهُمُ
32fcf12f4124	waʔaːtajtum	2	وَءَاتَيۡتُمۡ وَءَاتَيۡتُمُ
466fed5a4700	waʔaxawaːtukum	2	وَأَخَوٰتُكُمۡ وَأَخَوٰتُكُم
592568712cba	muħsˤiniːn	2	مُّحۡصِنِينَ مُحۡصِنِينَ
97bb082840ef	musaːfiħiːn	2	مُسَـٰفِحِينَ
932c4840c6e0	faʔaːtuːhunː̃	2	فَـَٔـاتُوهُنَّ
50c00684416e	jastatˤiʕ	2	يَسۡتَطِعۡ
e9d9f74028e2	jaⁿkiħ	2	يَنكِحَ يَنكِحُ
37055149ecbb	fatajaːtikum	2	فَتَيَـٰتِكُمُ فَتَيَـٰتِكُمۡ
8ca5ff2a60d2	ʔaxdaːn	2	أَخۡدَانٍ
60e569f750bf	wajahdijakum	2	وَيَهۡدِيَكُمۡ
f6accaed8658	tamiːluː	2	تَمِيلُواۡ
d5da4f078a3a	juxafːif	2	يُخَفِّفَ يُخَفِّفۡ
f80f5995310a	mudᵊxalaː	2	مُّدۡخَلًا
04951e32d644	ʔiktasabuː	2	ٱكۡتَسَبُواۡ
5cf6bf0f7197	wasʔaluː	2	وَسۡــَٔلُواۡ
87679b828a5a	nasˤiːbahum	2	نَصِيبَهُمۡ
8600ebce4155	qaːnitaːt	2	قَـٰنِتَـٰتٌ قَـٰنِتَـٰتٍ
ff6b96f25b54	lilɣajbᵊ	2	لِّلۡغَيۡبِ لِلۡغَيۡبِ
d9a085cd68fc	ʔalmadˤaːd͡ʒiʕ	2	ٱلۡمَضَاجِعِ
9333f2f8b368	bajnihimaː	2	بَيۡنِهِمَا
4c77a41dbb4a	fabᵊʕaθuː	2	فَٱبۡعَثُواۡ فَٱبۡعَثُوٓاۡ
b92aa04b1824	ħakamaː	2	حَكَمًا
7be45c022073	wald͡ʒaːr	2	وَٱلۡجَارِ
a654c2655ce3	bilbuxl	2	بِٱلۡبُخۡلِ
3864bc3f916a	biljawm	2	بِٱلۡيَوۡمِ
d6f8d0616946	qariːnaː	2	قَرِينًا
29e73c48213d	wajuʔt	2	وَيُؤۡتِ
1ac67840754a	ladunh	2	لَّدُنۡهُ
37f7926d9447	waʕasˤaw	2	وَعَصَوُاۡ وَعَصَوۡاۡ
aae0c4e2671e	sukaːraː	2	سُكَـٰرَىٰ
2adceca5a02c	d͡ʒunubaː	2	جُنُبًا
42d6b99dab67	ʔalɣaːːʔitˤᵊ	2	ٱلۡغَآئِطِ
3889f0312dce	laːmastum	2	لَـٰمَسۡتُمُ
00b81e564e3b	fatajamː̃amuː	2	فَتَيَمَّمُواۡ
d28389d419d8	famsaħuː	2	فَٱمۡسَحُواۡ
836b821efd3b	biwud͡ʒuːhikum	2	بِوُجُوهِكُمۡ
1b11bc924beb	waʔajdiːkum	2	وَأَيۡدِيكُمۡ وَأَيۡدِيكُم
3799fbd27e3b	tadˤilːuː	2	تَضِلُّواۡ
95c0934dbb79	wasmaʕ	2	وَٱسۡمَعۡ
e9b4a679743f	biʔalsinatihim	2	بِأَلۡسِنَتِهِمۡ بِأَلۡسِنَتِهِم
5a69aec11015	juzakːiː	2	يُزَكِّى
c0b64617ef9d	naqiːraː	2	نَقِيرًا
f3ade24368b9	mulkaː	2	مُّلۡكًا مُلۡكًا
3851b6ace291	bid͡ʒahanː̃am	2	بِجَهَنَّمَ
ca4c8aa6b18e	d͡ʒuluːduhum	2	جُلُودُهُم جُلُودُهُمۡ
d2b4bf1378bd	sanudᵊxiluhum	2	سَنُدۡخِلُهُمۡ
de7d6f964ae9	taʔwiːlaː	2	تَأۡوِيلًا
2bb4a2a9e1b8	lawad͡ʒaduː	2	لَوَجَدُواۡ
ecfa2ab7b0f3	ħarad͡ʒaː	2	حَرَجًا
fb2cbc617ec9	qadˤajt	2	قَضَيۡتَ قَضَيۡتُ
0c13a21f107a	tasliːmaː	2	تَسۡلِيمًا
a69158969596	wasˤːaːliħiːn	2	وَٱلصَّـٰلِحِينَ
d15cce49ed12	ħiðrakum	2	حِذۡرَكُمۡ
d220fb263bd7	mawadːah	2	مَوَدَّةٌ مَّوَدَّةَ
6bf724aebd28	nuʔtiːh	2	نُؤۡتِيهِ
31f28e3f6c8c	tuqaːtiluːn	2	تُقَـٰتِلُونَ
297df23b6367	walmustadˤʕafiːn	2	وَٱلۡمُسۡتَضۡعَفِينَ
887154bb4099	wanː̃isaːːʔ	2	وَٱلنِّسَآءِ
5fe923958f0e	walwildaːn	2	وَٱلۡوِلۡدٰنِ
436f63cb5385	ʔaðˤːaːlim	2	ٱلظَّالِمِ ٱلظَّالِمُ
45cea11a7ff8	ʔahluhaː	2	أَهۡلُهَا أَهۡلُهَآ
f6216449a043	famaːl	2	فَمَالِ
83aed1b307bf	jubajːituːn	2	يُبَيِّتُونَ
1d0659ba65dd	jatadabːaruːn	2	يَتَدَبَّرُونَ
a519690cdd70	ʔalʔamn	2	ٱلۡأَمۡنِ ٱلۡأَمۡنُ
9dd01cb990b4	baʔsaː	2	بَأۡسًا
8c7276896b41	ʃafaːʕahaː	2	شَفَـٰعَةً
4d606c39fb14	rudːuːhaː	2	رُدُّوهَآ رُدُّوهَا
82c22b4c04a5	lajad͡ʒᵊmaʕanː̃akum	2	لَيَجۡمَعَنَّكُمۡ
d2f9fc8ba839	ʔasˤdaqᵊ	2	أَصۡدَقُ
ba90dd2b8e3b	ʔaturiːduːn	2	أَتُرِيدُونَ
74faabc05aae	faxuðuːhum	2	فَخُذُوهُمۡ
5b105323e8da	wad͡ʒatːumuːhum	2	وَجَدتُّمُوهُمۡ
0799e3b1b404	waʔalqaw	2	وَأَلۡقَوۡاۡ
8487bc97609f	limuʔmin	2	لِمُؤۡمِنٍ
ae5c7858fafd	jaqᵊtul	2	يَقۡتُلَ يَقۡتُلۡ
48763f2eb4b7	xatˤaʔaː	2	خَطَــًٔا
22729fed7ca4	ʃahrajn	2	شَهۡرَيۡنِ
e680fe431fd0	mutataːbiʕajn	2	مُتَتَابِعَيۡنِ
de087e3a0d1c	tawbahaː	2	تَوۡبَةً
1eb62acfb16c	mutaʕamː̃idaː	2	مُّتَعَمِّدًا
ce468d14150e	faʕiⁿdᵊ	2	فَعِندَ
2e2d0be4212c	famanː̃	2	فَمَنَّ
d4496db3eae6	ðˤaːlimiː	2	ظَالِمِىٓ
14b08e7c11a8	fiːm	2	فِيمَ
83b50bf54a31	waljaʔxuðuː	2	وَلۡيَأۡخُذُوٓاۡ وَلۡيَأۡخُذُواۡ
4900b9e6f355	taʔlamuːn	2	تَأۡلَمُونَ
c6c1e4c53ef9	ʔaraːk	2	أَرَٮٰكَ
64b321f30e21	tud͡ʒaːdil	2	تُجَـٰدِلۡ تُجَـٰدِلُ
dd00bd196b4a	jastaxfuːn	2	يَسۡتَخۡفُونَ
f496ac94d220	muħiːtˤaː	2	مُحِيطًا مُّحِيطًا
4ebd72493cf9	jastaɣfir	2	يَسۡتَغۡفِرِ يَسۡتَغۡفِرۡ
4d5dd57942c5	jaksibᵊ	2	يَكۡسِبۡ
3ffad3e6f27f	judˤilːuːk	2	يُضِلُّوكَ
02a0bcba3f7c	juʃaːqiqᵊ	2	يُشَاقِقِ
f8d6a24fb389	wajatːabiʕ	2	وَيَتَّبِعۡ وَيَتَّبِعُ
eff7f388c8c1	ʃajtˤaːnaː	2	شَيۡطَـٰنًا
41c986fb2938	laʕanah	2	لَّعَنَهُ
1a9f39af9a63	walaʔamuranː̃ahum	2	وَلَأَمُرَنَّهُمۡ
aa939bad6fac	juftiːkum	2	يُفۡتِيكُمۡ
98dbc548f680	taⁿkiħuːhunː̃	2	تَنكِحُوهُنَّ
b0f0f454a4b8	ʔalwildaːn	2	ٱلۡوِلۡدٰنِ ٱلۡوِلۡدٰنَ
d31cf0155a1e	taquːmuː	2	تَقُومُواۡ
51775b905508	saʕatihiː	2	سَعَتِهِۦ
7779d5da5fa6	wasˤːajnaː	2	وَصَّيۡنَا
2a3e0fb31841	qawːaːmiːn	2	قَوّٰمِينَ
fa4a9c14df69	lijahdijahum	2	لِيَهۡدِيَهُمۡ
9134922136be	taqᵊʕuduː	2	تَقۡعُدُواۡ
3295acfa30fe	ɣajrihiː	2	غَيۡرِهِۦٓ غَيۡرِهِۦ
144a7b95d7e4	kusaːlaː	2	كُسَالَىٰ
ff917d530d3b	juraːːʔuːn	2	يُرَآءُونَ
9f6906fa8e68	waʕtasˤamuː	2	وَٱعۡتَصَمُواۡ
05e90f4e9bbe	ʃakartum	2	شَكَرۡتُمۡ
6a93376e27af	waʔaːmaⁿtum	2	وَءَامَنتُمۡ وَءَامَنتُم
ba4151065134	jufarːiquː	2	يُفَرِّقُواۡ
368418146984	jasʔaluk	2	يَسۡــَٔلُكَ
ca156a748977	tunazːil	2	تُنَزِّلَ
cf9be487eb05	ʔarinaː	2	أَرِنَا
dc133c957164	biðˤulmihim	2	بِظُلۡمِهِمۡ بِظُلۡمِهِم
590e6fe80717	naqᵊdˤihim	2	نَقۡضِهِم
51914f2b13c4	qataluːh	2	قَتَلُوهُ
157218d394b7	mawtihiː	2	مَوۡتِهِۦ مَوۡتِهِۦٓ
d4d623e17abb	ʔuħilːat	2	أُحِلَّتۡ
f1d627744b91	wajuːnus	2	وَيُونُسَ
74f0046a21bf	zabuːraː	2	زَبُورًا
acc84d939cd0	warusulaː	2	وَرُسُلًا
fbdccf68e788	ʔaⁿzalahuː	2	أَنزَلَهُۥ أَنزَلَهُۥٓ
2aec9c7aff2e	waðˤalamuː	2	وَظَلَمُواۡ وَظَلَمُوٓاۡ
5717001e01e0	tˤariːqaː	2	طَرِيقًا
f3fdbf8e0621	tˤariːqᵊ	2	طَرِيقَ طَرِيقٍ
6bbbdee4ce66	taɣluː	2	تَغۡلُواۡ
7b032531c145	jastaⁿkif	2	يَسۡتَنكِفَ يَسۡتَنكِفۡ
e5c21c091454	wajahdiːhim	2	وَيَهۡدِيهِمۡ
7f6a8165278f	jariθuhaː	2	يَرِثُهَآ يَرِثُهَا
416b2da52da5	ʃanaʔaːn	2	شَنَـَٔـانُ
18dd4129a025	watːaqᵊwaː	2	وَٱلتَّقۡوَىٰ
ad8ce30cf1ed	jaʔis	2	يَئِسَ
10aa196d4819	waxʃawn	2	وَٱخۡشَوۡنِ
5a74650d5825	maxmasˤah	2	مَخۡمَصَةٍ مَخۡمَصَةٌ
88d1fef22aa2	waʔajdijakum	2	وَأَيۡدِيَكُمۡ
5357ae574eb5	lijutˤahːirakum	2	لِيُطَهِّرَكُمۡ لِّيُطَهِّرَكُم
4cf98224c55c	ʔiθnaː	2	ٱثۡنَىۡ ٱثۡنَا
8903250678b6	tatˤːaliʕ	2	تَطَّلِعُ
f7294c08ffdb	xaːːʔinah	2	خَآئِنَةٍ خَآئِنَةَ
8a816c74f7c7	rasuːlunaː	2	رَسُولُنَا
528de19df104	tuxfuːn	2	تُخۡفُونَ
c46596361e8c	ridˤwaːnahuː	2	رِضۡوٰنَهُۥ
43829fee8b95	subul	2	سُبُلَ
29d5419b9e25	juhlik	2	يُهۡلِكَ
9ecb0048dc2c	waʔumː̃ahuː	2	وَأُمَّهُۥ وَأُمَّهُۥٓ
192209bfd37f	baʃiːr	2	بَشِيرٍ بَشِيرٌ
122eede75eb7	waʔaːtaːkum	2	وَءَاتَـٰكُم
56f6c48743d4	d͡ʒabːaːriːn	2	جَبَّارِينَ
a3c906a0c065	nadᵊxulahaː	2	نَّدۡخُلَهَا نَّدۡخُلَهَآ
787c6bf0f3e3	faʔinː̃akum	2	فَإِنَّكُمۡ
01220d5bd7a7	faðhabᵊ	2	فَٱذۡهَبۡ
b27493952acc	waʔaxiː	2	وَأَخِى
fc8e0745dfbd	sanahaː	2	سَنَةً
6e073d338955	taʔs	2	تَأۡسَ
f479ce86ee76	qurbaːnaː	2	قُرۡبَانًا
65908de51d06	jutaqabːal	2	يُتَقَبَّلۡ يُتَقَبَّلَ
54e98a64c112	nafsuhuː	2	نَفۡسُهُۥ
3bcecdfa9656	qatl	2	قَتۡلَ
446edc18c31a	faqatalahuː	2	فَقَتَلَهُۥ
1b584498cb02	juːaːriː	2	يُوٰرِى
d9ebe9ecec6b	sawʔah	2	سَوۡءَةَ
6844319cb0c7	ʔaħjaːhaː	2	أَحۡيَاهَا
7b03664fffe4	wajasʕawn	2	وَيَسۡعَوۡنَ
f5aae39c19d9	waʔard͡ʒuluhum	2	وَأَرۡجُلُهُم
c0073952415b	taqᵊdiruː	2	تَقۡدِرُواۡ
c150babf7a97	ʔalwasiːlah	2	ٱلۡوَسِيلَةَ
fe5c65657f7f	ðˤulmihiː	2	ظُلۡمِهِۦ
c6b5c1ebfde6	lilkaðibᵊ	2	لِلۡكَذِبِ
61d5bbbdb7a2	faxuðuːh	2	فَخُذُوهُ
197304c663d2	tamlik	2	تَمۡلِكَ تَمۡلِكُ
201c2a89593a	ħukm	2	حُكۡمُ
3e766838f57f	jatawalːawn	2	يَتَوَلَّوۡنَ
97e46a3321a2	wanuːr	2	وَنُورٌ
657f8fb9c930	walʔaħbaːr	2	وَٱلۡأَحۡبَارُ
dc51fb766493	wakatabᵊnaː	2	وَكَتَبۡنَا
0f8e5dd55c9f	binː̃afs	2	بِٱلنَّفۡسِ
4c3848659aa8	biʕiːsaː	2	بِعِيسَى
53295ee28cfe	lad͡ʒaʕalakum	2	لَجَعَلَكُمۡ
44f8fb42bcf6	ʔuħkum	2	ٱحۡكُم
56394ed1bde7	jusˤiːbahum	2	يُصِيبَهُم يُصِيبَهُمۡ
ad0776df39c7	ðunuːbihim	2	ذُنُوبِهِمۡ ذُنُوبِهِمُ
2165368aa0e5	ʔaqᵊsamuː	2	أَقۡسَمُواۡ
b8a72c578419	ʔaʕizːah	2	أَعِزَّةٍ أَعِزَّةَ
d7673a978c3d	walkufːaːr	2	وَٱلۡكُفَّارَ
714366556f11	ʔakθarakum	2	أَكۡثَرَكُمۡ
4aa493e508b3	biʃarː	2	بِشَرٍّ
fdfdc22f3934	ʔasːuħt	2	ٱلسُّحۡتَ
6653356b5b71	walajaziːdanː̃	2	وَلَيَزِيدَنَّ
0d3ffd85e0eb	ʔaqaːmuː	2	أَقَامُواۡ
44a4c5ba21a8	ʔard͡ʒulihim	2	أَرۡجُلِهِم أَرۡجُلِهِمۡ
ab20a26191c1	risaːlatahuː	2	رِسَالَتَهُۥ
fd4729edf50c	lastum	2	لَسۡتُمۡ لَّسۡتُمۡ
fe0e94823c6d	wasˤamː̃uː	2	وَصَمُّواۡ
08d26dc37bc9	warabːakum	2	وَرَبَّكُمۡ
cd1e5019c1bf	jaⁿtahuː	2	يَنتَهُواۡ
0be265eee165	ʔataʕbuduːn	2	أَتَعۡبُدُونَ
5486aa5fb016	ʔaʕjunahum	2	أَعۡيُنَهُمۡ
3f92e8753c88	tafiːdˤ	2	تَفِيضُ
9d2bc7ddda11	ʔadːamʕ	2	ٱلدَّمۡعِ
a639904c3663	ʔaħalː	2	أَحَلَّ
ad203d8c1efc	ʔalʔajmaːn	2	ٱلۡأَيۡمَـٰنَ
81e0bdd50ec5	ʔitˤᵊʕaːm	2	إِطۡعَامُ إِطۡعَـٰمٌ
df3296e735ab	masaːkiːn	2	مَسَـٰكِينَ
987db5f9260a	rasuːlinaː	2	رَسُولِنَا
3a03ddf2d055	baːliɣ	2	بَـٰلِغَ بَـٰلِغُ
5c3b8cb32e22	ʔalkaʕbah	2	ٱلۡكَعۡبَةِ ٱلۡكَعۡبَةَ
3e5e74f19dc7	sˤajdᵊ	2	صَيۡدُ
b49b7ea8596a	waħurːim	2	وَحُرِّمَ
4915d2cdd154	walhadᵊj	2	وَٱلۡهَدۡىَ
49b138e7402c	ʔaʕd͡ʒabak	2	أَعۡجَبَكَ
ac3450223662	tubᵊdᵊ	2	تُبۡدَ
aced39a5ecec	ʃahaːdah	2	شَهَـٰدَةُ شَهَـٰدَةَ
0f5dac5c4881	fajuqᵊsimaːn	2	فَيُقۡسِمَانِ
6df7249c1e43	ʔirtabᵊtum	2	ٱرۡتَبۡتُمۡ
ad5287bade14	ʔanː̃ahumaː	2	أَنَّهُمَا
8c719407c6f9	d͡ʒiʔtahum	2	جِئۡتَهُم
42222975dd18	maːːʔidahaː	2	مَآئِدَةً
dba2337a734c	watatˤᵊmaʔinː̃	2	وَتَطۡمَئِنَّ وَتَطۡمَئِنُّ
a67c368674da	wanaʕlam	2	وَنَعۡلَمَ وَنَعۡلَمُ
c26e16b9717a	ʔuʕaðːibuhuː	2	أُعَذِّبُهُۥ أُعَذِّبُهُۥٓ
286ee4c56b00	ʔaʔaⁿt	2	ءَأَنتَ
5d0c70f7ad84	ʔilaːhajn	2	إِلَـٰهَيۡنِ
b7e0134acfbc	tuʕaðːibᵊhum	2	تُعَذِّبۡهُمۡ
288ae4bc9e85	tamtaruːn	2	تَمۡتَرُونَ
e95b35cb261c	numakːin	2	نُمَكِّن
192ddbe8c270	waʔaⁿʃaʔnaː	2	وَأَنشَأۡنَا
7afe2d53d699	qarnaː	2	قَرۡنًا
f5c01b47bb6b	lad͡ʒaʕalnaːh	2	لَّجَعَلۡنَـٰهُ لَجَعَلۡنَـٰهُ
cd2603b32224	faħaːqᵊ	2	فَحَاقَ
d1a0e7261058	nafsih	2	نَفۡسِهِ
f054a0637cf9	sakan	2	سَكَنَ سَكَنٌ
7108edb0853f	ʔatːaxið	2	أَتَّخِذُ أَتَّخِذۡ
fa10d09ce7e6	kaːʃif	2	كَاشِفَ
1131a14fafb6	ʔalqaːhir	2	ٱلۡقَاهِرُ
845a3579aaac	waʔuːħiː	2	وَأُوحِىَ
f292d39494b8	naħʃuruhum	2	نَحۡشُرُهُمۡ
6ed3b189b797	jud͡ʒaːdiluːnak	2	يُجَـٰدِلُونَكَ
e8da0b1e94e5	juhlikuːn	2	يُهۡلِكُونَ
cb88e9cf2354	wuqifuː	2	وُقِفُواۡ
91a2e742ad5a	jaːlajtanaː	2	يَـٰلَيۡتَنَا يَـٰلَيۡتَنَآ
85ba1a39df1c	nuradːᵊ	2	نُرَدُّ
78a5b67a5804	nukaðːibᵊ	2	نُكَذِّبَ نُكَذِّبُ
87d149440c9f	badaː	2	بَدَا
9e9bb56c4d84	bimabᵊʕuːθiːn	2	بِمَبۡعُوثِينَ
0fb1d4d6f5f9	warabːinaː	2	وَرَبِّنَا
f4ad31f71a57	farːatˤᵊnaː	2	فَرَّطۡنَا
aec4901b3b0b	jaħmiluːn	2	يَحۡمِلُونَ
1547a0edd903	ʔawzaːrahum	2	أَوۡزَارَهُمۡ
5372bf175f17	jaziruːn	2	يَزِرُونَ
ce571014626f	kuðːibat	2	كُذِّبَتۡ
db10afa36324	nasˤrunaː	2	نَصۡرُنَا
38748df3fc65	tabᵊtaɣiː	2	تَبۡتَغِىَ تَبۡتَغِى
6f218d47c143	jastad͡ʒiːbᵊ	2	يَسۡتَجِيبُ
a37082aa23f8	qaːdir	2	قَادِرٌ
4e820fd3a575	ʔamθaːlukum	2	أَمۡثَالُكُم أَمۡثَالُكُمۡ
34df714a8659	ʔaraʔajtakum	2	أَرَءَيۡتَكُمۡ
e734e8dc87a8	bilbaʔsaːːʔ	2	بِٱلۡبَأۡسَآءِ
09ca17175e55	jatadˤarːaʕuːn	2	يَتَضَرَّعُونَ
c1907c003438	ʔaxaðnaːhum	2	أَخَذۡنَـٰهُم
ace92e1bb6ba	walħamdᵊ	2	وَٱلۡحَمۡدُ
c53957d366f2	waxatam	2	وَخَتَمَ
4210001ecdb7	juhlak	2	يُهۡلَكُ
ee1966c8abbc	bilɣadaːh	2	بِٱلۡغَدَوٰةِ
04c65e254325	walʕaʃijː	2	وَٱلۡعَشِىِّ
2e02aa9f9d50	ħisaːbihim	2	حِسَابِهِم
c518852143b5	biʔaʕlam	2	بِأَعۡلَمَ
c1b2a4beaa14	faʔanː̃ahuː	2	فَأَنَّهُۥ
f75cdf65033f	nuhiːt	2	نُهِيتُ
b4f3c814fab2	dˤalalt	2	ضَلَلۡتُ
0fa1067ddcca	ʔalmuhtadiːn	2	ٱلۡمُهۡتَدِينَ
70592e0269ed	jaqusˤː	2	يَقُصُّ
28307156a6c0	jaʕlamuhaː	2	يَعۡلَمُهَآ يَعۡلَمُهَا
99ed724fb9ae	binː̃ahaːr	2	بِٱلنَّهَارِ
56b0c213574a	junabːiʔukum	2	يُنَبِّئُكُم يُنَبِّئُكُمۡ
632a01eea18b	mawlaːhum	2	مَوۡلَـٰهُمُ
3a1178c3299c	ʔasraʕ	2	أَسۡرَعُ
3d2bce03c5fb	junad͡ʒːiːkum	2	يُنَجِّيكُم
6ec486c172ae	waxufjahaː	2	وَخُفۡيَةً
a1c16f20e82f	fawqikum	2	فَوۡقِكُمۡ
cdd4eb95c23e	waðakːir	2	وَذَكِّرۡ
1345e5934f1e	ʔaqiːmuː	2	أَقِيمُواۡ
c750e4bacd94	ʔasˤnaːmaː	2	أَصۡنَامًا
bc48eeafe251	kawkabaː	2	كَوۡكَبًا
da88266938ab	ʔafal	2	أَفَلَ
392b06c553c3	fatˤar	2	فَطَرَ
8d880382452e	ʔaʃraktum	2	أَشۡرَكۡتُمۡ أَشۡرَكۡتُم
6b9799d9ab2c	faʔajː	2	فَأَىُّ فَأَىَّ
227ce04e1c7a	narfaʕ	2	نَرۡفَعُ
ceabf01dbb54	wazakarijːaː	2	وَزَكَرِيَّا وَزَكَرِيَّآ
5d0d6ff9e512	wajaħjaː	2	وَيَحۡيَىٰ
a98c0faff5ce	waljasaʕ	2	وَٱلۡيَسَعَ
183b665a3d64	ðarhum	2	ذَرۡهُمۡ
96a1748ddd3f	ʔaxrid͡ʒuː	2	أَخۡرِجُوٓاۡ
ad9511125eaf	d͡ʒiʔtumuːnaː	2	جِئۡتُمُونَا
f4f52e246730	taqatˤːaʕ	2	تَّقَطَّعَ تَقَطَّعَ
e2806d642949	faːliqᵊ	2	فَالِقُ
0f809c44de0e	sakanaː	2	سَكَنًا
bfd16484283f	ħusbaːnaː	2	حُسۡبَانًا
350a41ebfeef	nuxrid͡ʒᵊ	2	نُّخۡرِجُ نُخۡرِجُ
b1d3d8dfd015	ʔanː̃axl	2	ٱلنَّخۡلِ
3247c6ad7958	daːnijah	2	دَانِيَةٌ
efe43d422444	warːumː̃aːn	2	وَٱلرُّمَّانَ
d19027ce9a15	mutaʃaːbih	2	مُتَشَـٰبِهٍ
5635a13ca47c	ʔaθmar	2	أَثۡمَرَ
15e5243e9337	baniːn	2	بَنِينَ
1bbee36cde16	ʔalːatˤiːf	2	ٱللَّطِيفُ
2e6c1440a743	biħafiːðˤ	2	بِحَفِيظٍ
de958f1a0dec	ʔitːabiʕ	2	ٱتَّبِعۡ
1c668babe620	qubulaː	2	قُبُلًا
be20a1b4e276	zuxruf	2	زُخۡرُفَ زُخۡرُفٍ
eeb7a92966dd	likalimaːtihiː	2	لِكَلِمَـٰتِهِۦ
74550a283651	sajud͡ʒᵊzawn	2	سَيُجۡزَوۡنَ
21c190921483	ʔawaman	2	أَوَمَن
e65b6ed97491	sajusˤiːbᵊ	2	سَيُصِيبُ
df93191eecf3	lilʔislaːm	2	لِلۡإِسۡلَـٰمِ
22382af72ee5	dˤajːiqaː	2	ضَيِّقًا
bc92dc1ebca0	walijːuhum	2	وَلِيُّهُم وَلِيُّهُمُ
d738d9c95420	ʔistamtaʕ	2	ٱسۡتَمۡتَعَ
77f3db5eafc0	jaqusˤːuːn	2	يَقُصُّونَ
55e6afb21a66	wajuⁿðiruːnakum	2	وَيُنذِرُونَكُمۡ
91ab0ca84627	muhlik	2	مُهۡلِكَ
20684a15f9af	wajastaxlif	2	وَيَسۡتَخۡلِفۡ وَيَسۡتَخۡلِفُ
ffe0d55fb10b	laʔat	2	لَأَتٍ
e063ccb57253	ðaraʔ	2	ذَرَأَ
253ed4d8c146	bizaʕmihim	2	بِزَعۡمِهِمۡ
0ca2c9c03937	jasˤil	2	يَصِلُ
fae6797846c0	ʃurakaːːʔihim	2	شُرَكَآئِهِمۡ
e0a0f784bb11	zajːan	2	زَيَّنَ
8d381d0cbd1b	ʃurakaːːʔuhum	2	شُرَكَآؤُهُمۡ شُرَكَآؤُهُم
1d86c931b2e7	ħid͡ʒᵊr	2	حِجۡرٌ حِجۡرٍ
aab449798bda	waʔanʕaːm	2	وَأَنۡعَـٰمٌ
77e74043c45b	ʔiftiraːːʔaː	2	ٱفۡتِرَآءً
80b0fdd669a2	sajad͡ʒᵊziːhim	2	سَيَجۡزِيهِم سَيَجۡزِيهِمۡ
22bc1f0c3a76	ʔazwaːd͡ʒinaː	2	أَزۡوٰجِنَا
bafc38d226d7	majtahaː	2	مَّيۡتَةً مَيۡتَةً
965dde0fb06d	ʔaⁿʃaʔ	2	أَنشَأَ
36ad83446440	maʕruːʃaːt	2	مَّعۡرُوشَـٰتٍ مَعۡرُوشَـٰتٍ
74a4c6ec7948	tusrifuː	2	تُسۡرِفُوٓاۡ
36b2f3becc34	ʔaːlðːakarajn	2	ءَآلذَّكَرَيۡنِ
4bef01d7dcb1	ʔiʃtamalat	2	ٱشۡتَمَلَتۡ
431f3e9a438c	ʔarħaːm	2	أَرۡحَامُ
2464214b4efe	ʔalʔibil	2	ٱلۡإِبِلِ
38226844aa21	laħm	2	لَحۡمَ
1bb5062bbbb6	ħamalat	2	حَمَلَتۡ
d9098de89812	d͡ʒazajnaːhum	2	جَزَيۡنَـٰهُم
f1d57f2c4346	ðaːquː	2	ذَاقُواۡ
4a847bea0d80	lahadaːkum	2	لَهَدَٮٰكُمۡ
31afecf79a11	halumː̃	2	هَلُمَّ
09dbb2fa3696	ʔimlaːqᵊ	2	إِمۡلَـٰقٍ
5d9ad8307370	ʔalfawaːħiʃ	2	ٱلۡفَوٰحِشَ
3946fbe9f894	batˤan	2	بَطَنَ
1d4fbc509bd5	fatːabiʕuːh	2	فَٱتَّبِعُوهُ
8a784b3e5999	watafsˤiːlaː	2	وَتَفۡصِيلًا
b5499a1e4769	laɣaːfiliːn	2	لَغَـٰفِلِينَ
521617dc994a	ʔiːmaːnuhaː	2	إِيمَـٰنُهَا إِيمَـٰنُهَآ
ad6606faf481	farːaquː	2	فَرَّقُواۡ
8c7f75b873bc	ʕaʃr	2	عَشۡرُ عَشۡرٍ
684b0166c248	miθlahaː	2	مِثۡلَهَا
2a531f26c16a	hadaːniː	2	هَدَٮٰنِى
15521b81918b	makːanː̃aːkum	2	مَكَّنَّـٰكُمۡ مَّكَّنَّـٰكُمۡ
41f0291a6045	maʕaːjiʃ	2	مَعَـٰيِشَ
29114a514314	tasd͡ʒudᵊ	2	تَسۡجُدَ
57f54a93f782	xalaqᵊtaniː	2	خَلَقۡتَنِى
43371b52a84c	waxalaqᵊtahuː	2	وَخَلَقۡتَهُۥ
fa50c1867a72	ʔasˤːaːɣiriːn	2	ٱلصَّـٰغِرِينَ
5850ffbeb85b	ʔaɣwajtaniː	2	أَغۡوَيۡتَنِى
5eea22d7cd82	ʔuxrud͡ʒᵊ	2	ٱخۡرُجۡ
63308b4ed710	fawaswas	2	فَوَسۡوَسَ
c3b80e5dedf3	sawʔaːtihimaː	2	سَوۡءٰتِهِمَا سَوۡءٰتِهِمَآ
14ed2ffc3aca	rabːukumaː	2	رَبُّكُمَا رَّبُّكُمَا
c86491a80ec5	takuːnaː	2	تَكُونَا
c4bfeb4b7e02	sawʔaːtuhumaː	2	سَوۡءٰتُهُمَا
ce62b5806883	watˤafiqaː	2	وَطَفِقَا
49fbbef27781	jaxsˤifaːn	2	يَخۡصِفَانِ
11e01e0426f5	waraqᵊ	2	وَرَقِ
664a3297eaea	rabːuhumaː	2	رَبُّهُمَآ رَبُّهُمَا
384b0d361b82	qaːlaː	2	قَالَا
fa85930c54e2	jaraːkum	2	يَرَٮٰكُمۡ يَرَٮٰكُم
f9b88b26bd70	masd͡ʒidᵊ	2	مَسۡجِدٍ
80968a78dee7	wadᵊʕuːh	2	وَٱدۡعُوهُ
ba4d0b4624d4	liʕibaːdihiː	2	لِعِبَادِهِۦ
e345e9a8c9dd	watˤːajːibaːt	2	وَٱلطَّيِّبَـٰتِ وَٱلطَّيِّبَـٰتُ
420e712394e1	walbaɣj	2	وَٱلۡبَغۡىَ وَٱلۡبَغۡىِ
3eb50770b3d4	janaːluhum	2	يَنَالُهُمۡ يَنَالُهُمُ
a7e3c7331517	dˤiʕfaː	2	ضِعۡفًا
dcf5d5d2861c	dˤiʕf	2	ضِعۡفٌ ضِعۡفَ
79eeba5ff8ae	ɣilː	2	غِلٍّ
0708bf99640a	lihaːðaː	2	لِهَـٰذَا
1a8a448067ad	ʔuːriθtumuːhaː	2	أُورِثۡتُمُوهَا
4cd9b10ddd73	wad͡ʒatːum	2	وَجَدتُّم وَجَدتُّمۡ
2a2ea63478eb	muʔaðːin	2	مُؤَذِّنُۢ مُؤَذِّنٌ
510e428205c1	ʔalʔaʕraːf	2	ٱلۡأَعۡرَافِ
aee8803665fb	wanaːdaw	2	وَنَادَوۡاۡ
d327518ef241	tilqaːːʔ	2	تِلۡقَآءَ
ace9ceaa60f5	ʔaqᵊsamtum	2	أَقۡسَمۡتُمۡ أَقۡسَمۡتُم
c2e37a477f1a	taħzanuːn	2	تَحۡزَنُونَ
108772ce9d65	jawmihim	2	يَوۡمِهِمۡ يَوۡمِهِمُ
7e5d8adc59be	fasˤːalnaːh	2	فَصَّلۡنَـٰهُ
e432863ed3fd	taʔwiːluhuː	2	تَأۡوِيلُهُۥ
b2119b0da7ea	juɣʃiː	2	يُغۡشِى
dcf1f96682aa	ʔisˤlaːħihaː	2	إِصۡلَـٰحِهَا
aeceb112bdc6	nabaːtuhuː	2	نَبَاتُهُۥ
f1cbc625dddb	ʔubalːiɣukum	2	أُبَلِّغُكُمۡ
22a084e0ebc7	ʔawaʕad͡ʒibᵊtum	2	أَوَعَجِبۡتُمۡ
b63c84d37f70	lijuⁿðirakum	2	لِيُنذِرَكُمۡ
27b58a363e2c	safaːhah	2	سَفَاهَةٍ سَفَاهَةٌ
d0218478d24c	wanaðar	2	وَنَذَرَ وَّنَذَرُ
9208e0325bd4	ʔasmaːːʔ	2	أَسۡمَآءٍ أَسۡمَآءٌ
1b309e5fc248	faðaruːhaː	2	فَذَرُوهَا
4d02ac17bc8b	qusˤuːraː	2	قُصُورًا قُصُورَۢا
00f92b019633	watanħituːn	2	وَتَنۡحِتُونَ
53b58f666ce3	waʕataw	2	وَعَتَوۡاۡ وَعَتَوۡ
ecbd6b5b8ecb	jaːsˤaːliħ	2	يَـٰصَـٰلِحُ
8fa266e4675b	wanasˤaħt	2	وَنَصَحۡتُ
c44174345e95	sabaqakum	2	سَبَقَكُم
ff09429b341b	ʃahwahaː	2	شَهۡوَةً
519d31945483	musrifuːn	2	مُّسۡرِفُونَ
6e1777507500	qarjatikum	2	قَرۡيَتِكُمۡ
e924660e431e	jatatˤahːaruːn	2	يَتَطَهَّرُونَ
93bbabdaf63e	fasˤbiruː	2	فَٱصۡبِرُواۡ فَٱصۡبِرُوٓاۡ
fe9c6ff1139a	lataʕuːdunː̃	2	لَتَعُودُنَّ
8397cc518b57	milːatinaː	2	مِلَّتِنَا
13a7df2ddb66	nad͡ʒːaːnaː	2	نَجَّـٰنَا
355170e00d72	ʔafaʔamin	2	أَفَأَمِنَ
02d90111150c	naːːʔimuːn	2	نَآئِمُونَ
778cc59aa07a	dˤuħaː	2	ضُحًى
2c377cabe6b1	ʔafaʔaminuː	2	أَفَأَمِنُواۡ أَفَأَمِنُوٓاۡ
4d404b3a6c74	jariθuːn	2	يَرِثُونَ
1bd2177083c9	faðˤalamuː	2	فَظَلَمُواۡ
d18c00a058cc	jaːfirʕawn	2	يَـٰفِرۡعَوۡنُ
25bac0edd4f1	bibajːinah	2	بِبَيِّنَةٍ
3242c1221a4a	θuʕbaːn	2	ثُعۡبَانٌ
d62e4093abc5	wanazaʕ	2	وَنَزَعَ
a6a14d1077e9	juxrid͡ʒakum	2	يُخۡرِجَكُم
fea5a92cfb0a	ʔard͡ʒih	2	أَرۡجِهۡ
bc224bba544b	tulqiː	2	تُلۡقِىَ
847323d9f916	nakuːn	2	نَّكُونَ
e32e9950e045	ʔalqaw	2	أَلۡقَوۡاۡ
67367b8373c1	bisiħr	2	بِسِحۡرٍ
aa097cbe217e	ʔalqᵊ	2	أَلۡقِ
1abf48278702	jaʔfikuːn	2	يَأۡفِكُونَ
b9843fcea373	laʔuqatˤːiʕanː̃	2	لَأُقَطِّعَنَّ
6f09db4380c7	muⁿqalibuːn	2	مُنقَلِبُونَ
0a3ca6f89a52	d͡ʒiʔtanaː	2	جِئۡتَنَا
fec8ded26c7f	ʔatˤːuːfaːn	2	ٱلطُّوفَانَ ٱلطُّوفَانُ
788e02e92bbc	jaⁿkuθuːn	2	يَنكُثُونَ
54546bc1da59	waʔawraθnaː	2	وَأَوۡرَثۡنَا
46f97570f599	jaʕriʃuːn	2	يَعۡرِشُونَ
50fa478bdb5b	wad͡ʒaːwaznaː	2	وَجَـٰوَزۡنَا
89abc840fe0b	bibaniː	2	بِبَنِىٓ
d97fdbf7eacf	wabaːtˤil	2	وَبَـٰطِلٌ
80a67a9a4d92	ʔaⁿd͡ʒajnaːkum	2	أَنجَيۡنَـٰكُم
be6669eb1b56	biʕaʃr	2	بِعَشۡرٍ بِعَشۡرِ
517cb64f86d0	miːqaːt	2	مِيقَـٰتُ مِيقَـٰتِ
6220423eb623	waʔasˤliħ	2	وَأَصۡلِحۡ
57e3e7bab634	limiːqaːtinaː	2	لِمِيقَـٰتِنَا لِّمِيقَـٰتِنَا
73967195f4df	taraːniː	2	تَرَٮٰنِى
ae29b4a1ea26	ʔald͡ʒabal	2	ٱلۡجَبَلِ ٱلۡجَبَلَ
ae087cd10f35	tad͡ʒalːaː	2	تَجَلَّىٰ
c2b20a95a0fa	waxarː	2	وَخَرَّ
6d0f1500a29f	saʔuriːkum	2	سَأُوۡرِيكُمۡ
0b2dfb9ad10f	jatːaxiðuːh	2	يَتَّخِذُوهُ
6dfa924c0393	ʕid͡ʒᵊlaː	2	عِجۡلًا
383bfda7d6f9	xuwaːr	2	خُوَارٌ
206b6eb34d13	ɣadˤbaːn	2	غَضۡبَـٰنَ
8d9f4a094651	ʔasifaː	2	أَسِفًا
d3a1230a4b8f	waʔaxað	2	وَأَخَذَ
a64c3645720a	tad͡ʒᵊʕalniː	2	تَجۡعَلۡنِى
7a64a24590ea	sabᵊʕiːn	2	سَبۡعِينَ
33d8a243ff01	walijːunaː	2	وَلِيُّنَا
b72a35a57124	ʔalʔumː̃ijː	2	ٱلۡأُمِّىَّ ٱلۡأُمِّىِّ
870c5fc9bbb2	ʔalxabaːːʔiθ	2	ٱلۡخَبَـٰٓئِثَ
b54e7837c0b1	wabihiː	2	وَبِهِۦ
c557007a6ee6	waqatˤːaʕnaːhum	2	وَقَطَّعۡنَـٰهُمُ وَقَطَّعۡنَـٰهُمۡ
f814dd6cbda2	ʔumamaː	2	أُمَمًا
c0ad9254bfbe	ʔuskunuː	2	ٱسۡكُنُواۡ
71ede63797ef	ʔaⁿd͡ʒajnaː	2	أَنجَيۡنَا
ca8fdf9f3d4b	taʔaðːan	2	تَأَذَّنَ
c554a46cfca9	faxalaf	2	فَخَلَفَ
6fc73d68b639	xalf	2	خَلۡفٌ
c2da8faa829f	ʔalʔadᵊnaː	2	ٱلۡأَدۡنَىٰ
d5232cad5342	wadːaːr	2	وَٱلدَّارُ وَٱلدَّارَ
93c8a342d103	ʔalmusˤliħiːn	2	ٱلۡمُصۡلِحِينَ
84e744b8a90b	ʔalɣaːwiːn	2	ٱلۡغَاوِينَ
3b2a7411948c	jalhaθ	2	يَلۡهَثۡ يَلۡهَث
a467dd8aa751	kalʔanʕaːm	2	كَٱلۡأَنۡعَـٰمِ
d46d6bbfbd99	ʔalɣaːfiluːn	2	ٱلۡغَـٰفِلُونَ
7a0ee7d3ca89	fadᵊʕuːh	2	فَٱدۡعُوهُ
431d8ca572e0	sanastadᵊrid͡ʒuhum	2	سَنَسۡتَدۡرِجُهُم
5bb47d703a1f	waʔumliː	2	وَأُمۡلِى
bc7d7f47ea24	kajdiː	2	كَيۡدِى
eaa00ac3202d	matiːn	2	مَتِينٌ
adde510e8281	jatafakːaruː	2	يَتَفَكَّرُواۡ
4ad064a7176c	jaⁿðˤuruː	2	يَنظُرُواۡ يَنظُرُوٓاۡ
489915dfdff0	ʔiqᵊtarabᵊ	2	ٱقۡتَرَبَ
d02a19d21060	baʕdahuː	2	بَعۡدَهُۥ
e740de36a43e	mursaːhaː	2	مُرۡسَـٰهَا
7361f3a7c35d	taʔtiːkum	2	تَأۡتِيكُمۡ
cd086a12a392	wabaʃiːr	2	وَبَشِيرٌ
0e46169e818d	ʔaːtaːhumaː	2	ءَاتَـٰهُمَا
8350faf5f1cf	jaⁿsˤuruːn	2	يَنصُرُونَ
1f0a0f042126	walijːiː	2	وَلِــِّۧىَ وَلِىِّۦ
e9100cd49cc4	jasmaʕuː	2	يَسۡمَعُواۡ
5d14d4157bbc	wataraːhum	2	وَتَرَٮٰهُمۡ
d556e29b80cf	jaⁿzaɣanː̃ak	2	يَنزَغَنَّكَ
02de20e610cc	nazɣ	2	نَزۡغٌ
1abecbbd7dcb	tˤaːːʔif	2	طَـٰٓئِفٌ طَآئِفٌ
e9eea42a9d31	taʔtihim	2	تَأۡتِهِم
7bfed4d6cca1	quriʔ	2	قُرِئَ
ec124311df84	fastamiʕuː	2	فَٱسۡتَمِعُواۡ
5a2028149790	ʔalɣaːfiliːn	2	ٱلۡغَـٰفِلِينَ
170bbb73a086	ʔalʔaⁿfaːl	2	ٱلۡأَنفَالِ ٱلۡأَنفَالُ
7296222a4172	wad͡ʒilat	2	وَجِلَتۡ
8f09d3a1b047	bajtik	2	بَيۡتِكَ
b23aac59794d	wajuðhibᵊ	2	وَيُذۡهِبَ وَيُذۡهِبۡ
a5b8718b4264	wajuθabːit	2	وَيُثَبِّتَ وَيُثَبِّتۡ
65510f47872b	ʃaːːːqːuː	2	شَآقُّواۡ
643cf951afd0	ramajt	2	رَمَيۡتَ
c62a33b70938	taⁿtahuː	2	تَنتَهُواۡ
8c4ab4c9e91a	taʕuːduː	2	تَعُودُواۡ
f3b227abe0cf	tasmaʕuːn	2	تَسۡمَعُونَ
97f9cbfe7e52	ʔadːawaːːːbːᵊ	2	ٱلدَّوَآبِّ
84d5c3de4bb2	ʔistad͡ʒiːbuː	2	ٱسۡتَجِيبُواۡ
a9d23fa18144	daʕaːkum	2	دَعَاكُمۡ
3891d4510b3f	waqalbihiː	2	وَقَلۡبِهِۦ
aa58e70d25ee	waʔawlaːdukum	2	وَأَوۡلَـٰدُكُمۡ
44899d705dd0	lijuʕaðːibahum	2	لِيُعَذِّبَهُمۡ لِيُعَذِّبَهُم
ff50403f6be9	jastaɣfiruːn	2	يَسۡتَغۡفِرُونَ
016abf985cae	kulːuhuː	2	كُلُّهُۥ
db6247d5c9f7	ʔanː̃asˤiːr	2	ٱلنَّصِيرُ
5488205204e8	ɣanimtum	2	غَنِمۡتُم غَنِمۡتُمۡ
11eabdc6210c	faʔanː̃	2	فَأَنَّ
1e5cb94aa593	waliðiː	2	وَلِذِى
0c864079cd44	bilʕudᵊwah	2	بِٱلۡعُدۡوَةِ
fc5fe07222c2	lijaqᵊdˤiː	2	لِّيَقۡضِىَ لِيَقۡضِىَ
c8ec8d0f214e	ħajː	2	حَىَّ حَىٍّ
e48052c62194	lasamiːʕ	2	لَسَمِيعٌ لَسَمِيعُ
6efe35467e0b	ʔaʕjunihim	2	أَعۡيُنِهِمۡ
c0595d78db8e	tarawn	2	تَرَوۡنَ
3a7660ebf968	jatawafːaː	2	يَتَوَفَّى
3020913ceca6	waʔadᵊbaːrahum	2	وَأَدۡبَـٰرَهُمۡ
e762969c4532	juɣajːiruː	2	يُغَيِّرُواۡ
90fb75ba22ad	ʕahdahum	2	عَهۡدَهُمۡ
383f91902d52	ʔalħarbᵊ	2	ٱلۡحَرۡبِ ٱلۡحَرۡبُ
23875a322f9d	ʔalxaːːʔiniːn	2	ٱلۡخَآئِنِينَ
97b8b6eab9d7	waʕaduwːakum	2	وَعَدُوَّكُمۡ
64db21206eb3	juriːduː	2	يُرِيدُوٓاۡ يُرِيدُواۡ
8e7b398ddbfb	miʔatajn	2	مِاۡئَتَيۡنِ
640d03b16fa0	dˤaʕfaː	2	ضَعۡفًا
d7880cd429f4	ʔasraː	2	أَسۡرَىٰ
6b3e4ff91d1b	lamasːakum	2	لَمَسَّكُمۡ
1e0b205f7ba2	ʔaːwaw	2	ءَاوَواۡ
661474bdc1df	wanasˤaruː	2	وَّنَصَرُوٓاۡ
e48c966b7841	baraːːʔah	2	بَرَآءَةٌ
ef44f9378303	muʕd͡ʒiziː	2	مُعۡجِزِى
aaff843b9cb1	fastaqiːmuː	2	فَٱسۡتَقِيمُواۡ فَٱسۡتَقِيمُوٓاۡ
32dde6acfa76	ðimː̃ahaː	2	ذِمَّةً
ca1236824c2a	nakaθuː	2	نَّكَثُوٓاۡ
449ee058aa29	wahamː̃uː	2	وَهَمُّواۡ
730336c14194	juʕaðːibᵊhum	2	يُعَذِّبۡهُمُ
24626e2aa410	ʃaːhidiːn	2	شَـٰهِدِينَ
e58b666d8575	ʔaʕðˤam	2	أَعۡظَمُ
b3b964e8653b	ʔistaħabːuː	2	ٱسۡتَحَبُّواۡ
7f1c7a8f51f8	waʔazwaːd͡ʒukum	2	وَأَزۡوٰجُكُمۡ
c38dc7f33942	wadˤaːqat	2	وَضَاقَتۡ
27c6f0cf42d5	raħubat	2	رَحُبَتۡ
8603201cb22b	sˤaːɣiruːn	2	صَـٰغِرُونَ
e9bbdde6b7ab	qaːtalahum	2	قَـٰتَلَهُمُ
663f7a07b758	lijaʕbuduː	2	لِيَعۡبُدُوٓاۡ لِيَعۡبُدُواۡ
dab36b39568e	lajaʔkuluːn	2	لَيَأۡكُلُونَ
271082098e60	ʃahraː	2	شَهۡرًا
5f09ec4af410	taⁿfiruː	2	تَنفِرُواۡ
61999c0f4215	θaːniː	2	ثَانِىَ
7f8f5c41e67e	lisˤaːħibihiː	2	لِصَـٰحِبِهِۦ
4a18df3794ea	bid͡ʒunuːdᵊ	2	بِجُنُودٍ
fc15a545410f	jastaʔðinuk	2	يَسۡتَــٔۡذِنُكَ
d6fd5811a081	jud͡ʒaːhiduː	2	يُجَـٰهِدُواۡ
a7ae1e01d820	lamuħiːtˤah	2	لَمُحِيطَةُۢ
b4e2f0bacded	tusˤibᵊk	2	تُصِبۡكَ
ed67c85af01e	natarabːasˤ	2	نَتَرَبَّصُ نَّتَرَبَّصُ
6d039de87ca0	jusˤiːbakum	2	يُصِيبَكُمُ يُصِيبَكُم
ea648e8f707a	tuʕd͡ʒibᵊk	2	تُعۡجِبۡكَ
8d4cff5fdb4b	watazhaqᵊ	2	وَتَزۡهَقَ
6a1e2a16519f	wajaħlifuːn	2	وَيَحۡلِفُونَ
dfac92e10d87	lawalːaw	2	لَّوَلَّوۡاۡ لَوَلَّوُاۡ
23652e735a61	raːɣibuːn	2	رٰغِبُونَ
07cf04701a4d	jaħðar	2	يَحۡذَرُ
034eab5fc7f6	naxuːdˤ	2	نَخُوضُ
fa6f8f815435	waʔaːjaːtihiː	2	وَءَايَـٰتِهِۦ
c12d6d9490d3	ħasbuhum	2	حَسۡبُهُمۡ
f0caad65c642	walaʕanahum	2	وَلَعَنَهُمُ وَلَعَنَهُمۡ
30f9f030ff10	waʔakθar	2	وَأَكۡثَرَ وَأَكۡثَرُ
86a3f80ba0ab	ʔamwaːlaː	2	أَمۡوٰلًا
57971a7b8ea4	waʔawlaːdaː	2	وَأَوۡلَـٰدًا
9116b9b92c58	bixalaːqihim	2	بِخَلَـٰقِهِمۡ
93b3f7751233	walmuʔtafikaːt	2	وَٱلۡمُؤۡتَفِكَـٰتِ وَٱلۡمُؤۡتَفِكَـٰتُ
8f2560fa3725	d͡ʒaːhidᵊ	2	جَـٰهِدِ
f524dc2821d0	waɣluðˤ	2	وَٱغۡلُظۡ
da95f3cd24ec	wakafaruː	2	وَكَفَرُواۡ
6c06c9d0d82a	janaːluː	2	يَنَالُواۡ
876893668152	naqamuː	2	نَقَمُوٓاۡ نَقَمُواۡ
d473f05e1491	jatuːbuː	2	يَتُوبُواۡ
a6cf5945b356	ʕaːhadᵊ	2	عَـٰهَدَ
9cab36370ff7	watawalːaw	2	وَتَوَلَّواۡ
806a2d875126	jalqawnahuː	2	يَلۡقَوۡنَهُۥ
5948e6b11793	sirːahum	2	سِرَّهُمۡ
6f00a7c80af0	wanad͡ʒᵊwaːhum	2	وَنَجۡوَٮٰهُمۡ وَنَجۡوَٮٰهُم
21a4219d60e6	ʔistaɣfir	2	ٱسۡتَغۡفِرۡ
68e0abc14564	fariħ	2	فَرِحَ
10f9cadfa441	wakarihuː	2	وَكَرِهُوٓاۡ وَكَرِهُواۡ
34fbedd4f2dd	ʔalħarː	2	ٱلۡحَرِّ ٱلۡحَرَّ
e93c95c41ae7	taqum	2	تَقُمۡ
6f1bb04136fd	ʔatˤːawl	2	ٱلطَّوۡلِ
4cf40a5fa0d3	ʔalxawaːlif	2	ٱلۡخَوَالِفِ
0df33753a276	jastaʔðinuːnak	2	يَسۡتَــٔۡذِنُونَكَ
2fc37671b6a3	ʕamalakum	2	عَمَلَكُمۡ
5ea174690c8b	turadːuːn	2	تُرَدُّونَ
03973e00b38b	wasˤalawaːt	2	وَصَلَوٰتِ وَصَلَوٰتٌ
d5f37590f94e	wasːaːbiquːn	2	وَٱلسَّـٰبِقُونَ
9e7d1efd377d	ʔalmuhaːd͡ʒiriːn	2	ٱلۡمُهَـٰجِرِينَ
2f5ac30a3159	walʔaⁿsˤaːr	2	وَٱلۡأَنصَارِ
f01049bda6ef	ħawlakum	2	حَوۡلَكُم
5aa9475a4943	waʔaːxar	2	وَءَاخَرَ وَءَاخَرُ
3045638594a7	sˤadaqahaː	2	صَدَقَةً
8794317611b6	jaqᵊbal	2	يَقۡبَلُ
02837e2ee040	masd͡ʒidaː	2	مَسۡجِدًا مَّسۡجِدًا
f0e021ad9ef5	ʔasːas	2	أَسَّسَ
f734a964417a	bunjaːnahuː	2	بُنۡيَـٰنَهُۥ
04699653c1fa	taqᵊwaː	2	تَقۡوَىٰ تَقۡوَى
429796ad1e4d	waʔamwaːlahum	2	وَأَمۡوٰلَهُم وَأَمۡوٰلَهُمۡ
740e45882a81	lilnː̃abijː	2	لِلنَّبِىِّ
e10b184c2fcb	waʕadahaː	2	وَعَدَهَآ وَعَدَهَا
76b0c5e90f94	hadaːhum	2	هَدَٮٰهُمۡ هَدَٮٰهُمُ
09762c14a610	saːʕah	2	سَاعَةِ سَاعَةٍ
bb203c31a081	kaːdᵊ	2	كَادَ
f4fc34225bf0	mald͡ʒaʔ	2	مَلۡجَأَ مَّلۡجَإٍ
e8e4a067b211	jaɣiːðˤ	2	يَغِيظُ
62c7dc08c525	sˤaɣiːrahaː	2	صَغِيرَةً
9d5ac224d2b0	kabiːrahaː	2	كَبِيرَةً
2a1c46617893	lijad͡ʒᵊzijahum	2	لِيَجۡزِيَهُمُ
2f812de2e39f	nafar	2	نَفَرَ نَفَرٌ
5f50cf4f8e68	rad͡ʒaʕuː	2	رَجَعُوٓاۡ
c26b489b7519	jaħðaruːn	2	يَحۡذَرُونَ
26b7650c2908	fazaːdathum	2	فَزَادَتۡهُمۡ
c8d80cdd772c	ħasbiː	2	حَسۡبِىَ
76699b4275c9	ʔaⁿðir	2	أَنذِرِ أَنذِرۡ
d664f5c9bf34	qadam	2	قَدَمَ قَدَمُۢ
2252249eb842	manaːzil	2	مَنَازِلَ
c771059ffbd7	ʔasːiniːn	2	ٱلسِّنِينَ
e20823e704f1	walħisaːbᵊ	2	وَٱلۡحِسَابَ
ed3debd1d7bc	jufasˤːil	2	يُفَصِّلُ
96d1b7fc613f	ʔixtilaːf	2	ٱخۡتِلَـٰفِ ٱخۡتِلَـٰفُ
77c54f023c51	bilxajr	2	بِٱلۡخَيۡرِ
f508615c314f	daʕaːnaː	2	دَعَانَا
d4e3b172f3b5	lilmusrifiːn	2	لِلۡمُسۡرِفِينَ
9d9684e55673	wad͡ʒaːːʔathum	2	وَجَآءَتۡهُمۡ
960a5eb1b8cb	ʔiʔt	2	ٱئۡتِ
c59818f4b214	biriːħ	2	بِرِيحٍ
df19cac265d3	wafariħuː	2	وَفَرِحُواۡ
f3ae7f9bedb8	ʕaːsˤif	2	عَاصِفٌ عَاصِفٍ
456236a2364e	ʔalmawd͡ʒᵊ	2	ٱلۡمَوۡجُ
6d82ac13d067	kamaːːʔ	2	كَمَآءٍ
bfdd5689aeac	faxtalatˤᵊ	2	فَٱخۡتَلَطَ
9ac89b2401a5	nahaːraː	2	نَهَارًا
0211851b3234	ħasˤiːdaː	2	حَصِيدًا
f0892346dfd3	ʔijːaːnaː	2	إِيَّانَا
1849907b7cfb	tusˤrafuːn	2	تُصۡرَفُونَ
8e428ca5eee3	fasaquː	2	فَسَقُوٓاۡ فَسَقُواۡ
75cd03445a25	juftaraː	2	يُفۡتَرَىٰ
acee459065da	tasˤdiːqᵊ	2	تَصۡدِيقَ
397663d631cc	watafsˤiːl	2	وَتَفۡصِيلَ
12a07927a37f	faʔilajnaː	2	فَإِلَيۡنَا
606debc694e2	jastaʕd͡ʒil	2	يَسۡتَعۡجِلُ
7da127c18d75	ʔaːːːlʔaːn	2	ءَآلۡـَٔـٰنَ
c2b4cb4e5279	ʔanː̃adaːmah	2	ٱلنَّدَامَةَ
d16c66f9ba47	waʃifaːːʔ	2	وَشِفَآءٌ
5749612a0cf5	ʔaːlːaːh	2	ءَآللَّهُ
09cfd2d6a18c	taftaruːn	2	تَفۡتَرُونَ
e4a665ef8402	ʃuhuːdaː	2	شُهُودًا
1f296157dd09	tufiːdˤuːn	2	تُفِيضُونَ
718e0df246e5	jaʕzubᵊ	2	يَعۡزُبُ
ec320a4e7afa	ʔasˤɣar	2	أَصۡغَرَ أَصۡغَرُ
dd207cd1e70a	tabᵊdiːl	2	تَبۡدِيلَ
acda3565bbf7	jufliħuːn	2	يُفۡلِحُونَ
fa03c77a899f	ʔaʃːadiːdᵊ	2	ٱلشَّدِيدَ ٱلشَّدِيدِ
4122c349d53b	maqaːmiː	2	مَّقَامِى مَقَامِى
b6ca91564a52	faʔad͡ʒᵊmiʕuː	2	فَأَجۡمِعُوٓاۡ فَأَجۡمِعُواۡ
e0882ec5595f	saʔaltukum	2	سَأَلۡتُكُم
88d3cbb5f694	fad͡ʒaːːʔuːhum	2	فَجَآءُوهُم
ff9e2ff9e089	ʔalkibᵊrijaːːʔ	2	ٱلۡكِبۡرِيَآءُ
86c0711e0c5e	mulquːn	2	مُّلۡقُونَ
7bdeed77f69f	d͡ʒiʔtum	2	جِئۡتُم جِئۡتُمۡ
72ad556d43d2	jusˤliħ	2	يُصۡلِحُ يُصۡلِحۡ
55cf095e41db	wajuħiqːᵊ	2	وَيُحِقُّ
487da9b28e38	biraħmatik	2	بِرَحۡمَتِكَ
b09c6504e22b	ʔaːtajt	2	ءَاتَيۡتَ
d91fc34a90b0	ziːnahaː	2	زِينَةً
baef6bb3d31d	lijudˤilːuː	2	لِيُضِلُّواۡ لِّيُضِلُّواۡ
437ee7040365	faʔatbaʕahum	2	فَأَتۡبَعَهُمۡ
faa3dd179ce2	bawːaʔnaː	2	بَوَّأۡنَا
e47a90169753	jaqᵊraʔuːn	2	يَقۡرَءُونَ
35919b4bb116	juːnus	2	يُونُسَ
3a1ff6a68850	nunad͡ʒːiː	2	نُنَجِّى
aeb17e0477fd	diːniː	2	دِينِى
ffd01a745d57	ladun	2	لَّدُنۡ
b941e48eb025	fadˤlahuː	2	فَضۡلَهُۥ
e3f9f544dd2b	θijaːbahum	2	ثِيَابَهُمۡ
fbfde62835ff	rizquhaː	2	رِزۡقُهَا
0fcfe4d9526a	mabᵊʕuːθuːn	2	مَّبۡعُوثُونَ
1fa6c75665ef	maʕduːdah	2	مَّعۡدُودَةٍ مَعۡدُودَةٍ
61b59847c169	ʔaðaqᵊnaːh	2	أَذَقۡنَـٰهُ
4e117833ee4a	masːath	2	مَسَّتۡهُ
9cb1d21d08ae	falaʕalːak	2	فَلَعَلَّكَ
13f6054df04a	sˤadᵊruk	2	صَدۡرُكَ
1d83de21535f	waziːnatahaː	2	وَزِينَتَهَا
3556536afbcf	fanː̃aːr	2	فَٱلنَّارُ
3a862740ccf0	ʔinː̃ah	2	إِنَّهُ
bbe7a5253177	ʔalʔaʃhaːdᵊ	2	ٱلۡأَشۡهَـٰدُ
baa05f1fd166	muʕd͡ʒiziːn	2	مُعۡجِزِينَ
911838ed48e3	ʔalʔaxsaruːn	2	ٱلۡأَخۡسَرُونَ
992ceea2fbb7	jastawijaːn	2	يَسۡتَوِيَانِ
b2024601cc92	waʔaːtaːniː	2	وَءَاتَـٰنِى
fa78c9e31547	bitˤaːridᵊ	2	بِطَارِدِ
85eb96bfe72e	jaⁿsˤuruniː	2	يَنصُرُنِى
aeda19d1be41	jaⁿfaʕukum	2	يَنفَعُكُمۡ
a45b8a8cc4c7	ʔiftarajtuhuː	2	ٱفۡتَرَيۡتُهُۥ
107c36bab7fb	qawmik	2	قَوۡمِكَ
519bd5ec13bb	tabᵊtaʔis	2	تَبۡتَئِسۡ
ab4bc0a648b1	wawaħjinaː	2	وَوَحۡيِنَا
cd228bc417ba	tuxaːtˤibᵊniː	2	تُخَـٰطِبۡنِى
525af63a41fa	wajaħilː	2	وَيَحِلُّ
75e0697a9ff7	wafaːr	2	وَفَارَ
741c02db82eb	ʔatːanː̃uːr	2	ٱلتَّنُّورُ
be3b5dc217c2	ʔahliː	2	أَهۡلِى
9693eec31235	waʔilːaː	2	وَإِلَّا
9a4202e3427e	waʔutbiʕuː	2	وَأُتۡبِعُواۡ
4d5d72ddabda	ʕaːdaː	2	عَادًا
4e2e8e03f47a	tadᵊʕuːnaː	2	تَدۡعُونَآ
f677e368d18c	jawmiʔið	2	يَوۡمِئِذٍ يَوۡمِئِذِۭ
bba4b97f1f96	bilbuʃraː	2	بِٱلۡبُشۡرَىٰ
11f00b758143	biʕid͡ʒᵊl	2	بِعِجۡلٍ
25782aec2fe4	wamraʔatuhuː	2	وَٱمۡرَأَتُهُۥ
f68f2171e8c4	biʔisħaːqᵊ	2	بِإِسۡحَـٰقَ
fb4d12623f61	ʕad͡ʒuːz	2	عَجُوزٌ
16a080c492f0	ʃajxaː	2	شَيۡخًا
d288b4ab69e0	ʕad͡ʒiːbᵊ	2	عَجِيبٌ
4d8fa67632f8	mad͡ʒiːdᵊ	2	مَّجِيدٌ
ead482bffaa6	siːːʔ	2	سِىٓءَ
092c01743615	wadˤaːqᵊ	2	وَضَاقَ
96cc27b22f48	ðarʕaː	2	ذَرۡعًا
9237f55dbdb9	juhraʕuːn	2	يُهۡرَعُونَ
e1488f8a6fa1	banaːtiː	2	بَنَاتِى بَنَاتِىٓ
894c5661f712	ʔatˤᵊhar	2	أَطۡهَرُ
3fcfb0d5b641	tuxzuːn	2	تُخۡزُونِ
b1fe5d195b79	dˤajfiː	2	ضَيۡفِىٓ ضَيۡفِى
ec942f79f60a	jaːluːtˤᵊ	2	يَـٰلُوطُ
a20cc6398718	biqitˤᵊʕ	2	بِقِطۡعٍ
bac4f30b7935	jaltafit	2	يَلۡتَفِتۡ
a937e2974c30	ʔimraʔatak	2	ٱمۡرَأَتَكَ
2bb0ef2d0c08	ʔasˤːubᵊħ	2	ٱلصُّبۡحُ
07933266a6b8	ʕaːlijahaː	2	عَـٰلِيَهَا
555fcfbba4fd	saːfilahaː	2	سَافِلَهَا
cfe858050715	maⁿdˤuːdᵊ	2	مَّنضُودٍ
29ab7f17155a	musawːamahaː	2	مُّسَوَّمَةً
9f3ed3b62342	bibaʕiːdᵊ	2	بِبَعِيدٍ
3dce40dd0885	ʔalmikjaːl	2	ٱلۡمِكۡيَالَ
ab7c09f1fa5f	laʔaⁿt	2	لَأَنتَ
d23193154419	ʔuniːbᵊ	2	أُنِيبُ
47f5a8215d26	waraːːʔakum	2	وَرَآءَكُمۡ
daf732793c92	kaːðibᵊ	2	كَـٰذِبٌ
6d83ca416661	raqiːbᵊ	2	رَقِيبٌ
9dbd3badaf07	ʔaxð	2	أَخۡذُ أَخۡذَ
5f2745bf581e	zafiːr	2	زَفِيرٌ
e62c712e7c49	daːmat	2	دَامَتِ
410f5f3385a1	faʕːaːl	2	فَعَّالٌ
59f21c06c786	ʕatˤaːːʔaː	2	عَطَآءً
ec961af01dfc	faxtulif	2	فَٱخۡتُلِفَ
5624a7abed14	fuʔaːdak	2	فُؤَادَكَ
c2d6eb79c301	faʕbudᵊh	2	فَٱعۡبُدۡهُ
b1e28952e129	wajutimː̃	2	وَيُتِمُّ وَيُتِمَّ
2cb35f5e3ac9	lilsːaːːʔiliːn	2	لِّلسَّآئِلِينَ
ea2d4d20ef48	watakuːnuː	2	وَتَكُونُواۡ
d7d77120025e	ɣajaːbat	2	غَيَـٰبَتِ
84c03d1466ce	ʔald͡ʒubːᵊ	2	ٱلۡجُبِّ
013e6bee29ab	jabᵊkuːn	2	يَبۡكُونَ
887d66b652ef	fasˤabᵊr	2	فَصَبۡرٌ
43f3f3cda65e	d͡ʒamiːl	2	جَمِيلٌ
8a3f932eb312	ʔalmustaʕaːn	2	ٱلۡمُسۡتَعَانُ
e34470fe3e25	jaⁿfaʕanaː	2	يَنفَعَنَآ
2e11808251ed	natːaxiðahuː	2	نَتَّخِذَهُۥ
9e6fc95d94e9	ʔalʔabᵊwaːbᵊ	2	ٱلۡأَبۡوٰبَ ٱلۡأَبۡوٰبُ
89e2918d416f	maʕaːð	2	مَعَاذَ
bf12680eac7b	qamiːsˤahuː	2	قَمِيصَهُۥ
803732ce3d7e	ladaː	2	لَدَا لَدَى
111afa6b138f	waʃahidᵊ	2	وَشَهِدَ
2338f3a72f69	qamiːsˤuhuː	2	قَمِيصُهُۥ
6097a626ecbd	ʔilajhinː̃	2	إِلَيۡهِنَّ
ec9d649837a6	ʔajdijahunː̃	2	أَيۡدِيَهُنَّ
294c86bc9280	waquln	2	وَقُلۡنَ
3d53bd6797bc	ħaːʃ	2	حَـٰشَ
735c41d3e4f4	raːwatːuhuː	2	رٰوَدتُّهُۥ
4a1e7ebc3cc2	kajdahunː̃	2	كَيۡدَهُنَّ
82ccc5469d73	waʔakun	2	وَأَكُن
f15d67b431e6	ʔaraːniː	2	أَرَٮٰنِىٓ
90fffe4a66f8	xamraː	2	خَمۡرًا
852e8e3bff6e	tarakt	2	تَرَكۡتُ
c4ceca0d93c4	jaːsˤaːħibaj	2	يَـٰصَـٰحِبَىِ
6da13d07c3e6	falabiθ	2	فَلَبِثَ
88f94cb9582a	bidˤʕ	2	بِضۡعَ بِضۡعِ
b9793260abc8	baqaraːt	2	بَقَرٰتٍ
8d2e22d4d361	simaːn	2	سِمَانٍ
036c260a2e5b	jaʔkuluhunː̃	2	يَأۡكُلُهُنَّ
17c75bb7201d	ʕid͡ʒaːf	2	عِجَافٌ
045b63804894	wasabᵊʕ	2	وَسَبۡعَ وَسَبۡعِ
3d5787892cfc	suᵐbulaːt	2	سُنۢبُلَـٰتٍ
d3fc04a20230	jaːbisaːt	2	يَابِسَـٰتٍ
824dda136d92	ʔaftuːniː	2	أَفۡتُونِى
582f90080a3b	ruʔjaːj	2	رُءۡيَـٰىَ
154e92387a6d	ʔadˤɣaːθ	2	أَضۡغَـٰثُ
ed219d5133ac	ʔaħlaːm	2	أَحۡلَـٰمٍ أَحۡلَـٰمِۭ
4a85974275fe	bitaʔwiːl	2	بِتَأۡوِيلِ
82af7900d7c2	ʃidaːdᵊ	2	شِدَادٌ
1c8392e89d9e	d͡ʒaːːʔah	2	جَآءَهُ
9aecf237dd85	baːl	2	بَالُ
a758f25a2f74	ʔid͡ʒᵊʕalniː	2	ٱجۡعَلۡنِى
5e3eeef7da0c	walaʔad͡ʒᵊr	2	وَلَأَجۡرُ
a7156e6227f1	d͡ʒahːazahum	2	جَهَّزَهُم
9238cbeb5e20	bid͡ʒahaːzihim	2	بِجَهَازِهِمۡ
04dea47e7f67	ʔalmuⁿziliːn	2	ٱلۡمُنزِلِينَ
73296f9c8b79	bidˤaːʕatahum	2	بِضَـٰعَتَهُمۡ
7dfb5e6b51ec	ʔaxaːnaː	2	أَخَانَا
4539ffe09898	rudːat	2	رُدَّتۡ
885d7883252c	baʕiːr	2	بَعِيرٍ
393c3d50895d	mawθiqaː	2	مَوۡثِقًا مَّوۡثِقًا
6b4d0b11d779	waʕalajh	2	وَعَلَيۡهِ
0c2c3db4c5ed	ʔamarahum	2	أَمَرَهُمۡ
328488b7b714	ʔabuːhum	2	أَبُوهُم أَبُوهُمۡ
5b1c1042b814	ʕalːamnaːh	2	عَلَّمۡنَـٰهُ
26c71571fbcb	ʔaːwaː	2	ءَاوَىٰٓ
c7b23a8b49d3	ʔalʕiːr	2	ٱلۡعِيرُ
42829e2f9e6d	zaʕiːm	2	زَعِيمٌ
7546189a2039	wiʕaːːʔ	2	وِعَآءِ
47f97fac253b	saraqᵊ	2	سَرَقَ
746d4ccb811f	nad͡ʒijːaː	2	نَجِيًّا
48470679b9eb	kabiːruhum	2	كَبِيرُهُمۡ
6106cbb4792e	ʔabᵊraħ	2	أَبۡرَحَ أَبۡرَحُ
470fbcfbdff0	wasʔal	2	وَسۡــَٔلِ وَسۡــَٔلۡ
68b8301b6fea	ʔiðhabuː	2	ٱذۡهَبُواۡ
b73e160218d0	rawħ	2	رَّوۡحِ
75de0fdc3734	jajʔas	2	يَاۡيۡــَٔسُ يَاۡيۡــَٔسِ
12eae96eee1f	masːanaː	2	مَسَّنَا
37dc0cfdb22a	faʕaltum	2	فَعَلۡتُم فَعَلۡتُمۡ
20644e4fbc61	ʔaʔinː̃ak	2	أَءِنَّكَ
d96cfde61141	faʔalquːh	2	فَأَلۡقُوهُ
fb32037151bf	waʔtuːniː	2	وَأۡتُونِى
3281bf72c634	ʔalqadiːm	2	ٱلۡقَدِيمِ
593f2dda78b7	xaːtˤiʔiːn	2	خَـٰطِــِٔينَ
4dd3c63d369f	ʔabawajh	2	أَبَوَيۡهِ
fdad1ae343f8	waʔalħiqᵊniː	2	وَأَلۡحِقۡنِى
1019170aa6b0	bisˤːaːliħiːn	2	بِٱلصَّـٰلِحِينَ
ea51b4dd916e	muʃrikuːn	2	مُّشۡرِكُونَ مُشۡرِكُونَ
f9e59aa74bbc	basˤiːrah	2	بَصِيرَةٍ بَصِيرَةٌ
493c17587905	wasubᵊħaːn	2	وَسُبۡحَـٰنَ
3a68fcf91a53	waladaːr	2	وَلَدَارُ
1b3983ed7218	rafaʕ	2	رَفَعَ
6fb053b38d64	madːᵊ	2	مَدَّ
1238e7a97ea0	waʔanhaːraː	2	وَأَنۡهَـٰرًا
9b8e0b520a50	sˤinwaːn	2	صِنۡوَانٌ صِنۡوَانٍ
41839beed0a6	ʔasarː	2	أَسَرَّ
5674e2b216d9	ʔasːaħaːbᵊ	2	ٱلسَّحَابَ ٱلسَّحَابِ
a0e682d9a18c	fajusˤiːbᵊ	2	فَيُصِيبُ
d68560098ff2	kafːajh	2	كَفَّيۡهِ
88a7f7d52f99	tastawiː	2	تَسۡتَوِى
b9eda46157a4	laftadaw	2	لَٱفۡتَدَوۡاۡ
ac6afca1fe15	juːfuːn	2	يُوفُونَ
5effc2db6b05	wajadᵊraʔuːn	2	وَيَدۡرَءُونَ
00c072c29bc6	sˤalaħ	2	صَلَحَ
dcc07d91ee13	waʔazwaːd͡ʒihim	2	وَأَزۡوٰجِهِمۡ
b8c104c42ccd	sˤabartum	2	صَبَرۡتُمۡ
d6b27d4afe43	qabᵊlihaː	2	قَبۡلِهَآ قَبۡلِهَا
a1a3969c1234	sujːirat	2	سُيِّرَتۡ
34ae61d32e4d	qutˤːiʕat	2	قُطِّعَتۡ
92eddbf74a4a	faʔamlajt	2	فَأَمۡلَيۡتُ
a3d79659f643	ʔaxaðtuhum	2	أَخَذۡتُهُمۡ
627583a21107	naʔtiː	2	نَأۡتِى
96539677e431	naⁿqusˤuhaː	2	نَنقُصُهَا
ea207c64dd39	ʔatˤᵊraːfihaː	2	أَطۡرَافِهَا أَطۡرَافِهَآ
df77d712437a	makar	2	مَكَرَ
85515171a9de	ʔalmakr	2	ٱلۡمَكۡرُ
45274d4625f3	wasajaʕlam	2	وَسَيَعۡلَمُ
c41fcbdbc5d8	bilisaːn	2	بِلِسَانِ بِلِسَانٍ
d41058daa785	laɣanijː	2	لَغَنِىٌّ
9648e617eb38	kafarnaː	2	كَفَرۡنَا
898f434a1566	ʔafiː	2	أَفِى
be9567fefdb8	jamunː̃	2	يَمُنُّ
fe86fe7d1a24	subulanaː	2	سُبُلَنَا
ce12260dceec	waraːːʔihiː	2	وَرَآئِهِۦ
ed5e42070aad	bixalqᵊ	2	بِخَلۡقٍ
a4b5ee13aab0	wabarazuː	2	وَبَرَزُواۡ
307d022cfa58	tabaʕaː	2	تَبَعًا
7f76097852b2	muɣnuːn	2	مُّغۡنُونَ
2719c0dbce8d	sˤabarnaː	2	صَبَرۡنَا
e99998b7f4f1	waʕadakum	2	وَعَدَكُمۡ وَعَدَكُمُ
b17b94fea1d8	taħijːatuhum	2	تَحِيَّتُهُمۡ
01dcb191a352	kaʃad͡ʒarah	2	كَشَجَرَةٍ
e63265296fbd	wajadˤribᵊ	2	وَيَضۡرِبُ
1f2f16ef8be1	xabiːθah	2	خَبِيثَةٍ
d909dc63eb1d	badːaluː	2	بَدَّلُواۡ
d4f35a0e488d	liʕibaːdiː	2	لِّعِبَادِىَ لِّعِبَادِى
0645db6f57b6	xilaːl	2	خِلَـٰلٌ خِلَـٰلَ
ddd0d7212313	litad͡ʒᵊriː	2	لِتَجۡرِىَ
f043373832f9	taʕudːuː	2	تَعُدُّواۡ
9ec09ffa8a1c	tuħsˤuːhaː	2	تُحۡصُوهَآ
02a0bc192216	tahwiː	2	تَهۡوِىٓ تَهۡوِى
6c0053781b5f	waliwaːlidajː	2	وَلِوٰلِدَىَّ
ee4e3c3ce82c	ʔalʔasˤfaːdᵊ	2	ٱلۡأَصۡفَادِ
b42b6d868557	balaːɣ	2	بَلَـٰغٌ
4b50d66299e9	walahaː	2	وَلَهَا
29c42e72923c	tasbiqᵊ	2	تَسۡبِقُ
c59b47b89002	ʔad͡ʒalahaː	2	أَجَلَهَا
e56e444117fc	nunazːil	2	نُنَزِّلُ نُنَزِّلۡ
a42412b68ac9	muⁿðˤariːn	2	مُّنظَرِينَ مُنظَرِينَ
a7be8556d80c	baːbaː	2	بَابًا
598ca99c96bd	buruːd͡ʒaː	2	بُرُوجًا
1a7ae4839981	wazajːanː̃aːhaː	2	وَزَيَّنَّـٰهَا
4ad9193e04ea	faʔatbaʕahuː	2	فَأَتۡبَعَهُۥ
98f1159f3bed	ʃihaːbᵊ	2	شِهَابٌ
57dde0f93f2b	madadᵊnaːhaː	2	مَدَدۡنَـٰهَا
e23f2c57c28b	nuħjiː	2	نُحۡىِۦ
2bfc3472d782	wanumiːt	2	وَنُمِيتُ
71652fe660ef	ʔalwaːriθuːn	2	ٱلۡوٰرِثُونَ
29ee0a2e1296	ʔasːamuːm	2	ٱلسَّمُومِ
b36e7dc3780f	sawːajtuhuː	2	سَوَّيۡتُهُۥ
3c6d9467221d	wanafaxt	2	وَنَفَخۡتُ
bf435e4803ad	ruːħiː	2	رُّوحِى
6d80b748b18e	faqaʕuː	2	فَقَعُواۡ
5ac253d349b3	fasad͡ʒadᵊ	2	فَسَجَدَ
40052a6dee40	jaːːʔibᵊliːs	2	يَـٰٓإِبۡلِيسُ
0f4feb7ab69b	faʔaⁿðˤirniː	2	فَأَنظِرۡنِىٓ
19d323ea3086	ʔalwaqᵊt	2	ٱلۡوَقۡتِ
a12104f26a26	ʔalmaʕluːm	2	ٱلۡمَعۡلُومِ
e12ceb5d0a92	ʔudᵊxuluːhaː	2	ٱدۡخُلُوهَا
1760a23f496b	wanabːiʔhum	2	وَنَبِّئۡهُمۡ
57fa66c59c2c	dˤajf	2	ضَيۡفِ
0bfb090706cc	nubaʃːiruk	2	نُبَشِّرُكَ
693e8bd6f6e3	xatˤᵊbukum	2	خَطۡبُكُمۡ
7fd9d5546a3f	qadːarnaː	2	قَدَّرۡنَآ قَدَّرۡنَا
664edb1c0c92	muⁿkaruːn	2	مُّنكَرُونَ
bf7564bff48d	jamtaruːn	2	يَمۡتَرُونَ
021475e548c5	waqadˤajnaː	2	وَقَضَيۡنَآ
bfc48b8f36ef	muʃriqiːn	2	مُشۡرِقِينَ مُّشۡرِقِينَ
f5bd7da475fe	ʔalʔajkah	2	ٱلۡأَيۡكَةِ
f8e2e2b94fae	laʔatijah	2	لَأَتِيَةٌ
88c038fd559b	fasˤfaħ	2	فَٱصۡفَحِ فَٱصۡفَحۡ
fd9fd828792b	ʔalxalːaːqᵊ	2	ٱلۡخَلَّـٰقُ
419be557f62a	ʔaːtajnaːk	2	ءَاتَيۡنَـٰكَ
501a297a00eb	sabᵊʕaː	2	سَبۡعًا
97afa47d78cb	tamudːanː̃	2	تَمُدَّنَّ
c852e8200ed7	ʕajnajk	2	عَيۡنَيۡكَ
f96cc31e21e5	ʔanː̃aðiːr	2	ٱلنَّذِيرُ
48fd82d48738	fawarabːik	2	فَوَرَبِّكَ
23b2a4a96441	tuʔmar	2	تُؤۡمَرُ
39d2c90e98fc	xasˤiːm	2	خَصِيمٌ
7f1c7a6f6f3f	baladᵊ	2	بَلَدٍ
3ee3cbc9f3e4	walʔaʕnaːbᵊ	2	وَٱلۡأَعۡنَـٰبَ وَٱلۡأَعۡنَـٰبِ
3a0ca39ae74b	tˤarijːaː	2	طَرِيًّا
27ac06feb8ad	ħiljahaː	2	حِلۡيَةً
7ca6055d0f39	talbasuːnahaː	2	تَلۡبَسُونَهَا
c982a3dfd0ca	mawaːxir	2	مَوَاخِرَ
ba8860d9c4c1	jaxluquːn	2	يَخۡلُقُونَ
748eef5be414	mustakbiruːn	2	مُّسۡتَكۡبِرُونَ
dcf736a6741b	tatawafːaːhum	2	تَتَوَفَّـٰهُمُ
b163bf697d99	fadᵊxuluː	2	فَٱدۡخُلُوٓاۡ فَٱدۡخُلُواۡ
77d82501c37e	faʔasˤaːbahum	2	فَأَصَابَهُمۡ
683e7c829ca0	wad͡ʒᵊtanibuː	2	وَٱجۡتَنِبُواۡ
3ced35d1c1dc	liʃaːʔ	2	لِشَىۡءٍ لِشَاۡىۡءٍ
c70cbbe1f454	lanubawːiʔanː̃ahum	2	لَنُبَوِّئَنَّهُمۡ لَنُبَوِّئَنَّهُم
91cc0f058a15	fasʔaluː	2	فَسۡــَٔلُوٓاۡ
248af94e60dd	litubajːin	2	لِتُبَيِّنَ
7872ecebca8d	jaʔxuðahum	2	يَأۡخُذَهُمۡ
8de1af08f008	daːxiruːn	2	دٰخِرُونَ
7dd77c33699d	wajafʕaluːn	2	وَيَفۡعَلُونَ
25a7b060ac29	juʔmaruːn	2	يُؤۡمَرُونَ
1f6862922161	faʔijːaːj	2	فَإِيَّـٰىَ
ac8b0b072655	masːakum	2	مَسَّكُمُ
102e775f791a	fatamatːaʕuː	2	فَتَمَتَّعُواۡ
3983a605f126	latusʔalunː̃	2	لَتُسۡــَٔلُنَّ
cd10cac12ef5	ðˤalː	2	ظَلَّ
363a975613fc	wad͡ʒᵊhuhuː	2	وَجۡهُهُۥ
3e4330ad8951	muswadːaː	2	مُسۡوَدًّا
f06cd95c0d76	ʔalmaθal	2	ٱلۡمَثَلُ
56dd8a189689	juʔaːxið	2	يُؤَاخِذُ
c12b47bde900	ʔalsinatuhum	2	أَلۡسِنَتُهُمُ أَلۡسِنَتُهُمۡ
3109ec9f5dde	nusqiːkum	2	نُّسۡقِيكُم
646cfb811a2b	waʔawħaː	2	وَأَوۡحَىٰ
9d2f274816ac	ʔaʃːad͡ʒar	2	ٱلشَّجَرِ
73d3b06764ef	butˤuːnihaː	2	بُطُونِهَا
e45fae371bad	ʃifaːːʔ	2	شِفَآءٌ
c659f2329ff7	ʔarðal	2	أَرۡذَلِ
e2a319a61dfa	likaː	2	لِكَىۡ
9e27379bf19a	ʔafabilbaːtˤil	2	أَفَبِٱلۡبَـٰطِلِ
d91000f163ea	mawlaːh	2	مَوۡلَـٰهُ
b32d199f0d1c	kalamħ	2	كَلَمۡحِ كَلَمۡحِۭ
4cd09f1ff125	jumsikuhunː̃	2	يُمۡسِكُهُنَّ
90ac756624d0	d͡ʒuluːdᵊ	2	جُلُودِ جُلُودُ
1fdf3bca3648	ʔaθaːθaː	2	أَثَـٰثًا
c13595c334d7	taqiːkum	2	تَقِيكُمُ تَقِيكُم
2fac7eefd788	duːnik	2	دُونِكَ
7fcec9e2bc9c	zidᵊnaːhum	2	زِدۡنَـٰهُمۡ
adba6adb22a5	lilmuslimiːn	2	لِلۡمُسۡلِمِينَ
f653e12443a4	ʔalfaħʃaːːʔ	2	ٱلۡفَحۡشَآءِ
498b529ce99c	daxalaː	2	دَخَلَۢا
4990f3bb7477	ħajaːhaː	2	حَيَوٰةً
f604f9e50a2a	qaraʔt	2	قَرَأۡتَ
13df2d8bcde7	ʕarabijː	2	عَرَبِىٌّ عَرَبِىٍّ
5fdc4784de8e	ʃaraħ	2	شَرَحَ
f13f0995956c	qasˤasˤnaː	2	قَصَصۡنَا
a253a544f05d	ʔid͡ʒᵊtabaːh	2	ٱجۡتَبَـٰهُ
bc062a81dc16	bilħikmah	2	بِٱلۡحِكۡمَةِ
3aa8449050eb	dˤajqᵊ	2	ضَيۡقٍ
d2887ff6898a	biʔamwaːl	2	بِأَمۡوٰلٍ
834a47220ac3	wad͡ʒaʕalnaːkum	2	وَجَعَلۡنَـٰكُمۡ
62b8bfa0808c	ʔaħsaⁿtum	2	أَحۡسَنتُمۡ
4b96ba27f4b5	tatbiːraː	2	تَتۡبِيرًا
c46cea3d07c4	wajubaʃːir	2	وَيُبَشِّرُ وَيُبَشِّرَ
722de4d2b8fa	biʃːarː	2	بِٱلشَّرِّ
8e27fcdd6bb4	nuhlik	2	نُّهۡلِكَ نُهۡلِكِ
7b0db1703ef6	tadᵊmiːraː	2	تَدۡمِيرًا
aaffbdb4121f	biðunuːbᵊ	2	بِذُنُوبِ
674266b5abb1	jasˤlaːhaː	2	يَصۡلَـٰهَا يَصۡلَـٰهَآ
3a981ce050d6	maðmuːmaː	2	مَذۡمُومًا
d539fc63813e	saʕjuhum	2	سَعۡيُهُم سَعۡيُهُمۡ
258b5f941ac8	maʃkuːraː	2	مَّشۡكُورًا
31fd9e8aa604	ʕatˤaːːʔ	2	عَطَآءِ عَطَآءُ
76f85471fc93	walalʔaxirah	2	وَلَلۡأَخِرَةُ
efd1ec5a0688	tafdˤiːlaː	2	تَفۡضِيلًا
e5a13bdd3f5b	fataqᵊʕudᵊ	2	فَتَقۡعُدَ
a1bd958c3f5e	walmiskiːn	2	وَٱلۡمِسۡكِينَ
c0d1f507ce1c	lirabːihiː	2	لِرَبِّهِۦ
7b3133072fe9	maluːmaː	2	مَلُومًا
84a06726e3c9	liwalijːihiː	2	لِوَلِيِّهِۦ
c8ca12e219d8	ʔalʕahdᵊ	2	ٱلۡعَهۡدَ ٱلۡعَهۡدُ
9755c462c630	wazinuː	2	وَزِنُواۡ
aabb188d8dbc	bilqistˤaːs	2	بِٱلۡقِسۡطَاسِ
2e6eba94ff28	tamʃ	2	تَمۡشِ
6f8b39e712d4	maraħaː	2	مَرَحًا
03b6080aadf7	bilbaniːn	2	بِٱلۡبَنِينَ
89679a39b035	lijaðːakːaruː	2	لِيَذَّكَّرُواۡ
e9ab357fd3aa	jaziːduhum	2	يَزِيدُهُمۡ
5054e343e2e7	ʔasːabᵊʕ	2	ٱلسَّبۡعُ ٱلسَّبۡعِ
78c5c042a407	bajnak	2	بَيۡنَكَ
1386d70c9837	ħid͡ʒaːbaː	2	حِجَابًا
72468ad8500e	ʔadᵊbaːrihim	2	أَدۡبَـٰرِهِمۡ أَدۡبَـٰرِهِم
3ec151df0c2c	nad͡ʒᵊwaː	2	نَجۡوَىٰٓ نَّجۡوَىٰ
4d0e19ab28fb	fadˤalːuː	2	فَضَلُّواۡ
53fe021067fa	warufaːtaː	2	وَرُفَـٰتًا
4be7a8060173	d͡ʒadiːdaː	2	جَدِيدًا
d9fe5d7434fe	ruʔuːsahum	2	رُءُوسَهُمۡ
9bed27b65b6e	wataðˤunː̃uːn	2	وَتَظُنُّونَ
b8d68a83ea03	raħmatahuː	2	رَحۡمَتَهُۥ
153b4c35808d	ʕaðaːbahuː	2	عَذَابَهُۥٓ
b9cd03b1b1fd	mastˤuːraː	2	مَسۡطُورًا
4e81b9df5ab3	bilʔajaːt	2	بِٱلۡأَيَـٰتِ
b5910bcd372e	ðurːijːatahuː	2	ذُرِّيَّتَهُۥٓ ذُرِّيَّتَهُۥ
bb1afc328f09	walʔawlaːdᵊ	2	وَٱلۡأَوۡلَـٰدِ
7a27cfb595a9	juzd͡ʒiː	2	يُزۡجِى
889801cc086b	taːrahaː	2	تَارَةً
0b0f3bb8f029	wafadˤːalnaːhum	2	وَفَضَّلۡنَـٰهُمۡ
4706c8afaf38	kitː	2	كِدتَّ
a9f3e0c2a1c4	rusulinaː	2	رُّسُلِنَا رُّسُلِنَآ
10add124e758	naːfilahaː	2	نَافِلَةً
9ef48aa86c52	maqaːmaː	2	مَقَامًا مَّقَامًا
0f388dcea626	wanaʔaː	2	وَنَـَٔـا
d346c57a700d	bid͡ʒaːnibihiː	2	بِجَانِبِهِۦ
f27d0f6e52ac	bimiθlihiː	2	بِمِثۡلِهِۦ
9aa8aa4fa647	xilaːlahaː	2	خِلَـٰلَهَا خِلَـٰلَهَآ
0689e597678f	tafd͡ʒiːraː	2	تَفۡجِيرًا
7dc69be0f5a8	malaːːʔikah	2	مَلَـٰٓئِكَةٌ
aeb3afb65e78	ʔalmuhtadᵊ	2	ٱلۡمُهۡتَدِ
9a3a189832af	miθlahum	2	مِثۡلَهُمۡ مِثۡلَهُم
cb616331c9cc	tamlikuːn	2	تَمۡلِكُونَ
b89f4d919ed1	laʔaðˤunː̃uk	2	لَأَظُنُّكَ
e9b7cde1f1fe	faʔaraːdᵊ	2	فَأَرَادَ
0820f19c899d	wabilħaqːᵊ	2	وَبِٱلۡحَقِّ
14109f52aee5	mubaʃːiraː	2	مُبَشِّرًا
a8d64e444134	lilʔaðqaːn	2	لِلۡأَذۡقَانِ
85bd65287cb3	tad͡ʒᵊhar	2	تَجۡهَرۡ
7afa354cc6da	wabᵊtaɣ	2	وَٱبۡتَغِ
10ea5176a5c3	liʔabaːːʔihim	2	لِأَبَآئِهِمۡ
8192170c9e38	baːxiʕ	2	بَـٰخِعٌ
33b7d24a712a	baʕaθnaːhum	2	بَعَثۡنَـٰهُمۡ
26a2510109a2	ʃatˤatˤaː	2	شَطَطًا
9d3c8e6188dc	kahfihim	2	كَهۡفِهِمۡ
6360f222945c	labiθnaː	2	لَبِثۡنَا
3fb1a09f3898	jatanaːzaʕuːn	2	يَتَنَـٰزَعُونَ
1a66165285d1	ʔubᵊnuː	2	ٱبۡنُواۡ
e058cfea136d	bunjaːnaː	2	بُنۡيَـٰنًا
840652602e2c	raːbiʕuhum	2	رَّابِعُهُمۡ رَابِعُهُمۡ
cd337bc4c0b3	xamsah	2	خَمۡسَةٌ خَمۡسَةٍ
d261cb152d25	saːdisuhum	2	سَادِسُهُمۡ
05d024c5550b	ðˤaːhiraː	2	ظَـٰهِرًا
d95636e78551	multaħadaː	2	مُلۡتَحَدًا
f32980519fb9	qalbahuː	2	قَلۡبَهُۥ
44186ff25112	ðikrinaː	2	ذِكۡرِنَا
041f221e5ae7	ʔamruhuː	2	أَمۡرُهُۥ أَمۡرُهُۥٓ
4307a206083e	ʔalwud͡ʒuːh	2	ٱلۡوُجُوهَ ٱلۡوُجُوهُ
7239575e32ce	murtafaqaː	2	مُرۡتَفَقًا
8ba9b38a9b3e	d͡ʒanː̃atajn	2	جَنَّتَيۡنِ
14e440153c97	ʔald͡ʒanː̃atajn	2	ٱلۡجَنَّتَيۡنِ
6568fad1cd07	juħaːwiruhuː	2	يُحَاوِرُهُۥٓ
636f832598a4	nafaraː	2	نَفَرًا
6e95acc46cf7	ðˤaːlim	2	ظَالِمٌ
cdc7089ff6bf	xalaqak	2	خَلَقَكَ
60e4c6e23c5d	wawaladaː	2	وَوَلَدًا
35beba8dba23	fatusˤbiħ	2	فَتُصۡبِحَ فَتُصۡبِحُ
73cc2c66be82	ɣawraː	2	غَوۡرًا
3820699cc151	juqalːibᵊ	2	يُقَلِّبُ
43d049c1ccfc	ʔaⁿfaqᵊ	2	أَنفَقَ
c57aca298f6e	jaⁿsˤuruːnahuː	2	يَنصُرُونَهُۥ
61399fdcefb6	walbaːqijaːt	2	وَٱلۡبَـٰقِيَـٰتُ
bd75b661ba81	ʔalːan	2	أَلَّن
5cd96bed1e83	wawudˤiʕ	2	وَوُضِعَ
4c6263dba471	fadaʕawhum	2	فَدَعَوۡهُمۡ
c19db92efc36	d͡ʒadalaː	2	جَدَلًا جَدَلَۢا
f443a5a1c72c	lijudᵊħidˤuː	2	لِيُدۡحِضُواۡ
5af675116c95	ʔuⁿðiruː	2	أُنذِرُواۡ
51c99990b44f	ðukːir	2	ذُكِّرَ
c5e6674e8f8f	faʔaʕradˤ	2	فَأَعۡرَضَ
6f2a26b46b68	wanasiː	2	وَنَسِىَ
155bb8ce3dbe	jahtaduː	2	يَهۡتَدُوٓاۡ يَهۡتَدُواۡ
6d27423bd1e8	lifataːh	2	لِفَتَـٰهُ
bcdc13141a99	ʔabᵊluɣ	2	أَبۡلُغَ أَبۡلُغُ
f2bc5f96c927	mad͡ʒᵊmaʕ	2	مَجۡمَعَ
befcc1f95ffd	sabiːlahuː	2	سَبِيلَهُۥ
68abf0a1a9e5	fawad͡ʒadaː	2	فَوَجَدَا
3dbec1309608	waʕalːamnaːh	2	وَعَلَّمۡنَـٰهُ
05af44cd3a0b	tuħitˤᵊ	2	تُحِطۡ
9033918343d9	xubᵊraː	2	خُبۡرًا
d851aaecd313	sˤaːbiraː	2	صَابِرًا
9cc006c729a7	ɣulaːmaː	2	غُلَـٰمًا
0d71d06f4a2d	baʕdahaː	2	بَعۡدَهَا
d7d035015464	balaɣt	2	بَلَغۡتَ بَلَغۡتُ
59c7bcc78ba8	ʕuðraː	2	عُذۡرًا
67aaf7f984e0	wabajnik	2	وَبَيۡنِكَ
a931f348ee55	waraːːʔahum	2	وَرَآءَهُم وَرَآءَهُمۡ
2063d112e46b	malik	2	مَّلِكٌ مَلِكِ
9f3edcb4b698	wad͡ʒadahaː	2	وَجَدَهَا
fe1d1ddc737e	jaːðaː	2	يَـٰذَا
0e1c63e371cc	ʔatbaʕ	2	أَتۡبَعَ
8222586604b9	ladajh	2	لَدَيۡهِ
14c8cea96707	duːnihimaː	2	دُونِهِمَا
17a767be757b	jaʔd͡ʒuːd͡ʒᵊ	2	يَأۡجُوجَ يَأۡجُوجُ
ddcf65b325b5	wamaʔd͡ʒuːd͡ʒᵊ	2	وَمَأۡجُوجَ وَمَأۡجُوجُ
779a068280b4	xard͡ʒaː	2	خَرۡجًا
0df859031362	ʔaːtuːniː	2	ءَاتُونِى ءَاتُونِىٓ
3eadd378dd8e	ʔaʕjunuhum	2	أَعۡيُنُهُمۡ
87abec1b0dbc	samʕaː	2	سَمۡعًا
c4f23f654b54	waliqaːːʔihiː	2	وَلِقَآئِهِۦ وَلِقَآئِهِۦٓ
cf06756dc665	warusuliː	2	وَرُسُلِى وَرُسُلِىٓ
321384381635	ʔalfirdaws	2	ٱلۡفِرۡدَوۡسِ ٱلۡفِرۡدَوۡسَ
b237d55d46b1	faljaʕmal	2	فَلۡيَعۡمَلۡ فَلۡيَعۡمَلِ
eecdef7e8ab6	ʕabᵊdahuː	2	عَبۡدَهُۥ
a29d5984dd1c	xift	2	خِفۡتُ خِفۡتِ
4160e045633b	ʔimraʔatiː	2	ٱمۡرَأَتِى
2ba48cd38c15	ʕaːqiraː	2	عَاقِرًا
424b669905e3	samijːaː	2	سَمِيًّا
bc31c21595db	ʕitijːaː	2	عِتِيًّا
5722070e59ee	hajːin	2	هَيِّنٌ
83f6853df1ec	lajaːl	2	لَيَالٍ
4994af9f6293	sˤabijːaː	2	صَبِيًّا
48d57ba40858	wabarːaː	2	وَبَرَّۢا
d91cbc6aa497	ʕasˤijːaː	2	عَصِيًّا
bf55a5f17ef7	baɣijːaː	2	بَغِيًّا
6e4c9fd1f1d7	maqᵊdˤijːaː	2	مَّقۡضِيًّا
656953fc30e0	ʔanː̃axlah	2	ٱلنَّخۡلَةِ
928aaade072f	taħzaniː	2	تَحۡزَنِى تَحۡزَنِىٓ
2319df5f9548	ʔalbaʃar	2	ٱلۡبَشَرِ
517630351356	wazːakaːh	2	وَٱلزَّكَوٰةِ
5ac06a8e3b5d	wasːalaːm	2	وَٱلسَّلَـٰمُ
6b1b9319b505	faxtalaf	2	فَٱخۡتَلَفَ
07916c9c4af9	bajnihim	2	بَيۡنِهِمۡ
bfbd89e9381b	waʔabᵊsˤir	2	وَأَبۡصِرۡ
7599686376fc	waʔaⁿðirhum	2	وَأَنذِرۡهُمۡ
7639a02fe408	sˤidːiːqaː	2	صِدِّيقًا
fa5649c925af	wanaːdajnaːh	2	وَنَـٰدَيۡنَـٰهُ
1d581794f0f9	xarːuː	2	خَرُّواۡ
d18ee83cc6f3	ʕibaːdahuː	2	عِبَادَهُۥ
7b90545c1abe	waʕduhuː	2	وَعۡدُهُۥ
420aa5872306	biʔamr	2	بِأَمۡرِ
3fead68acceb	ʔajdiːnaː	2	أَيۡدِينَا أَيۡدِينَآ
16629aaaa65f	ʔuxrad͡ʒᵊ	2	أُخۡرَجُ أُخۡرَجَ
028314a442ba	jaðkur	2	يَذۡكُرُ
a74c4240da16	waʃːajaːtˤiːn	2	وَٱلشَّيَـٰطِينَ
c2ce3b87b22f	ħawl	2	حَوۡلَ حَوۡلِ
4579e34dc43d	d͡ʒiθijːaː	2	جِثِيًّا
9d188094bca4	faljamdudᵊ	2	فَلۡيَمۡدُدۡ
5c33ca1fe685	madːaː	2	مَدًّا
8be92d4e0e68	fasajaʕlamuːn	2	فَسَيَعۡلَمُونَ
0d4a03b3d0e1	lijakuːnuː	2	لِّيَكُونُواۡ لِيَكُونُواۡ
f662bd62bc51	biʕibaːdatihim	2	بِعِبَادَتِهِمۡ
ed7fdb20da0f	taʕd͡ʒal	2	تَعۡجَلۡ
dc4b36365176	ʕadːaː	2	عَدًّا
7d2329eb1a6a	naħʃur	2	نَحۡشُرُ
d9f93888c2b3	jatafatˤːarn	2	يَتَفَطَّرۡنَ
60e314d1e96c	sajad͡ʒᵊʕal	2	سَيَجۡعَلُ
c50c9dc90713	jasːarnaːh	2	يَسَّرۡنَـٰهُ
912a875b7aab	bilisaːnik	2	بِلِسَانِكَ
3acac85c46de	watuⁿðir	2	وَتُنذِرَ
f1b8d2e14115	ʔalʕulaː	2	ٱلۡعُلَى ٱلۡعُلَىٰ
c35c7f1ae3b1	ʔasːirː	2	ٱلسِّرَّ
c9da52c9ac06	liʔahlih	2	لِأَهۡلِهِ
f2821a575d71	ʔumkuθuː	2	ٱمۡكُثُوٓاۡ
a9cb8d50cbb2	ʔalmuqadːas	2	ٱلۡمُقَدَّسِ
37d088593992	tˤuwaː	2	طُوًى
b97dd9fdc58e	ʔaːtijah	2	ءَاتِيَةٌ
935b088624f8	bijamiːnik	2	بِيَمِينِكَ
4f07451d0e26	wadˤmum	2	وَٱضۡمُمۡ
4c2e7adee9d5	sˤadᵊriː	2	صَدۡرِى
d7afb764f00c	lisaːniː	2	لِّسَانِى لِسَانِى
57e2837047de	qawliː	2	قَوۡلِى
ba9a122613d9	waziːraː	2	وَزِيرًا
78a3793704d9	mananː̃aː	2	مَنَنَّا
942b3439101d	ʔumː̃ik	2	أُمِّكَ
91a131ffe20a	tamʃiː	2	تَمۡشِىٓ تَمۡشِى
f33bcf685987	ʕajnuhaː	2	عَيۡنُهَا
f7228fcba6f0	qadar	2	قَدَرٍ
9531c40ff793	ʔiðhabaː	2	ٱذۡهَبَآ
739a8f871ede	naxaːf	2	نَخَافُ
aad5932de848	ʔaʕtˤaː	2	أَعۡطَىٰ
2bcd6e895435	xalqahuː	2	خَلۡقَهُۥ
f06c2643bf9e	mahdaː	2	مَهۡدًا
da0118591f8b	ʃatːaː	2	شَتَّىٰ
b47bca2a68b2	ʔanː̃uhaː	2	ٱلنُّهَىٰ
d5f07c58c8e8	nuxrid͡ʒukum	2	نُخۡرِجُكُمۡ
e0ea9284a63f	fakaðːabᵊ	2	فَكَذَّبَ
397aa80e6c37	juħʃar	2	يُحۡشَرَ يُحۡشَرُ
a32cd45d25ea	wajlakum	2	وَيۡلَكُمۡ
9b0ab62cc028	haːðaːn	2	هَـٰذٰنِ هَـٰذَانِ
9d8440bbb72c	ʔuʔtuː	2	ٱئۡتُواۡ
2a5fdfd07f5b	faʔawd͡ʒas	2	فَأَوۡجَسَ
ba4a63cd510b	waʔalqᵊ	2	وَأَلۡقِ
b2a689da3a86	ʔasːaːħir	2	ٱلسَّاحِرُ
5942c16b939e	faʔulqiː	2	فَأُلۡقِىَ
4cc0d0c1e52b	lakabiːrukum	2	لَكَبِيرُكُمُ
bcb15ebe64fc	walaʔusˤalːibanː̃akum	2	وَلَأُصَلِّبَنَّكُمۡ
511d130ba881	walataʕlamunː̃	2	وَلَتَعۡلَمُنَّ
d077b28d3a50	birabːinaː	2	بِرَبِّنَا بِرَبِّنَآ
7681281372f6	xatˤaːjaːnaː	2	خَطَـٰيَـٰنَا خَطَـٰيَـٰنَآ
4ccf374ecb7e	ʔadːarad͡ʒaːt	2	ٱلدَّرَجَـٰتُ ٱلدَّرَجَـٰتِ
dade32c85277	ʔasr	2	أَسۡرِ
624c9c3ce3e5	fadˤribᵊ	2	فَٱضۡرِبۡ فَٱضۡرِب
ff4820e78b2c	ɣaʃijahum	2	غَشِيَهُمۡ غَشِيَهُم
717d6bdd422b	ɣadˤabiː	2	غَضَبِى
3f090656b325	hawaː	2	هَوَىٰ
05b0bc9e7539	ʔasːaːmirijː	2	ٱلسَّامِرِىُّ
3215d9569f3c	fanasiː	2	فَنَسِىَ
4a31784302ac	ʕaːkifiːn	2	عَـٰكِفِينَ
e35e4096510f	ʔaθar	2	أَثَرِ
9c7b27651b57	nasfaː	2	نَسۡفًا
c603d5ac2367	jaħmil	2	يَحۡمِلُ
c5792de69d13	jataxaːfatuːn	2	يَتَخَـٰفَتُونَ
70cec235ab95	ʕaʃraː	2	عَشۡرًا
b6e722c93663	ʕiwad͡ʒᵊ	2	عِوَجَ عِوَجٍ
5cc9d751d734	ʔalʔasˤwaːt	2	ٱلۡأَصۡوَاتُ ٱلۡأَصۡوٰتِ
fb4b3e85d45c	wasˤarːafnaː	2	وَصَرَّفۡنَا
61011f0836f9	ʔalwaʕiːdᵊ	2	ٱلۡوَعِيدِ
3ff01a0397fc	juħdiθ	2	يُحۡدِثُ
e7c4d204a9ac	bilqurʔaːn	2	بِٱلۡقُرۡءَانِ
330e025a055e	juqᵊdˤaː	2	يُقۡضَىٰٓ يُقۡضَىٰ
c71ec485da03	waʕasˤaː	2	وَعَصَىٰٓ وَعَصَىٰ
e1a32040ff74	lizaːmaː	2	لِزَامًا لِزَامَۢا
60e3e1773317	tˤuluːʕ	2	طُلُوعِ
8ab42c1ee661	waqabᵊl	2	وَقَبۡلَ
8a595a64ecae	laʕalːak	2	لَعَلَّكَ
28e5f2bec17a	linaftinahum	2	لِنَفۡتِنَهُمۡ لِّنَفۡتِنَهُمۡ
969d6bbcd010	ʔarsalt	2	أَرۡسَلۡتَ
daade2ddf36c	fanatːabiʕ	2	فَنَتَّبِعَ
9d88c3dd23f3	ħisaːbuhum	2	حِسَابُهُمۡ
f9ed2b9f0bab	muħdaθ	2	مُّحۡدَثٍ مُحۡدَثٍ
6e907d567e0c	ʔafahum	2	أَفَهُمۡ أَفَهُمُ
d851b6b271ac	d͡ʒaʕalnaːhum	2	جَعَلۡنَـٰهُمۡ
0cc8dc66966d	laːʕibiːn	2	لَـٰعِبِينَ
5b7ada834646	natːaxið	2	نَّتَّخِذَ
0163f1eea789	jar	2	يَرَ
4dce7c47f092	fid͡ʒaːd͡ʒaː	2	فِجَاجًا
336def2a41fe	falak	2	فَلَكٍ
70d33ab2c122	jasbaħuːn	2	يَسۡبَحُونَ
9a2e70a10972	jatːaxiðuːnak	2	يَتَّخِذُونَكَ
421ccaf5176c	ʔahaːðaː	2	أَهَـٰذَا
a4b5a991f280	tuðˤlam	2	تُظۡلَمُ
841a69ca7cca	xardal	2	خَرۡدَلٍ
9a2560d342b3	ʔatajnaː	2	أَتَيۡنَا
3ced97c6568a	ʕaːlimiːn	2	عَـٰلِمِينَ
6f2915d171c0	fad͡ʒaʕalahum	2	فَجَعَلَهُمۡ
2f1ae7df5300	biʔaːlihatinaː	2	بِـَٔـالِهَتِنَآ بِـَٔـالِهَتِنَا
90627facf6c0	ħarːiquːh	2	حَرِّقُوهُ
3aac347332dc	bardaː	2	بَرۡدًا
ecc2d346c10d	wasalaːmaː	2	وَسَلَـٰمًا
cb1985261d7e	biʔamrinaː	2	بِأَمۡرِنَا
17d2848df713	waʔiqaːm	2	وَإِقَامَ وَإِقَامِ
c4de23b51158	waʔiːtaːːʔ	2	وَإِيتَآءَ وَإِيتَآءِ
75351c24179e	jusabːiħn	2	يُسَبِّحۡنَ
8bb2690f2ccd	walisulajmaːn	2	وَلِسُلَيۡمَـٰنَ
a6b34a96e494	fakaʃafnaː	2	فَكَشَفۡنَا
972f194feb44	wamiθlahum	2	وَمِثۡلَهُم
070f2bdd58bc	ʔalkifl	2	ٱلۡكِفۡلِ
b472cb651ad5	fanaːdaː	2	فَنَادَىٰ
17361124e874	walːatiː	2	وَٱلَّتِىٓ وَٱلَّتِى
1edba943b8e1	ʔaħsˤanat	2	أَحۡصَنَتۡ
fc9908d20ad2	fard͡ʒahaː	2	فَرۡجَهَا
dbf4e572e8f7	fanafaxnaː	2	فَنَفَخۡنَا
886d79eb6462	ruːħinaː	2	رُّوحِنَا
daf913efaf18	ʔumː̃atukum	2	أُمَّتُكُمۡ
0b3abde154a3	futiħat	2	فُتِحَتۡ
09a6299814e4	jaⁿsiluːn	2	يَنسِلُونَ
804c2cba5d25	ʔaqariːbᵊ	2	أَقَرِيبٌ
0b5b2379872e	ħaml	2	حَمۡلٍ
4ba9819e4ca4	ʕalaqah	2	عَلَقَةٍ
b42193558bb0	muxalːaqah	2	مُّخَلَّقَةٍ مُخَلَّقَةٍ
340b52e4b62e	tˤiflaː	2	طِفۡلًا
58bb74197c06	litabᵊluɣuː	2	لِتَبۡلُغُوٓاۡ
ec3ecb714743	ʔaʃudːakum	2	أَشُدَّكُمۡ
776b8e5eb6de	jutawafːaː	2	يُتَوَفَّىٰ
aaae5f9959d6	ʔihtazːat	2	ٱهۡتَزَّتۡ
7708f61fb3b0	warabat	2	وَرَبَتۡ
72c972cebbd8	bahiːd͡ʒᵊ	2	بَهِيجٍ
6c3bc81f0353	muniːr	2	مُّنِيرٍ
0c66d9fc8022	ʔalxusraːn	2	ٱلۡخُسۡرَانُ
e810ce63883f	jaðˤunː̃	2	يَظُنُّ
4edd670d9de2	waʃːad͡ʒar	2	وَٱلشَّجَرُ
502c22d938f6	wadːawaːːːbːᵊ	2	وَٱلدَّوَآبُّ وَٱلدَّوَآبِّ
e3dce7b84c4d	xasˤmaːn	2	خَصۡمَانِ
e772e74aecff	θijaːbᵊ	2	ثِيَابٌ ثِيَابُ
26a8788e9bd2	ħadiːdᵊ	2	حَدِيدٍ حَدِيدٌ
b17140bca24b	ʔuʕiːduː	2	أُعِيدُواۡ
68e9831bfce6	waluʔluʔaː	2	وَلُؤۡلُؤًا
6c4cc3c67b56	walibaːsuhum	2	وَلِبَاسُهُمۡ
bc82c2a3faa9	ħariːr	2	حَرِيرٌ
bd52fcb546c9	wahuduː	2	وَهُدُوٓاۡ
d2f58f653b52	waʔatˤᵊʕimuː	2	وَأَطۡعِمُواۡ
86e32962281b	ʔalʕatiːqᵊ	2	ٱلۡعَتِيقِ
61fa9f3a62af	juʕaðˤːim	2	يُعَظِّمۡ
12cbc1003654	ʔazːuːr	2	ٱلزُّورِ ٱلزُّورَ
be278cb8e61c	ħunafaːːʔ	2	حُنَفَآءَ
3f18b56a06eb	xarː	2	خَرَّ
8a21757989c2	maⁿsakaː	2	مَنسَكًا
025244ca6614	saxːarahaː	2	سَخَّرَهَا
2657130d1d9d	jaⁿsˤuruhuː	2	يَنصُرُهُۥٓ يَنصُرُهُۥ
16a28540c828	taʕmaː	2	تَعۡمَى
a0c72a0df0e8	taʕudːuːn	2	تَعُدُّونَ
1f67849929f8	saʕaw	2	سَعَوۡاۡ سَعَوۡ
c0c28f03208f	tamanː̃aː	2	تَمَنَّىٰٓ تَمَنَّىٰ
49f7f4ef3a3e	ʕaqiːm	2	عَقِيمٍ عَقِيمٌ
2180cbfe3d1c	laʕafuwː	2	لَعَفُوٌّ
96bd01882016	lakafuːr	2	لَكَفُورٌ
d80d75bd547a	wadᵊʕ	2	وَٱدۡعُ
d7521abe1796	taʕrif	2	تَعۡرِفُ
f6d8099beae5	dˤuribᵊ	2	ضُرِبَ
6f3eac02a856	ʔirkaʕuː	2	ٱرۡكَعُواۡ
59155872f256	wasd͡ʒuduː	2	وَٱسۡجُدُواۡ
5d6677abb487	ʔalːaɣw	2	ٱللَّغۡوِ ٱللَّغۡوَ
05ca6cfe39b4	lifuruːd͡ʒihim	2	لِفُرُوجِهِمۡ
b4b7a8dc194e	ħaːfiðˤuːn	2	حَـٰفِظُونَ
775534a37bf7	maluːmiːn	2	مَلُومِينَ
9e105085983f	ʔibᵊtaɣaː	2	ٱبۡتَغَىٰ
d447081426cf	ʔalʕaːduːn	2	ٱلۡعَادُونَ
b6e1e2d71421	liʔamaːnaːtihim	2	لِأَمَـٰنَـٰتِهِمۡ
916f0351dbd4	waʕahdihim	2	وَعَهۡدِهِمۡ
ba41a27991ac	raːʕuːn	2	رٰعُونَ
b92a9c0bb745	sulaːlah	2	سُلَـٰلَةٍ
309880470a3d	nutˤᵊfahaː	2	نُطۡفَةً
e92ea9fdfaa9	ʕalaqahaː	2	عَلَقَةً
e58182ab5027	faxalaqᵊnaː	2	فَخَلَقۡنَا
0d12256161f9	fatabaːrak	2	فَتَبَارَكَ
32573af34c4d	ʔalxaːliqiːn	2	ٱلۡخَـٰلِقِينَ
343d7d870370	tˤaraːːʔiqᵊ	2	طَرَآئِقَ
b02eb1e2b037	fawaːkih	2	فَوٰكِهُ
d6207ce4c0df	tuħmaluːn	2	تُحۡمَلُونَ
c8007d400371	laʔaⁿzal	2	لَأَنزَلَ
c0629fcca8b0	ʔaːbaːːʔinaː	2	ءَابَآئِنَا
22335810f246	faʔawħajnaː	2	فَأَوۡحَيۡنَآ
495b02f861f1	taʃrabuːn	2	تَشۡرَبُونَ
2e3ff7d0831f	hajhaːt	2	هَيۡهَاتَ
217c8634ba67	namuːt	2	نَمُوتُ
a5750d037275	wanaħjaː	2	وَنَحۡيَا
465b657ab7e5	ɣuθaːːʔaː	2	غُثَآءً
cb728c2066a9	fabuʕdaː	2	فَبُعۡدًا
a4791d1aeb67	quruːnaː	2	قُرُونًا
a813f9d340fd	ʔaħaːdiːθ	2	أَحَادِيثَ
4d2a9aa4ac89	fakaðːabuːhumaː	2	فَكَذَّبُوهُمَا
9192a13b5594	waʕmaluː	2	وَٱعۡمَلُواۡ
1162bb7eb841	waladajnaː	2	وَلَدَيۡنَا
756fa119b012	ɣamrah	2	غَمۡرَةٍ
ca4005ab8d86	fakuⁿtum	2	فَكُنتُمۡ فَكُنتُم
d8dbe535e22c	ʔatajnaːhum	2	أَتَيۡنَـٰهُم
3a98871e7eef	ðaraʔakum	2	ذَرَأَكُمۡ
0f21bbf57243	wuʕidᵊnaː	2	وُعِدۡنَا
d93a58e3aebe	jud͡ʒiːr	2	يُجِيرُ
4e96c76c1f48	ʔidᵊfaʕ	2	ٱدۡفَعۡ
52d1a20903e5	barzax	2	بَرۡزَخٌ
9bb2e583988e	dˤaːːːlːiːn	2	ضَآلِّينَ
1acb708d201c	sixrijːaː	2	سِخۡرِيًّا
4cd4a130f395	jadᵊʕ	2	يَدۡعُ
2327c8533ac7	biʔarbaʕah	2	بِأَرۡبَعَةِ
7be9eb8213c1	ʃahaːdaːt	2	شَهَـٰدٰتِۭ
52e2651f57da	walxaːmisah	2	وَٱلۡخَـٰمِسَةُ وَٱلۡخَـٰمِسَةَ
79c88b2ad510	tawːaːbᵊ	2	تَوَّابٌ
557b44ad24c7	ʃarːaː	2	شَرًّا
d8b36fa1eb97	samiʕtumuːh	2	سَمِعۡتُمُوهُ
59b596907c01	faʔið	2	فَإِذۡ
fa226af662ba	biʔafwaːhikum	2	بِأَفۡوَاهِكُم بِأَفۡوٰهِكُمۡ
2bc876d068fb	wajaʕlamuːn	2	وَيَعۡلَمُونَ
651b30885954	fard͡ʒiʕuː	2	فَٱرۡجِعُواۡ
9032d3df9793	furuːd͡ʒahum	2	فُرُوجَهُمۡ
d284628c0692	jubᵊdiːn	2	يُبۡدِينَ
8b5fb943328b	ziːnatahunː̃	2	زِينَتَهُنَّ
16a1a26b16e3	ʔaːbaːːʔihinː̃	2	ءَابَآئِهِنَّ
c02f17d75836	buʕuːlatihinː̃	2	بُعُولَتِهِنَّ
c6c3f994c713	ʔabᵊnaːːʔihinː̃	2	أَبۡنَآئِهِنَّ
70bbd43b93ad	ʔaxawaːtihinː̃	2	أَخَوٰتِهِنَّ
53bec2c8e925	nisaːːʔihinː̃	2	نِسَآئِهِنَّ
c6235fe45b69	ʔajmaːnuhunː̃	2	أَيۡمَـٰنُهُنَّ
d299849d11ff	ʕawraːt	2	عَوۡرٰتِ عَوۡرٰتٍ
4ce493e02930	ʔajːuh	2	أَيُّهَ
2f40d4337caf	nikaːħaː	2	نِكَاحًا
c7ae8936b590	waʔaːtuːhum	2	وَءَاتُوهُم
86078fde5366	wamaθalaː	2	وَمَثَلًا
f94c4d2155e5	nuːrihiː	2	نُورِهِۦ
52ebbefe242e	mubaːrakah	2	مُّبَـٰرَكَةٍ
080d7f0b0f15	tid͡ʒaːrah	2	تِجَـٰرَةٌ تِجَـٰرَةٍ
b3633b9e4b1d	wajaziːdahum	2	وَيَزِيدَهُم
fb13cc3b7ca0	fawqihiː	2	فَوۡقِهِۦ
230aced60044	saħaːbᵊ	2	سَحَابٌ
b843266d50c7	sˤaːːːfːaːt	2	صَـٰٓفَّـٰتٍ
99844991121d	bajnahuː	2	بَيۡنَهُۥ
ee2da82b6016	jad͡ʒᵊʕaluhuː	2	يَجۡعَلُهُۥ
a46e893cb971	ʔalwadᵊqᵊ	2	ٱلۡوَدۡقَ
75ec76ff4b87	xilaːlihiː	2	خِلَـٰلِهِۦ
fcdd62e54188	batˤᵊnihiː	2	بَطۡنِهِۦ بَطۡنِهِۦٓ
5d7a6047ba4f	ʔalħulum	2	ٱلۡحُلُمَ
6647f088032a	sˤalaːh	2	صَلَوٰةِ
39c553db5ee4	biziːnah	2	بِزِينَةٍ
e38e18762636	ʔalʔaʕrad͡ʒᵊ	2	ٱلۡأَعۡرَجِ
6510023c2479	ʔalmariːdˤ	2	ٱلۡمَرِيضِ
6d53c318c768	mafaːtiħahuː	2	مَّفَاتِحَهُۥٓ مَفَاتِحَهُۥ
1d114e8a82a3	ʔaʃtaːtaː	2	أَشۡتَاتًا
fefcbbe1cba5	taħijːahaː	2	تَحِيَّةً
d6354ecd0236	jaðhabuː	2	يَذۡهَبُواۡ
b7cd795594fc	baʕdˤikum	2	بَعۡضِكُم بَعۡضِكُمۡ
c493b9772e93	tusˤiːbahum	2	تُصِيبَهُمۡ تُصِيبَهُم
f7c10cbc54bc	faqadːarahuː	2	فَقَدَّرَهُۥ
dcc573a792ed	taqᵊdiːraː	2	تَقۡدِيرًا
b323ff6b79a5	wazuːraː	2	وَزُورًا
25ee02e19f9f	ʔalʔaswaːqᵊ	2	ٱلۡأَسۡوَاقِ
5bbfc52cab52	bisːaːʕah	2	بِٱلسَّاعَةِ
13aebaa79795	ʔulquː	2	أُلۡقُواۡ
bb49376085cc	ʔaðaːlik	2	أَذٰلِكَ
a2d8b2745a74	buːraː	2	بُورًا
189407d60532	lilmud͡ʒᵊrimiːn	2	لِّلۡمُجۡرِمِينَ
7626e3eeddd2	maħd͡ʒuːraː	2	مَّحۡجُورًا
93898d07edb7	habaːːʔaː	2	هَبَآءً
dc285859db4b	maⁿθuːraː	2	مَّنثُورًا
4cf2134d0695	taʃaqːaqᵊ	2	تَشَقَّقُ
5e73a29df6d8	ʔitːaxaðt	2	ٱتَّخَذۡتُ ٱتَّخَذۡتَ
274139c6ef96	jaːrabːᵊ	2	يَـٰرَبِّ
d9dcb40a92a5	tartiːlaː	2	تَرۡتِيلًا
5e550265ddc8	waʕaːdaː	2	وَعَادًا
8563c7f3b272	ʔarːasː	2	ٱلرَّسِّ
4e383d8672a9	jarawnahaː	2	يَرَوۡنَهَا
67851506ee9d	ʔilaːhahuː	2	إِلَـٰهَهُۥ
c9ef743445c1	subaːtaː	2	سُبَاتًا
5d7039e0927b	tˤahuːraː	2	طَهُورًا
f619de478a1c	ʔanʕaːmaː	2	أَنۡعَـٰمًا
a95d8a997701	d͡ʒihaːdaː	2	جِهَادًا جِهَـٰدًا
4bf4c6b1ddd0	marad͡ʒᵊ	2	مَرَجَ
612f61efa6ab	ʕaðbᵊ	2	عَذۡبٌ
b79c2850e4d4	furaːt	2	فُرَاتٌ
3626c7c19823	milħ	2	مِلۡحٌ
0efddbeaf113	ʔud͡ʒaːd͡ʒᵊ	2	أُجَاجٌ
403049fefa76	nasabaː	2	نَسَبًا
11e18ab529f9	ʔalkaːfir	2	ٱلۡكَافِرُ
88f54e6a176a	muniːraː	2	مُّنِيرًا
365253b610e9	ʃukuːraː	2	شُكُورًا
e448745671d3	ʔald͡ʒaːhiluːn	2	ٱلۡجَـٰهِلُونَ
75f047786267	wamuqaːmaː	2	وَمُقَامًا
b7e288a076db	kiraːmaː	2	كِرَامًا
3adda9d22591	qurːah	2	قُرَّةَ قُرَّةِ
9f44c65b2f8b	tˤaː siːːːn miːːːm	2	طسٓمٓ
3afd9886de90	ðaᵐbᵊ	2	ذَنۢبٌ ذَنۢبٍ
cd9f53134d25	faʔaxaːf	2	فَأَخَافُ
23028eef668d	muːqiniːn	2	مُّوقِنِينَ
ae036c072a5b	ɣajriː	2	غَيۡرِى
9322e9354250	lifirʕawn	2	لِفِرۡعَوۡنَ
159bca423075	mutːabaʕuːn	2	مُّتَّبَعُونَ
d36c501c1e6b	wamaqaːm	2	وَمَقَامٍ
997c6a7781d8	waʔawraθnaːhaː	2	وَأَوۡرَثۡنَـٰهَا
56250a06b560	waʔaⁿd͡ʒajnaː	2	وَأَنجَيۡنَا
f179d47bda64	saliːm	2	سَلِيمٍ
fc4f9148b59f	waʔuzlifat	2	وَأُزۡلِفَتِ
777e3fab047c	waburːizat	2	وَبُرِّزَتِ
0ad28ed21558	jaⁿtasˤiruːn	2	يَنتَصِرُونَ
17d217dc0f10	latakuːnanː̃	2	لَتَكُونَنَّ
ac3393b2fabd	ʔalbaːqiːn	2	ٱلۡبَاقِينَ
1ecd50a463b9	batˤaʃtum	2	بَطَشۡتُم بَطَشۡتُمۡ
ef50557a2443	ʔamadːakum	2	أَمَدَّكُم
fbe1fbef48d3	xuluqᵊ	2	خُلُقُ خُلُقٍ
061c6ce9b6f0	wazuruːʕ	2	وَزُرُوعٍ
c55e714c2074	wanaxl	2	وَنَخۡلٍ وَنَخۡلٌ
21a9a6d548ad	tˤalʕuhaː	2	طَلۡعُهَا
df4c7bae8503	jusˤliħuːn	2	يُصۡلِحُونَ
efbbb5b83156	ʔalmusaħːariːn	2	ٱلۡمُسَحَّرِينَ
4dd95723ad52	nad͡ʒːiniː	2	نَجِّنِى
71a8c23814bb	ʕad͡ʒuːzaː	2	عَجُوزًا
8cd6fe2c1160	damː̃arnaː	2	دَمَّرۡنَا
05351a37a048	lʔajkah	2	لۡــَٔيۡكَةِ
7794f5c147aa	ʔalmuⁿðiriːn	2	ٱلۡمُنذِرِينَ
16c55dbc9d30	fajaquːluː	2	فَيَقُولُواۡ
483ffde36c56	ʔafabiʕaðaːbinaː	2	أَفَبِعَذَابِنَا
c606c026aa3c	ʔafːaːk	2	أَفَّاكٍ
ef50c592e806	waːdᵊ	2	وَادٍ وَادِ
320504dc24b2	bixabar	2	بِخَبَرٍ
04ccb23cadbb	tasˤtˤaluːn	2	تَصۡطَلُونَ
1b0947f1665f	d͡ʒaːːʔahaː	2	جَآءَهَا
c946439eb540	raʔaːhaː	2	رَءَاهَا
85bbeb8b9e2e	tahtazː	2	تَهۡتَزُّ
8fb8fc8d4fde	mudᵊbiraː	2	مُدۡبِرًا
bedd80a1d658	juʕaqːibᵊ	2	يُعَقِّبۡ
151c376f308f	d͡ʒajbik	2	جَيۡبِكَ
56c02860b2ab	waʔuːtiːnaː	2	وَأُوتِينَا
bfb2c7c57dc6	ʔanː̃aml	2	ٱلنَّمۡلِ ٱلنَّمۡلُ
a111f871952c	ʔawziʕniː	2	أَوۡزِعۡنِىٓ
203c5dd6ee9e	ʔaʃkur	2	أَشۡكُرَ
0dda53f17b73	niʕmatak	2	نِعۡمَتَكَ
06ae39edd59d	waːlidajː	2	وٰلِدَىَّ
ea0b63c33135	tardˤaːh	2	تَرۡضَـٰهُ
416ef26c5d9b	binabaʔ	2	بِنَبَإٍ
619b7e7cd006	ʕarʃ	2	عَرۡشٌ عَرۡشَ
011217fe1e9e	lilʃːams	2	لِلشَّمۡسِ
09dd1cec6c35	fasˤadːahum	2	فَصَدَّهُمۡ
566a91d6814d	taʕluː	2	تَعۡلُواۡ
92ea757b765f	ʔaðilːahaː	2	أَذِلَّةً
ed21030d203c	tafraħuːn	2	تَفۡرَحُونَ
dbbbf6f84c0b	ʔaːtiːk	2	ءَاتِيكَ
088f84b2ff31	ʃakar	2	شَكَرَ
46117c8ae17b	qawaːriːr	2	قَوَارِيرَ قَوَارِيرَاۡ
657febd421cc	ðˤalamt	2	ظَلَمۡتُ
c7f6417033eb	tˤaːːʔirukum	2	طَـٰٓئِرُكُمۡ طَـٰٓئِرُكُم
aee927c3c718	tisʕah	2	تِسۡعَةُ تِسۡعَةَ
4c3ff1cae49a	fatilk	2	فَتِلۡكَ
b272c05af126	ħadaːːʔiqᵊ	2	حَدَآئِقَ
aec8d8938ce7	ʃad͡ʒarahaː	2	شَجَرَهَآ شَجَرَةً
b0ebcaca18ab	qaraːraː	2	قَرَارًا
f1f55179aa6b	ʔanhaːraː	2	أَنۡهَـٰرًا
e414721237aa	tukinː̃	2	تُكِنُّ
c335a6a04945	dˤalaːlatihim	2	ضَلَـٰلَتِهِمۡ
c5a23e41fff8	fafaziʕ	2	فَفَزِعَ
7c5ef35831ea	daːxiriːn	2	دٰخِرِينَ دَاخِرِينَ
73fc8a86d256	ʔaːminuːn	2	ءَامِنُونَ
ed3b5b64e5e9	wanad͡ʒᵊʕalahum	2	وَنَجۡعَلَهُمۡ وَنَجۡعَلَهُمُ
b73874ac310c	wad͡ʒunuːdahumaː	2	وَجُنُودَهُمَا
64b7a01bd0bf	waʔasˤbaħ	2	وَأَصۡبَحَ
1bce1b5f412b	ʕaduwːihiː	2	عَدُوِّهِۦ
cc8a3a02574b	mudˤilː	2	مُّضِلٌّ مُّضِلٍّ
cbb53e3f4761	xaːːʔifaː	2	خَآئِفًا
825d9ad9c240	jataraqːabᵊ	2	يَتَرَقَّبُ
7ca848edafce	qatalt	2	قَتَلۡتَ قَتَلۡتُ
5e4eb896ccb1	ʔaqᵊsˤaː	2	أَقۡصَا
9fd1988b7e00	qaːlataː	2	قَالَتَا قَالَتَآ
82914264dac2	biʔahlihiː	2	بِأَهۡلِهِۦٓ بِأَهۡلِهِۦ
e491e76aeb27	lisaːnaː	2	لِسَانًا لِّسَانًا
d1d5edb50632	wanad͡ʒᵊʕal	2	وَنَجۡعَلُ وَنَجۡعَلَ
4a579db3b140	muftaraː	2	مُّفۡتَرًى
906b78cc052e	jaːhaːmaːn	2	يَـٰهَـٰمَـٰنُ
0ae820a7f332	sˤarħaː	2	صَرۡحًا
e96e397f2cf2	laʔaðˤunː̃uhuː	2	لَأَظُنُّهُۥ
595d3393d05f	wad͡ʒunuːdahuː	2	وَجُنُودَهُۥ
8c7c15b515e8	fanabaðnaːhum	2	فَنَبَذۡنَـٰهُمۡ
9fb40ad9559a	bid͡ʒaːnibᵊ	2	بِجَانِبِ
cae1a6db4dc8	qadˤajnaː	2	قَضَيۡنَآ قَضَيۡنَا
76097bc39480	mursiliːn	2	مُرۡسِلِينَ
fc8080775015	taðˤaːharaː	2	تَظَـٰهَرَا
109a785a2f06	ʔaħbabᵊt	2	أَحۡبَبۡتَ أَحۡبَبۡتُ
a86d3e9ac202	ħaramaː	2	حَرَمًا
62a7f4fd497d	masaːkinuhum	2	مَسَـٰكِنُهُمۡ
ca796fbb1f41	famataːʕ	2	فَمَتَـٰعُ
3a239297ae43	ʔalmuħdˤariːn	2	ٱلۡمُحۡضَرِينَ
86c91d7bf155	ʔalʔaᵐbaːːʔ	2	ٱلۡأَنۢبَآءُ ٱلۡأَنۢبَآءِ
5dbe69d2e0c8	ʔalxijarah	2	ٱلۡخِيَرَةُ
8e5abffb7c44	sarmadaː	2	سَرۡمَدًا
e5fbfb698137	qaːruːn	2	قَـٰرُونَ قَـٰرُونُ
a14041fbfc03	ʔuːtiːtuhuː	2	أُوتِيتُهُۥ
8e9ee5103f14	ʔasˤːaːbiruːn	2	ٱلصَّـٰبِرُونَ
80ef37939888	d͡ʒaːhadaːk	2	جَـٰهَدَاكَ
2fc759ee4806	tutˤiʕhumaː	2	تُطِعۡهُمَآ تُطِعۡهُمَا
3d1c2bcaad86	faʔunabːiʔukum	2	فَأُنَبِّئُكُم
d66815ea8f2d	ʔawalajs	2	أَوَلَيۡسَ
97bebe4c8679	xamsiːn	2	خَمۡسِينَ
e03657ce13c6	ʔawθaːnaː	2	أَوۡثَـٰنًا
e926a350beba	jaʔisuː	2	يَئِسُواۡ
99cf2f892529	wamaʔwaːkum	2	وَمَأۡوَٮٰكُمُ
bfc187cc18f3	faʔaːman	2	فَـَٔـامَنَ
9bca94a02b59	ʔanː̃ubuwːah	2	ٱلنُّبُوَّةَ
f7e7c445f6cf	waqaːruːn	2	وَقَـٰرُونَ
17038b06462b	ʔalʕaⁿkabuːt	2	ٱلۡعَنكَبُوتِ
e26aacf5fef0	bajtaː	2	بَيۡتًا
dc77ab72cc0a	nadˤribuhaː	2	نَضۡرِبُهَا
26454e1f0096	jaːʕibaːdiː	2	يَـٰعِبَادِىَ
c651954193ac	lahw	2	لَهۡوٌ لَهۡوَ
7e8dc83ed240	nad͡ʒːaːhum	2	نَجَّـٰهُمۡ
7c2f0ec3339a	ʔasaːːʔuː	2	أَسَـٰٓـــُٔواۡ
61f1a46bca5e	biʃurakaːːʔihim	2	بِشُرَكَآئِهِمۡ
63328e09e225	faʔaqim	2	فَأَقِمۡ
a197e20c2c44	muniːbiːn	2	مُنِيبِينَ مُّنِيبِينَ
709cdd79f647	ʔajdiː	2	أَيۡدِى أَيۡدِىَ
9277a2cdf356	fatuθiːr	2	فَتُثِيرُ
ef055b060a58	lamuħj	2	لَمُحۡىِ
42d55462e6cf	dˤaʕf	2	ضَعۡفٍ
cc2f53fd81ac	walʔiːmaːn	2	وَٱلۡإِيمَـٰنَ
50123e0ed446	walaːkinː̃akum	2	وَلَـٰكِنَّكُمۡ
9632df2d7aa7	maʕðiratuhum	2	مَعۡذِرَتُهُمۡ
e091141b4611	lilmuħsiniːn	2	لِّلۡمُحۡسِنِينَ لِلۡمُحۡسِنِينَ
6448db465390	mustakbiraː	2	مُسۡتَكۡبِرًا
b9af660fcfe7	jasmaʕhaː	2	يَسۡمَعۡهَا
f9841c0dd336	luqᵊmaːn	2	لُقۡمَـٰنَ لُقۡمَـٰنُ
d8783102ff6f	ʔuʃkur	2	ٱشۡكُرۡ
2acae5612d0f	ħamalath	2	حَمَلَتۡهُ
73d62765c372	ʔumː̃uhuː	2	أُمُّهُۥ
b1b2eb563583	wafisˤaːluhuː	2	وَفِصَـٰلُهُۥ
bdc254524d96	muxtaːl	2	مُخۡتَالٍ
b3dcfe59d3bd	taraw	2	تَرَوۡاۡ
00dc7f31bf9c	ðˤaːhirahaː	2	ظَـٰهِرَةً
e89aa469636d	duːnih	2	دُونِهِ
b3f3f6811b11	biniʕmat	2	بِنِعۡمَتِ
33982bde4955	muqᵊtasˤidᵊ	2	مُّقۡتَصِدٌ
46f4668dcd7b	taɣurːanː̃akum	2	تَغُرَّنَّكُمُ
76a5619d1b2b	jaɣurːanː̃akum	2	يَغُرَّنَّكُم
1ffe3dc24e22	ʔalɣajθ	2	ٱلۡغَيۡثَ
05537bcb86dd	biʔajː	2	بِأَىِّ
29a6ed3c1c2f	miqᵊdaːruhuː	2	مِقۡدَارُهُۥٓ مِقۡدَارُهُۥ
6665455ecf60	nasiːtum	2	نَسِيتُمۡ
7e07d35199e6	walanuðiːqanː̃ahum	2	وَلَنُذِيقَنَّهُم
442485adebfd	ʔiːmaːnuhum	2	إِيمَـٰنُهُمۡ
d59496da8562	lirad͡ʒul	2	لِرَجُلٍ لِّرَجُلٍ
c808cef83ec9	ʔalːaːːʔiː	2	ٱلَّــٰٓــِٔى
38d39e3ce25f	ʔumː̃ahaːtuhum	2	أُمَّهَـٰتُهُمۡ
2fd313646d8f	zaːɣat	2	زَاغَتِ زَاغَتۡ
e7540f904363	ʔalħanaːd͡ʒir	2	ٱلۡحَنَاجِرَ ٱلۡحَنَاجِرِ
54336c3f7e7d	jaⁿfaʕakum	2	يَنفَعَكُمُ
e3a5d438a94f	ʔaʃiħːahaː	2	أَشِحَّةً
74c9f081cea3	waðakar	2	وَذَكَرَ
007afa0658ca	wasˤadaqᵊ	2	وَصَدَقَ
f1e05fbdcfb7	waqaðaf	2	وَقَذَفَ
95b56478f231	liʔazwaːd͡ʒik	2	لِّأَزۡوٰجِكَ
a0db6596139f	kuⁿtunː̃	2	كُنتُنَّ
8daf852f4f8d	turidᵊn	2	تُرِدۡنَ
aba465260b81	saraːħaː	2	سَرَاحًا
19a8b478f2cf	jaːnisaːːʔ	2	يَـٰنِسَآءَ
9cbe5b210dc9	bujuːtikunː̃	2	بُيُوتِكُنَّ
f018e51c08bf	waʔad͡ʒᵊraː	2	وَأَجۡرًا
565498993fa6	ʔamsik	2	أَمۡسِكۡ
00a887682297	watˤaraː	2	وَطَرًا
6ac1b320bba4	lijuxrid͡ʒakum	2	لِيُخۡرِجَكُم لِّيُخۡرِجَكُم
649ff5302e1a	jamiːnuk	2	يَمِينُكَ
62f6db929924	faⁿtaʃiruː	2	فَٱنتَشِرُواۡ
15d4111c17d8	wanisaːːʔ	2	وَنِسَآءِ وَنِسَآءٌ
bd3e61d4469e	jaⁿtah	2	يَنتَهِ
b201470aeb0c	lisunː̃ah	2	لِسُنَّةِ
2e6645aae2aa	ʔatˤaʕnaː	2	أَطَعۡنَا
f78dcdc7bc95	walmuʃrikaːt	2	وَٱلۡمُشۡرِكَـٰتِ
6cbbff88bad1	jaⁿzil	2	يَنزِلُ
51927b5c3293	mumazːaqᵊ	2	مُمَزَّقٍ
dc6adc7282be	ʔalmuhiːn	2	ٱلۡمُهِينِ
cd7da4e3f650	ðawaːtaː	2	ذَوَاتَىۡ ذَوَاتَآ
bc52a19e0b4e	sidᵊr	2	سِدۡرٍ
37b69cf5688a	quraː	2	قُرًى
0850e3fae50f	sˤadːaqᵊ	2	صَدَّقَ
46f043fdf59a	ðˤahiːr	2	ظَهِيرٍ ظَهِيرٌ
33af58c85b82	ʔijːaːkum	2	إِيَّاكُمۡ
f2273d7b8ba1	jaftaħ	2	يَفۡتَحُ يَفۡتَحِ
44fd0278bf40	mutrafuːhaː	2	مُتۡرَفُوهَآ
dd75d14b96c3	zulfaː	2	زُلۡفَىٰٓ
ad24ec4d540e	kutubᵊ	2	كُتُبٍ كُتُبٌ
ff7c5b7eb478	fakaðːabuː	2	فَكَذَّبُواۡ
35936a923011	jumsik	2	يُمۡسِكۡ يُمۡسِكُ
759e3b9cf99d	faraʔaːh	2	فَرَءَاهُ
621c8d061f90	ʔanː̃uʃuːr	2	ٱلنُّشُورُ
0dd4f4f464d6	wamakr	2	وَمَكۡرُ وَمَكۡرَ
c8966bd0dede	tuⁿðir	2	تُنذِرُ
593d8c75d990	jatazakːaː	2	يَتَزَكَّىٰ
03b6fa77cf00	ʔalwaːnuhaː	2	أَلۡوٰنُهَا
4c32fea004dd	laxabiːr	2	لَخَبِيرُۢ لَّخَبِيرُۢ
539e08fa79d6	saːbiqᵊ	2	سَابِقُۢ سَابِقُ
6b6ec5870e4c	jamasːunaː	2	يَمَسُّنَا
106424c1f9b7	luɣuːbᵊ	2	لُغُوبٌ لُّغُوبٍ
33a852c37429	kufruhum	2	كُفۡرُهُمۡ
9b31d104f19e	ʔistikbaːraː	2	ٱسۡتِكۡبَارًا
5ed1b9926374	lisunː̃at	2	لِسُنَّتِ
a9172d7ae693	ʔaħsˤajnaːh	2	أَحۡصَيۡنَـٰهُ
9dd88f805b5a	ʃafaːʕatuhum	2	شَفَـٰعَتُهُمۡ
41c9aabd40b6	ʔalmukramiːn	2	ٱلۡمُكۡرَمِينَ
c31891b69249	ʔalʕibaːdᵊ	2	ٱلۡعِبَادِ
84d98121beb4	ʔalʔazwaːd͡ʒᵊ	2	ٱلۡأَزۡوٰجَ
33ffe507e1ed	ðˤilaːl	2	ظِلَـٰلٍ
7e5cb5aed1ec	ʔisˤlawhaː	2	ٱصۡلَوۡهَا
018a56b4ae2d	ʔalmaʃaːriqᵊ	2	ٱلۡمَشَـٰرِقِ
9b653eb95be0	ʔalkawaːkibᵊ	2	ٱلۡكَوَاكِبِ ٱلۡكَوَاكِبُ
eb9c30614f5a	waħifðˤaː	2	وَحِفۡظًا
fa4efe5a64e5	fastaftihim	2	فَٱسۡتَفۡتِهِمۡ
a0cf591e7490	ʔawaʔaːbaːːʔunaː	2	أَوَءَابَآؤُنَا
353caa587b00	zad͡ʒᵊrah	2	زَجۡرَةٌ
2b6340e3de4f	waʔaqᵊbal	2	وَأَقۡبَلَ
965ab65f0fd3	tˤaːɣiːn	2	طَـٰغِينَ
1e2c577d89fe	muʃtarikuːn	2	مُشۡتَرِكُونَ
34ea09f4c7f4	bilmud͡ʒᵊrimiːn	2	بِٱلۡمُجۡرِمِينَ
7b83985c93b9	jutˤaːf	2	يُطَافُ
23d68f7583b6	laðːah	2	لَذَّةٍ لَّذَّةٍ
bc6363bae85f	kaʔanː̃ahunː̃	2	كَأَنَّهُنَّ
a10f8310599e	faʔaqᵊbal	2	فَأَقۡبَلَ
d07935cb60b9	qariːn	2	قَرِينٌ
ec7c66ca1a73	lakuⁿt	2	لَكُنتُ
911b5e426532	ʔazːaqːuːm	2	ٱلزَّقُّومِ
cc5bfcb221ac	laʔakiluːn	2	لَأَكِلُونَ
9efaa0c489f4	famaːliʔuːn	2	فَمَالِــُٔونَ
d593c35aae23	ðˤanː̃ukum	2	ظَنُّكُم ظَنُّكُمُ
abc152b21d69	saqiːm	2	سَقِيمٌ
8a1f67b6b6ba	taⁿtˤiquːn	2	تَنطِقُونَ
710456dcd4e6	biljamiːn	2	بِٱلۡيَمِينِ
9b601948e868	ʔalʔasfaliːn	2	ٱلۡأَسۡفَلِينَ
5471e8563327	ðurːijːatihimaː	2	ذُرِّيَّتِهِمَا
bd339d1f8736	lamuħdˤaruːn	2	لَمُحۡضَرُونَ
050cd103fa91	muliːm	2	مُلِيمٌ
dbb71841c545	bilʕaraːːʔ	2	بِٱلۡعَرَآءِ
1a6bdc6578c9	ʔalbanuːn	2	ٱلۡبَنُونَ
9914d736c9c9	fanaːdaw	2	فَنَادَواۡ فَنَادَوۡاۡ
f282aa4be340	ʔalʔawtaːdᵊ	2	ٱلۡأَوۡتَادِ
5465bd69fc54	waʃadadᵊnaː	2	وَشَدَدۡنَا وَشَدَدۡنَآ
a5f20e37c53b	ʔalxitˤaːbᵊ	2	ٱلۡخِطَابِ
2fb745c33432	lazulfaː	2	لَزُلۡفَىٰ
c89beca28414	ʔalʕabᵊdᵊ	2	ٱلۡعَبۡدُ
1a0b05649ca9	liʔaħadᵊ	2	لِأَحَدٍ
398abe49a0ee	baːridᵊ	2	بَارِدٌ بَارِدٍ
79952f8ba7cf	waʃaraːbᵊ	2	وَشَرَابٌ وَشَرَابٍ
cb33c0f23595	ʔalʔaxjaːr	2	ٱلۡأَخۡيَارِ
9e0fcb2a48a6	bifaːkihah	2	بِفَـٰكِهَةٍ
13a41c9b56b2	liltˤːaːɣiːn	2	لِلطَّـٰغِينَ لِّلطَّـٰغِينَ
830d9997090c	fawd͡ʒᵊ	2	فَوۡجٌ
cd85bb86054f	marħabaː	2	مَرۡحَبَۢا
e14ff23f78ad	qadːam	2	قَدَّمَ
704a81cc420b	faʕbudᵊ	2	فَٱعۡبُدِ فَٱعۡبُدۡ
5e76de8e0d76	waʔahliːhim	2	وَأَهۡلِيهِمۡ
9512e41b8c6a	ɣuraf	2	غُرَفٌ
c407e327ab85	fawqihaː	2	فَوۡقِهَا
0dd390e98fa9	jahiːd͡ʒᵊ	2	يَهِيجُ
8497d61cb347	fataraːh	2	فَتَرَٮٰهُ
f7567d2677ef	laðikraː	2	لَذِكۡرَىٰ
49aa5b9da9db	faʔataːhum	2	فَأَتَـٰهُمُ
5206cc819882	kaðabᵊ	2	كَذَبَ
dbeaa21f0978	bisˤːidᵊqᵊ	2	بِٱلصِّدۡقِ
4df341a8d721	ʔaswaʔ	2	أَسۡوَأَ
ca2c6a2ca1d5	ʔaraːdaniː	2	أَرَادَنِىَ أَرَادَنِى
73ede4a4364c	maqaːliːdᵊ	2	مَقَالِيدُ
b789df61dfad	qijaːm	2	قِيَامٌ قِيَامٍ
9fed83b5f923	wad͡ʒiːːʔ	2	وَجِاۡىٓءَ
ccb6de50ca37	wasiːqᵊ	2	وَسِيقَ
fedb0048bf6d	zumaraː	2	زُمَرًا
b44bd0b65458	ʔabᵊwaːbuhaː	2	أَبۡوٰبُهَا
184710226f3c	wafutiħat	2	وَفُتِحَتۡ وَفُتِحَتِ
55a3dbba6667	wajastaɣfiruːn	2	وَيَسۡتَغۡفِرُونَ
efab366a578f	waqihim	2	وَقِهِمۡ وَقِهِمُ
6545227bf470	junaːdawn	2	يُنَادَوۡنَ
5bb4e7bd0c90	tudᵊʕawn	2	تُدۡعَوۡنَ
7d27380003f5	biʔanː̃ahuː	2	بِأَنَّهُۥٓ بِأَنَّهُۥ
8a1a148986a9	juniːbᵊ	2	يُنِيبُ
c65a9d10b57c	fadᵊʕuː	2	فَٱدۡعُواۡ
dd439f8a3407	tud͡ʒᵊzaː	2	تُجۡزَىٰ تُجۡزَىٰٓ
5c1a2cf7f98a	ʔalʔazifah	2	ٱلۡأَزِفَةِ ٱلۡأَزِفَةُ
60f24df84901	ʔalʔaʕjun	2	ٱلۡأَعۡيُنِ ٱلۡأَعۡيُنُ
18a6ab12d6b7	waʔaːθaːraː	2	وَءَاثَارًا
934852ddb46a	juðˤhir	2	يُظۡهِرَ يُظۡهِرُ
4cfa5c5fcc68	ʕuðt	2	عُذۡتُ
d1533e8c6df4	mutakabːir	2	مُتَكَبِّرٍ
bfa91b699b46	kaːðibaː	2	كَـٰذِبًا
66fdbb1faccc	musrif	2	مُسۡرِفٌ
238b07246d73	ðˤaːhiriːn	2	ظَـٰهِرِينَ
c09691f11ca6	ʔarːaʃaːdᵊ	2	ٱلرَّشَادِ
fea5da584323	lilʕibaːdᵊ	2	لِّلۡعِبَادِ
1ad7eb061205	qalbᵊ	2	قَلۡبِ قَلۡبٌ
55c42fe3e52b	ʔadᵊʕuːkum	2	أَدۡعُوكُمۡ
c76dd062d159	tadᵊʕuːnaniː	2	تَدۡعُونَنِى تَدۡعُونَنِىٓ
d39f48db1253	juʔfak	2	يُؤۡفَكُ
cb859e769864	wasˤawːarakum	2	وَصَوَّرَكُمۡ
9b6c5eff450b	faʔaħsan	2	فَأَحۡسَنَ
e450e092024f	sˤuwarakum	2	صُوَرَكُمۡ
7d201b544566	walitabᵊluɣuː	2	وَلِتَبۡلُغُوٓاۡ وَلِتَبۡلُغُواۡ
d29f0340a4b9	jusħabuːn	2	يُسۡحَبُونَ
f9ca950c5e34	waxasir	2	وَخَسِرَ
4d041f40e393	waqᵊr	2	وَقۡرٌ
ef133dc25340	watad͡ʒᵊʕaluːn	2	وَتَجۡعَلُونَ
e911f7a3f9d6	waqadːar	2	وَقَدَّرَ
1a234052dd23	bimasˤaːbiːħ	2	بِمَصَـٰبِيحَ
fe2a0df48f41	sˤaːʕiqah	2	صَـٰعِقَةِ صَـٰعِقَةُ
b4b0d6142074	sˤarsˤaraː	2	صَرۡصَرًا
90021c8f2679	ʔaʕdaːːʔ	2	أَعۡدَآءُ أَعۡدَآءِ
0556f5828fab	samʕuhum	2	سَمۡعُهُمۡ
bfddd71c572f	tadːaʕuːn	2	تَدَّعُونَ
e59e6282c2f5	ʔaːjaːtih	2	ءَايَـٰتِهِ
7f05ea24a3f6	xalaqahunː̃	2	خَلَقَهُنَّ
fb694de2674b	ʔasaːːʔ	2	أَسَآءَ
f10e36f31d4e	ʔalwalijː	2	ٱلۡوَلِىُّ
9f8165fb2ae8	nazidᵊ	2	نَزِدۡ نَّزِدۡ
d41d10b958bb	kalʔaʕlaːm	2	كَٱلۡأَعۡلَـٰمِ
aff89d582f06	ðˤahrihiː	2	ظَهۡرِهِۦٓ ظَهۡرِهِۦ
0d0d4bc28ba2	jad͡ʒᵊtanibuːn	2	يَجۡتَنِبُونَ
99b4b37ab125	walfawaːħiʃ	2	وَٱلۡفَوٰحِشَ
472aa426c403	miθluhaː	2	مِّثۡلُهَا مِثۡلُهَا
05dcf98209f8	walaman	2	وَلَمَنِ وَلَمَن
89423aec0b78	sˤabar	2	صَبَرَ
25f36bb8baeb	jaⁿsˤuruːnahum	2	يَنصُرُونَهُم يَنصُرُونَهُمۡ
0c2a5d133375	batˤᵊʃaː	2	بَطۡشًا
c73b6fd590b0	lad͡ʒaʕalnaː	2	لَّجَعَلۡنَا لَجَعَلۡنَا
43dc3b06797e	ʔabᵊwaːbaː	2	أَبۡوٰبًا
868f222813ff	ʔalmaʃriqajn	2	ٱلۡمَشۡرِقَيۡنِ
ebdb41396b0a	nasmaʕ	2	نَسۡمَعُ
b3570e81fb0c	wajalʕabuː	2	وَيَلۡعَبُواۡ
ac3a2d47819d	fartaqibᵊ	2	فَٱرۡتَقِبۡ
d7c9a83b18e1	fadaʕaː	2	فَدَعَا
2989775ee3c7	mud͡ʒᵊrimuːn	2	مُّجۡرِمُونَ
c617d4f9fa6d	faːkihiːn	2	فَـٰكِهِينَ
dda6ab817982	biʔaːbaːːʔinaː	2	بِـَٔـابَآئِنَآ
bc8dd5bbea91	tubːaʕ	2	تُبَّعٍ
f9d16adfe32e	xuðuːh	2	خُذُوهُ
6ca529a56113	wazawːad͡ʒᵊnaːhum	2	وَزَوَّجۡنَـٰهُم
2f5ab056234e	biħuːr	2	بِحُورٍ
5368c83ef590	jaðuːquːn	2	يَذُوقُونَ
7c0cd43ce7e9	wawaqaːhum	2	وَوَقَـٰهُمۡ
b176056c7104	ʔadːahr	2	ٱلدَّهۡرُ ٱلدَّهۡرِ
4051a3af65bd	jad͡ʒᵊmaʕukum	2	يَجۡمَعُكُمۡ
921d56c6b918	wasːaːʕah	2	وَٱلسَّاعَةُ
b21eef3d8cf0	nadᵊriː	2	نَدۡرِى نَدۡرِىٓ
3dcc4416eaaa	waɣarːatkum	2	وَغَرَّتۡكُمُ
0be18926dac2	jufʕal	2	يُفۡعَلُ يُفۡعَلَ
ff7791db54bc	sabaquːnaː	2	سَبَقُونَآ سَبَقُونَا
36864654d345	kurhaː	2	كُرۡهًا
a23943919331	juʕradˤ	2	يُعۡرَضُ
18ad3e20a692	raʔawh	2	رَأَوۡهُ
946730ff9d2b	juraː	2	يُرَىٰٓ يُرَىٰ
3796fc87d835	jaːqawmanaː	2	يَـٰقَوۡمَنَآ
2019e6d1912b	daːʕiː	2	دَاعِىَ
f4dd4f40f022	baːlahum	2	بَالَهُمۡ
fdcf939ed767	ʔamθaːlahum	2	أَمۡثَـٰلَهُمۡ
956f789f31e7	wajudᵊxiluhum	2	وَيُدۡخِلُهُمُ وَيُدۡخِلُهُمۡ
3fb95cbb2808	karihuː	2	كَرِهُواۡ
f3092f42bcdd	naːsˤir	2	نَاصِرَ نَاصِرٍ
1643400f3edc	famiⁿkum	2	فَمِنكُم فَمِنكُمۡ
bf22a2284088	ʔamθaːlakum	2	أَمۡثَـٰلَكُم أَمۡثَـٰلَكُمۡ
74f25ca5a161	ʔasːakiːnah	2	ٱلسَّكِينَةَ
a7cf7f542cac	lijudᵊxil	2	لِّيُدۡخِلَ
7a7fb0622434	jubaːjiʕuːnak	2	يُبَايِعُونَكَ
5529539f12f1	faʕalim	2	فَعَلِمَ
be02953afc40	fad͡ʒaʕal	2	فَجَعَلَ
1accf59cf14b	fastawaː	2	فَٱسۡتَوَىٰ
7ae65361eee1	ʔasˤːaːdiquːn	2	ٱلصَّـٰدِقُونَ
7c348e1b9e78	ʔalmad͡ʒiːdᵊ	2	ٱلۡمَجِيدِ ٱلۡمَجِيدُ
6dc7b7cac6b2	banajnaːhaː	2	بَنَيۡنَـٰهَا
48c409aeccf2	ʔalʔawːal	2	ٱلۡأَوَّلِ ٱلۡأَوَّلُ
f20817b1eb2e	ħabᵊl	2	حَبۡلِ حَبۡلٌ
2c2d37a3b6d9	ʕatiːdᵊ	2	عَتِيدٌ
4aabaa2afc7d	qariːnuhuː	2	قَرِينُهُۥ
13138da552a6	manː̃aːʕ	2	مَّنَّاعٍ
9395e7b409de	lilxajr	2	لِّلۡخَيۡرِ
42ca3b61d686	qadːamt	2	قَدَّمۡتُ
f325a76bf4c1	maziːdᵊ	2	مَّزِيدٍ مَزِيدٌ
fe69f221eeba	fasabːiħh	2	فَسَبِّحۡهُ
f6a1339c46a6	siraːʕaː	2	سِرَاعًا
6567e13606d5	saːhuːn	2	سَاهُونَ
4667ad265a7d	lilsːaːːʔil	2	لِّلسَّآئِلِ
f0da9bc8dad4	walmaħruːm	2	وَٱلۡمَحۡرُومِ
6848c8c47cbf	tˤaːɣuːn	2	طَاغُونَ
a63d53481777	daːfiʕ	2	دَافِعٍ دَافِعٌ
c5b2dd845470	tamuːr	2	تَمُورُ
0a37ecc9fdfe	masˤfuːfah	2	مَّصۡفُوفَةٍ مَصۡفُوفَةٌ
24525961d564	kaʔsaː	2	كَأۡسًا
3aefd1ed1e3d	wajatˤuːf	2	وَيَطُوفُ
6911fb98ee67	faljaʔtuː	2	فَلۡيَأۡتُواۡ
59176fb5a90d	ʔalxaːliquːn	2	ٱلۡخَـٰلِقُونَ
2eca894aa1a7	maɣram	2	مَّغۡرَمٍ
f14ca6927895	muθqaluːn	2	مُّثۡقَلُونَ
d5f7b5f4c638	wanː̃ad͡ʒᵊm	2	وَٱلنَّجۡمِ وَٱلنَّجۡمُ
d53ea8498d94	sˤaːħibukum	2	صَاحِبُكُمۡ صَاحِبُكُم
41f8174b64e2	bilʔufuqᵊ	2	بِٱلۡأُفُقِ
8288797504f1	ʔalmuⁿtahaː	2	ٱلۡمُنتَهَىٰ
2df3708381fc	rabːih	2	رَبِّهِ
dfe5100769ee	ʔalʔuⁿθaː	2	ٱلۡأُنثَىٰ
ff3ac5627e7f	qismah	2	قِسۡمَةٌ قِسۡمَةُۢ
b9399abb123d	ʔalmaɣfirah	2	ٱلۡمَغۡفِرَةِ
5b35b1f5183c	junabːaʔ	2	يُنَبَّأۡ يُنَبَّؤُاۡ
6870d76b9d3e	ʔazːawd͡ʒajn	2	ٱلزَّوۡجَيۡنِ
381045019ce7	mustamirː	2	مُّسۡتَمِرٌّ مُّسۡتَمِرٍّ
4f4dec8fc0ee	mustaqirː	2	مُّسۡتَقِرٌّ
d9314cdf4ccd	baːliɣah	2	بَـٰلِغَةٌ
3023df9c2329	qudir	2	قُدِرَ
edbd162a0187	ʔaʕd͡ʒaːz	2	أَعۡجَازُ
dcf2aba54829	naxl	2	نَخۡلٍ
24c3c8fe804a	wasuʕur	2	وَسُعُرٍ
b3bacefbb915	muqᵊtadir	2	مُّقۡتَدِرٍ مُّقۡتَدِرِۭ
f413d75454da	ʔazːubur	2	ٱلزُّبُرِ
f202dc0c2336	walmard͡ʒaːn	2	وَٱلۡمَرۡجَانُ
422a635ca63a	ʔald͡ʒalaːl	2	ٱلۡجَلَـٰلِ
5912720ffb75	walʔikraːm	2	وَٱلۡإِكۡرَامِ
e25902ae1576	ʔiⁿʃaqːat	2	ٱنشَقَّتِ ٱنشَقَّتۡ
d21e06e0d160	ʕajnaːn	2	عَيۡنَانِ
ea9396a07693	jatˤᵊmiθhunː̃	2	يَطۡمِثۡهُنَّ
a4e0ce95b7aa	ʔalʔiħsaːn	2	ٱلۡإِحۡسَـٰنِ ٱلۡإِحۡسَـٰنُ
ec40f1571ad2	ħisaːn	2	حِسَانٌ حِسَانٍ
2e51d2f5ef13	waqaʕat	2	وَقَعَتِ
043bccd2b7b1	ʔalwaːqiʕah	2	ٱلۡوَاقِعَةُ
331297e5f8a8	kaːðibah	2	كَاذِبَةٌ كَـٰذِبَةٍ
9866dbdf8374	θulːah	2	ثُلَّةٌ
f3b0ba18881f	wildaːn	2	وِلۡدٰنٌ
4364c5915228	muxalːaduːn	2	مُّخَلَّدُونَ
24a0b48d7577	wafaːkihah	2	وَفَـٰكِهَةٍ
25a54c0af650	waðˤilː	2	وَظِلٍّ
bd5b4ad2f468	ʔatraːbaː	2	أَتۡرَابًا
f14516ed9506	liʔasˤħaːbᵊ	2	لِّأَصۡحَـٰبِ
051928f78eee	faʃaːribuːn	2	فَشَـٰرِبُونَ
bd3d7c387f5b	bimasbuːqiːn	2	بِمَسۡبُوقِينَ
889f11a2f856	nubadːil	2	نُّبَدِّلَ
f2441b3039d8	maħruːmuːn	2	مَحۡرُومُونَ
703ebc812fb5	balaɣat	2	بَلَغَتِ
3fc650876469	d͡ʒaħiːm	2	جَحِيمٍ
532d9a9071e9	nuːruhum	2	نُورُهُم نُورُهُمۡ
0fe438a95602	wabiʔajmaːnihim	2	وَبِأَيۡمَـٰنِهِم وَبِأَيۡمَـٰنِهِمۡ
133b6508e6ad	juðˤaːhiruːn	2	يُظَـٰهِرُونَ
da21e9590c27	jaʕuːduːn	2	يَعُودُونَ
dcaeb9c240fe	jatamaːːːsːaː	2	يَتَمَآسَّا
d03fe6ba30f0	juħaːːːdːuːn	2	يُحَآدُّونَ
6f31cbec46d4	wamaʕsˤijat	2	وَمَعۡصِيَتِ
ec338f9f2d46	nad͡ʒᵊwaːkum	2	نَجۡوَٮٰكُمۡ
0c9c755f2cba	ɣadˤibᵊ	2	غَضِبَ
08d26443077c	d͡ʒunː̃ahaː	2	جُنَّةً
29c602500a27	faʔaⁿsaːhum	2	فَأَنسَـٰهُمۡ
28919b3d14eb	juːqᵊ	2	يُوقَ
abcdd4fa551d	ʃuħː	2	شُحَّ
24edebc5c5ae	ʔalqudːuːs	2	ٱلۡقُدُّوسُ ٱلۡقُدُّوسِ
38d8ca02f88f	bilmawadːah	2	بِٱلۡمَوَدَّةِ
538244d7d0dc	janhaːkum	2	يَنۡهَـٰكُمُ
37ae45bbf01d	wastaɣnaː	2	وَّٱسۡتَغۡنَى وَٱسۡتَغۡنَىٰ
72e7d6e4829b	wajaʕmal	2	وَيَعۡمَلۡ
3b7992a1add8	sajːiʔaːtihiː	2	سَيِّـَٔـاتِهِۦ
90f519d3d2e0	walːaːːʔiː	2	وَٱلَّــٰٓــِٔى
1c4dde3cbe09	ħamlahunː̃	2	حَمۡلَهُنَّ
1203a20f3939	ʔamrihaː	2	أَمۡرِهَا
2db843022f4d	tˤibaːqaː	2	طِبَاقًا
d4bfb73e3d5a	biðaᵐbihim	2	بِذَنۢبِهِمۡ
c3387d5efc1b	rizqahuː	2	رِزۡقَهُۥ
b637ab88c6ff	bimad͡ʒᵊnuːn	2	بِمَجۡنُونٍ
9d7b7cd56eda	qaːdiriːn	2	قَـٰدِرِينَ
8f8ae4ed526f	ladˤaːːːlːuːn	2	لَضَآلُّونَ
fed3c3f25ebd	tarhaquhum	2	تَرۡهَقُهُمۡ
cfe121486226	faʔuhlikuː	2	فَأُهۡلِكُواۡ
7f3de8d9c2f5	walmalak	2	وَٱلۡمَلَكُ
ae1709cf1258	kitaːbijah	2	كِتَـٰبِيَهۡ
eed2be20e9e3	ħisaːbijah	2	حِسَابِيَهۡ
e724cf227533	ʕiːʃah	2	عِيشَةٍ
34ee029dc70d	ʕaːlijah	2	عَالِيَةٍ
486848f5452f	qutˤuːfuhaː	2	قُطُوفُهَا
acc6ac934803	jaħudˤː	2	يَحُضُّ
b2a564c0efe6	warːuːħ	2	وَٱلرُّوحُ
cda9b8f66c51	kalʕihn	2	كَٱلۡعِهۡنِ
9cd870476404	jasʔal	2	يَسۡــَٔلُ
e06a27be42dd	wasˤaːħibatihiː	2	وَصَـٰحِبَتِهِۦ
fe13aafbc4ac	ʔalmusˤalːiːn	2	ٱلۡمُصَلِّينَ
f8ca6dc76183	daʕawtuhum	2	دَعَوۡتُهُمۡ
cc54603fea19	taðarunː̃	2	تَذَرُنَّ
17f90c0de8c0	tazidᵊ	2	تَزِدِ
63c58ca6e80b	ðˤananː̃aː	2	ظَنَنَّآ
158e426680af	rahaqaː	2	رَهَقًا
6953f7572050	rasˤadaː	2	رَّصَدًا رَصَدًا
ac47a84f42e5	waminː̃aː	2	وَمِنَّا
da1ee8aedd99	ʔalqaːsitˤuːn	2	ٱلۡقَـٰسِطُونَ
a58358e2824b	qum	2	قُمِ قُمۡ
5a9e436efac4	θaqiːlaː	2	ثَقِيلًا
4d915cf0026f	sabᵊħaː	2	سَبۡحًا
ccf5fe585b00	tˤawiːlaː	2	طَوِيلًا
11e78f19f4ad	tard͡ʒuf	2	تَرۡجُفُ
a20379bbaf81	faqᵊraʔuː	2	فَٱقۡرَءُواۡ
ef82e1983076	tajasːar	2	تَيَسَّرَ
63b25f1f1f8f	ʕabas	2	عَبَسَ
b2d415b04c86	wasˤːubᵊħ	2	وَٱلصُّبۡحِ
7dd7fe99a51b	nak	2	نَكُ
f8d8dfff9ded	sˤuħufaː	2	صُحُفًا
f7df3ce2578d	ðakarahuː	2	ذَكَرَهُۥ
e090c77fce58	wawud͡ʒuːh	2	وَوُجُوهٌ
e4f50bfe882f	sˤalːaː	2	صَلَّىٰ صَلَّىٰٓ
5b3bf461feee	fasawːaː	2	فَسَوَّىٰ
8ea3a67edfd5	mizaːd͡ʒuhaː	2	مِزَاجُهَا
63b4afacb8e1	jaʃrabᵊ	2	يَشۡرَبُ
08766ff7a4d5	ʃaraːbaː	2	شَرَابًا
9d2d6cdcfdb2	taʃaːːʔuːn	2	تَشَآءُونَ
0232cd395cda	ʔiⁿtˤaliquː	2	ٱنطَلِقُوٓاۡ
647eff02edf5	ʔafwaːd͡ʒaː	2	أَفۡوَاجًا
b8d3ca1e7931	maʔaːbaː	2	مَـَٔـابًا
c3ec9b5b7b7f	kiðːaːbaː	2	كِذَّابًا كِذّٰبًا
270b038d98a1	xaːʃiʕah	2	خَـٰشِعَةٌ
4526d3acf803	banaːhaː	2	بَنَـٰهَا
05b05c3ff94d	fasawːaːhaː	2	فَسَوَّٮٰهَا
7f052f92240c	dˤuħaːhaː	2	ضُحَـٰهَا
bc3ff5098d63	waliʔanʕaːmikum	2	وَلِأَنۡعَـٰمِكُمۡ
748afb2e7c6b	jazːakːaː	2	يَزَّكَّىٰٓ يَزَّكَّىٰ
3dee2849a55b	ʔistaɣnaː	2	ٱسۡتَغۡنَىٰ ٱسۡتَغۡنَىٰٓ
662761da0462	faʔaⁿt	2	فَأَنتَ
2846bc393e97	ʔalbiħaːr	2	ٱلۡبِحَارُ
4708363e8334	ʔalfud͡ʒːaːr	2	ٱلۡفُجَّارَ ٱلۡفُجَّارِ
7b4902c8ebd0	sid͡ʒːiːn	2	سِجِّينٍ سِجِّينٌ
c221befffcd3	marquːm	2	مَّرۡقُومٌ
36ff8f5da1d8	waʔaðinat	2	وَأَذِنَتۡ
c84e638615fb	lirabːihaː	2	لِرَبِّهَا
fa3994709a99	waħuqːat	2	وَحُقَّتۡ
b5acc44d20d7	masruːraː	2	مَسۡرُورًا
516305833d8f	liljusraː	2	لِلۡيُسۡرَىٰ
5a49bae5ab05	ʔalʔaʃqaː	2	ٱلۡأَشۡقَى
2a20565ebc3b	d͡ʒuːʕ	2	جُوعٍ
6a8b60535b4a	ʔibᵊtalaːh	2	ٱبۡتَلَـٰهُ
8c75a2750cfc	ʔalʕaqabah	2	ٱلۡعَقَبَةَ ٱلۡعَقَبَةُ
0012099a7bfa	jatiːmaː	2	يَتِيمًا
2cd3830ce03b	muʔsˤadah	2	مُّؤۡصَدَةُۢ مُّؤۡصَدَةٌ
bc83ce139df0	fasanujasːiruhuː	2	فَسَنُيَسِّرُهُۥ
1ee28edbbd0b	walasawf	2	وَلَسَوۡفَ
f64ea5a7d5da	wawad͡ʒadak	2	وَوَجَدَكَ
8a05e4252388	ʔalbajːinah	2	ٱلۡبَيِّنَةُ
31e217028424	ʔalbarijːah	2	ٱلۡبَرِيَّةِ
f3d61074f6de	ʔalħutˤamah	2	ٱلۡحُطَمَةِ ٱلۡحُطَمَةُ
fd7262910f61	lahabᵊ	2	لَهَبٍ
80755a671807	ʔijːaːk	1	إِيَّاكَ
4e70ba2d0948	waʔijːaːk	1	وَإِيَّاكَ
713685faf928	nastaʕiːn	1	نَسۡتَعِينُ
5629a1dbe551	ʔihdinaː	1	ٱهۡدِنَا
6d912d3e8113	ʔalmaɣdˤuːbᵊ	1	ٱلۡمَغۡضُوبِ
a6f33b331962	wabilʔaxirah	1	وَبِٱلۡأَخِرَةِ
9f1fdd0abaf3	xatam	1	خَتَمَ
fb5911a54998	samʕihim	1	سَمۡعِهِمۡ
db1ab0a8a26f	ɣiʃaːwah	1	غِشَـٰوَةٌ
adff336e71db	wabiljawm	1	وَبِٱلۡيَوۡمِ
04c824c6ae47	jaxdaʕuːn	1	يَخۡدَعُونَ
31aba478616f	maradˤaː	1	مَرَضًا
f6da342d5d58	ʔalmufsiduːn	1	ٱلۡمُفۡسِدُونَ
5d98efd47252	ʃajaːtˤiːnihim	1	شَيَـٰطِينِهِمۡ
6c6a3d32d77c	mustahziʔuːn	1	مُسۡتَهۡزِءُونَ
6995633d3077	jastahziʔ	1	يَسۡتَهۡزِئُ
1ea9033537cf	wajamudːuhum	1	وَيَمُدُّهُمۡ
3f76a6b1921c	rabiħat	1	رَبِحَت
62859e90d554	tid͡ʒaːratuhum	1	تِّجَـٰرَتُهُمۡ
74006e6ab6a5	ʔistawqadᵊ	1	ٱسۡتَوۡقَدَ
164c053aad4e	ʔadˤaːːʔat	1	أَضَآءَتۡ
e23ce04cf272	binuːrihim	1	بِنُورِهِمۡ
3d46fe6fe069	watarakahum	1	وَتَرَكَهُمۡ
8528dc4620cb	kasˤajːibᵊ	1	كَصَيِّبٍ
c55585dd51d8	waraʕdᵊ	1	وَرَعۡدٌ
4d6ca8dc14a8	wabarqᵊ	1	وَبَرۡقٌ
081c03a19e9f	jaxtˤaf	1	يَخۡطَفُ
4275bb0ca458	ʔadˤaːːʔ	1	أَضَآءَ
8634afdb3321	maʃaw	1	مَّشَوۡاۡ
364ec7bb7ee8	bisamʕihim	1	بِسَمۡعِهِمۡ
315e3948bafc	firaːʃaː	1	فِرٰشًا
9f65358f6e7b	ruziquː	1	رُزِقُواۡ
59e5cca25490	θamarah	1	ثَمَرَةٍ
940fb7fc44be	ruziqᵊnaː	1	رُزِقۡنَا
702baf4a0238	waʔutuː	1	وَأُتُواۡ
ae19ab4d82a1	baʕuːdˤahaː	1	بَعُوضَةً
205b879b307e	fawqahaː	1	فَوۡقَهَا
ee2867d7a4d7	fajaʕlamuːn	1	فَيَعۡلَمُونَ
ae4ae08a38b8	fajaquːluːn	1	فَيَقُولُونَ
75cdc1873a1e	faʔaħjaːkum	1	فَأَحۡيَـٰكُمۡ
efa9d29f1f51	fasawːaːhunː̃	1	فَسَوَّٮٰهُنَّ
0f9e67028515	ʔatad͡ʒᵊʕal	1	أَتَجۡعَلُ
e1aa451ea2a2	jufsidᵊ	1	يُفۡسِدُ
6ea89d3e5904	wajasfik	1	وَيَسۡفِكُ
0d747b4eadf3	ʔadːimaːːʔ	1	ٱلدِّمَآءَ
414bdd6675c6	nusabːiħ	1	نُسَبِّحُ
45c066a91bb7	biħamdik	1	بِحَمۡدِكَ
9038e6cf60c4	wanuqadːis	1	وَنُقَدِّسُ
1789209ee310	waʕalːam	1	وَعَلَّمَ
366b55b8802b	ʕaradˤahum	1	عَرَضَهُمۡ
c5d0c605e296	ʔaᵐbiʔuːniː	1	أَنۢبِــُٔونِى
57c31b288a0c	biʔasmaːːʔ	1	بِأَسۡمَآءِ
60c312b59665	ʕalːamtanaː	1	عَلَّمۡتَنَآ
3bda488932c7	ʔaᵐbiʔhum	1	أَنۢبِئۡهُم
c87a5c67d363	ʔaᵐbaʔahum	1	أَنۢبَأَهُم
d39c46050f20	wakulaː	1	وَكُلَا
865691c57400	faʔazalːahumaː	1	فَأَزَلَّهُمَا
02ecd9687709	faʔaxrad͡ʒahumaː	1	فَأَخۡرَجَهُمَا
26f66ddc8501	fatalaqːaː	1	فَتَلَقَّىٰٓ
f9cdf67384cd	biʕahdiː	1	بِعَهۡدِىٓ
edba1a654c1e	ʔuːf	1	أُوفِ
0cd89f6e37e7	biʕahdikum	1	بِعَهۡدِكُمۡ
49c10f0eb6e9	talbisuː	1	تَلۡبِسُواۡ
779664c00e70	wataktumuː	1	وَتَكۡتُمُواۡ
ae9451d77df9	warkaʕuː	1	وَٱرۡكَعُواۡ
f8b6b65020d0	ʔataʔmuruːn	1	أَتَأۡمُرُونَ
a6efe3aee7da	tatluːn	1	تَتۡلُونَ
532808e1a64c	wastaʕiːnuː	1	وَٱسۡتَعِينُواۡ
a42290b6497a	lakabiːrah	1	لَكَبِيرَةٌ
0470a868af3a	ʔalxaːʃiʕiːn	1	ٱلۡخَـٰشِعِينَ
5c73286ae98f	nad͡ʒːajnaːkum	1	نَجَّيۡنَـٰكُم
1844d473eeb8	juðabːiħuːn	1	يُذَبِّحُونَ
8915f6b231c9	faraqᵊnaː	1	فَرَقۡنَا
a18417998c14	faʔaⁿd͡ʒajnaːkum	1	فَأَنجَيۡنَـٰكُمۡ
8dc2adb50ef8	waːʕadᵊnaː	1	وٰعَدۡنَا
3b71ee8e86f1	ʕafawnaː	1	عَفَوۡنَا
a89a481354be	bitːixaːðikum	1	بِٱتِّخَاذِكُمُ
c12df094a341	fatuːbuː	1	فَتُوبُوٓاۡ
8e0a55fd5d1f	faʔaxaðatkum	1	فَأَخَذَتۡكُمُ
8073edb8d02a	baʕaθnaːkum	1	بَعَثۡنَـٰكُم
87fe8575b38f	mawtikum	1	مَوۡتِكُمۡ
87c24b0161e0	wasanaziːdᵊ	1	وَسَنَزِيدُ
0bf48316e953	ʔistasqaː	1	ٱسۡتَسۡقَىٰ
556f5c805f42	faⁿfad͡ʒarat	1	فَٱنفَجَرَتۡ
6c6ea9ab0d39	nasˤbir	1	نَّصۡبِرَ
9fc94568ef6e	baqᵊlihaː	1	بَقۡلِهَا
b38ce30a7f8a	waqiθːaːːʔihaː	1	وَقِثَّآئِهَا
21a674aa7b94	wafuːmihaː	1	وَفُومِهَا
e0f5d4678e5f	waʕadasihaː	1	وَعَدَسِهَا
667d688a1477	wabasˤalihaː	1	وَبَصَلِهَا
b4fd42fc3cf2	ʔatastabᵊdiluːn	1	أَتَسۡتَبۡدِلُونَ
350119fb5ea5	misˤraː	1	مِصۡرًا
268a26c1604d	saʔaltum	1	سَأَلۡتُمۡ
b3c9afdfde46	walmaskanah	1	وَٱلۡمَسۡكَنَةُ
fd7053eac150	lakuⁿtum	1	لَكُنتُم
e74931d7ddd6	ʔiʕtadaw	1	ٱعۡتَدَوۡاۡ
069316eb3a41	jadajhaː	1	يَدَيۡهَا
e5ef21088c64	xalfahaː	1	خَلۡفَهَا
d298cfb7f3a1	taðbaħuː	1	تَذۡبَحُواۡ
0407d7a2edb6	baqarahaː	1	بَقَرَةً
a75f45bb052a	ʔatatːaxiðunaː	1	أَتَتَّخِذُنَا
5b2dd8bc60a1	faːridˤ	1	فَارِضٌ
4ef4ffbc4b72	bikr	1	بِكۡرٌ
38a0091337a1	ʕawaːn	1	عَوَانُۢ
aaab36ddfae6	fafʕaluː	1	فَٱفۡعَلُواۡ
0d874d904bc7	sˤafraːːʔ	1	صَفۡرَآءُ
18e5e33931cb	faːqiʕ	1	فَاقِعٌ
672b290ae123	tasurː	1	تَسُرُّ
b0971b3a3a6a	ʔanː̃aːðˤiriːn	1	ٱلنَّـٰظِرِينَ
b9e6d7011d0c	ðaluːl	1	ذَلُولٌ
60972052bb16	tuθiːr	1	تُثِيرُ
6d4c8e8633f4	tasqiː	1	تَسۡقِى
797c8bb51ddd	ʃijah	1	شِيَةَ
320c0716213e	faðabaħuːhaː	1	فَذَبَحُوهَا
20aac98ba12d	qataltum	1	قَتَلۡتُمۡ
4f6ee1564a41	fadːaːrʔtum	1	فَٱدّٰرٰٔۡتُمۡ
54dab806de96	ʔidˤribuːh	1	ٱضۡرِبُوهُ
bf2f7118bf4d	bibaʕdˤihaː	1	بِبَعۡضِهَا
2e4a698b56c5	kalħid͡ʒaːrah	1	كَٱلۡحِجَارَةِ
13571c504ff7	qaswahaː	1	قَسۡوَةً
46298a98bfc7	ʔalħid͡ʒaːrah	1	ٱلۡحِجَارَةِ
bada3cc25854	jatafad͡ʒːar	1	يَتَفَجَّرُ
793dd11dd113	jaʃːaqːaqᵊ	1	يَشَّقَّقُ
858ae37cc34f	fajaxrud͡ʒᵊ	1	فَيَخۡرُجُ
7c417ba75aca	jahbitˤᵊ	1	يَهۡبِطُ
88b6fece2467	ʔafatatˤᵊmaʕuːn	1	أَفَتَطۡمَعُونَ
9935011b4ead	juħarːifuːnahuː	1	يُحَرِّفُونَهُۥ
3e993566b77e	ʕaqaluːh	1	عَقَلُوهُ
cad40ddd6536	ʔatuħadːiθuːnahum	1	أَتُحَدِّثُونَهُم
d514257ed86a	fataħ	1	فَتَحَ
979515a31fda	lijuħaːːːd͡ʒːuːkum	1	لِيُحَآجُّوكُم
053d271ce82e	ʔumː̃ijːuːn	1	أُمِّيُّونَ
ec31996f72a4	lijaʃtaruː	1	لِيَشۡتَرُواۡ
e94178670d29	katabat	1	كَتَبَتۡ
47fade01e89a	maʕduːdahaː	1	مَّعۡدُودَةً
e0331d3080a9	ʔatːaxaðtum	1	أَتَّخَذۡتُمۡ
c364ef1aeee5	ʕahdahuː	1	عَهۡدَهُۥٓ
50061b3857d3	waʔaħaːtˤat	1	وَأَحَـٰطَتۡ
63ece7e3014e	xatˤiːːʔatuhuː	1	خَطِيٓــَٔتُهُۥ
d1109848f1c5	waðiː	1	وَذِى
63d1112c8284	tasfikuːn	1	تَسۡفِكُونَ
90c874e716f8	dimaːːʔakum	1	دِمَآءَكُمۡ
a536506d0695	tuxrid͡ʒuːn	1	تُخۡرِجُونَ
74dd3775772d	ʔaqᵊrartum	1	أَقۡرَرۡتُمۡ
fd3f94fa2bae	watuxrid͡ʒuːn	1	وَتُخۡرِجُونَ
779766634218	taðˤaːharuːn	1	تَظَـٰهَرُونَ
74378ff11b94	jaʔtuːkum	1	يَأۡتُوكُمۡ
ad8d2b242689	ʔusaːraː	1	أُسَـٰرَىٰ
b60e52154401	tufaːduːhum	1	تُفَـٰدُوهُمۡ
d7b419b58ec2	muħarːam	1	مُحَرَّمٌ
0e7da932c950	ʔixraːd͡ʒuhum	1	إِخۡرَاجُهُمۡ
b45672c12749	ʔafatuʔminuːn	1	أَفَتُؤۡمِنُونَ
ca93847b110d	watakfuruːn	1	وَتَكۡفُرُونَ
ab8e7f647150	birːusul	1	بِٱلرُّسُلِ
b70ca4d2512e	ʔafakulːamaː	1	أَفَكُلَّمَا
dd342f296ee0	ʔistakbartum	1	ٱسۡتَكۡبَرۡتُمۡ
19f4a34d8ced	fafariːqaː	1	فَفَرِيقًا
6a07fb1c8852	faqaliːlaː	1	فَقَلِيلًا
2c79ff801d9a	jastaftiħuːn	1	يَسۡتَفۡتِحُونَ
a425aec61b50	falaʕnah	1	فَلَعۡنَةُ
c8947a863409	fabaːːʔuː	1	فَبَآءُو
bba5d7d745e5	wajakfuruːn	1	وَيَكۡفُرُونَ
3ccc62b146fd	waraːːʔahuː	1	وَرَآءَهُۥ
433c721e7291	waʔuʃribuː	1	وَأُشۡرِبُواۡ
8d64b08a8196	ʔiːmaːnukum	1	إِيمَـٰنُكُمۡ
9c86682ae279	jatamanː̃awh	1	يَتَمَنَّوۡهُ
feea0aa8b9f9	walatad͡ʒidanː̃ahum	1	وَلَتَجِدَنَّهُمۡ
da01802ccda1	ʔaħrasˤ	1	أَحۡرَصَ
dcc8b7d8a539	bimuzaħziħihiː	1	بِمُزَحۡزِحِهِۦ
f5220406a0a5	lid͡ʒibᵊriːl	1	لِّجِبۡرِيلَ
9b645b99801c	wamiːkaːl	1	وَمِيكَـٰلَ
92714edc2412	ʔawakulːamaː	1	أَوَكُلَّمَا
123dd9b80e2d	nabaðahuː	1	نَّبَذَهُۥ
ee4fec19df2b	nabað	1	نَبَذَ
de61d09aef4e	juʕalːimuːn	1	يُعَلِّمُونَ
1820a61bc24a	ʔalmalakajn	1	ٱلۡمَلَكَيۡنِ
d4a7a99840f7	bibaːbil	1	بِبَابِلَ
460c8318e431	haːruːt	1	هَـٰرُوتَ
9f0c73328973	wamaːruːt	1	وَمَـٰرُوتَ
eeba38db0c6e	juʕalːimaːn	1	يُعَلِّمَانِ
42153ad1bc08	jaquːlaː	1	يَقُولَآ
d5b929dab13c	takfur	1	تَكۡفُرۡ
a8e7e791ecfa	fajataʕalːamuːn	1	فَيَتَعَلَّمُونَ
e3366e4ee56c	jufarːiquːn	1	يُفَرِّقُونَ
a054237a0d46	wazawd͡ʒihiː	1	وَزَوۡجِهِۦ
674e812a5af3	bidˤaːːːrːiːn	1	بِضَآرِّينَ
4be6fbcfe7d7	wajataʕalːamuːn	1	وَيَتَعَلَّمُونَ
96588321e2f4	ʕalimuː	1	عَلِمُواۡ
530f48237174	ʃaraw	1	شَرَوۡاۡ
822b7c56b6ce	lamaθuːbah	1	لَمَثُوبَةٌ
06a751d1cad5	raːʕinaː	1	رٰعِنَا
a69405d45db8	ʔuⁿðˤurnaː	1	ٱنظُرۡنَا
1960e0e21acc	naⁿsax	1	نَنسَخۡ
d2bde47c0e13	nuⁿsihaː	1	نُنسِهَا
59c336a40b01	naʔt	1	نَأۡتِ
c8d8c240a0de	miθlihaː	1	مِثۡلِهَآ
2b6f2e080d28	suʔil	1	سُئِلَ
4e6cd27f44c7	jatabadːal	1	يَتَبَدَّلِ
5b3a36779228	jarudːuːnakum	1	يَرُدُّونَكُم
02c962446b96	kufːaːraː	1	كُفَّارًا
88acde62ad2f	ħasadaː	1	حَسَدًا
3a06bd446075	faʕfuː	1	فَٱعۡفُواۡ
c8ce06140f06	wasˤfaħuː	1	وَٱصۡفَحُواۡ
5c9b1b4c1b02	ʔamaːnijːuhum	1	أَمَانِيُّهُمۡ
c65018c1331b	xaraːbihaː	1	خَرَابِهَآ
8b471c44f746	xaːːʔifiːn	1	خَآئِفِينَ
014ac8eaa92a	faʔajnamaː	1	فَأَيۡنَمَا
a72573021b3e	faθamː̃	1	فَثَمَّ
da925ae03f56	jukalːimunaː	1	يُكَلِّمُنَا
f37795225d6c	taʃaːbahat	1	تَشَـٰبَهَتۡ
3975191c83ff	tusʔal	1	تُسۡــَٔلُ
da75419fc2ba	milːatahum	1	مِلَّتَهُمۡ
59afc265a0f3	jatluːnahuː	1	يَتۡلُونَهُۥ
cc7385189b78	tilaːwatihiː	1	تِلَاوَتِهِۦٓ
bb8267ce3572	taⁿfaʕuhaː	1	تَنفَعُهَا
2045c30b2ae7	ʔibᵊtalaː	1	ٱبۡتَلَىٰٓ
f6f4141dd553	faʔatamː̃ahunː̃	1	فَأَتَمَّهُنَّ
f036a57f4eb4	d͡ʒaːʕiluk	1	جَاعِلُكَ
2b92954e4cd6	ʕahdiː	1	عَهۡدِى
f4ccd686ec2e	maθaːbahaː	1	مَثَابَةً
98b9307189b8	waʔamnaː	1	وَأَمۡنًا
9813981f600b	watːaxiðuː	1	وَٱتَّخِذُواۡ
39eb01e777d8	musˤalːaː	1	مُصَلًّى
afe5b0da62fe	waʕahidᵊnaː	1	وَعَهِدۡنَآ
f4e52b907d22	tˤahːiraː	1	طَهِّرَا
f32f585c5d1c	walʕaːkifiːn	1	وَٱلۡعَـٰكِفِينَ
289c040f71de	baladaː	1	بَلَدًا
edb1a5ee2da8	warzuqᵊ	1	وَٱرۡزُقۡ
812370b3514b	faʔumatːiʕuhuː	1	فَأُمَتِّعُهُۥ
7ebcb9af7278	ʔadˤtˤarːuhuː	1	أَضۡطَرُّهُۥٓ
675aea260797	taqabːal	1	تَقَبَّلۡ
eddb81f3868d	muslimajn	1	مُسۡلِمَيۡنِ
6aba0be7c0ee	ðurːijːatinaː	1	ذُرِّيَّتِنَآ
c41a471bfc0b	muslimahaː	1	مُّسۡلِمَةً
782439c53e9c	waʔarinaː	1	وَأَرِنَا
76fc429118e7	manaːsikanaː	1	مَنَاسِكَنَا
3b5638ef7794	watubᵊ	1	وَتُبۡ
d27ee69566c2	jarɣabᵊ	1	يَرۡغَبُ
675b7c06adf7	safih	1	سَفِهَ
207cdfd34e69	ʔisˤtˤafajnaːh	1	ٱصۡطَفَيۡنَـٰهُ
fbc69e8c25de	ʔaslim	1	أَسۡلِمۡ
17d40e69d258	wawasˤːaː	1	وَوَصَّىٰ
6c0fea0b7849	baniːh	1	بَنِيهِ
465bb279cad0	libaniːh	1	لِبَنِيهِ
1d8be0eb32a9	ʔilaːhak	1	إِلَـٰهَكَ
1afad4ee917b	ʔaːbaːːʔik	1	ءَابَآئِكَ
90a45386c919	fasajakfiːkahum	1	فَسَيَكۡفِيكَهُمُ
77fce187b5eb	sˤibᵊɣah	1	صِبۡغَةَ
d40e3925235e	sˤibᵊɣahaː	1	صِبۡغَةً
44f8abd8d5e0	ʔatuħaːːːd͡ʒːuːnanaː	1	أَتُحَآجُّونَنَا
6dadeab77888	walanaː	1	وَلَنَآ
1d6f5812e355	muxlisˤuːn	1	مُخۡلِصُونَ
43545fffee0e	katam	1	كَتَمَ
4668be0f2dd7	walːaːhum	1	وَلَّـٰهُمۡ
7fa133966a29	qibᵊlatihim	1	قِبۡلَتِهِمُ
e419dc7dd189	wasatˤaː	1	وَسَطًا
8b7f9a11855f	ʔalqibᵊlah	1	ٱلۡقِبۡلَةَ
3290032f3d05	lakabiːrahaː	1	لَكَبِيرَةً
d0f2f116a951	lijudˤiːʕ	1	لِيُضِيعَ
aabfbd793f8f	ʔiːmaːnakum	1	إِيمَـٰنَكُمۡ
b46f58eacfca	wad͡ʒᵊhik	1	وَجۡهِكَ
74d6aa831fd5	falanuwalːijanː̃ak	1	فَلَنُوَلِّيَنَّكَ
acd07a14ff5d	tardˤaːhaː	1	تَرۡضَـٰهَا
0e7abc31bf57	lajaʕlamuːn	1	لَيَعۡلَمُونَ
134eeccce5a1	ʔatajt	1	أَتَيۡتَ
024b50e44ee0	tabiʕuː	1	تَبِعُواۡ
400316a57567	qibᵊlatak	1	قِبۡلَتَكَ
72da8b910084	qibᵊlatahum	1	قِبۡلَتَهُمۡ
1be941a2120e	qibᵊlah	1	قِبۡلَةَ
31551687a2ed	lajaktumuːn	1	لَيَكۡتُمُونَ
fc978feb0bd7	wid͡ʒᵊhah	1	وِجۡهَةٌ
93bd3e2b2a1a	muwalːiːhaː	1	مُوَلِّيهَا
5919cbd79b86	lalħaqːᵊ	1	لَلۡحَقُّ
82ff4701bced	waxʃawniː	1	وَٱخۡشَوۡنِى
58c1d54e01d0	waliʔutimː̃	1	وَلِأُتِمَّ
55eb9525b350	wajuzakːiːkum	1	وَيُزَكِّيكُمۡ
07b50c55b22b	faðkuruːniː	1	فَٱذۡكُرُونِىٓ
9731a12054c8	ʔaðkurkum	1	أَذۡكُرۡكُمۡ
363edfcdfb85	juqᵊtal	1	يُقۡتَلُ
2cfd2d503615	wald͡ʒuːʕ	1	وَٱلۡجُوعِ
145441c286ef	walʔaⁿfus	1	وَٱلۡأَنفُسِ
77d2ed726f74	waθːamaraːt	1	وَٱلثَّمَرٰتِ
4467db6ea924	sˤalawaːt	1	صَلَوٰتٌ
ee4082d85746	ʔalmuhtaduːn	1	ٱلۡمُهۡتَدُونَ
f060897ac1e2	ʔasˤːafaː	1	ٱلصَّفَا
3e9147eb9c1b	walmarwah	1	وَٱلۡمَرۡوَةَ
f8b82d9aa23b	ħad͡ʒːᵊ	1	حَجَّ
10b70859f0b9	ʔiʕtamar	1	ٱعۡتَمَرَ
02921b1399ce	jatˤːawːaf	1	يَطَّوَّفَ
b9f7453deaaf	ʃaːkir	1	شَاكِرٌ
f4dd0605c36d	walhudaː	1	وَٱلۡهُدَىٰ
72b142ebad73	bajːanː̃aːh	1	بَيَّنَّـٰهُ
b3cc6f49bf16	jalʕanuhum	1	يَلۡعَنُهُمُ
c95cafd728d5	wajalʕanuhum	1	وَيَلۡعَنُهُمُ
0df3ff497aba	ʔalːaːʕinuːn	1	ٱللَّـٰعِنُونَ
4d4f01411e90	wabajːanuː	1	وَبَيَّنُواۡ
6332c55f3293	ʔatuːbᵊ	1	أَتُوبُ
d4944e72707f	wasːaħaːbᵊ	1	وَٱلسَّحَابِ
9e6203133355	ʔalmusaxːar	1	ٱلۡمُسَخَّرِ
e771d7127a80	juħibːuːnahum	1	يُحِبُّونَهُمۡ
7d3cad54699d	kaħubːᵊ	1	كَحُبِّ
bffb20776df9	ʔutːubiʕuː	1	ٱتُّبِعُواۡ
fdfafdae895a	wataqatˤːaʕat	1	وَتَقَطَّعَتۡ
7de546ad77ec	fanatabarːaʔ	1	فَنَتَبَرَّأَ
ddd1fe3856e8	tabarːaʔuː	1	تَبَرَّءُواۡ
1f12083a9abe	juriːhim	1	يُرِيهِمُ
9d1fe62cb8d5	ʔalfajnaː	1	أَلۡفَيۡنَا
342bc67ca399	janʕiqᵊ	1	يَنۡعِقُ
270135a727e7	duʕaːːʔaː	1	دُعَآءً
2380906a1953	wanidaːːʔaː	1	وَنِدَآءً
87a085924e8d	wajaʃtaruːn	1	وَيَشۡتَرُونَ
764bede9067d	walʕaðaːbᵊ	1	وَٱلۡعَذَابَ
3832862c4d2a	bilmaɣfirah	1	بِٱلۡمَغۡفِرَةِ
c399519edef2	ʔasˤbarahum	1	أَصۡبَرَهُمۡ
e9825f734667	ðawiː	1	ذَوِى
d1ca1fac08a3	wasːaːːʔiliːn	1	وَٱلسَّآئِلِينَ
93d545856e68	walmuːfuːn	1	وَٱلۡمُوفُونَ
47e045fe3e8b	biʕahdihim	1	بِعَهۡدِهِمۡ
bfcfa3a5b0d5	ʔalqatlaː	1	ٱلۡقَتۡلَى
efbd99636f29	ʔalħurː	1	ٱلۡحُرُّ
e6854bfc93c1	bilħurː	1	بِٱلۡحُرِّ
c4dd68d9f6c8	walʕabᵊdᵊ	1	وَٱلۡعَبۡدُ
6b73fa5484a4	bilʕabᵊdᵊ	1	بِٱلۡعَبۡدِ
32af378353c4	ʕufiː	1	عُفِىَ
946f2a078f02	fatːibaːʕ	1	فَٱتِّبَاعُۢ
bb48c2c91930	waʔadaːːʔ	1	وَأَدَآءٌ
08b75dab48f4	taxfiːf	1	تَخۡفِيفٌ
ee5793bf24f1	lilwaːlidajn	1	لِلۡوٰلِدَيۡنِ
b7d4cda02307	badːalahuː	1	بَدَّلَهُۥ
be66ca63045f	samiʕahuː	1	سَمِعَهُۥ
bfdcfe56cdd3	ʔiθmuhuː	1	إِثۡمُهُۥ
0d529c111482	jubadːiluːnahuː	1	يُبَدِّلُونَهُۥٓ
6992f40b0d53	muːsˤ	1	مُّوصٍ
d31e60df17cf	d͡ʒanafaː	1	جَنَفًا
f4b07e3b769b	faʔasˤlaħ	1	فَأَصۡلَحَ
a65448e3b2be	jutˤiːquːnahuː	1	يُطِيقُونَهُۥ
68554a1aa94e	tasˤuːmuː	1	تَصُومُواۡ
c1cc24c8dd24	ramadˤaːn	1	رَمَضَانَ
d7bd2a9b8fec	wabajːinaːt	1	وَبَيِّنَـٰتٍ
c1ebc8d29d36	faljasˤumh	1	فَلۡيَصُمۡهُ
ddae249d7d7b	ʔaljusr	1	ٱلۡيُسۡرَ
a5ec4531b957	walitukmiluː	1	وَلِتُكۡمِلُواۡ
9fb3050788c0	walitukabːiruː	1	وَلِتُكَبِّرُواۡ
065b019d940d	saʔalak	1	سَأَلَكَ
1f395b489fa8	ʔud͡ʒiːbᵊ	1	أُجِيبُ
1bf894cc6282	daʕaːn	1	دَعَانِ
7447c5b14a88	waljuʔminuː	1	وَلۡيُؤۡمِنُواۡ
4e135120fbfd	jarʃuduːn	1	يَرۡشُدُونَ
435f71d5d778	ʔarːafaθ	1	ٱلرَّفَثُ
3e8e9cbe978d	taxtaːnuːn	1	تَخۡتَانُونَ
fc30252c1627	waʕafaː	1	وَعَفَا
a1f13450436e	falʔaːn	1	فَٱلۡـَٔـٰنَ
c0c824b598f8	baːʃiruːhunː̃	1	بَـٰشِرُوهُنَّ
7b526f9ea1a8	ʔalʔabᵊjadˤ	1	ٱلۡأَبۡيَضُ
29f7210b21ef	ʔalʔaswadᵊ	1	ٱلۡأَسۡوَدِ
a2aa53a2133e	ʔatimː̃uː	1	أَتِمُّواۡ
7b5e8c789b3a	tubaːʃiruːhunː̃	1	تُبَـٰشِرُوهُنَّ
5a295dde4712	taqᵊrabuːhaː	1	تَقۡرَبُوهَا
9786ce7cfa97	watudᵊluː	1	وَتُدۡلُواۡ
9918f74495bd	ʔalħukːaːm	1	ٱلۡحُكَّامِ
024ff3553eb2	ʔalʔahilːah	1	ٱلۡأَهِلَّةِ
f3fc6d93ee07	mawaːqiːt	1	مَوٰقِيتُ
40445884b6fb	walħad͡ʒːᵊ	1	وَٱلۡحَجِّ
f1bc194ea11c	taʔtuː	1	تَأۡتُواۡ
8c8bd2ff9ac8	ðˤuhuːrihaː	1	ظُهُورِهَا
17fceb473b55	waʔtuː	1	وَأۡتُواۡ
8d13feda728a	ʔabᵊwaːbihaː	1	أَبۡوٰبِهَا
a7d3de44a28b	waʔaxrid͡ʒuːhum	1	وَأَخۡرِجُوهُم
3a7ab0b72288	ʔaxrad͡ʒuːkum	1	أَخۡرَجُوكُمۡ
417875e3045a	tuqaːtiluːhum	1	تُقَـٰتِلُوهُمۡ
f3e9403789ea	faqᵊtuluːhum	1	فَٱقۡتُلُوهُمۡ
dd758a4f5059	biʃːahr	1	بِٱلشَّهۡرِ
ff38d0a540dc	walħurumaːt	1	وَٱلۡحُرُمَـٰتُ
e7d60c85fe40	faʕtaduː	1	فَٱعۡتَدُواۡ
c0add1b846e8	tulquː	1	تُلۡقُواۡ
bb795eec5dde	ʔatːahlukah	1	ٱلتَّهۡلُكَةِ
2e9b30f7488f	waʔaħsinuː	1	وَأَحۡسِنُوٓاۡ
2b073023680b	waʔatimː̃uː	1	وَأَتِمُّواۡ
0a2297269925	walʕumrah	1	وَٱلۡعُمۡرَةَ
a728958c6459	ʔuħsˤirtum	1	أُحۡصِرۡتُمۡ
ce0fd2871d97	taħliquː	1	تَحۡلِقُواۡ
bed3dee130a4	fafidᵊjah	1	فَفِدۡيَةٌ
5cb29e6292f4	sˤijaːm	1	صِيَامٍ
519247e6626d	nusuk	1	نُسُكٍ
de1a97d36f2c	bilʕumrah	1	بِٱلۡعُمۡرَةِ
e6bb8089c2cc	wasabᵊʕah	1	وَسَبۡعَةٍ
4628e5791878	kaːmilah	1	كَامِلَةٌ
7afeb69ba59b	ʔahluhuː	1	أَهۡلُهُۥ
389fbd95c2dc	ħaːdˤiriː	1	حَاضِرِى
54e6f6675830	rafaθ	1	رَفَثَ
00002fbc925e	d͡ʒidaːl	1	جِدَالَ
d22f9ceb7924	watazawːaduː	1	وَتَزَوَّدُواۡ
724f2fc0171c	ʔazːaːdᵊ	1	ٱلزَّادِ
5a6ebef067be	watːaquːn	1	وَٱتَّقُونِ
738dcc0c4b69	ʕarafaːt	1	عَرَفَـٰتٍ
1094c95fd830	ʔalmaʃʕar	1	ٱلۡمَشۡعَرِ
bcf806212e56	waðkuruːh	1	وَٱذۡكُرُوهُ
381f4819f727	ʔafaːdˤ	1	أَفَاضَ
988083c07ba8	manaːsikakum	1	مَّنَـٰسِكَكُمۡ
03f925481335	kaðikrikum	1	كَذِكۡرِكُمۡ
837cf9d83e88	taʕad͡ʒːal	1	تَعَجَّلَ
56b794be3eae	juʕd͡ʒibuk	1	يُعۡجِبُكَ
cf1e1bec2619	qawluhuː	1	قَوۡلُهُۥ
03079c482270	wajuʃhidᵊ	1	وَيُشۡهِدُ
eba2d3fecd22	ʔaladːᵊ	1	أَلَدُّ
44aa630b8dc6	lijufsidᵊ	1	لِيُفۡسِدَ
4f6b5fcea7c9	wajuhlik	1	وَيُهۡلِكَ
19f5d69c47d2	wanː̃asl	1	وَٱلنَّسۡلَ
1df590ee68b5	faħasbuhuː	1	فَحَسۡبُهُۥ
3d493acb48b7	jaʃriː	1	يَشۡرِى
99f4b718d7b0	nafsah	1	نَفۡسَهُ
50202df5cbea	ʔasːilm	1	ٱلسِّلۡمِ
2b11bcb5ac69	zalaltum	1	زَلَلۡتُم
ffe2d77f8f34	sal	1	سَلۡ
f25a81a4e5e9	d͡ʒaːːʔath	1	جَآءَتۡهُ
a5dbab7da330	ʔuːtuːh	1	أُوتُوهُ
463ea13d6fd1	falilwaːlidajn	1	فَلِلۡوٰلِدَيۡنِ
70eacc0abb6a	kurh	1	كُرۡهٌ
3c1a1a079f3f	tuħibːuː	1	تُحِبُّواۡ
1292c743a3d8	wasˤadːᵊ	1	وَصَدٌّ
4a6b34e90470	wakufr	1	وَكُفۡرُۢ
f74508551d88	waʔixraːd͡ʒᵊ	1	وَإِخۡرَاجُ
72b0f4dbeece	jartadidᵊ	1	يَرۡتَدِدۡ
6f7dbfd89f85	fajamut	1	فَيَمُتۡ
4ca911280fe9	waʔiθmuhumaː	1	وَإِثۡمُهُمَآ
e27d5daf48aa	nafʕihimaː	1	نَّفۡعِهِمَا
c8f0510bb00a	tuxaːlitˤuːhum	1	تُخَالِطُوهُمۡ
1d92695cc8b5	ʔalmufsidᵊ	1	ٱلۡمُفۡسِدَ
2b005759d42d	ʔalmusˤliħ	1	ٱلۡمُصۡلِحِ
5eb055481cda	laʔaʕnatakum	1	لَأَعۡنَتَكُمۡ
3fc53070cadd	ʔalmuʃrikaːt	1	ٱلۡمُشۡرِكَـٰتِ
4d9db9e5e387	walaʔamah	1	وَلَأَمَةٌ
b6d0775a8116	muʃrikah	1	مُّشۡرِكَةٍ
8649be6fbe78	tuⁿkiħuː	1	تُنكِحُواۡ
89f1c055e442	walaʕabᵊdᵊ	1	وَلَعَبۡدٌ
4b1671e385e3	ʔaʕd͡ʒabakum	1	أَعۡجَبَكُمۡ
b0412adf8e51	walmaɣfirah	1	وَٱلۡمَغۡفِرَةِ
4210d60268f2	faʕtaziluː	1	فَٱعۡتَزِلُواۡ
2b7c827d31d8	taqᵊrabuːhunː̃	1	تَقۡرَبُوهُنَّ
f7a3eafa2c8e	jatˤᵊhurn	1	يَطۡهُرۡنَ
4a52fb9810a5	tatˤahːarn	1	تَطَهَّرۡنَ
30f5a14290a3	faʔtuːhunː̃	1	فَأۡتُوهُنَّ
552a6c6eeb64	ʔamarakum	1	أَمَرَكُمُ
7338b4d42fdf	ʔatːawːaːbiːn	1	ٱلتَّوّٰبِينَ
a8a39d310b2d	wajuħibːᵊ	1	وَيُحِبُّ
62febc96defb	ʔalmutatˤahːiriːn	1	ٱلۡمُتَطَهِّرِينَ
727c04820fcf	nisaːːʔukum	1	نِسَآؤُكُمۡ
88f0fd891c63	ħarθakum	1	حَرۡثَكُمۡ
e4fd871111c8	waqadːimuː	1	وَقَدِّمُواۡ
5c93a9b0fe4d	mulaːquːh	1	مُّلَـٰقُوهُ
e7ff89875a80	ʕurdˤahaː	1	عُرۡضَةً
1d7ea1d3e5b3	liʔajmaːnikum	1	لِّأَيۡمَـٰنِكُمۡ
8427927116f1	tabarːuː	1	تَبَرُّواۡ
2d6de4ede1bc	watusˤliħuː	1	وَتُصۡلِحُواۡ
24fede120ba0	juʔluːn	1	يُؤۡلُونَ
d89edee8b701	tarabːusˤ	1	تَرَبُّصُ
c44ac3eae956	faːːʔuː	1	فَآءُو
f816fac0ee2a	ʕazamuː	1	عَزَمُواۡ
8ea5474a3104	walmutˤalːaqaːt	1	وَٱلۡمُطَلَّقَـٰتُ
f358271eceae	quruːːʔ	1	قُرُوٓءٍ
59d2a0317416	jaktumn	1	يَكۡتُمۡنَ
a725e7423dff	ʔarħaːmihinː̃	1	أَرۡحَامِهِنَّ
927df1c55e1d	wabuʕuːlatuhunː̃	1	وَبُعُولَتُهُنَّ
f2bbb9f38504	biradːihinː̃	1	بِرَدِّهِنَّ
bd2c1afd55bb	walilrːid͡ʒaːl	1	وَلِلرِّجَالِ
63a7f0456b87	darad͡ʒah	1	دَرَجَةٌ
85ff30cae783	marːataːn	1	مَرَّتَانِ
dff7255f1b51	faʔimsaːk	1	فَإِمۡسَاكُۢ
800f80c98fea	tasriːħ	1	تَسۡرِيحُۢ
f7201fe9a172	jaxaːfaː	1	يَخَافَآ
b8ba704152be	ʔiftadat	1	ٱفۡتَدَتۡ
57606e2bf5b2	taʕtaduːhaː	1	تَعۡتَدُوهَا
45274e18c8e9	taħilː	1	تَحِلُّ
ffd83473315e	taⁿkiħ	1	تَنكِحَ
b2e8af004c66	zawd͡ʒaː	1	زَوۡجًا
1d28647c7682	jataraːd͡ʒaʕaː	1	يَتَرَاجَعَآ
adefad31eb51	jubajːinuhaː	1	يُبَيِّنُهَا
527ad43ccf84	sarːiħuːhunː̃	1	سَرِّحُوهُنَّ
e0bc71a5ce97	tumsikuːhunː̃	1	تُمۡسِكُوهُنَّ
b12e3f6fbe9c	litaʕtaduː	1	لِّتَعۡتَدُواۡ
1a58526de675	jaⁿkiħn	1	يَنكِحۡنَ
56197e8603e1	ʔazwaːd͡ʒahunː̃	1	أَزۡوٰجَهُنَّ
d54a82885add	taraːdˤaw	1	تَرٰضَوۡاۡ
db3fc3cad1ab	walwaːlidaːt	1	وَٱلۡوٰلِدٰتُ
e000949dc255	jurdˤiʕn	1	يُرۡضِعۡنَ
3d615015772f	ħawlajn	1	حَوۡلَيۡنِ
d4f2af599f18	kaːmilajn	1	كَامِلَيۡنِ
07952bd6bc5d	ʔalmawluːdᵊ	1	ٱلۡمَوۡلُودِ
e785db5844be	rizquhunː̃	1	رِزۡقُهُنَّ
45f912a13002	wakiswatuhunː̃	1	وَكِسۡوَتُهُنَّ
0359b0e45d7c	tudˤaːːːrː	1	تُضَآرَّ
5dd80437a067	waːlidah	1	وٰلِدَةُۢ
4cd8c43a7998	biwaladihaː	1	بِوَلَدِهَا
503c2f2beaaa	biwaladihiː	1	بِوَلَدِهِۦ
071e2be04822	ʔalwaːriθ	1	ٱلۡوَارِثِ
7a44a98c0ba8	ʔaraːdaː	1	أَرَادَا
11647e33c04e	fisˤaːlaː	1	فِصَالًا
1885789b78ae	wataʃaːwur	1	وَتَشَاوُرٍ
b2cb9a51a728	tastardˤiʕuː	1	تَسۡتَرۡضِعُوٓاۡ
3ae9129f4419	salːamtum	1	سَلَّمۡتُم
8ce81bf5dcfe	waʕaʃraː	1	وَعَشۡرًا
0f2139516e91	ʕarːadˤtum	1	عَرَّضۡتُم
318949ae9223	xitˤᵊbah	1	خِطۡبَةِ
96290a11773c	ʔaknaⁿtum	1	أَكۡنَنتُمۡ
d839793bc99c	sataðkuruːnahunː̃	1	سَتَذۡكُرُونَهُنَّ
6304f62cbbde	tuwaːʕiduːhunː̃	1	تُوَاعِدُوهُنَّ
7fbf25d18094	taʕzimuː	1	تَعۡزِمُواۡ
75dd52226f2d	ʔad͡ʒalahuː	1	أَجَلَهُۥ
cd3f866eaafb	faħðaruːh	1	فَٱحۡذَرُوهُ
5590c3c49dd2	tafridˤuː	1	تَفۡرِضُواۡ
2043e8e816cd	wamatːiʕuːhunː̃	1	وَمَتِّعُوهُنَّ
b3184edd4e6f	ʔalmuːsiʕ	1	ٱلۡمُوسِعِ
858ba6000aea	ʔalmuqᵊtir	1	ٱلۡمُقۡتِرِ
8e51acbf96df	fanisˤf	1	فَنِصۡفُ
11d540510865	jaʕfuːn	1	يَعۡفُونَ
735dfc2b7623	taⁿsaw	1	تَنسَوُاۡ
8724f12dc849	ħaːfiðˤuː	1	حَـٰفِظُواۡ
cdf8edd2f0f7	ʔasˤːalawaːt	1	ٱلصَّلَوٰتِ
fd3990ccbee4	ʔalwustˤaː	1	ٱلۡوُسۡطَىٰ
42ad8bf1954e	waquːmuː	1	وَقُومُواۡ
2d8fa7989ada	qaːnitiːn	1	قَـٰنِتِينَ
af0fff54ae15	farid͡ʒaːlaː	1	فَرِجَالًا
0f54aa96a71e	rukbaːnaː	1	رُكۡبَانًا
c41de8cac329	liʔazwaːd͡ʒihim	1	لِّأَزۡوٰجِهِم
e5ae56195b0b	ʔalħawl	1	ٱلۡحَوۡلِ
e8f31f49017c	ʔixraːd͡ʒᵊ	1	إِخۡرَاجٍ
b404556887ff	xarad͡ʒᵊn	1	خَرَجۡنَ
613bc1a387bb	walilmutˤalːaqaːt	1	وَلِلۡمُطَلَّقَـٰتِ
b3abcf71bb99	ʔuluːf	1	أُلُوفٌ
391157b8a80e	ʔaħjaːhum	1	أَحۡيَـٰهُمۡ
2a922af06524	jaqᵊbidˤ	1	يَقۡبِضُ
9ae7845a1ece	wajabᵊsˤutˤᵊ	1	وَيَبۡصُطُ
ced9e8be6a81	ʔibᵊʕaθ	1	ٱبۡعَثۡ
9303a4a3dab8	ʔuxrid͡ʒᵊnaː	1	أُخۡرِجۡنَا
e61733ff8ad6	dijaːrinaː	1	دِيَـٰرِنَا
88d7be27843a	waʔabᵊnaːːʔinaː	1	وَأَبۡنَآئِنَا
5ff42c1ce24a	bilmulk	1	بِٱلۡمُلۡكِ
f914e4071b7a	saʕahaː	1	سَعَةً
38e863f8e139	ʔisˤtˤafaːh	1	ٱصۡطَفَـٰهُ
d481c954e622	wazaːdahuː	1	وَزَادَهُۥ
eb77758994c1	bastˤahaː	1	بَسۡطَةً
e6e065641236	wald͡ʒism	1	وَٱلۡجِسۡمِ
aab9a589adae	mulkihiː	1	مُلۡكِهِۦٓ
9fc170208169	sakiːnah	1	سَكِينَةٌ
e0da2f10eb3c	wabaqijːah	1	وَبَقِيَّةٌ
a7bed4413ab3	taħmiluh	1	تَحۡمِلُهُ
fc2b10e9393e	fasˤal	1	فَصَلَ
8cad61548d91	bild͡ʒunuːdᵊ	1	بِٱلۡجُنُودِ
fc0e7fe0bdc9	mubᵊtaliːkum	1	مُبۡتَلِيكُم
627ba2264aa8	binahar	1	بِنَهَرٍ
9eb33a473f9f	ʃaribᵊ	1	شَرِبَ
8b4c3ab51dcb	jatˤᵊʕamh	1	يَطۡعَمۡهُ
30e174dd5c3f	ʔiɣtaraf	1	ٱغۡتَرَفَ
58febea5d983	ɣurfahaː	1	غُرۡفَةَۢ
29227b6ecfd7	faʃaribuː	1	فَشَرِبُواۡ
da6ccc54176b	d͡ʒaːwazahuː	1	جَاوَزَهُۥ
13449a67e40a	bid͡ʒaːluːt	1	بِجَالُوتَ
b92ccae04791	qaliːlah	1	قَلِيلَةٍ
773dace51e76	lid͡ʒaːluːt	1	لِجَالُوتَ
800069859acc	fahazamuːhum	1	فَهَزَمُوهُم
d1cfe825b41f	waqatal	1	وَقَتَلَ
982c84acd95a	d͡ʒaːluːt	1	جَالُوتَ
17a548117587	waʔaːtaːh	1	وَءَاتَـٰهُ
ccac38d9a08d	waʕalːamahuː	1	وَعَلَّمَهُۥ
7a8b1e037635	kalːam	1	كَلَّمَ
86efdc016faf	ʔiqᵊtatal	1	ٱقۡتَتَلَ
f0dde715ed8f	xulːah	1	خُلَّةٌ
d2f57f74d3d4	taʔxuðuhuː	1	تَأۡخُذُهُۥ
39b0552c54ec	sinah	1	سِنَةٌ
e4eab88cda3a	nawm	1	نَوۡمٌ
f2c62aeb7d0c	ʕilmihiː	1	عِلۡمِهِۦٓ
d1623eceb775	kursijːuh	1	كُرۡسِيُّهُ
e81eb9231f23	jaʔuːduhuː	1	يَــُٔودُهُۥ
fcb15d2215d3	ħifðˤuhumaː	1	حِفۡظُهُمَا
60993a0c1c5e	ʔikraːh	1	إِكۡرَاهَ
6eb1137ef461	bitˤːaːɣuːt	1	بِٱلطَّـٰغُوتِ
6405c2649d53	ʔiⁿfisˤaːm	1	ٱنفِصَامَ
1429193b4565	juxrid͡ʒuhum	1	يُخۡرِجُهُم
c04237c24ec3	juxrid͡ʒuːnahum	1	يُخۡرِجُونَهُم
4939c5247cb1	ħaːːːd͡ʒːᵊ	1	حَآجَّ
8a841e8219e0	ʔuħjiː	1	أُحۡىِۦ
432720c9383c	waʔumiːt	1	وَأُمِيتُ
99eb38e5f11d	biʃːams	1	بِٱلشَّمۡسِ
180b0e125234	ʔalmaɣribᵊ	1	ٱلۡمَغۡرِبِ
4628b9dc63f0	fabuhit	1	فَبُهِتَ
bc03067191b9	faʔamaːtah	1	فَأَمَاتَهُ
857b3f38a5b0	baʕaθahuː	1	بَعَثَهُۥ
acfdcf48f53b	tˤaʕaːmik	1	طَعَامِكَ
19a004a07808	waʃaraːbik	1	وَشَرَابِكَ
7775c2330545	jatasanː̃ah	1	يَتَسَنَّهۡ
09a843d535ff	ħimaːrik	1	حِمَارِكَ
209ace559e60	walinad͡ʒᵊʕalak	1	وَلِنَجۡعَلَكَ
119fb4e53943	nuⁿʃizuhaː	1	نُنشِزُهَا
51de45f363b5	naksuːhaː	1	نَكۡسُوهَا
fcffab41bfed	tuħj	1	تُحۡىِ
b6c27b0e79a7	lijatˤᵊmaʔinː̃	1	لِّيَطۡمَئِنَّ
989b77b72fa4	qalbiː	1	قَلۡبِى
ba18432d42b6	fasˤurhunː̃	1	فَصُرۡهُنَّ
dea628def17b	ʔudᵊʕuhunː̃	1	ٱدۡعُهُنَّ
fc433952d224	jaʔtiːnak	1	يَأۡتِينَكَ
4753eb9f7985	saʕjaː	1	سَعۡيًا
29172754c719	waʕlam	1	وَٱعۡلَمۡ
18b1598d73c3	ʔaᵐbatat	1	أَنۢبَتَتۡ
a5ddc77f83a2	sanaːbil	1	سَنَابِلَ
8d56838e0e23	suᵐbulah	1	سُنۢبُلَةٍ
f00169650083	judˤaːʕif	1	يُضَـٰعِفُ
2b9e7f76cd4e	jutbiʕuːn	1	يُتۡبِعُونَ
005c274442fb	jatbaʕuhaː	1	يَتۡبَعُهَآ
11d4de519f2b	sˤadaqaːtikum	1	صَدَقَـٰتِكُم
6587ead72332	bilmanː̃	1	بِٱلۡمَنِّ
44981262dd96	walʔaðaː	1	وَٱلۡأَذَىٰ
59af95336a28	sˤafwaːn	1	صَفۡوَانٍ
08c0d0598016	faʔasˤaːbahuː	1	فَأَصَابَهُۥ
2f25d109911f	fatarakahuː	1	فَتَرَكَهُۥ
38df5d67222d	sˤaldaː	1	صَلۡدًا
dbfd9f69fc8d	wataθbiːtaː	1	وَتَثۡبِيتًا
312e32b255f1	birabᵊwah	1	بِرَبۡوَةٍ
b8e5c458a563	ʔasˤaːbahaː	1	أَصَابَهَا
d6348da112f8	faʔaːtat	1	فَـَٔـاتَتۡ
e6b742296a68	jusˤibᵊhaː	1	يُصِبۡهَا
938799d59163	fatˤalː	1	فَطَلٌّ
1e715ae1a396	ʔajawadːᵊ	1	أَيَوَدُّ
287cbf3cecdb	waʔasˤaːbah	1	وَأَصَابَهُ
2eeb60f529fc	dˤuʕafaːːʔ	1	ضُعَفَآءُ
d3045c5ff3ae	faʔasˤaːbahaː	1	فَأَصَابَهَآ
9210396afe2a	ʔiʕsˤaːr	1	إِعۡصَارٌ
5eef5c2db690	faħtaraqat	1	فَٱحۡتَرَقَتۡ
cf1d8966e5fd	tajamː̃amuː	1	تَيَمَّمُواۡ
f97bbf247d49	walastum	1	وَلَسۡتُم
6df4c61d9df2	biʔaːxiðiːh	1	بِـَٔـاخِذِيهِ
315589bbce53	tuɣmidˤuː	1	تُغۡمِضُواۡ
41cbabf7ba5b	ʔalfaqᵊr	1	ٱلۡفَقۡرَ
b55aae720bc1	wajaʔmurukum	1	وَيَأۡمُرُكُم
a1b82aafdd4f	wafadˤlaː	1	وَفَضۡلًا
11d8382ad2c7	nafaqah	1	نَّفَقَةٍ
305f64ea5a34	naðartum	1	نَذَرۡتُم
cb478071d096	naðr	1	نَّذۡرٍ
631745301f30	jaʕlamuhuː	1	يَعۡلَمُهُۥ
02caf9e560a5	faniʕimː̃aː	1	فَنِعِمَّا
75488d29d446	tuxfuːhaː	1	تُخۡفُوهَا
8b2e45ec9eae	watuʔtuːhaː	1	وَتُؤۡتُوهَا
82c47149538c	faliʔaⁿfusikum	1	فَلِأَنفُسِكُمۡ
35591dfb3cbb	ʔuħsˤiruː	1	أُحۡصِرُواۡ
bcc2fd14e5d3	jaħsabuhum	1	يَحۡسَبُهُمُ
a14bd3132a31	ʔald͡ʒaːhil	1	ٱلۡجَاهِلُ
52ffc5b8e522	ʔatːaʕafːuf	1	ٱلتَّعَفُّفِ
b72a0214f659	taʕrifuhum	1	تَعۡرِفُهُم
7d158ab86cab	ʔilħaːfaː	1	إِلۡحَافًا
424b9087b24b	jaquːmuːn	1	يَقُومُونَ
1cbfdf9ad490	jataxabːatˤuh	1	يَتَخَبَّطُهُ
70f5cb2c1ad2	ʔalmasː	1	ٱلۡمَسِّ
5b9dfa901d0c	waʔaħalː	1	وَأَحَلَّ
2e26d1a733be	waħarːam	1	وَحَرَّمَ
2e8af0b7f68f	faⁿtahaː	1	فَٱنتَهَىٰ
9bdfd74bbff8	waʔamruhuː	1	وَأَمۡرُهُۥٓ
8d4d09ef3c2d	jamħaqᵊ	1	يَمۡحَقُ
ef710ffb3874	wajurbiː	1	وَيُرۡبِى
afd3b77cf154	baqiː	1	بَقِىَ
2b9fe3a18868	faʔðanuː	1	فَأۡذَنُواۡ
d71f93c6c4d2	biħarbᵊ	1	بِحَرۡبٍ
31dd075668b6	taðˤlimuːn	1	تَظۡلِمُونَ
4a452bb47117	ʕusrah	1	عُسۡرَةٍ
937bf3b8b88d	fanaðˤirah	1	فَنَظِرَةٌ
f3c9b40b818d	majsarah	1	مَيۡسَرَةٍ
9350b6f0572b	tasˤadːaquː	1	تَصَدَّقُواۡ
4ef84f531194	tadaːjaⁿtum	1	تَدَايَنتُم
37bfcebc3677	bidajn	1	بِدَيۡنٍ
c39d749ce9f4	faktubuːh	1	فَٱكۡتُبُوهُ
2716c7b21ddc	waljaktubᵊ	1	وَلۡيَكۡتُب
caa7cc52b562	faljaktubᵊ	1	فَلۡيَكۡتُبۡ
8b13bb006b91	waljumlil	1	وَلۡيُمۡلِلِ
b6bc1f0cc76e	jabᵊxas	1	يَبۡخَسۡ
4dea0466d993	safiːhaː	1	سَفِيهًا
ed9a58f5b026	jumilː	1	يُمِلَّ
649827868107	faljumlil	1	فَلۡيُمۡلِلۡ
4c4f854fd239	walijːuhuː	1	وَلِيُّهُۥ
1730edafdec0	wastaʃhiduː	1	وَٱسۡتَشۡهِدُواۡ
8baa4a33242d	ʃahiːdajn	1	شَهِيدَيۡنِ
61323303961d	jakuːnaː	1	يَكُونَا
30b8ad7b86d3	farad͡ʒul	1	فَرَجُلٌ
67e7be64a68f	wamraʔataːn	1	وَٱمۡرَأَتَانِ
7612ee51a69a	tardˤawn	1	تَرۡضَوۡنَ
ecadde6ea032	tadˤilː	1	تَضِلَّ
c0ca14001895	fatuðakːir	1	فَتُذَكِّرَ
f0b71c672c63	tasʔamuː	1	تَسۡــَٔمُوٓاۡ
27a1281f57ef	taktubuːh	1	تَكۡتُبُوهُ
e34d80e52b7f	ʔad͡ʒalihiː	1	أَجَلِهِۦ
12ef0106b02a	lilʃːahaːdah	1	لِلشَّهَـٰدَةِ
9160907b10ca	waʔadᵊnaː	1	وَأَدۡنَىٰٓ
b2375c2a278c	tartaːbuː	1	تَرۡتَابُوٓاۡ
d748e4a34a7c	ħaːdˤirahaː	1	حَاضِرَةً
5fe7d20499c5	tudiːruːnahaː	1	تُدِيرُونَهَا
36a05db4e806	taktubuːhaː	1	تَكۡتُبُوهَا
9cf8a8de685c	tabaːjaʕtum	1	تَبَايَعۡتُمۡ
9a623f88c32c	judˤaːːːrː	1	يُضَآرَّ
feadbc942229	kaːtibaː	1	كَاتِبًا
297f244e3dc9	farihaːn	1	فَرِهَـٰنٌ
3929ba3ff002	maqᵊbuːdˤah	1	مَّقۡبُوضَةٌ
0c874343793b	ʔamin	1	أَمِنَ
57eaa51ee720	faljuʔadːᵊ	1	فَلۡيُؤَدِّ
1a146e048cb2	ʔuʔtumin	1	ٱؤۡتُمِنَ
3acd64d134a7	ʔamaːnatahuː	1	أَمَـٰنَتَهُۥ
ca05414e525d	taktumuː	1	تَكۡتُمُواۡ
81f68dbe84ff	jaktumhaː	1	يَكۡتُمۡهَا
e2f9f194d152	ʔaːθim	1	ءَاثِمٌ
2610cdb1aa27	qalbuhuː	1	قَلۡبُهُۥ
e62b9760fde7	juħaːsibᵊkum	1	يُحَاسِبۡكُم
e3fd06910b7f	fajaɣfir	1	فَيَغۡفِرُ
8816bf94d03e	ɣufraːnak	1	غُفۡرَانَكَ
12647a9b2038	ʔiktasabat	1	ٱكۡتَسَبَتۡ
b7a6f1e7263d	tuʔaːxiðnaː	1	تُؤَاخِذۡنَآ
1c1eae496ac6	nasiːnaː	1	نَّسِينَآ
d579941c807d	ʔaxtˤaʔnaː	1	أَخۡطَأۡنَا
d62afbaa6c6d	ʔisˤraː	1	إِصۡرًا
f717fad31b5c	ħamaltahuː	1	حَمَلۡتَهُۥ
c716dc03d394	tuħamː̃ilnaː	1	تُحَمِّلۡنَا
53cf0afae743	waʕf	1	وَٱعۡفُ
c9d64b4aac56	faⁿsˤurnaː	1	فَٱنصُرۡنَا
cec869e258b4	jusˤawːirukum	1	يُصَوِّرُكُمۡ
cf81f0f9e927	muħkamaːt	1	مُّحۡكَمَـٰتٌ
dbe9f9474f63	mutaʃaːbihaːt	1	مُتَشَـٰبِهَـٰتٌ
43e676ecb8a3	zajɣ	1	زَيۡغٌ
a07bdf60ad14	taʔwiːlihiː	1	تَأۡوِيلِهِۦ
02a054678c7f	warːaːsixuːn	1	وَٱلرّٰسِخُونَ
94a2e792d68d	tuziɣ	1	تُزِغۡ
5b85b7394336	quluːbanaː	1	قُلُوبَنَا
c805199f809f	hadajtanaː	1	هَدَيۡتَنَا
76c20bb680fb	waquːdᵊ	1	وَقُودُ
00e810fd3ad5	satuɣlabuːn	1	سَتُغۡلَبُونَ
28bf7d5c529d	watuħʃaruːn	1	وَتُحۡشَرُونَ
8b85e404e193	ʔataqataː	1	ٱلۡتَقَتَا
8519e0102dc1	tuqaːtil	1	تُقَـٰتِلُ
72ee51540840	kaːfirah	1	كَافِرَةٌ
e66d8ad18b41	jarawnahum	1	يَرَوۡنَهُم
bb273f2445dd	miθlajhim	1	مِّثۡلَيۡهِمۡ
572c377c1420	raʔj	1	رَأۡىَ
40532a3b3424	ʔalʕajn	1	ٱلۡعَيۡنِ
b6b46d87d17e	juʔajːidᵊ	1	يُؤَيِّدُ
27b4047b9493	walbaniːn	1	وَٱلۡبَنِينَ
979097b7ad73	walqanaːtˤiːr	1	وَٱلۡقَنَـٰطِيرِ
48367a63fcd0	ʔalmuqaⁿtˤarah	1	ٱلۡمُقَنطَرَةِ
9b47f3a9f89f	ʔalmusawːamah	1	ٱلۡمُسَوَّمَةِ
34c08281e30b	walħarθ	1	وَٱلۡحَرۡثِ
08dedf860299	ʔalmaʔaːbᵊ	1	ٱلۡمَـَٔـابِ
fb12af0b5453	ʔaʔunabːiʔukum	1	أَؤُنَبِّئُكُم
d4ee9ad64813	waʔazwaːd͡ʒᵊ	1	وَأَزۡوٰجٌ
0f71efd9d165	walmuⁿfiqiːn	1	وَٱلۡمُنفِقِينَ
a4e2565d7904	walmustaɣfiriːn	1	وَٱلۡمُسۡتَغۡفِرِينَ
e57ba411c070	bilʔasħaːr	1	بِٱلۡأَسۡحَارِ
671f539dd2aa	ħaːːːd͡ʒːuːk	1	حَآجُّوكَ
79e70b0e12f4	ʔitːabaʕan	1	ٱتَّبَعَنِ
e1c3f271a42a	walʔumː̃ijːiːn	1	وَٱلۡأُمِّيِّــۧنَ
898d352de476	ʔaʔaslamtum	1	ءَأَسۡلَمۡتُمۡ
01ec0c0b3ef3	waɣarːahum	1	وَغَرَّهُمۡ
10580909a57f	diːnihim	1	دِينِهِم
1c729f785813	d͡ʒamaʕnaːhum	1	جَمَعۡنَـٰهُمۡ
0cd5ba955fd1	wataⁿziʕ	1	وَتَنزِعُ
04133eb2110a	watuʕizː	1	وَتُعِزُّ
149a8674e2d1	watuðilː	1	وَتُذِلُّ
f4e7337e6bd7	tuːlid͡ʒᵊ	1	تُولِجُ
ba20ef755b21	watuːlid͡ʒᵊ	1	وَتُولِجُ
b53b10975e2a	watarzuqᵊ	1	وَتَرۡزُقُ
8f292bc4969a	tuqaːhaː	1	تُقَـٰةً
8bf7d4b2006c	tuxfuː	1	تُخۡفُواۡ
a5e40796b183	tubᵊduːh	1	تُبۡدُوهُ
2636e1b16421	muħdˤaraː	1	مُّحۡضَرًا
034d8475c5fd	tawadːᵊ	1	تَوَدُّ
194565913ae3	juħbibᵊkum	1	يُحۡبِبۡكُمُ
498302d2ef4f	batˤᵊniː	1	بَطۡنِى
9125104aa2bb	muħarːaraː	1	مُحَرَّرًا
2ba36b4cd642	fataqabːal	1	فَتَقَبَّلۡ
b0ea36ed8aa8	wadˤaʕathaː	1	وَضَعَتۡهَا
8e8d66f385db	wadˤaʕtuhaː	1	وَضَعۡتُهَآ
4bda68578d2c	wadˤaʕat	1	وَضَعَتۡ
996c5a0b0c2c	kalʔuⁿθaː	1	كَٱلۡأُنثَىٰ
ce03749f5a9a	samː̃ajtuhaː	1	سَمَّيۡتُهَا
bbdd82e2af68	ʔuʕiːðuhaː	1	أُعِيذُهَا
cd1291029c6e	waðurːijːatahaː	1	وَذُرِّيَّتَهَا
c87be32f2ddd	fataqabːalahaː	1	فَتَقَبَّلَهَا
40d7c7946c94	rabːuhaː	1	رَبُّهَا
34a5980f0796	biqabuːl	1	بِقَبُولٍ
a5e41a1ff08a	ħasan	1	حَسَنٍ
d450abb850af	waʔaᵐbatahaː	1	وَأَنۢبَتَهَا
47d0d7fadc93	wakafːalahaː	1	وَكَفَّلَهَا
4c47939ef3d9	fanaːdath	1	فَنَادَتۡهُ
76d16f965a88	bijaħjaː	1	بِيَحۡيَىٰ
d92a5cf84c0a	wasajːidaː	1	وَسَيِّدًا
74fef72fef95	waħasˤuːraː	1	وَحَصُورًا
3cb2faa87668	wanabijːaː	1	وَنَبِيًّا
789321a7e889	balaɣaniː	1	بَلَغَنِىَ
e40705f2aa68	wamraʔatiː	1	وَٱمۡرَأَتِى
23cb8e63f8b8	ʕaːqir	1	عَاقِرٌ
79eac61ddfcf	ramzaː	1	رَمۡزًا
3cb135b119e3	ʔisˤtˤafaːk	1	ٱصۡطَفَـٰكِ
53817f2a8b82	watˤahːarak	1	وَطَهَّرَكِ
fc13d5a13d13	wasˤtˤafaːk	1	وَٱصۡطَفَـٰكِ
dd785d576316	ʔuqᵊnutiː	1	ٱقۡنُتِى
abe8aec28c36	wasd͡ʒudiː	1	وَٱسۡجُدِى
1a9ad368863d	warkaʕiː	1	وَٱرۡكَعِى
c07cca182342	ʔaqᵊlaːmahum	1	أَقۡلَـٰمَهُمۡ
7debb7f1e07c	jakful	1	يَكۡفُلُ
9c8346c9476b	ʔusmuh	1	ٱسۡمُهُ
e1da2bb5fd23	wajukalːim	1	وَيُكَلِّمُ
ec8201c5e9da	wajuʕalːimuh	1	وَيُعَلِّمُهُ
83ce1ae9da35	warasuːlaː	1	وَرَسُولًا
b87e6af92200	ʔaxluqᵊ	1	أَخۡلُقُ
7713ab50e7dd	faʔaⁿfux	1	فَأَنفُخُ
f61f6effd9fd	waʔubᵊriʔ	1	وَأُبۡرِئُ
94ea9aa2cfd3	waʔuħj	1	وَأُحۡىِ
095fbe4f3a2d	waʔunabːiʔukum	1	وَأُنَبِّئُكُم
935f9ecc26df	tadːaxiruːn	1	تَدَّخِرُونَ
5dac3213282a	waliʔuħilː	1	وَلِأُحِلَّ
63157032b123	ħurːim	1	حُرِّمَ
3aef8259e48b	wad͡ʒiʔtukum	1	وَجِئۡتُكُم
6cf3887b1922	ʔaħasː	1	أَحَسَّ
cdbf60954421	watːabaʕnaː	1	وَٱتَّبَعۡنَا
26666cf006ed	wamakar	1	وَمَكَرَ
ae971f246903	mutawafːiːk	1	مُتَوَفِّيكَ
67d2c5022db6	waraːfiʕuk	1	وَرَافِعُكَ
c608e7392edb	wamutˤahːiruk	1	وَمُطَهِّرُكَ
78562d597629	wad͡ʒaːʕil	1	وَجَاعِلُ
1f1d29c0ddc9	ʔitːabaʕuːk	1	ٱتَّبَعُوكَ
f6863c32f1bd	faʔaħkum	1	فَأَحۡكُمُ
40413de0c2cb	faʔuʕaðːibuhum	1	فَأُعَذِّبُهُمۡ
257cd618ced0	natluːh	1	نَتۡلُوهُ
14e2f37bee23	waðːikr	1	وَٱلذِّكۡرِ
594dab21b05b	ħaːːːd͡ʒːak	1	حَآجَّكَ
2476791b9307	nadᵊʕ	1	نَدۡعُ
5a799f3b281b	ʔabᵊnaːːʔanaː	1	أَبۡنَآءَنَا
07793083d37e	waʔabᵊnaːːʔakum	1	وَأَبۡنَآءَكُمۡ
b8ff451f9ad4	wanisaːːʔanaː	1	وَنِسَآءَنَا
ef42da86e7c8	wanisaːːʔakum	1	وَنِسَآءَكُمۡ
82eec9f7a487	waʔaⁿfusanaː	1	وَأَنفُسَنَا
124c6dfcf563	waʔaⁿfusakum	1	وَأَنفُسَكُمۡ
44f8c5112da6	nabᵊtahil	1	نَبۡتَهِلۡ
e4fb502f4a06	fanad͡ʒᵊʕal	1	فَنَجۡعَل
10560a1c284c	ʔiʃhaduː	1	ٱشۡهَدُواۡ
8b3e8fd792ee	ħaːd͡ʒad͡ʒᵊtum	1	حَـٰجَجۡتُمۡ
1280c7356bb4	jahuːdijːaː	1	يَهُودِيًّا
d1c8fb12e76b	nasˤraːnijːaː	1	نَصۡرَانِيًّا
04e083d152b3	biʔibᵊraːhiːm	1	بِإِبۡرٰهِيمَ
6c73237a239c	lalːaðiːn	1	لَلَّذِينَ
b7784542e5bf	wadːat	1	وَدَّت
38c3d9612729	judˤilːuːnakum	1	يُضِلُّونَكُمۡ
a6db167f9c56	talbisuːn	1	تَلۡبِسُونَ
a6e7ce3b7665	wataktumuːn	1	وَتَكۡتُمُونَ
37a2b155e877	wakfuruː	1	وَٱكۡفُرُوٓاۡ
e64733ae900d	ʔaːxirahuː	1	ءَاخِرَهُۥ
3c7045ca1d89	juħaːːːd͡ʒːuːkum	1	يُحَآجُّوكُمۡ
bce02c5257e0	biqiⁿtˤaːr	1	بِقِنطَارٍ
d0a5b53b3415	bidiːnaːr	1	بِدِينَارٍ
e1ed8dbf99e8	waʔajmaːnihim	1	وَأَيۡمَـٰنِهِمۡ
8bb0ba8595a7	lafariːqaː	1	لَفَرِيقًا
14f434645683	jalwuːn	1	يَلۡوُۥنَ
44fa08f0ae56	ʔalsinatahum	1	أَلۡسِنَتَهُم
5a8dfb054945	litaħsabuːh	1	لِتَحۡسَبُوهُ
7e6422888d56	juʔtijah	1	يُؤۡتِيَهُ
50439aad731f	rabːaːnijːiːn	1	رَبَّـٰنِيِّــۧنَ
f657fdefa227	tuʕalːimuːn	1	تُعَلِّمُونَ
73f6c45054d1	jaʔmurakum	1	يَأۡمُرَكُمۡ
accfa54d824d	ʔajaʔmurukum	1	أَيَأۡمُرُكُم
bcddb15c3492	ʔaːtajtukum	1	ءَاتَيۡتُكُم
ab428353f1b7	waħikmah	1	وَحِكۡمَةٍ
2537ca659929	latuʔminunː̃	1	لَتُؤۡمِنُنَّ
2718c74b8545	walataⁿsˤurunː̃ahuː	1	وَلَتَنصُرُنَّهُۥ
1b784159a781	ʔaʔaqᵊrartum	1	ءَأَقۡرَرۡتُمۡ
8d71db6e7a50	waʔaxaðtum	1	وَأَخَذۡتُمۡ
7946002439fd	ʔisˤriː	1	إِصۡرِى
9fd056b0595c	ʔaqᵊrarnaː	1	أَقۡرَرۡنَا
14fbac0e0a23	faʃhaduː	1	فَٱشۡهَدُواۡ
1ec383cb0048	wanː̃abijːuːn	1	وَٱلنَّبِيُّونَ
69290ccc8c53	jabᵊtaɣ	1	يَبۡتَغِ
0ef072df67cd	tawbatuhum	1	تَوۡبَتُهُمۡ
7af7c35fcc3f	milʔ	1	مِّلۡءُ
d75434922203	ðahabaː	1	ذَهَبًا
9d6e263768b9	ʔiftadaː	1	ٱفۡتَدَىٰ
157628ec6078	tanaːluː	1	تَنَالُواۡ
6d42c2d412c5	ħilːaː	1	حِلاًّ
01b7f4982e6a	bitːawraːh	1	بِٱلتَّوۡرَٮٰةِ
aa956a3dced1	fatluːhaː	1	فَٱتۡلُوهَآ
732bdef9fe9c	fatːabiʕuː	1	فَٱتَّبِعُواۡ
bd5fadf41988	wudˤiʕ	1	وُضِعَ
1331bedeb5f8	lalːaðiː	1	لَلَّذِى
6828aa3b1ff8	bibakːah	1	بِبَكَّةَ
4b236237677c	daxalahuː	1	دَخَلَهُۥ
a35f0b1db9a5	ħid͡ʒːᵊ	1	حِجُّ
6752254daf20	ʔistatˤaːʕ	1	ٱسۡتَطَاعَ
05a97d249fb1	tasˤudːuːn	1	تَصُدُّونَ
d46a7357912b	tabᵊɣuːnahaː	1	تَبۡغُونَهَا
4708e4131755	rasuːluhuː	1	رَسُولُهُۥ
89da99c2781d	jaʕtasˤim	1	يَعۡتَصِم
9c4814026b06	hudiː	1	هُدِىَ
55ad3aa0fb20	tuqaːtihiː	1	تُقَاتِهِۦ
372d0cf8e7e7	faʔalːaf	1	فَأَلَّفَ
139bc56593a6	biniʕmatihiː	1	بِنِعۡمَتِهِۦٓ
e0a53f5f8ec3	ħufrah	1	حُفۡرَةٍ
14dcf1d6e8de	faʔaⁿqaðakum	1	فَأَنقَذَكُم
8942596eb75b	waltakun	1	وَلۡتَكُن
4f04f53731ca	waxtalafuː	1	وَٱخۡتَلَفُواۡ
4ef2b3cc9e9d	tabᵊjadˤː	1	تَبۡيَضُّ
4ba535280648	wataswadːᵊ	1	وَتَسۡوَدُّ
6f915951e7ff	ʔiswadːat	1	ٱسۡوَدَّتۡ
b0bddeda9889	ʔakafartum	1	أَكَفَرۡتُم
11504598c007	ʔibᵊjadˤːat	1	ٱبۡيَضَّتۡ
32735190d3af	ʔuxrid͡ʒat	1	أُخۡرِجَتۡ
ab6ea50644fd	watanhawn	1	وَتَنۡهَوۡنَ
cd8e15c1cf02	jadˤurːuːkum	1	يَضُرُّوكُمۡ
1dd73aa12075	juwalːuːkum	1	يُوَلُّوكُمُ
77cf2a139dc8	dˤuribat	1	ضُرِبَتۡ
99d1e281fda8	waħabᵊl	1	وَحَبۡلٍ
aa9615cb19a8	ʔalmaskanah	1	ٱلۡمَسۡكَنَةُ
2ce3d0a6b92d	wajusaːriʕuːn	1	وَيُسَـٰرِعُونَ
3c307a78ca6a	jukfaruːh	1	يُكۡفَرُوهُ
70b8a8bc27df	sˤirː	1	صِرٌّ
3b9ed96a76e6	ʔasˤaːbat	1	أَصَابَتۡ
75e15c8046aa	faʔahlakath	1	فَأَهۡلَكَتۡهُ
02fc0ea2fb0c	bitˤaːnahaː	1	بِطَانَةً
d2dbfc0e9b6e	duːnikum	1	دُونِكُمۡ
4ea1e5c07882	jaʔluːnakum	1	يَأۡلُونَكُمۡ
235fcb45faad	ʔalbaɣdˤaːːʔ	1	ٱلۡبَغۡضَآءُ
a9208802b6bf	tuħibːuːnahum	1	تُحِبُّونَهُمۡ
b765aadc9f17	juħibːuːnakum	1	يُحِبُّونَكُمۡ
39cf18f7d87d	laquːkum	1	لَقُوكُمۡ
f072430ac579	ʕadˤːuː	1	عَضُّواۡ
8bb65d1f7a38	ʔalʔanaːmil	1	ٱلۡأَنَامِلَ
66753544c28e	biɣajðˤikum	1	بِغَيۡظِكُمۡ
45ed68fb6a7a	tamsaskum	1	تَمۡسَسۡكُمۡ
e18d753b3e08	tusˤibᵊkum	1	تُصِبۡكُمۡ
0bc447ab86d8	jafraħuː	1	يَفۡرَحُواۡ
e8e953730acb	ɣadawt	1	غَدَوۡتَ
3798a0e5a690	tubawːiʔ	1	تُبَوِّئُ
d5faa9b855eb	lilqitaːl	1	لِلۡقِتَالِ
45db1bdd96e5	tafʃalaː	1	تَفۡشَلَا
06de61a232f5	walijːuhumaː	1	وَلِيُّهُمَا
f516e03f9f5b	bibadᵊr	1	بِبَدۡرٍ
5e810dceeffe	ʔalan	1	أَلَن
20d34dc6dd85	jakfijakum	1	يَكۡفِيَكُمۡ
08088bdd9a4f	jumidːakum	1	يُمِدَّكُمۡ
77507bfa88e6	biθalaːθah	1	بِثَلَـٰثَةِ
44df12e334e7	muⁿzaliːn	1	مُنزَلِينَ
136163ee4895	wajaʔtuːkum	1	وَيَأۡتُوكُم
f56b328044df	fawrihim	1	فَوۡرِهِمۡ
e13e153e1864	jumdidᵊkum	1	يُمۡدِدۡكُمۡ
9a6bde5d64de	bixamsah	1	بِخَمۡسَةِ
feff0348b331	musawːimiːn	1	مُسَوِّمِينَ
be299b2e7134	lijaqᵊtˤaʕ	1	لِيَقۡطَعَ
85821654f9c7	tˤarafaː	1	طَرَفًا
181e8144883b	jakbitahum	1	يَكۡبِتَهُمۡ
baa7dc486538	fajaⁿqalibuː	1	فَيَنقَلِبُواۡ
fd7070a7f2d4	xaːːʔibiːn	1	خَآئِبِينَ
7d94fc7cb457	mudˤaːʕafahaː	1	مُّضَـٰعَفَةً
67b14e44eb0e	wasaːriʕuː	1	وَسَارِعُوٓاۡ
752a65dc93ae	ʔasːarːaːːʔ	1	ٱلسَّرَّآءِ
3191b67868d9	walkaːðˤimiːn	1	وَٱلۡكَـٰظِمِينَ
929541f37d00	walʕaːfiːn	1	وَٱلۡعَافِينَ
8bcd097d14c2	ðakaruː	1	ذَكَرُواۡ
c11bcd17b50b	liðunuːbihim	1	لِذُنُوبِهِمۡ
a31a4dcd29a6	jusˤirːuː	1	يُصِرُّواۡ
00c9ad758509	bajaːn	1	بَيَانٌ
2bee3e4f9b74	jamsaskum	1	يَمۡسَسۡكُمۡ
2dc7f720875b	nudaːwiluhaː	1	نُدَاوِلُهَا
4303ae21ec2e	wajamħaqᵊ	1	وَيَمۡحَقَ
10e81f84f2d8	tamanː̃awn	1	تَمَنَّوۡنَ
e48dc3611887	talqawh	1	تَلۡقَوۡهُ
2aef9a52280f	raʔajtumuːh	1	رَأَيۡتُمُوهُ
b61b86f0a496	jadˤurː	1	يَضُرَّ
072461990446	wasajad͡ʒᵊziː	1	وَسَيَجۡزِى
35a4ff7e4e3b	muʔad͡ʒːalaː	1	مُّؤَجَّلًا
759e8ff423a9	wasanad͡ʒᵊziː	1	وَسَنَجۡزِى
bf6d4863587b	qaːtal	1	قَـٰتَلَ
9a253515c94a	ribːijːuːn	1	رِبِّيُّونَ
a38e81c9c05c	wahanuː	1	وَهَنُواۡ
be2ebcd96cbc	dˤaʕufuː	1	ضَعُفُواۡ
6683b8996410	qawlahum	1	قَوۡلَهُمۡ
ad1d82c5fef1	waʔisraːfanaː	1	وَإِسۡرَافَنَا
cb5dd6de5c40	faʔaːtaːhum	1	فَـَٔـاتَـٰهُمُ
9b3071f5beb6	ʔanː̃aːsˤiriːn	1	ٱلنَّـٰصِرِينَ
2163ffb0b7c4	sˤadaqakum	1	صَدَقَكُمُ
c176ca14db25	taħusːuːnahum	1	تَحُسُّونَهُم
596e28304c9a	faʃiltum	1	فَشِلۡتُمۡ
d820b4555cab	watanaːzaʕtum	1	وَتَنَـٰزَعۡتُمۡ
f2e8b908e249	waʕasˤajtum	1	وَعَصَيۡتُم
ed26401522a4	sˤarafakum	1	صَرَفَكُمۡ
5ddee962f7df	lijabᵊtalijakum	1	لِيَبۡتَلِيَكُمۡ
81201dde2648	tusˤʕiduːn	1	تُصۡعِدُونَ
027c1e7f31b5	talwuːn	1	تَلۡوُۥنَ
d8d37513f5d1	ʔuxraːkum	1	أُخۡرَٮٰكُمۡ
7bcf7d4d9daa	faʔaθaːbakum	1	فَأَثَـٰبَكُمۡ
ce0c6ce383b3	ɣamː̃aː	1	غَمَّۢا
f57bf9411c9e	biɣamː̃	1	بِغَمٍّ
a6c3bd3e0bcc	nuʕaːsaː	1	نُّعَاسًا
eaa3e0c4420a	ʔahamː̃athum	1	أَهَمَّتۡهُمۡ
145a640492db	kulːahuː	1	كُلَّهُۥ
40ac0cb3e061	jubᵊduːn	1	يُبۡدُونَ
6b42bf669e4b	qutilnaː	1	قُتِلۡنَا
f7f14cda87f2	labaraz	1	لَبَرَزَ
fa06982c88af	madˤaːd͡ʒiʕihim	1	مَضَاجِعِهِمۡ
2923d9ca57f2	walijabᵊtaliː	1	وَلِيَبۡتَلِىَ
809feabd5262	ʔistazalːahum	1	ٱسۡتَزَلَّهُمُ
13cc1803d0f5	ɣuzːaː	1	غُزًّى
a63dce4842ba	lamaɣfirah	1	لَمَغۡفِرَةٌ
dd38b09d3d09	liⁿt	1	لِنتَ
1f3cff9f5e30	faðˤːaː	1	فَظًّا
7d852d676088	ʔalqalbᵊ	1	ٱلۡقَلۡبِ
55a1310483e9	laⁿfadˤːuː	1	لَٱنفَضُّواۡ
b34d033b35b5	ħawlik	1	حَوۡلِكَ
a56d8e57504d	waʃaːwirhum	1	وَشَاوِرۡهُمۡ
0cf085c775e6	ʕazamt	1	عَزَمۡتَ
ab930dc1200a	ʔalmutawakːiliːn	1	ٱلۡمُتَوَكِّلِينَ
a714ae8970a7	jaxðulkum	1	يَخۡذُلۡكُمۡ
70332c5da682	jaɣulː	1	يَغُلَّ
02a0f4328106	jaɣlul	1	يَغۡلُلۡ
4c1b4b82d8e4	ɣalː	1	غَلَّ
e32c5862642f	bisaxatˤᵊ	1	بِسَخَطٍ
7d1c8a78e32f	ʔawalamː̃aː	1	أَوَلَمَّآ
91dc1922e19b	ʔasˤabᵊtum	1	أَصَبۡتُم
36a1e8dddcb1	miθlajhaː	1	مِّثۡلَيۡهَا
705569f04a58	ʔidᵊfaʕuː	1	ٱدۡفَعُواۡ
1c2c9a8b7bbb	qitaːlaː	1	قِتَالًا
2a57d901a5fc	latːabaʕnaːkum	1	لَّٱتَّبَعۡنَـٰكُمۡ
2f007c94c79b	lilkufr	1	لِلۡكُفۡرِ
80a30ee57ccc	waqaʕaduː	1	وَقَعَدُواۡ
66bc10c038e8	ʔatˤaːʕuːnaː	1	أَطَاعُونَا
9dd531267a46	fadᵊraʔuː	1	فَٱدۡرَءُواۡ
08f7ce329d16	fariħiːn	1	فَرِحِينَ
4676333b1b55	wajastabᵊʃiruːn	1	وَيَسۡتَبۡشِرُونَ
7f39683c1b3e	ʔalqarħ	1	ٱلۡقَرۡحُ
734328815894	d͡ʒamaʕuː	1	جَمَعُواۡ
450024096359	faxʃawhum	1	فَٱخۡشَوۡهُمۡ
3c704b62b9f6	ʔalwakiːl	1	ٱلۡوَكِيلُ
b61981fe3244	faⁿqalabuː	1	فَٱنقَلَبُواۡ
feba8f2cca82	jamsashum	1	يَمۡسَسۡهُمۡ
66bbc7038aa3	taxaːfuːhum	1	تَخَافُوهُمۡ
e3f048175b27	waxaːfuːn	1	وَخَافُونِ
eff9151049c7	lijaðar	1	لِيَذَرَ
30aa2518e61e	jamiːz	1	يَمِيزَ
c6e6b98b6ef2	lijutˤᵊliʕakum	1	لِيُطۡلِعَكُمۡ
7fcb46ea4316	sajutˤawːaquːn	1	سَيُطَوَّقُونَ
2207be779939	waqatlahum	1	وَقَتۡلَهُمُ
55cce42db788	jaʔtijanaː	1	يَأۡتِيَنَا
2d29b450ff5e	biqurbaːn	1	بِقُرۡبَانٍ
933f0c08cc5b	taʔkuluh	1	تَأۡكُلُهُ
6f4bf6105919	wabilːaðiː	1	وَبِٱلَّذِى
dc0c3c00bc80	qataltumuːhum	1	قَتَلۡتُمُوهُمۡ
ce2078b5bc66	kuðːibᵊ	1	كُذِّبَ
f71abcc88744	tuwafːawn	1	تُوَفَّوۡنَ
04b95ab85a5e	zuħziħ	1	زُحۡزِحَ
cdff9260675d	latubᵊlawunː̃	1	لَتُبۡلَوُنَّ
f53c4080eee3	walatasmaʕunː̃	1	وَلَتَسۡمَعُنَّ
1d216adb78b9	latubajːinunː̃ahuː	1	لَتُبَيِّنُنَّهُۥ
050e4dda5612	taktumuːnahuː	1	تَكۡتُمُونَهُۥ
b23febb91483	fanabaðuːh	1	فَنَبَذُوهُ
d396342d2deb	waʃtaraw	1	وَٱشۡتَرَوۡاۡ
a49541e5aa10	wajuħibːuːn	1	وَّيُحِبُّونَ
af2774cd3fb0	juħmaduː	1	يُحۡمَدُواۡ
2bf65df88815	taħsabanː̃ahum	1	تَحۡسَبَنَّهُم
8c20c2f732d8	bimafaːzah	1	بِمَفَازَةٍ
85ea86e15aaa	d͡ʒunuːbihim	1	جُنُوبِهِمۡ
f4e78129fa32	wajatafakːaruːn	1	وَيَتَفَكَّرُونَ
ef4668310ae4	faqinaː	1	فَقِنَا
c75b40c40d63	tudᵊxil	1	تُدۡخِلِ
a0de60d3d628	ʔaxzajtahuː	1	أَخۡزَيۡتَهُۥ
97434e727d40	munaːdijaː	1	مُنَادِيًا
ea512438405a	junaːdiː	1	يُنَادِى
c96e0954a897	wakafːir	1	وَكَفِّرۡ
5af7385bd38b	sajːiʔaːtinaː	1	سَيِّـَٔـاتِنَا
fd0aee177e83	waʔaːtinaː	1	وَءَاتِنَا
4ab9e9303abf	waʕatːanaː	1	وَعَدتَّنَا
4678d9107a5b	rusulik	1	رُسُلِكَ
49b47d504c85	tuxzinaː	1	تُخۡزِنَا
04dd549e9e4e	tuxlif	1	تُخۡلِفُ
6fa203d516f8	ʔudˤiːʕ	1	أُضِيعُ
8a144c7bc3ac	waʔuxrid͡ʒuː	1	وَأُخۡرِجُواۡ
14a6643c1a7a	waqutiluː	1	وَقُتِلُواۡ
9a3a38627270	walaʔudᵊxilanː̃ahum	1	وَلَأُدۡخِلَنَّهُمۡ
f0a82be5e7de	jaɣurːanː̃ak	1	يَغُرَّنَّكَ
021d0b86d302	lilʔabᵊraːr	1	لِّلۡأَبۡرَارِ
c05cf903cf8d	ʔisˤbiruː	1	ٱصۡبِرُواۡ
ed7d479c452a	wasˤaːbiruː	1	وَصَابِرُواۡ
7e2c75690ebc	waraːbitˤuː	1	وَرَابِطُواۡ
978b46281b42	tasaːːʔaluːn	1	تَسَآءَلُونَ
792fcfae66ad	walʔarħaːm	1	وَٱلۡأَرۡحَامَ
d55bd81e2b56	tatabadːaluː	1	تَتَبَدَّلُواۡ
17dfe788bbe4	bitˤːajːibᵊ	1	بِٱلطَّيِّبِ
d6986a2ab7d3	ħuːbaː	1	حُوبًا
fbacf5e89885	tuqᵊsitˤuː	1	تُقۡسِطُواۡ
0e7baa99dfd9	faⁿkiħuː	1	فَٱنكِحُواۡ
cfe983c6611c	tˤaːbᵊ	1	طَابَ
db98756c4ee6	fawaːħidahaː	1	فَوٰحِدَةً
17d97979ca54	taʕuːluː	1	تَعُولُواۡ
bc158ef9ae05	sˤaduqaːtihinː̃	1	صَدُقَـٰتِهِنَّ
9dbf308f83a5	niħlahaː	1	نِحۡلَةً
98568c65912a	tˤibᵊn	1	طِبۡنَ
9a98441864a5	fakuluːh	1	فَكُلُوهُ
ea598ea5dd29	mariːːʔaː	1	مَّرِيٓــًٔا
5de1b7efbc2b	tuʔtuː	1	تُؤۡتُواۡ
0a8e8f245e30	warzuquːhum	1	وَٱرۡزُقُوهُمۡ
86f23fefb97d	waksuːhum	1	وَٱكۡسُوهُمۡ
fc79bfe2ee15	wabᵊtaluː	1	وَٱبۡتَلُواۡ
a89e0688f42c	ʔaːnastum	1	ءَانَسۡتُم
d03c00bc944c	fadᵊfaʕuː	1	فَٱدۡفَعُوٓاۡ
8f2b417472c2	taʔkuluːhaː	1	تَأۡكُلُوهَآ
ea0921d0f468	ʔisraːfaː	1	إِسۡرَافًا
abc45b31e870	wabidaːraː	1	وَبِدَارًا
50c96d95ef21	jakbaruː	1	يَكۡبَرُواۡ
7b2fd0900f17	faljastaʕfif	1	فَلۡيَسۡتَعۡفِفۡ
fa679343ed03	faljaʔkul	1	فَلۡيَأۡكُلۡ
eb5705649abb	dafaʕtum	1	دَفَعۡتُمۡ
5114165314b9	faʔaʃhiduː	1	فَأَشۡهِدُواۡ
fdf717e26011	qalː	1	قَلَّ
befd34ba02f1	kaθur	1	كَثُرَ
83147744d032	ʔalqismah	1	ٱلۡقِسۡمَةَ
608b57f35cd2	farzuquːhum	1	فَٱرۡزُقُوهُم
841c009c0002	waljaxʃ	1	وَلۡيَخۡشَ
156ad6a811df	dˤiʕaːfaː	1	ضِعَـٰفًا
a6b62abf680e	xaːfuː	1	خَافُواۡ
ce27a43b72f9	faljatːaquː	1	فَلۡيَتَّقُواۡ
b252ff038394	waljaquːluː	1	وَلۡيَقُولُواۡ
e5eab20d1eca	wasajasˤlawn	1	وَسَيَصۡلَوۡنَ
1ed16fad95c8	juːsˤiːkum	1	يُوصِيكُمُ
ee8c7e1878cc	ʔawlaːdikum	1	أَوۡلَـٰدِكُمۡ
ac343ed00f16	lilðːakar	1	لِلذَّكَرِ
809146574b97	nisaːːʔaː	1	نِسَآءً
deac5a9edc62	θuluθaː	1	ثُلُثَا
38309575f88f	ʔanː̃isˤf	1	ٱلنِّصۡفُ
535e6013d06e	waliʔabawajh	1	وَلِأَبَوَيۡهِ
42d27b9a39c0	wawariθahuː	1	وَوَرِثَهُۥٓ
38c8c9e48b89	juːsˤiː	1	يُوصِى
2de01b7a97df	tadᵊruːn	1	تَدۡرُونَ
036305c773ea	ʔazwaːd͡ʒukum	1	أَزۡوٰجُكُمۡ
37c16e27d49e	tarakn	1	تَرَكۡنَ
ac58434daa1d	juːsˤiːn	1	يُوصِينَ
10deeb7ea3b1	ʔaθːumun	1	ٱلثُّمُنُ
6e57c6365474	tuːsˤuːn	1	تُوصُونَ
bf66760125a0	juːraθ	1	يُورَثُ
34a736d6cac4	kalaːlahaː	1	كَلَـٰلَةً
8cd0f7429c91	falikulː	1	فَلِكُلِّ
d0fc58981a4b	juːsˤaː	1	يُوصَىٰ
fe8e6f009aa3	mudˤaːːːrː	1	مُضَآرٍّ
7abfd2dcb9f6	wajataʕadːᵊ	1	وَيَتَعَدَّ
5a302b5cb29f	ħuduːdahuː	1	حُدُودَهُۥ
08645d88100e	fastaʃhiduː	1	فَٱسۡتَشۡهِدُواۡ
c99d3902b7c0	jatawafːaːhunː̃	1	يَتَوَفَّـٰهُنَّ
7c3658e14624	walːaðaːn	1	وَٱلَّذَانِ
993543bb5b78	jaʔtijaːnihaː	1	يَأۡتِيَـٰنِهَا
a8a4f898551d	faʔaːðuːhumaː	1	فَـَٔـاذُوهُمَا
33f43650c6eb	taːbaː	1	تَابَا
48627dbf67cf	waʔasˤlaħaː	1	وَأَصۡلَحَا
6e4fa928e957	walajsat	1	وَلَيۡسَتِ
a479a79a25b3	jamuːtuːn	1	يَمُوتُونَ
293c42cb34d1	tariθuː	1	تَرِثُواۡ
4c024b23da99	litaðhabuː	1	لِتَذۡهَبُواۡ
4798c44d3d10	waʕaːʃiruːhunː̃	1	وَعَاشِرُوهُنَّ
2547462c462b	karihtumuːhunː̃	1	كَرِهۡتُمُوهُنَّ
d62b989abbf1	ʔistibᵊdaːl	1	ٱسۡتِبۡدَالَ
f6c86eaaa819	ʔiħdaːhunː̃	1	إِحۡدَٮٰهُنَّ
995549c5a64d	qiⁿtˤaːraː	1	قِنطَارًا
22c8e31bfa5f	ʔataʔxuðuːnahuː	1	أَتَأۡخُذُونَهُۥ
130dab853534	taʔxuðuːnahuː	1	تَأۡخُذُونَهُۥ
81ca7d378cb5	ʔafdˤaː	1	أَفۡضَىٰ
8f80fab0473b	waʔaxaðn	1	وَأَخَذۡنَ
c0f441851e17	nakaħ	1	نَكَحَ
d9085c67449f	wamaqᵊtaː	1	وَمَقۡتًا
25905d2bf251	ʔumː̃ahaːtukum	1	أُمَّهَـٰتُكُمۡ
bd391267f697	wabanaːtukum	1	وَبَنَاتُكُمۡ
42dad39ad016	waʕamː̃aːtukum	1	وَعَمَّـٰتُكُمۡ
bc09a5401324	waxaːlaːtukum	1	وَخَـٰلَـٰتُكُمۡ
66c2e6dbb98f	ʔalʔax	1	ٱلۡأَخِ
500aef9e783a	ʔalʔuxt	1	ٱلۡأُخۡتِ
c2f7cc00704b	waʔumː̃ahaːtukum	1	وَأُمَّهَـٰتُكُمُ
9b1f8916a827	ʔardˤaʕnakum	1	أَرۡضَعۡنَكُمۡ
219cfcb3bd0f	waʔumː̃ahaːt	1	وَأُمَّهَـٰتُ
defe7b178d6f	warabaːːʔibukum	1	وَرَبَـٰٓئِبُكُمُ
619d0a7b8dca	ħud͡ʒuːrikum	1	حُجُورِكُم
c71365229354	waħalaːːʔil	1	وَحَلَـٰٓئِلُ
e5516f4eeacb	ʔabᵊnaːːʔikum	1	أَبۡنَآئِكُمُ
2df9fbbfdfe5	ʔasˤlaːbikum	1	أَصۡلَـٰبِكُمۡ
e35e69e81493	tad͡ʒᵊmaʕuː	1	تَجۡمَعُواۡ
6ec94f9cfefd	ʔalʔuxtajn	1	ٱلۡأُخۡتَيۡنِ
948a0c53a15a	waʔuħilː	1	وَأُحِلَّ
9d9ea1912ad9	ʔistamtaʕtum	1	ٱسۡتَمۡتَعۡتُم
e9a4a0d59c1b	taraːdˤajtum	1	تَرٰضَيۡتُم
b979e110915d	ʔalfariːdˤah	1	ٱلۡفَرِيضَةِ
c96bbfa961c3	tˤawlaː	1	طَوۡلًا
bb64302a7342	biʔiːmaːnikum	1	بِإِيمَـٰنِكُم
c25f04acfa94	faⁿkiħuːhunː̃	1	فَٱنكِحُوهُنَّ
15330cd3d833	ʔahlihinː̃	1	أَهۡلِهِنَّ
e39d507618db	waʔaːtuːhunː̃	1	وَءَاتُوهُنَّ
952510140039	muħsˤanaːt	1	مُحۡصَنَـٰتٍ
1fc1e95ebba9	musaːfiħaːt	1	مُسَـٰفِحَـٰتٍ
f0a884a5de4e	mutːaxiðaːt	1	مُتَّخِذٰتِ
c718d9dc558b	ʔuħsˤinː̃	1	أُحۡصِنَّ
c915b9af9f82	ʔatajn	1	أَتَيۡنَ
fbc9ef5df724	faʕalajhinː̃	1	فَعَلَيۡهِنَّ
152a9621384c	ʔalʕanat	1	ٱلۡعَنَتَ
c774926baa4b	majlaː	1	مَيۡلًا
09f986bc5660	waxuliqᵊ	1	وَخُلِقَ
167df6b5009d	ʕudᵊwaːnaː	1	عُدۡوٰنًا
31d1235b2c24	waðˤulmaː	1	وَظُلۡمًا
fddc9beaf11f	nusˤliːh	1	نُصۡلِيهِ
e1a257120bf6	tad͡ʒᵊtanibuː	1	تَجۡتَنِبُواۡ
c7da92a083bc	tunhawn	1	تُنۡهَوۡنَ
39f9cc6111a1	nukafːir	1	نُكَفِّرۡ
ea3ddf4bba13	wanudᵊxilkum	1	وَنُدۡخِلۡكُم
42d417abe16d	tatamanː̃aw	1	تَتَمَنَّوۡاۡ
dfb87bb0ab0b	ʔiktasabᵊn	1	ٱكۡتَسَبۡنَ
ec8eb03017e8	mawaːliː	1	مَوٰلِىَ
6c610aa016fe	ʕaqadat	1	عَقَدَتۡ
9aa211b3e089	faʔaːtuːhum	1	فَـَٔـاتُوهُمۡ
406ed4037f2e	qawːaːmuːn	1	قَوّٰمُونَ
6b5e228bb18b	fasˤːaːliħaːt	1	فَٱلصَّـٰلِحَـٰتُ
89b85d4ba3ec	ħaːfiðˤaːt	1	حَـٰفِظَـٰتٌ
1e3780f3e5bb	ħafiðˤ	1	حَفِظَ
d5b53910f5c1	nuʃuːzahunː̃	1	نُشُوزَهُنَّ
fbcf056624e9	faʕiðˤuːhunː̃	1	فَعِظُوهُنَّ
4d42312ec2dd	wahd͡ʒuruːhunː̃	1	وَٱهۡجُرُوهُنَّ
6094c8dc37ac	wadˤribuːhunː̃	1	وَٱضۡرِبُوهُنَّ
5224d2a00f2f	ʔatˤaʕnakum	1	أَطَعۡنَكُمۡ
a5db420814fe	tabᵊɣuː	1	تَبۡغُواۡ
5c1ea219928a	waħakamaː	1	وَحَكَمًا
aa1dab77025d	juriːdaː	1	يُرِيدَآ
5232e65a5588	juwafːiqᵊ	1	يُوَفِّقِ
1284de03be45	wabiðiː	1	وَبِذِى
b3a265f5cb8b	ʔald͡ʒunubᵊ	1	ٱلۡجُنُبِ
924868c1b4bb	wasˤːaːħibᵊ	1	وَٱلصَّاحِبِ
e352fe8bd0fa	bild͡ʒaᵐbᵊ	1	بِٱلۡجَنۢبِ
a86ff1b64733	muxtaːlaː	1	مُخۡتَالًا
d4d5b0800fbb	faxuːraː	1	فَخُورًا
c50a2e281721	wajaktumuːn	1	وَيَكۡتُمُونَ
eb9d22966ef9	wamaːðaː	1	وَمَاذَا
bc14c5681f63	judˤaːʕifhaː	1	يُضَـٰعِفۡهَا
1f8b881657af	biʃahiːdᵊ	1	بِشَهِيدٍ
e4b3f6de9166	tusawːaː	1	تُسَوَّىٰ
4a19eda3fdb5	ʕaːbiriː	1	عَابِرِى
b793bc751c57	taɣtasiluː	1	تَغۡتَسِلُواۡ
c92a45b051d8	biʔaʕdaːːʔikum	1	بِأَعۡدَآئِكُمۡ
e1b3fed3b54b	musmaʕ	1	مُسۡمَعٍ
bad81a19ea5c	waraːʕinaː	1	وَرٰعِنَا
f9469e87ef02	lajːaː	1	لَيَّۢا
3ac809c84f1b	watˤaʕnaː	1	وَطَعۡنًا
1567c58f0565	waⁿðˤurnaː	1	وَٱنظُرۡنَا
f1d66ab90c4b	natˤᵊmis	1	نَّطۡمِسَ
356d8f2ef16a	wud͡ʒuːhaː	1	وُجُوهًا
f6132cf3fa9e	fanarudːahaː	1	فَنَرُدَّهَا
d54041475abc	ʔadᵊbaːrihaː	1	أَدۡبَارِهَآ
0d4917ec502a	nalʕanahum	1	نَلۡعَنَهُمۡ
ba3b09e68b96	laʕanː̃aː	1	لَعَنَّآ
5f8ec082c666	juzakːuːn	1	يُزَكُّونَ
e965d3fc26bc	bild͡ʒibᵊt	1	بِٱلۡجِبۡتِ
7dd3dfa56b32	watˤːaːɣuːt	1	وَٱلطَّـٰغُوتِ
045123ef557c	jalʕan	1	يَلۡعَنِ
08a51b181f65	jaħsuduːn	1	يَحۡسُدُونَ
4c436b8fc62c	sˤadːᵊ	1	صَدَّ
8b2cfd1fcfed	nusˤliːhim	1	نُصۡلِيهِمۡ
e2c65adc6011	nadˤid͡ʒat	1	نَضِجَتۡ
da3f21d0f5a2	badːalnaːhum	1	بَدَّلۡنَـٰهُمۡ
a3c944553caa	d͡ʒuluːdaː	1	جُلُودًا
5773caafd632	ɣajrahaː	1	غَيۡرَهَا
0d622863da88	lijaðuːquː	1	لِيَذُوقُواۡ
20fd3f969550	wanudᵊxiluhum	1	وَنُدۡخِلُهُمۡ
08f991a83685	ðˤilːaː	1	ظِلاًّ
89bce697b64d	ðˤaliːlaː	1	ظَلِيلًا
963e484a754a	tuʔadːuː	1	تُؤَدُّواۡ
282a93fa5d1b	ʔalʔamaːnaːt	1	ٱلۡأَمَـٰنَـٰتِ
7e2383adb9e5	ħakamtum	1	حَكَمۡتُم
b85f13886dfd	taħkumuː	1	تَحۡكُمُواۡ
ec5b511f9eec	niʕimː̃aː	1	نِعِمَّا
bb718a1f5cbb	waʔuliː	1	وَأُوۡلِى
e0dee4972c19	tanaːzaʕtum	1	تَنَـٰزَعۡتُمۡ
254b4707f18c	farudːuːh	1	فَرُدُّوهُ
e334ec9c3f31	jazʕumuːn	1	يَزۡعُمُونَ
f66ab5ffcda8	jataħaːkamuː	1	يَتَحَاكَمُوٓاۡ
2a8068c8f713	judˤilːahum	1	يُضِلَّهُمۡ
757b9d3bcbec	sˤuduːdaː	1	صُدُودًا
ee382ba269c4	watawfiːqaː	1	وَتَوۡفِيقًا
58a67b1f3617	waʕiðˤhum	1	وَعِظۡهُمۡ
2f59b09d549a	baliːɣaː	1	بَلِيغًا
4d5b608811c9	lijutˤaːʕ	1	لِيُطَاعَ
68bfa45a7839	wastaɣfar	1	وَٱسۡتَغۡفَرَ
b1e2d0542c8b	warabːik	1	وَرَبِّكَ
1d615a75a2d2	juħakːimuːk	1	يُحَكِّمُوكَ
95e3f1782957	wajusalːimuː	1	وَيُسَلِّمُواۡ
0169794b6247	ʔuxrud͡ʒuː	1	ٱخۡرُجُواۡ
86749d1b9670	juːʕaðˤuːn	1	يُوعَظُونَ
2be5151c6c29	taθbiːtaː	1	تَثۡبِيتًا
923418168951	laʔatajnaːhum	1	لَّأَتَيۡنَـٰهُم
9ab9feeda751	walahadajnaːhum	1	وَلَهَدَيۡنَـٰهُمۡ
3cb044e30f38	wasˤːidːiːqiːn	1	وَٱلصِّدِّيقِينَ
98980976bb34	waħasun	1	وَحَسُنَ
d2d944e4402f	rafiːqaː	1	رَفِيقًا
6c5654d9d3d0	faⁿfiruː	1	فَٱنفِرُواۡ
9cc0bede3276	θubaːt	1	ثُبَاتٍ
2c118d2b1cbc	lajubatˤːiʔanː̃	1	لَّيُبَطِّئَنَّ
6becb8c46beb	faʔafuːz	1	فَأَفُوزَ
aa36466e665d	faljuqaːtil	1	فَلۡيُقَـٰتِلۡ
e4baec111130	jaʃruːn	1	يَشۡرُونَ
c3a721c30687	juqaːtil	1	يُقَـٰتِلۡ
b0dc1416a901	fajuqᵊtal	1	فَيُقۡتَلۡ
a709aa9638eb	jaɣlibᵊ	1	يَغۡلِبۡ
aa9867b73294	kufːuː	1	كُفُّوٓاۡ
fc90be3a940f	kaxaʃjah	1	كَخَشۡيَةِ
e405acf5a746	xaʃjahaː	1	خَشۡيَةً
3f53e65dd870	katabᵊt	1	كَتَبۡتَ
026d6e50e441	ʔaxːartanaː	1	أَخَّرۡتَنَآ
a616504238c5	judᵊrikːum	1	يُدۡرِككُّمُ
80d89c99d588	buruːd͡ʒᵊ	1	بُرُوجٍ
67325773ce3b	muʃajːadah	1	مُّشَيَّدَةٍ
6b082720cbdc	waʔarsalnaːk	1	وَأَرۡسَلۡنَـٰكَ
85216cdb24d9	ʔatˤaːʕ	1	أَطَاعَ
31510e911509	bajːat	1	بَيَّتَ
7534ec2ea1a1	ʔixtilaːfaː	1	ٱخۡتِلَـٰفًا
23ad094aece2	ʔaðaːʕuː	1	أَذَاعُواۡ
b252a584e886	radːuːh	1	رَدُّوهُ
52e83e3259ed	laʕalimah	1	لَعَلِمَهُ
7399df53c147	jastaᵐbitˤuːnahuː	1	يَسۡتَنۢبِطُونَهُۥ
cb4a1360404d	latːabaʕtum	1	لَٱتَّبَعۡتُمُ
caf589a2eb29	faqaːtil	1	فَقَـٰتِلۡ
5337dddf4790	waħarːidˤ	1	وَحَرِّضِ
8962d00c8b48	jakufː	1	يَكُفَّ
ea6e65f7ae3d	taⁿkiːlaː	1	تَنكِيلًا
162eac70048f	kifl	1	كِفۡلٌ
c7044349d962	muqiːtaː	1	مُّقِيتًا
80efe67004ad	ħujːiːtum	1	حُيِّيتُم
665590ac3e64	bitaħijːah	1	بِتَحِيَّةٍ
f3af7c71fb56	faħajːuː	1	فَحَيُّواۡ
7f89c51dd738	ʔarkasahum	1	أَرۡكَسَهُم
b554ddc860f1	tahduː	1	تَهۡدُواۡ
fb1e690a92db	fatakuːnuːn	1	فَتَكُونُونَ
f62f910a7e5f	ħasˤirat	1	حَصِرَتۡ
bf9a88d3347a	juqaːtiluː	1	يُقَـٰتِلُواۡ
4ca48b2fced8	lasalːatˤahum	1	لَسَلَّطَهُمۡ
bab7a413dde8	falaqaːtaluːkum	1	فَلَقَـٰتَلُوكُمۡ
5ffc6836c9ec	ʔiʕtazaluːkum	1	ٱعۡتَزَلُوكُمۡ
c2712d99a822	satad͡ʒiduːn	1	سَتَجِدُونَ
056f51fc8b28	jaʔmanuːkum	1	يَأۡمَنُوكُمۡ
60fdc53cd3eb	wajaʔmanuː	1	وَيَأۡمَنُواۡ
37db11e1a40f	ʔurkisuː	1	أُرۡكِسُواۡ
f0beb555fb32	jaʕtaziluːkum	1	يَعۡتَزِلُوكُمۡ
1293d4b88cdf	wajulquː	1	وَيُلۡقُوٓاۡ
39702f56e610	wajakufːuː	1	وَيَكُفُّوٓاۡ
48164733ea74	waʔulaːːʔikum	1	وَأُوۡلَـٰٓئِكُمۡ
d75434f94337	wadijah	1	وَدِيَةٌ
2bf6808db4e2	jasˤːadːaquː	1	يَصَّدَّقُواۡ
b2214489fbb3	fadijah	1	فَدِيَةٌ
0e89bb3d96ec	wataħriːr	1	وَتَحۡرِيرُ
d339dfaebdd9	fad͡ʒazaːːʔuhuː	1	فَجَزَآؤُهُۥ
56f3634561a2	walaʕanahuː	1	وَلَعَنَهُۥ
c2f46ae0750a	tabᵊtaɣuːn	1	تَبۡتَغُونَ
569f9c75936c	ʔalqaːʕiduːn	1	ٱلۡقَـٰعِدُونَ
648bf343ef3c	ʔadˤːarar	1	ٱلضَّرَرِ
f0c764d31cb0	walmud͡ʒaːhiduːn	1	وَٱلۡمُجَـٰهِدُونَ
9f52d8b0e8e2	wafadˤːal	1	وَفَضَّلَ
15d7032a9add	wamaɣfirahaː	1	وَمَغۡفِرَةً
d104b14254f7	tawafːaːhum	1	تَوَفَّـٰهُمُ
1a5ee51b9c31	mustadˤʕafiːn	1	مُسۡتَضۡعَفِينَ
d7df8c96b94b	waːsiʕahaː	1	وٰسِعَةً
9208590fd71c	fatuhaːd͡ʒiruː	1	فَتُهَاجِرُواۡ
0f9c6450493e	ʔalmustadˤʕafiːn	1	ٱلۡمُسۡتَضۡعَفِينَ
df8834d83400	ħiːlahaː	1	حِيلَةً
51f5431a5999	juhaːd͡ʒir	1	يُهَاجِرۡ
979ad91a9fac	muraːɣamaː	1	مُرٰغَمًا
a21eb9a4cb78	wasaʕahaː	1	وَسَعَةً
c9ff8bb0f723	bajtihiː	1	بَيۡتِهِۦ
42a34b8380f3	muhaːd͡ʒiraː	1	مُهَاجِرًا
415b29eba0a1	judᵊrikh	1	يُدۡرِكۡهُ
436f51abf849	taqᵊsˤuruː	1	تَقۡصُرُواۡ
6074b85606a7	jaftinakum	1	يَفۡتِنَكُمُ
068e7a1b8d8d	faʔaqamt	1	فَأَقَمۡتَ
7136018f903c	faltaqum	1	فَلۡتَقُمۡ
14b0cfb94709	ʔasliħatahum	1	أَسۡلِحَتَهُمۡ
feb04c7ae375	sad͡ʒaduː	1	سَجَدُواۡ
6587b7246eaa	faljakuːnuː	1	فَلۡيَكُونُواۡ
6815424d1e4b	waraːːʔikum	1	وَرَآئِكُمۡ
456f92b18afb	waltaʔt	1	وَلۡتَأۡتِ
8a9fdc6aa40a	jusˤalːuː	1	يُصَلُّواۡ
5c569e9b1d1e	faljusˤalːuː	1	فَلۡيُصَلُّواۡ
7531646fab54	ħiðrahum	1	حِذۡرَهُمۡ
e7d450d4643f	waʔasliħatahum	1	وَأَسۡلِحَتَهُمۡ
3d3ff145be54	taɣfuluːn	1	تَغۡفُلُونَ
3c561228fbe3	ʔasliħatikum	1	أَسۡلِحَتِكُمۡ
32e2f9bd57e1	waʔamtiʕatikum	1	وَأَمۡتِعَتِكُمۡ
672bfc9fdb1a	fajamiːluːn	1	فَيَمِيلُونَ
a6438c2a731a	majlahaː	1	مَّيۡلَةً
312e24b64ef7	tadˤaʕuː	1	تَضَعُوٓاۡ
cf41455837fe	ʔasliħatakum	1	أَسۡلِحَتَكُمۡ
515fd1a0f95c	waxuðuː	1	وَخُذُواۡ
cce440464ef3	d͡ʒunuːbikum	1	جُنُوبِكُمۡ
6879fbc2d2d8	ʔitˤᵊmaʔnaⁿtum	1	ٱطۡمَأۡنَنتُمۡ
f9f72152663c	mawquːtaː	1	مَّوۡقُوتًا
b2a78bd7dc4f	jaʔlamuːn	1	يَأۡلَمُونَ
5ea4d2b821c2	watard͡ʒuːn	1	وَتَرۡجُونَ
f834e476da63	litaħkum	1	لِتَحۡكُمَ
c9cd946f2542	lilxaːːʔiniːn	1	لِّلۡخَآئِنِينَ
25e9a5ddfd37	xasˤiːmaː	1	خَصِيمًا
897e0b6124c4	jaxtaːnuːn	1	يَخۡتَانُونَ
ee42d41b5009	xawːaːnaː	1	خَوَّانًا
d0a543e198f0	ʔaθiːmaː	1	أَثِيمًا
f5a7efa01cee	d͡ʒaːdaltum	1	جَـٰدَلۡتُمۡ
2b3083ba3649	jaksibuhuː	1	يَكۡسِبُهُۥ
1b1f51845a49	xatˤiːːʔahaː	1	خَطِيٓــَٔةً
64d509bf83f1	jarm	1	يَرۡمِ
960638858eaf	bariːːʔaː	1	بَرِيٓــًٔا
01c9e0b2e314	ʔiħtamal	1	ٱحۡتَمَلَ
034dc4e97993	lahamː̃at	1	لَهَمَّت
bfd3e577b32f	jadˤurːuːnak	1	يَضُرُّونَكَ
ca7eeaaa75d9	waʕalːamak	1	وَعَلَّمَكَ
9a84b5019d34	nad͡ʒᵊwaːhum	1	نَّجۡوَٮٰهُمۡ
92e64e14cd3a	bisˤadaqah	1	بِصَدَقَةٍ
d0f4239895e1	nuwalːihiː	1	نُوَلِّهِۦ
8f7d6af661ab	wanusˤlihiː	1	وَنُصۡلِهِۦ
d28dc6af10e5	mariːdaː	1	مَّرِيدًا
c068b2a9e823	laʔatːaxiðanː̃	1	لَأَتَّخِذَنَّ
a902f1fbe869	walaʔudˤilːanː̃ahum	1	وَلَأُضِلَّنَّهُمۡ
25fef940c038	walaʔumanː̃ijanː̃ahum	1	وَلَأُمَنِّيَنَّهُمۡ
f31b0a688dea	falajubatːikunː̃	1	فَلَيُبَتِّكُنَّ
4040da3bb948	falajuɣajːirunː̃	1	فَلَيُغَيِّرُنَّ
383eb581198f	xusraːnaː	1	خُسۡرَانًا
33c662d8cb25	wajumanː̃iːhim	1	وَيُمَنِّيهِمۡ
e5fc0081092e	maħiːsˤaː	1	مَحِيصًا
fccf1f539046	biʔamaːnijːikum	1	بِأَمَانِيِّكُمۡ
4a9231900df4	jud͡ʒᵊz	1	يُجۡزَ
271763e3e7c1	wajastaftuːnak	1	وَيَسۡتَفۡتُونَكَ
b4190bccf8b9	jataːmaː	1	يَتَـٰمَى
179680691da2	tuʔtuːnahunː̃	1	تُؤۡتُونَهُنَّ
a70028b02732	watarɣabuːn	1	وَتَرۡغَبُونَ
0d5825940e6b	liljataːmaː	1	لِلۡيَتَـٰمَىٰ
eec7ae3e45d7	xaːfat	1	خَافَتۡ
5fcb775e817c	baʕlihaː	1	بَعۡلِهَا
9ecedec2de66	nuʃuːzaː	1	نُشُوزًا
3184f549e8d6	ʔiʕraːdˤaː	1	إِعۡرَاضًا
4bace2360ac8	jusˤliħaː	1	يُصۡلِحَا
db75e165e013	sˤulħaː	1	صُلۡحًا
27bb13da0afb	wasˤːulħ	1	وَٱلصُّلۡحُ
9cd83ced56d1	waʔuħdˤirat	1	وَأُحۡضِرَتِ
030c5d1c99a4	ʔaʃːuħː	1	ٱلشُّحَّ
72255d6f1cc2	tuħsinuː	1	تُحۡسِنُواۡ
1c05e0af74f0	tastatˤiːʕuː	1	تَسۡتَطِيعُوٓاۡ
d2bf9459606e	ħarasˤtum	1	حَرَصۡتُمۡ
00ff70da0e91	ʔalmajl	1	ٱلۡمَيۡلِ
b5b4bbd9154b	fataðaruːhaː	1	فَتَذَرُوهَا
8d4f6211f2ac	kalmuʕalːaqah	1	كَٱلۡمُعَلَّقَةِ
b52446f7b6dd	tusˤliħuː	1	تُصۡلِحُواۡ
e78fabe1a13e	jatafarːaqaː	1	يَتَفَرَّقَا
beeafec13207	juɣn	1	يُغۡنِ
22ded7d75c67	waːsiʕaː	1	وٰسِعًا
503439ee2227	ħamiːdaː	1	حَمِيدًا
44cc2da57cef	biʔaːxariːn	1	بِـَٔـاخَرِينَ
5e037ad7ae4a	ʔalwaːlidajn	1	ٱلۡوٰلِدَيۡنِ
e7a484c14d75	talwuːaː	1	تَلۡوُۥٓاۡ
c5aa7fec2f4e	tuʕridˤuː	1	تُعۡرِضُواۡ
ea393e864ff1	baʃːir	1	بَشِّرِ
508b07005f6b	jatːaxiðuːn	1	يَتَّخِذُونَ
0f92055b7135	ʔajabᵊtaɣuːn	1	أَيَبۡتَغُونَ
ed20272a3765	samiʕtum	1	سَمِعۡتُمۡ
1a834fcb8903	jukfar	1	يُكۡفَرُ
9d34a4bedd4b	wajustahzaʔ	1	وَيُسۡتَهۡزَأُ
e6daf9ee0bdd	miθluhum	1	مِّثۡلُهُمۡ
0b0f621813d7	walkaːfiriːn	1	وَٱلۡكَـٰفِرِينَ
f6a37667df87	jatarabːasˤuːn	1	يَتَرَبَّصُونَ
3a896bbf220d	fatħ	1	فَتۡحٌ
fcda46d39f3a	nastaħwið	1	نَسۡتَحۡوِذۡ
4f4a0e3fb34c	wanamnaʕkum	1	وَنَمۡنَعۡكُم
9c4acc1039f3	xaːdiʕuhum	1	خَـٰدِعُهُمۡ
9c790ff37451	muðabᵊðabiːn	1	مُّذَبۡذَبِينَ
4b534dc338de	ʔadːark	1	ٱلدَّرۡكِ
1c1bfcee735f	ʔalʔasfal	1	ٱلۡأَسۡفَلِ
18dfaa5ca0d5	waʔaxlasˤuː	1	وَأَخۡلَصُواۡ
33b41921761a	biʕaðaːbikum	1	بِعَذَابِكُمۡ
cefb962132ca	ðˤulim	1	ظُلِمَ
4cd12ad3db52	wanakfur	1	وَنَكۡفُرُ
2495f1c5aa3d	juʔtiːhim	1	يُؤۡتِيهِمۡ
6f5fbfe26683	saʔaluː	1	سَأَلُواۡ
16bf2f1be006	faʕafawnaː	1	فَعَفَوۡنَا
3696e733a3c7	bimiːθaːqihim	1	بِمِيثَـٰقِهِمۡ
a0b5cc1be707	taʕduː	1	تَعۡدُواۡ
502086d53ad7	wakufrihim	1	وَكُفۡرِهِم
dc6fce9e376f	waqatlihim	1	وَقَتۡلِهِمُ
ebd224d513d6	wabikufrihim	1	وَبِكُفۡرِهِمۡ
b2460de20620	qatalnaː	1	قَتَلۡنَا
2cf89c0cf752	sˤalabuːh	1	صَلَبُوهُ
bacb27eb04e2	ʃubːih	1	شُبِّهَ
37c38f260948	ʔitːibaːʕ	1	ٱتِّبَاعَ
c1cf976cbf54	jaqiːnaː	1	يَقِينَۢا
b87cdd3ef4dc	rafaʕah	1	رَّفَعَهُ
41251d452800	lajuʔminanː̃	1	لَيُؤۡمِنَنَّ
bcf7da2e6cb6	fabiðˤulm	1	فَبِظُلۡمٍ
4c649d5534df	wabisˤadːihim	1	وَبِصَدِّهِمۡ
1fd46dde5e57	waʔaxðihim	1	وَأَخۡذِهِمُ
62d7ab96c4e6	ʔarːaːsixuːn	1	ٱلرّٰسِخُونَ
bf8d2a647c6d	walmuqiːmiːn	1	وَٱلۡمُقِيمِينَ
7a5b17bbeb21	walmuʔtuːn	1	وَٱلۡمُؤۡتُونَ
43f69691dda0	sanuʔtiːhim	1	سَنُؤۡتِيهِمۡ
c28a2b0348fd	qasˤasˤnaːhum	1	قَصَصۡنَـٰهُمۡ
c7ae927028da	naqᵊsˤusˤhum	1	نَقۡصُصۡهُمۡ
62a4ef720630	wakalːam	1	وَكَلَّمَ
b8231df8007f	takliːmaː	1	تَكۡلِيمًا
e2cc83e90222	wakalimatuhuː	1	وَكَلِمَتُهُۥٓ
ef1833fd471e	ʔalqaːhaː	1	أَلۡقَـٰهَآ
92df477c2796	waruːħ	1	وَرُوحٌ
5e713ce6be59	ʔiⁿtahuː	1	ٱنتَهُواۡ
d9a53355c043	wajastakbir	1	وَيَسۡتَكۡبِرۡ
b23ee5911309	fasajaħʃuruhum	1	فَسَيَحۡشُرُهُمۡ
e3316cebf211	ʔistaⁿkafuː	1	ٱسۡتَنكَفُواۡ
78627cd5f9b5	fajuʕaðːibuhum	1	فَيُعَذِّبُهُمۡ
9f4ee81b1f80	fasajudᵊxiluhum	1	فَسَيُدۡخِلُهُمۡ
6a60ce85262f	jastaftuːnak	1	يَسۡتَفۡتُونَكَ
2cc03325ac12	ʔalkalaːlah	1	ٱلۡكَلَـٰلَةِ
c6593603f2aa	ʔumruʔ	1	ٱمۡرُؤٌاۡ
e91b18f1a2c9	falahumaː	1	فَلَهُمَا
210436a2e03b	ʔaθːuluθaːn	1	ٱلثُّلُثَانِ
6185ae932fa1	ʔixwahaː	1	إِخۡوَةً
aeb2565a18a8	falilðːakar	1	فَلِلذَّكَرِ
fe25105ab320	bilʕuquːdᵊ	1	بِٱلۡعُقُودِ
894846d06d6f	muħilːiː	1	مُحِلِّى
136fe8a4f5ee	tuħilːuː	1	تُحِلُّواۡ
3f9a524c9d96	ʔalqalaːːʔidᵊ	1	ٱلۡقَلَـٰٓئِدَ
1352e0f235d2	ʔaːːːmː̃iːn	1	ءَآمِّينَ
70f36a2ebbde	ħalaltum	1	حَلَلۡتُمۡ
66cda9da62a5	fasˤtˤaːduː	1	فَٱصۡطَادُواۡ
4db88dfd72a3	sˤadːuːkum	1	صَدُّوكُمۡ
f653e1f413e1	wataʕaːwanuː	1	وَتَعَاوَنُواۡ
8d5101493ac7	taʕaːwanuː	1	تَعَاوَنُواۡ
a777715a25c1	walmunxaniqah	1	وَٱلۡمُنۡخَنِقَةُ
074e4f5ef82c	walmawquːðah	1	وَٱلۡمَوۡقُوذَةُ
2294f2eb0296	walmutaradːijah	1	وَٱلۡمُتَرَدِّيَةُ
6ca86c4f606a	wanː̃atˤiːħah	1	وَٱلنَّطِيحَةُ
7e618106fe99	ʔakal	1	أَكَلَ
a00599516370	ʔasːabuʕ	1	ٱلسَّبُعُ
0f4179485f94	ðakːajtum	1	ذَكَّيۡتُمۡ
32b6e9d3419b	ðubiħ	1	ذُبِحَ
3bdd00abb5a2	ʔanː̃usˤubᵊ	1	ٱلنُّصُبِ
fc998b956707	tastaqᵊsimuː	1	تَسۡتَقۡسِمُواۡ
77bb45c7c17c	bilʔazlaːm	1	بِٱلۡأَزۡلَـٰمِ
82aca7890d4b	fisqᵊ	1	فِسۡقٌ
7b9198e0bceb	ʔakmalt	1	أَكۡمَلۡتُ
6d25f198b925	waʔatmamt	1	وَأَتۡمَمۡتُ
22384e4beccb	waradˤiːt	1	وَرَضِيتُ
5ef82175a656	mutad͡ʒaːnif	1	مُتَجَانِفٍ
7e11c4c2f070	liʔiⁿθm	1	لِّإٍِثۡمٍ
595a647aca38	ʕalːamtum	1	عَلَّمۡتُم
12b8ebceed8e	ʔald͡ʒawaːriħ	1	ٱلۡجَوَارِحِ
bea443bccc21	mukalːibiːn	1	مُكَلِّبِينَ
836f5404538a	tuʕalːimuːnahunː̃	1	تُعَلِّمُونَهُنَّ
916db7012c7e	ʔamsakn	1	أَمۡسَكۡنَ
592560e85ffd	watˤaʕaːm	1	وَطَعَامُ
87c951dfa470	watˤaʕaːmukum	1	وَطَعَامُكُمۡ
1182e06e9d18	mutːaxiðiː	1	مُتَّخِذِىٓ
2354b47eec3f	ħabitˤᵊ	1	حَبِطَ
8b0fafa5146e	ʕamaluhuː	1	عَمَلُهُۥ
754a3aee4100	qumtum	1	قُمۡتُمۡ
0bd27307b259	faɣsiluː	1	فَٱغۡسِلُواۡ
8120e49a0253	ʔalmaraːfiqᵊ	1	ٱلۡمَرَافِقِ
c33466ce86d6	wamsaħuː	1	وَٱمۡسَحُواۡ
f1cd734a027b	biruʔuːsikum	1	بِرُءُوسِكُمۡ
335f772e4ea1	ʔalkaʕbajn	1	ٱلۡكَعۡبَيۡنِ
6add77319bee	fatˤːahːaruː	1	فَٱطَّهَّرُواۡ
34f371e765dc	walijutimː̃	1	وَلِيُتِمَّ
f06c6011a5e4	wamiːθaːqah	1	وَمِيثَـٰقَهُ
065fc80ff569	waːθaqakum	1	وَاثَقَكُم
426a423b72e6	ʔiʕdiluː	1	ٱعۡدِلُواۡ
24ed86e7071e	hamː̃	1	هَمَّ
f2b702a40c45	jabᵊsutˤuː	1	يَبۡسُطُوٓاۡ
343a9a736b91	fakafː	1	فَكَفَّ
c53281b6e201	wabaʕaθnaː	1	وَبَعَثۡنَا
89ff336bb789	naqiːbaː	1	نَقِيبًا
60d6b56a20b7	ʔaqamtum	1	أَقَمۡتُمُ
fab1413e0c33	birusuliː	1	بِرُسُلِى
ce96f6dea725	waʕazːartumuːhum	1	وَعَزَّرۡتُمُوهُمۡ
5fff7b269bcb	waʔaqᵊradˤtum	1	وَأَقۡرَضۡتُمُ
6454b79acb17	walaʔudᵊxilanː̃akum	1	وَلَأُدۡخِلَنَّكُمۡ
8610c4493287	laʕanː̃aːhum	1	لَعَنَّـٰهُمۡ
29a20a894401	qaːsijahaː	1	قَـٰسِيَةً
1ff589582020	wanasuː	1	وَنَسُواۡ
4a1aa72d475b	tazaːl	1	تَزَالُ
59b6b4ca1973	wasˤfaħ	1	وَٱصۡفَحۡ
746faed3d915	fanasuː	1	فَنَسُواۡ
4219ddd39b8a	faʔaɣrajnaː	1	فَأَغۡرَيۡنَا
b7dc30424dd0	wajuxrid͡ʒuhum	1	وَيُخۡرِجُهُم
068144cae390	waʔaħibːaːːʔuhuː	1	وَأَحِبَّـٰٓؤُهُۥ
afc87bbd6de1	juʕaðːibukum	1	يُعَذِّبُكُم
2893e232b405	biðunuːbikum	1	بِذُنُوبِكُم
578ce570481f	fatrah	1	فَتۡرَةٍ
35666b5cffd5	wanaðiːr	1	وَنَذِيرٌ
7052d5c1fcf8	wad͡ʒaʕalakum	1	وَجَعَلَكُم
dd2b5faae8fb	muluːkaː	1	مُّلُوكًا
03dffa52a833	ʔalmuqadːasah	1	ٱلۡمُقَدَّسَةَ
ae92910ea182	tartadːuː	1	تَرۡتَدُّواۡ
ff6a6a0611a6	ʔadᵊbaːrikum	1	أَدۡبَارِكُمۡ
b8c0852c120c	daːxiluːn	1	دٰخِلُونَ
497d5e125927	rad͡ʒulaːn	1	رَجُلَانِ
d7280f3b0742	daxaltumuːh	1	دَخَلۡتُمُوهُ
239c70a5a27e	ɣaːlibuːn	1	غَـٰلِبُونَ
eac9d61e73a9	fatawakːaluː	1	فَتَوَكَّلُوٓاۡ
6385d6936a39	daːmuː	1	دَامُواۡ
94bf0912ee6b	faqaːtilaː	1	فَقَـٰتِلَآ
bffd7bd38cfb	qaːʕiduːn	1	قَـٰعِدُونَ
fe0a70ad4451	fafruqᵊ	1	فَٱفۡرُقۡ
ae0b80eb7e84	muħarːamah	1	مُحَرَّمَةٌ
64cc5e87ee29	jatiːhuːn	1	يَتِيهُونَ
414019356d43	ʔibᵊnaː	1	ٱبۡنَىۡ
84fec33367ea	qarːabaː	1	قَرَّبَا
61f5a0b43647	fatuqubːil	1	فَتُقُبِّلَ
f4400d1fb0a4	ʔaħadihimaː	1	أَحَدِهِمَا
7b065fde2287	laʔaqᵊtulanː̃ak	1	لَأَقۡتُلَنَّكَ
cd3e877d2ba2	jataqabːal	1	يَتَقَبَّلُ
3cf4b5c43d90	basatˤt	1	بَسَطتَ
a0f59344d979	litaqᵊtulaniː	1	لِتَقۡتُلَنِى
19b6246a961a	bibaːsitˤᵊ	1	بِبَاسِطٍ
bec1b8d11894	jadiː	1	يَدِىَ
77a834ee283e	liʔaqᵊtulak	1	لِأَقۡتُلَكَ
f7c2aa6d7537	tabuːːʔ	1	تَبُوٓأَ
a7a40f73832b	biʔiθmiː	1	بِإِثۡمِى
5cee9d902a16	waʔiθmik	1	وَإِثۡمِكَ
7c26055fc46c	fatˤawːaʕat	1	فَطَوَّعَتۡ
5835f9d2fb3c	ɣuraːbaː	1	غُرَابًا
0b4d1d2b1890	jabᵊħaθ	1	يَبۡحَثُ
957142227cda	lijurijahuː	1	لِيُرِيَهُۥ
e9632f1b0dfe	ʔaʕad͡ʒazt	1	أَعَجَزۡتُ
8d6a438c568f	ʔalɣuraːbᵊ	1	ٱلۡغُرَابِ
751fe152797f	faʔuːaːriː	1	فَأُوٰرِىَ
c4baf15a9400	ʔanː̃aːdimiːn	1	ٱلنَّـٰدِمِينَ
b5e6ac6c0c5c	ʔad͡ʒᵊl	1	أَجۡلِ
3c60a76d3084	fasaːdᵊ	1	فَسَادٍ
2ae8890d55b5	ʔaħjaː	1	أَحۡيَا
89484e6c816e	lamusrifuːn	1	لَمُسۡرِفُونَ
398620bb5b79	juħaːribuːn	1	يُحَارِبُونَ
a4dc6dccf7e5	juqatːaluː	1	يُقَتَّلُوٓاۡ
4d383838e63c	jusˤalːabuː	1	يُصَلَّبُوٓاۡ
2a5e736c0962	tuqatˤːaʕ	1	تُقَطَّعَ
53f35dec2299	juⁿfaw	1	يُنفَوۡاۡ
2fe2a9a1b0a9	lijaftaduː	1	لِيَفۡتَدُواۡ
45b5d112b312	tuqubːil	1	تُقُبِّلَ
54757e1ceb97	wasːaːriqᵊ	1	وَٱلسَّارِقُ
3d61920a3f44	wasːaːriqah	1	وَٱلسَّارِقَةُ
9b0efc33b2e8	faqᵊtˤaʕuː	1	فَٱقۡطَعُوٓاۡ
a7f53baf9f18	ʔajdijahumaː	1	أَيۡدِيَهُمَا
131d42e994a9	kasabaː	1	كَسَبَا
207039a2a3c4	tuʔtawh	1	تُؤۡتَوۡهُ
556c55c35f78	faħðaruː	1	فَٱحۡذَرُواۡ
09546f9edec7	fitnatahuː	1	فِتۡنَتَهُۥ
39b3be9104ab	jutˤahːir	1	يُطَهِّرَ
6f2c2c342633	ʔakːaːluːn	1	أَكَّـٰلُونَ
48e01a0dd723	lilsːuħt	1	لِلسُّحۡتِ
f92786611424	tuʕridˤ	1	تُعۡرِضۡ
a528150fecc4	jadˤurːuːk	1	يَضُرُّوكَ
a314e2bf2fb5	ħakamt	1	حَكَمۡتَ
c92efe15e565	juħakːimuːnak	1	يُحَكِّمُونَكَ
dacb8adb8138	warːabːaːnijːuːn	1	وَٱلرَّبَّـٰنِيُّونَ
a882304c4c67	ʔustuħfiðˤuː	1	ٱسۡتُحۡفِظُواۡ
a788ef51ec29	taxʃaw	1	تَخۡشَوُاۡ
fa09625f91b1	walʕajn	1	وَٱلۡعَيۡنَ
0f8281a4d055	bilʕajn	1	بِٱلۡعَيۡنِ
d0c5d7b80f62	walʔaⁿf	1	وَٱلۡأَنفَ
009dbce1d1a1	bilʔaⁿf	1	بِٱلۡأَنفِ
3b27fd802179	walʔuðun	1	وَٱلۡأُذُنَ
cf905c336d7c	bilʔuðun	1	بِٱلۡأُذُنِ
ad3d65032e56	wasːinː̃	1	وَٱلسِّنَّ
173b10026c56	bisːinː̃	1	بِٱلسِّنِّ
e20ac7ba2160	wald͡ʒuruːħ	1	وَٱلۡجُرُوحَ
71480321b351	tasˤadːaqᵊ	1	تَصَدَّقَ
6441908e593b	waljaħkum	1	وَلۡيَحۡكُمۡ
ce32102a5bac	wamuhajminaː	1	وَمُهَيۡمِنًا
a438c0a380b5	ʃirʕahaː	1	شِرۡعَةً
2d0136305b56	waminhaːd͡ʒaː	1	وَمِنۡهَاجًا
b6fc30a58679	waħðarhum	1	وَٱحۡذَرۡهُمۡ
d5bf87c0861a	jaftinuːk	1	يَفۡتِنُوكَ
dd3acc4adcfd	lafaːsiquːn	1	لَفَـٰسِقُونَ
8a4171f93943	ʔafaħukm	1	أَفَحُكۡمَ
d1b0b54072e9	naxʃaː	1	نَخۡشَىٰٓ
6da21a0bf612	tusˤiːbanaː	1	تُصِيبَنَا
0b502dff6ab4	bilfatħ	1	بِٱلۡفَتۡحِ
8dcfa7100626	fajusˤbiħuː	1	فَيُصۡبِحُواۡ
792b12e303df	ʔasarːuː	1	أَسَرُّواۡ
a1a2731260f5	lamaʕakum	1	لَمَعَكُمۡ
a495e3321ec0	juħibːuhum	1	يُحِبُّهُمۡ
4229cf08c10e	wajuħibːuːnahuː	1	وَيُحِبُّونَهُۥٓ
2bdc1459f301	jud͡ʒaːhiduːn	1	يُجَـٰهِدُونَ
a4648a9ffc87	lawmah	1	لَوۡمَةَ
9b21323b5ba0	laːːʔim	1	لَآئِمٍ
493b77d01eeb	walijːukum	1	وَلِيُّكُمُ
12939d97949b	raːkiʕuːn	1	رٰكِعُونَ
dc437423ed3a	naːdajtum	1	نَادَيۡتُمۡ
1e0bcdc4a72c	ʔitːaxaðuːhaː	1	ٱتَّخَذُوهَا
f65a2ebd299d	taⁿqimuːn	1	تَنقِمُونَ
6191d2f5b657	maθuːbahaː	1	مَثُوبَةً
810f65c8fafc	ʔalqiradah	1	ٱلۡقِرَدَةَ
5f1fa5aa7b2f	walxanaːziːr	1	وَٱلۡخَنَازِيرَ
331f6fd66772	waʕabadᵊ	1	وَعَبَدَ
2ca39e118796	janhaːhum	1	يَنۡهَـٰهُمُ
2883cd777aed	ʔarːabːaːnijːuːn	1	ٱلرَّبَّـٰنِيُّونَ
36f517795e46	maɣluːlah	1	مَغۡلُولَةٌ
8d7deb2d6d78	ɣulːat	1	غُلَّتۡ
287d96f10cbd	waluʕinuː	1	وَلُعِنُواۡ
a80d317c7190	mabᵊsuːtˤataːn	1	مَبۡسُوطَتَانِ
f28bbc3b3686	ʔawqaduː	1	أَوۡقَدُواۡ
1eecf110bcbc	lilħarbᵊ	1	لِّلۡحَرۡبِ
f77223463ebd	ʔatˤᵊfaʔahaː	1	أَطۡفَأَهَا
11bc79e1674a	lakafːarnaː	1	لَكَفَّرۡنَا
690e00176be8	walaʔadᵊxalnaːhum	1	وَلَأَدۡخَلۡنَـٰهُمۡ
37aeea43fe6e	laʔakaluː	1	لَأَكَلُواۡ
37111c9c1b65	muqᵊtasˤidah	1	مُّقۡتَصِدَةٌ
4dd7bb110899	balːiɣ	1	بَلِّغۡ
41040df4779e	tafʕal	1	تَفۡعَلۡ
b54be646402d	balːaɣt	1	بَلَّغۡتَ
71f7e3159934	jaʕsˤimuk	1	يَعۡصِمُكَ
8f6da521faa0	tuqiːmuː	1	تُقِيمُواۡ
f87f14c9cfcf	wasˤːaːbiʔuːn	1	وَٱلصَّـٰبِــُٔونَ
6660fdeed251	waħasibuː	1	وَحَسِبُوٓاۡ
4b25a279def4	faʕamuː	1	فَعَمُواۡ
3dc1e273a209	ʕamuː	1	عَمُواۡ
5e9ea6f2841c	θaːliθ	1	ثَالِثُ
790498619d92	lajamasːanː̃	1	لَيَمَسَّنَّ
34953cd23819	wajastaɣfiruːnahuː	1	وَيَسۡتَغۡفِرُونَهُۥ
d4aaa4e44933	waʔumː̃uhuː	1	وَأُمُّهُۥ
f9f4d8bb3910	sˤidːiːqah	1	صِدِّيقَةٌ
b98c812bf85a	jaʔkulaːn	1	يَأۡكُلَانِ
76846ed29385	nubajːin	1	نُبَيِّنُ
43ee5e9f715a	waʔadˤalːuː	1	وَأَضَلُّواۡ
c3925c3e39ec	wadˤalːuː	1	وَضَلُّواۡ
6a4fc8e30650	luʕin	1	لُعِنَ
e664534c42dc	jatanaːhawn	1	يَتَنَاهَوۡنَ
46840dd409e6	muⁿkar	1	مُّنكَرٍ
aee304201275	saxitˤᵊ	1	سَخِطَ
30b5ae7d5bfb	wanː̃abijː	1	وَٱلنَّبِىِّ
563cbff33464	ʔitːaxaðuːhum	1	ٱتَّخَذُوهُمۡ
ae9d332f90c0	latad͡ʒidanː̃	1	لَتَجِدَنَّ
ed99036ed271	ʕadaːwahaː	1	عَدٰوَةً
ebb54e882215	walatad͡ʒidanː̃	1	وَلَتَجِدَنَّ
c5b147e456da	ʔaqᵊrabahum	1	أَقۡرَبَهُم
2addcb68e0ba	qisːiːsiːn	1	قِسِّيسِينَ
6d8bbf131ff1	waruhbaːnaː	1	وَرُهۡبَانًا
e1a48e82c501	wanatˤᵊmaʕ	1	وَنَطۡمَعُ
d68cd837d778	judᵊxilanaː	1	يُدۡخِلَنَا
a850046bc94b	faʔaθaːbahum	1	فَأَثَـٰبَهُمُ
af461d80f765	tuħarːimuː	1	تُحَرِّمُواۡ
237a0ac43633	ʕaqːatːum	1	عَقَّدتُّمُ
b22c8bf4f7da	fakafːaːratuhuː	1	فَكَفَّـٰرَتُهُۥٓ
f9baf8a51536	ʔawsatˤᵊ	1	أَوۡسَطِ
a85b9cf20aeb	tutˤᵊʕimuːn	1	تُطۡعِمُونَ
4109c9e48e33	ʔahliːkum	1	أَهۡلِيكُمۡ
885020f062fa	kiswatuhum	1	كِسۡوَتُهُمۡ
945c861c22d6	taħriːr	1	تَحۡرِيرُ
32cc5b882fd8	ħalaftum	1	حَلَفۡتُمۡ
b47785697295	waħfaðˤuː	1	وَٱحۡفَظُوٓاۡ
2d907369fea5	walʔaⁿsˤaːbᵊ	1	وَٱلۡأَنصَابُ
e57ff06b3aca	walʔazlaːm	1	وَٱلۡأَزۡلَـٰمُ
22da4d469ee1	fad͡ʒᵊtanibuːh	1	فَٱجۡتَنِبُوهُ
16d2854bb4c1	juːqiʕ	1	يُوقِعَ
05f82d000477	wajasˤudːakum	1	وَيَصُدَّكُمۡ
0dd30b24be83	muⁿtahuːn	1	مُّنتَهُونَ
c71406fddb34	waħðaruː	1	وَٱحۡذَرُواۡ
e96d5172f79a	tˤaʕimuː	1	طَعِمُوٓاۡ
2347b2cb591d	waʔaħsanuː	1	وَّأَحۡسَنُواۡ
22083fd25d99	lajabᵊluwanː̃akum	1	لَيَبۡلُوَنَّكُمُ
d68480b3696e	tanaːluhuː	1	تَنَالُهُۥٓ
38d7ed33544e	warimaːħukum	1	وَرِمَاحُكُمۡ
8206bfa6f6b7	jaxaːfuhuː	1	يَخَافُهُۥ
1945c50640c9	qatalahuː	1	قَتَلَهُۥ
101c04a398d6	fad͡ʒazaːːʔ	1	فَجَزَآءٌ
08baacfb2820	ʔanː̃aʕam	1	ٱلنَّعَمِ
add9293e8b7a	hadᵊjaː	1	هَدۡيَۢا
7b7be7442685	sˤijaːmaː	1	صِيَامًا
d784ac1b04e5	lijaðuːqᵊ	1	لِّيَذُوقَ
204c160a002e	fajaⁿtaqim	1	فَيَنتَقِمُ
9199f674cba6	watˤaʕaːmuhuː	1	وَطَعَامُهُۥ
4c46b2ae5bfe	walilsːajːaːrah	1	وَلِلسَّيَّارَةِ
f2dc88dd4dec	dumtum	1	دُمۡتُمۡ
e4fdf1b10fe7	ħurumaː	1	حُرُمًا
3877fe6abbfb	waʃːahr	1	وَٱلشَّهۡرَ
3a5006d72e40	walqalaːːʔidᵊ	1	وَٱلۡقَلَـٰٓئِدَ
04250824d78b	watˤːajːibᵊ	1	وَٱلطَّيِّبُ
c46b069fa1c3	kaθrah	1	كَثۡرَةُ
001c8c7da212	ʔaʃjaːːʔ	1	أَشۡيَآءَ
4801d9bb6d9a	tasuʔkum	1	تَسُؤۡكُمۡ
9a40002341a7	saʔalahaː	1	سَأَلَهَا
225e936e2497	ʔasˤbaħuː	1	أَصۡبَحُواۡ
6b4111a32056	baħiːrah	1	بَحِيرَةٍ
251ec87e1342	saːːʔibah	1	سَآئِبَةٍ
bc7700b465be	wasˤiːlah	1	وَصِيلَةٍ
0bdc1f1b0ced	ħaːm	1	حَامٍ
615bda03a5e4	ʔihtadajtum	1	ٱهۡتَدَيۡتُمۡ
ec557b59790f	ʔiθnaːn	1	ٱثۡنَانِ
9df2f21982d6	ʔaːxaraːn	1	ءَاخَرَانِ
5b48d37afcd7	ɣajrikum	1	غَيۡرِكُمۡ
203ac88dc08f	faʔasˤaːbatkum	1	فَأَصَـٰبَتۡكُم
9d14d54689ef	taħbisuːnahumaː	1	تَحۡبِسُونَهُمَا
4f0e5f46348a	naʃtariː	1	نَشۡتَرِى
4165bfa45a8e	naktum	1	نَكۡتُمُ
fb4dc6628d6f	ʔalʔaθimiːn	1	ٱلۡأَثِمِينَ
829fd5f411ed	ʕuθir	1	عُثِرَ
2d56919568c1	ʔistaħaqːaː	1	ٱسۡتَحَقَّآ
2f950c50c8ae	faʔaːxaraːn	1	فَـَٔـاخَرَانِ
341abdf4b701	jaquːmaːn	1	يَقُومَانِ
77e4825c0b93	maqaːmahumaː	1	مَقَامَهُمَا
d44ac06f1b7e	ʔistaħaqːᵊ	1	ٱسۡتَحَقَّ
bd28564f74b5	ʔalʔawlajaːn	1	ٱلۡأَوۡلَيَـٰنِ
fdb8d3efa8bd	laʃahaːdatunaː	1	لَشَهَـٰدَتُنَآ
ea12a307d80f	ʃahaːdatihimaː	1	شَهَـٰدَتِهِمَا
e507df833899	ʔiʕtadajnaː	1	ٱعۡتَدَيۡنَآ
e61d6b52952a	biʃːahaːdah	1	بِٱلشَّهَـٰدَةِ
763a8e59ad4f	wad͡ʒᵊhihaː	1	وَجۡهِهَآ
9b309605ce83	jaxaːfuː	1	يَخَافُوٓاۡ
08f16a817bed	turadːᵊ	1	تُرَدَّ
13b87a61c07a	ʔud͡ʒibᵊtum	1	أُجِبۡتُمۡ
197c25524801	ʔuðkur	1	ٱذۡكُرۡ
cd5b8a5482bd	waːlidatik	1	وٰلِدَتِكَ
1e1ec8111731	ʔajːatːuk	1	أَيَّدتُّكَ
e5729bd96c60	ʕalːamtuk	1	عَلَّمۡتُكَ
bb02032dac98	taxluqᵊ	1	تَخۡلُقُ
cf7c57346a18	fataⁿfux	1	فَتَنفُخُ
2546fec044f8	watubᵊriʔ	1	وَتُبۡرِئُ
5049c7bfb8f3	tuxrid͡ʒᵊ	1	تُخۡرِجُ
e3a302fe2678	kafaft	1	كَفَفۡتُ
cdf00e0eb837	ʔawħajt	1	أَوۡحَيۡتُ
19240b3f2833	ʔalħawaːrijːiːn	1	ٱلۡحَوَارِيِّــۧنَ
e8415104d2e7	wabirasuːliː	1	وَبِرَسُولِى
0eb6c64bca62	biʔanː̃anaː	1	بِأَنَّنَا
b7ea8dda46c9	naʔkul	1	نَّأۡكُلَ
7f11998f29ed	sˤadaqᵊtanaː	1	صَدَقۡتَنَا
4c49d097be45	ʔaⁿzil	1	أَنزِلۡ
ff5ddfc429a4	ʕiːdaː	1	عِيدًا
deef9bff25f3	liʔawːalinaː	1	لِّأَوَّلِنَا
84e95791afa9	waʔaːxirinaː	1	وَءَاخِرِنَا
7b5a84092241	waʔaːjahaː	1	وَءَايَةً
63a8d5f39e83	warzuqᵊnaː	1	وَٱرۡزُقۡنَا
3c7ae6663151	munazːiluhaː	1	مُنَزِّلُهَا
4a2dc1343dc0	ʔitːaxiðuːniː	1	ٱتَّخِذُونِى
ef2b44aeb4d1	waʔumː̃iː	1	وَأُمِّىَ
e7a092078e3c	biħaqːᵊ	1	بِحَقٍّ
6a147acc94d2	qultuhuː	1	قُلۡتُهُۥ
e5d5e1e80ee9	ʕalimtahuː	1	عَلِمۡتَهُۥ
97817a5d9d91	ʔamartaniː	1	أَمَرۡتَنِى
474c4de14ccf	tawafːajtaniː	1	تَوَفَّيۡتَنِى
ae7f64aa52b9	ʔarːaqiːbᵊ	1	ٱلرَّقِيبَ
25a4ebd4606a	ʕibaːduk	1	عِبَادُكَ
0e55349eacbc	sˤidᵊquhum	1	صِدۡقُهُمۡ
57cc0e4ea35f	sirːakum	1	سِرَّكُمۡ
2afdac2849b1	wad͡ʒahrakum	1	وَجَهۡرَكُمۡ
2a8ef302310f	qirtˤaːs	1	قِرۡطَاسٍ
e079840321a7	falamasuːh	1	فَلَمَسُوهُ
99760c8e33ad	laqaːl	1	لَقَالَ
c695fbbc2ea5	walalabasnaː	1	وَلَلَبَسۡنَا
beaf20cd1bf9	jalbisuːn	1	يَلۡبِسُونَ
13886357437d	jutˤᵊʕim	1	يُطۡعِمُ
edda26e84905	jutˤᵊʕam	1	يُطۡعَمُ
e5b2140d3d43	jusˤraf	1	يُصۡرَفۡ
890960dc18df	raħimahuː	1	رَحِمَهُۥ
d508f2e055d0	liʔuⁿðirakum	1	لِأُنذِرَكُم
7bc44860c3cf	lataʃhaduːn	1	لَتَشۡهَدُونَ
423cefdeec4c	ʔaʃhadᵊ	1	أَشۡهَدُ
bbe86a0ad02f	waʔinː̃aniː	1	وَإِنَّنِى
022644989987	ʃurakaːːʔukum	1	شُرَكَآؤُكُمُ
a4cfa7ff535d	fitnatuhum	1	فِتۡنَتُهُمۡ
806e9755c860	wajanʔawn	1	وَيَنۡــَٔوۡنَ
022e4253fcca	laʕaːduː	1	لَعَادُواۡ
3fb7196b3ba6	jaːħasratanaː	1	يَـٰحَسۡرَتَنَا
cfb4936eb272	walaldːaːr	1	وَلَلدَّارُ
bcba1bba7324	lajaħzunuk	1	لَيَحۡزُنُكَ
41b4cdb61ac0	jukaðːibuːnak	1	يُكَذِّبُونَكَ
0d6a7acbb163	fasˤabaruː	1	فَصَبَرُواۡ
72e703d4af39	kuðːibuː	1	كُذِّبُواۡ
57829e469f0e	ʔiʕraːdˤuhum	1	إِعۡرَاضُهُمۡ
db0ba412cd1c	nafaqaː	1	نَفَقًا
c4a23a7dde86	sulːamaː	1	سُلَّمًا
7f5a836a79f8	fataʔtijahum	1	فَتَأۡتِيَهُم
436fac551164	lad͡ʒamaʕahum	1	لَجَمَعَهُمۡ
550a40307470	walmawtaː	1	وَٱلۡمَوۡتَىٰ
5c7ff14fd697	tˤaːːʔir	1	طَـٰٓئِرٍ
ac70402e9780	jatˤiːr	1	يَطِيرُ
c78b8ad7241e	bid͡ʒanaːħajh	1	بِجَنَاحَيۡهِ
7fb303b74838	wabukm	1	وَبُكۡمٌ
ee6b8b08b603	judˤlilh	1	يُضۡلِلۡهُ
2485e54e9b6e	jad͡ʒᵊʕalh	1	يَجۡعَلۡهُ
aa6c4312b3db	ʔatatkum	1	أَتَتۡكُمُ
0e7f38becce4	fajakʃif	1	فَيَكۡشِفُ
241404329894	tadˤarːaʕuː	1	تَضَرَّعُواۡ
8703b057b087	faqutˤiʕ	1	فَقُطِعَ
3ba3cf5bfd62	samʕakum	1	سَمۡعَكُمۡ
6c2397137b24	waʔabᵊsˤaːrakum	1	وَأَبۡصَـٰرَكُمۡ
f61303706660	juħʃaruː	1	يُحۡشَرُوٓاۡ
3de3e798638f	tatˤᵊrudᵊ	1	تَطۡرُدِ
01be6ca83dab	ħisaːbik	1	حِسَابِكَ
6edcc3cee39a	fatatˤᵊrudahum	1	فَتَطۡرُدَهُمۡ
7cc4d634748d	lijaquːluː	1	لِّيَقُولُوٓاۡ
090c2cb61cc7	biʃːaːkiriːn	1	بِٱلشَّـٰكِرِينَ
b48c10eb3ab1	walitastabiːn	1	وَلِتَسۡتَبِينَ
38b0776bcdd5	ʔahwaːːʔakum	1	أَهۡوَآءَكُمۡ
16c296424afa	wakaðːabᵊtum	1	وَكَذَّبۡتُم
f122a5cdcf1a	ʔalfaːsˤiliːn	1	ٱلۡفَـٰصِلِينَ
ca70e35faade	mafaːtiħ	1	مَفَاتِحُ
58c2b442f54d	tasqutˤᵊ	1	تَسۡقُطُ
adcdb2b076f8	waraqah	1	وَرَقَةٍ
2be55ce197de	ratˤᵊbᵊ	1	رَطۡبٍ
0a1e67fd61e9	jaːbis	1	يَابِسٍ
d44b98c3baf7	d͡ʒaraħtum	1	جَرَحۡتُم
980b04597dd5	jabᵊʕaθukum	1	يَبۡعَثُكُمۡ
0bcd12c6c508	lijuqᵊdˤaː	1	لِيُقۡضَىٰٓ
4966acb2f29d	ħafaðˤahaː	1	حَفَظَةً
a08feaa74ae3	tawafːath	1	تَوَفَّتۡهُ
940580a3487e	jufarːitˤuːn	1	يُفَرِّطُونَ
10a02430b556	ʔalħaːsibiːn	1	ٱلۡحَـٰسِبِينَ
6e6f51b8c8ae	tadᵊʕuːnahuː	1	تَدۡعُونَهُۥ
ae7a5bb04e20	ʔaⁿd͡ʒaːnaː	1	أَنجَـٰنَا
e4f33e65d677	karbᵊ	1	كَرۡبٍ
cc952cbdd5a5	ʔalqaːdir	1	ٱلۡقَادِرُ
c79da34808d8	ʔard͡ʒulikum	1	أَرۡجُلِكُمۡ
a526ce8701a7	jalbisakum	1	يَلۡبِسَكُمۡ
08fb93c4fb50	wajuðiːqᵊ	1	وَيُذِيقَ
523322eb4d7c	jaxuːdˤuːn	1	يَخُوضُونَ
19cbe3554248	juⁿsijanː̃ak	1	يُنسِيَنَّكَ
488fe635e84a	taqᵊʕudᵊ	1	تَقۡعُدۡ
f4a0d5cdcfbb	waðar	1	وَذَرِ
50bf5bdbeacc	laʕibaː	1	لَعِبًا
e43e2cb5d8d2	walahwaː	1	وَلَهۡوًا
9820863294cc	tubᵊsal	1	تُبۡسَلَ
60163e11f3c6	taʕdil	1	تَعۡدِلۡ
78b5ebc7a112	ʔubᵊsiluː	1	أُبۡسِلُواۡ
318ef3497ab1	ʔanadᵊʕuː	1	أَنَدۡعُواۡ
4293abd55ef4	jaⁿfaʕunaː	1	يَنفَعُنَا
ed3ac2edae07	jadˤurːunaː	1	يَضُرُّنَا
3ec6cfc8a5b4	wanuradːᵊ	1	وَنُرَدُّ
f31affa575e7	ʔaʕqaːbinaː	1	أَعۡقَابِنَا
3d80f1460f7a	ʔistahwath	1	ٱسۡتَهۡوَتۡهُ
3a424e18c93f	ħajraːn	1	حَيۡرَانَ
b4ab5c2ad61f	jadᵊʕuːnahuː	1	يَدۡعُونَهُۥٓ
f65379fa7683	waʔumirnaː	1	وَأُمِرۡنَا
70b83a8f0726	linuslim	1	لِنُسۡلِمَ
c51c0a091d07	qawluh	1	قَوۡلُهُ
e98fdb40da30	ʔaːzar	1	ءَازَرَ
6b802460bf97	ʔatatːaxið	1	أَتَتَّخِذُ
ceb3dc90fe65	waqawmak	1	وَقَوۡمَكَ
e40441d8329d	nuriː	1	نُرِىٓ
18fb289cced2	walijakuːn	1	وَلِيَكُونَ
c9872c747a12	ʔalmuːqiniːn	1	ٱلۡمُوقِنِينَ
d2e64c1cd7e5	d͡ʒanː̃	1	جَنَّ
d7e119f1da69	ʔuħibːᵊ	1	أُحِبُّ
1ec772b487df	ʔalʔafiliːn	1	ٱلۡأَفِلِينَ
84e345712034	baːziɣaː	1	بَازِغًا
7c8b8681199e	jahdiniː	1	يَهۡدِنِى
a7210e38be2e	laʔakuːnanː̃	1	لَأَكُونَنَّ
4b40440f5c35	baːziɣahaː	1	بَازِغَةً
c248c2ec1cf6	ʔafalat	1	أَفَلَتۡ
46a2a794e4d1	wad͡ʒːaht	1	وَجَّهۡتُ
6ca76c78667b	waħaːːːd͡ʒːahuː	1	وَحَآجَّهُۥ
a1178e6a5a17	ʔatuħaːːːd͡ʒːuːːːnː̃iː	1	أَتُحَـٰٓجُّوٓنِّى
0c85e531dfae	hadaːn	1	هَدَٮٰنِ
37ba6fb2f31f	bilʔamn	1	بِٱلۡأَمۡنِ
11337c3d241b	jalbisuː	1	يَلۡبِسُوٓاۡ
a8e29278359a	ʔiːmaːnahum	1	إِيمَـٰنَهُم
383e409d1fa4	ħud͡ʒːatunaː	1	حُجَّتُنَآ
855146dbd7ed	ʔaːtajnaːhaː	1	ءَاتَيۡنَـٰهَآ
f052f86c2793	ðurːijːatihiː	1	ذُرِّيَّتِهِۦ
8b02ba1422f6	wajuːsuf	1	وَيُوسُفَ
8c7bfadb45e1	waʔiljaːs	1	وَإِلۡيَاسَ
8fb6044a3962	waʔixwaːnihim	1	وَإِخۡوٰنِهِمۡ
faae2c49550a	wad͡ʒᵊtabajnaːhum	1	وَٱجۡتَبَيۡنَـٰهُمۡ
e00fabef3aef	wahadajnaːhum	1	وَهَدَيۡنَـٰهُمۡ
439980ce4e02	laħabitˤᵊ	1	لَحَبِطَ
996e9c4bf12e	wakːalnaː	1	وَكَّلۡنَا
4b72fe26e313	bikaːfiriːn	1	بِكَـٰفِرِينَ
ba3f972a1b30	fabihudaːhum	1	فَبِهُدَٮٰهُمُ
d81d50b3fcdb	ʔiqᵊtadih	1	ٱقۡتَدِهۡ
767efd28066b	tad͡ʒᵊʕaluːnahuː	1	تَجۡعَلُونَهُۥ
a9a932790e2f	qaraːtˤiːs	1	قَرَاطِيسَ
2167708b02a9	tubᵊduːnahaː	1	تُبۡدُونَهَا
300633e22b2b	watuxfuːn	1	وَتُخۡفُونَ
e0d5680ad83c	waʕulːimtum	1	وَعُلِّمۡتُم
e0ec754cfef9	xawdˤihim	1	خَوۡضِهِمۡ
86c869bda56d	walituⁿðir	1	وَلِتُنذِرَ
1cc2ed81c772	juːħ	1	يُوحَ
28367751d859	saʔuⁿzil	1	سَأُنزِلُ
9416892fb531	ɣamaraːt	1	غَمَرٰتِ
2eff9f9e9e6d	baːsitˤuː	1	بَاسِطُوٓاۡ
73edace798fb	furaːdaː	1	فُرٰدَىٰ
ab19ab0b36ab	wataraktum	1	وَتَرَكۡتُم
e4004cc0b7a5	xawːalnaːkum	1	خَوَّلۡنَـٰكُمۡ
bd7039b230bc	ðˤuhuːrikum	1	ظُهُورِكُمۡ
898a011c6dd3	ʃufaʕaːːʔakum	1	شُفَعَآءَكُمُ
1e33dae6cc7f	ʔalħabːᵊ	1	ٱلۡحَبِّ
dff7991a7ecd	wanː̃awaː	1	وَٱلنَّوَىٰ
fde5f2cc1ecb	wamuxrid͡ʒᵊ	1	وَمُخۡرِجُ
ae095b61bb9b	ʔalʔisˤbaːħ	1	ٱلۡإِصۡبَاحِ
3e3635ffe24e	litahtaduː	1	لِتَهۡتَدُواۡ
a42900cb931c	famustaqarː	1	فَمُسۡتَقَرٌّ
54004273145d	wamustawdaʕ	1	وَمُسۡتَوۡدَعٌ
1cc091a60eab	xadˤiraː	1	خَضِرًا
13c56fb2ef9d	mutaraːkibaː	1	مُّتَرَاكِبًا
1c98bf76a573	tˤalʕihaː	1	طَلۡعِهَا
57e04b2af804	qinwaːn	1	قِنۡوَانٌ
adbd6199aa7f	muʃtabihaː	1	مُشۡتَبِهًا
e3ba1326fe81	wajanʕihiː	1	وَيَنۡعِهِۦٓ
4f814cc20e9a	waxalaqahum	1	وَخَلَقَهُمۡ
08437323c4cd	waxaraquː	1	وَخَرَقُواۡ
2388d0079365	sˤaːħibah	1	صَـٰحِبَةٌ
ed4ecdcf2f4a	tudᵊrikuh	1	تُدۡرِكُهُ
52a651df10b2	judᵊrik	1	يُدۡرِكُ
748b6d4f505e	ʔabᵊsˤar	1	أَبۡصَرَ
66199b02c355	ʕamiː	1	عَمِىَ
51373b73c4a4	walijaquːluː	1	وَلِيَقُولُواۡ
0ef49617f4ac	darast	1	دَرَسۡتَ
a4e03b9cc0c2	walinubajːinahuː	1	وَلِنُبَيِّنَهُۥ
cc59121b2305	tasubːuː	1	تَسُبُّواۡ
9a6197f4b2b9	fajasubːuː	1	فَيَسُبُّواۡ
292417a71c30	ʕadᵊwaː	1	عَدۡوَۢا
e1150bbab632	ʕamalahum	1	عَمَلَهُمۡ
c63c65c6f70a	lajuʔminunː̃	1	لَّيُؤۡمِنُنَّ
b79cd475f42d	juʃʕirukum	1	يُشۡعِرُكُمۡ
f4c414f188cc	wanuqalːibᵊ	1	وَنُقَلِّبُ
14b896335183	ʔafʔidatahum	1	أَفۡــِٔدَتَهُمۡ
a61adcd8abca	waʔabᵊsˤaːrahum	1	وَأَبۡصَـٰرَهُمۡ
e8fafbf1ca4f	wanaðaruhum	1	وَنَذَرُهُمۡ
dcd6a38a4391	ʔanː̃anaː	1	أَنَّنَا
cbeec27a993e	wakalːamahum	1	وَكَلَّمَهُمُ
047272b63d0e	waħaʃarnaː	1	وَحَشَرۡنَا
506f736e3839	jad͡ʒᵊhaluːn	1	يَجۡهَلُونَ
e7cdd1b5cc0f	ʃajaːtˤiːn	1	شَيَـٰطِينَ
b839142a1b26	walitasˤɣaː	1	وَلِتَصۡغَىٰٓ
205e9a7b6359	ʔafʔidah	1	أَفۡــِٔدَةُ
07cdd04107e1	walijardˤawh	1	وَلِيَرۡضَوۡهُ
d4b4b47204a0	walijaqᵊtarifuː	1	وَلِيَقۡتَرِفُواۡ
104e9541e09a	muqᵊtarifuːn	1	مُّقۡتَرِفُونَ
76f6931d8218	ʔabᵊtaɣiː	1	أَبۡتَغِى
02a5276fff9a	mufasˤːalaː	1	مُفَصَّلًا
a86298ee3ca8	munazːal	1	مُنَزَّلٌ
865922776e08	sˤidᵊqaː	1	صِدۡقًا
eeaa8bc51926	waʕadᵊlaː	1	وَعَدۡلًا
3bb494ffb6f8	fasˤːal	1	فَصَّلَ
691f20653352	ʔudˤtˤurirtum	1	ٱضۡطُرِرۡتُمۡ
ddab3bc0a35f	lajudˤilːuːn	1	لَّيُضِلُّونَ
4bf6dca29741	biʔahwaːːʔihim	1	بِأَهۡوَآئِهِم
9966f672acb4	bilmuʕtadiːn	1	بِٱلۡمُعۡتَدِينَ
44fc5f873a53	ðˤaːhir	1	ظَـٰهِرَ
334b21269109	wabaːtˤinahuː	1	وَبَاطِنَهُۥٓ
10503fad3914	jaqᵊtarifuːn	1	يَقۡتَرِفُونَ
1ea83f8692a0	lafisqᵊ	1	لَفِسۡقٌ
cb37ebff2b5d	lajuːħuːn	1	لَيُوحُونَ
7c330e5f3967	ʔawlijaːːʔihim	1	أَوۡلِيَآئِهِمۡ
7aee6113e31b	lijud͡ʒaːdiluːkum	1	لِيُجَـٰدِلُوكُمۡ
2add179c1892	ʔatˤaʕtumuːhum	1	أَطَعۡتُمُوهُمۡ
d063e93969a1	lamuʃrikuːn	1	لَمُشۡرِكُونَ
131b704367c1	faʔaħjajnaːh	1	فَأَحۡيَيۡنَـٰهُ
948a31a363f1	maθaluhuː	1	مَّثَلُهُۥ
f2df7e543e40	bixaːrid͡ʒᵊ	1	بِخَارِجٍ
bdd2c00ad667	ʔakaːbir	1	أَكَـٰبِرَ
d92cba605265	mud͡ʒᵊrimiːhaː	1	مُجۡرِمِيهَا
7d5facd0932b	lijamkuruː	1	لِيَمۡكُرُواۡ
c6b583c4c141	nuʔtaː	1	نُؤۡتَىٰ
5df153f97eb6	sˤaɣaːr	1	صَغَارٌ
01139996e012	jahdijahuː	1	يَهۡدِيَهُۥ
b21732a01a86	jaʃraħ	1	يَشۡرَحۡ
70c42947100e	judˤilːahuː	1	يُضِلَّهُۥ
44adbb1ccee7	jasˤːaʕːadᵊ	1	يَصَّعَّدُ
8280eab31637	ʔistakθartum	1	ٱسۡتَكۡثَرۡتُم
4007e2d3e8a0	wabalaɣnaː	1	وَبَلَغۡنَآ
631c506d9847	ʔad͡ʒalanaː	1	أَجَلَنَا
4856c3f1f95a	ʔad͡ʒːalt	1	أَجَّلۡتَ
975fbad95440	maθwaːkum	1	مَثۡوَٮٰكُمۡ
ce7e8faeacc8	nuwalːiː	1	نُوَلِّى
31868cf8e3f6	ʔaⁿfusinaː	1	أَنفُسِنَا
44641c094715	baʕdikum	1	بَعۡدِكُم
4b35805d5302	liʃurakaːːʔinaː	1	لِشُرَكَآئِنَا
55fa85cf4fad	liʃurakaːːʔihim	1	لِشُرَكَآئِهِمۡ
7ac4a0af6ab9	likaθiːr	1	لِكَثِيرٍ
5d8a4281a8e3	ʔawlaːdihim	1	أَوۡلَـٰدِهِمۡ
ef5ce9693f29	lijurduːhum	1	لِيُرۡدُوهُمۡ
ef778f168982	walijalbisuː	1	وَلِيَلۡبِسُواۡ
5ed1d73572b4	ʔanʕaːm	1	أَنۡعَـٰمٌ
75b5dad5e923	waħarθ	1	وَحَرۡثٌ
5aae67229f97	jatˤᵊʕamuhaː	1	يَطۡعَمُهَآ
b96784c98e92	ðˤuhuːruhaː	1	ظُهُورُهَا
261774e49db3	xaːlisˤah	1	خَالِصَةٌ
91bd30b56c92	liðukuːrinaː	1	لِّذُكُورِنَا
35a3ae57ec24	wamuħarːam	1	وَمُحَرَّمٌ
66851cac66a5	wasˤfahum	1	وَصۡفَهُمۡ
4ccf76e1a680	qataluː	1	قَتَلُوٓاۡ
530e02af2393	ʔawlaːdahum	1	أَوۡلَـٰدَهُمۡ
db0730ce94f1	safahaː	1	سَفَهَۢا
834ec87f196f	waħarːamuː	1	وَحَرَّمُواۡ
00b43b2f2322	wazːarʕ	1	وَٱلزَّرۡعَ
e0051f3a4438	ʔukuluhuː	1	أُكُلُهُۥ
d869060b6edb	ħasˤaːdihiː	1	حَصَادِهِۦ
8740a5442810	ħamuːlahaː	1	حَمُولَةً
7a8d1b7128e8	wafarʃaː	1	وَفَرۡشًا
0d25d6238e9b	ʔadˤːaʔn	1	ٱلضَّأۡنِ
7bc3fda2c292	ʔalmaʕz	1	ٱلۡمَعۡزِ
84b0eb7d8e05	nabːiʔuːniː	1	نَبِّــُٔونِى
0d3f8d3586ac	muħarːamaː	1	مُحَرَّمًا
3d24dedc9daa	tˤaːʕim	1	طَاعِمٍ
130976d0323b	jatˤᵊʕamuhuː	1	يَطۡعَمُهُۥٓ
7225316bf1e5	damaː	1	دَمًا
ca5509edf934	masfuːħaː	1	مَّسۡفُوحًا
03a6df1eea47	xiⁿziːr	1	خِنزِيرٍ
adb416bd8b3f	fisqaː	1	فِسۡقًا
bb9787e5b11d	ðˤufur	1	ظُفُرٍ
2dab1c306872	walɣanam	1	وَٱلۡغَنَمِ
d24e77d3f960	ʃuħuːmahumaː	1	شُحُومَهُمَآ
ba5c37575e93	ðˤuhuːruhumaː	1	ظُهُورُهُمَآ
e6d284cba8bb	ʔalħawaːjaː	1	ٱلۡحَوَايَآ
eddd5975a69d	ʔixtalatˤᵊ	1	ٱخۡتَلَطَ
b8c0b4d2e02f	biʕaðˤm	1	بِعَظۡمٍ
eb8854177dbb	bibaɣjihim	1	بِبَغۡيِهِمۡ
9fbc79228a80	baʔsuhuː	1	بَأۡسُهُۥ
c19e765be4a7	ʔaʃraknaː	1	أَشۡرَكۡنَا
d905ef1bfc09	fatuxrid͡ʒuːh	1	فَتُخۡرِجُوهُ
20a52fd797de	taxrusˤuːn	1	تَخۡرُصُونَ
baa646ece70b	ʔalħud͡ʒːah	1	ٱلۡحُجَّةُ
86c7381e756b	ʔalbaːliɣah	1	ٱلۡبَـٰلِغَةُ
dc13884ecdd6	ʔatl	1	أَتۡلُ
df5401c7e26c	narzuqukum	1	نَرۡزُقُكُمۡ
f76fe534d716	waʔijːaːhum	1	وَإِيَّاهُمۡ
586d6b890931	faʕdiluː	1	فَٱعۡدِلُواۡ
d03312563873	wabiʕahdᵊ	1	وَبِعَهۡدِ
cb92664bc38b	sˤiraːtˤiː	1	صِرٰطِى
8e54f5151a5a	ʔasːubul	1	ٱلسُّبُلَ
7a0965b2ece2	fatafarːaqᵊ	1	فَتَفَرَّقَ
ba34e5786872	tamaːmaː	1	تَمَامًا
1f730011d5fb	tˤaːːʔifatajn	1	طَآئِفَتَيۡنِ
9db1a05ac857	diraːsatihim	1	دِرَاسَتِهِمۡ
d67232605fcb	wasˤadaf	1	وَصَدَفَ
4cb21a3dc965	sanad͡ʒᵊziː	1	سَنَجۡزِى
fe305420856a	ʔiːmaːnihaː	1	إِيمَـٰنِهَا
ac4e4970c32f	ʔiⁿtaðˤiruː	1	ٱنتَظِرُوٓاۡ
e04552e338cc	ʔamruhum	1	أَمۡرُهُمۡ
18eae91630d4	ʔamθaːlihaː	1	أَمۡثَالِهَا
c34434f452da	qijamaː	1	قِيَمًا
2c17177cefcd	sˤalaːtiː	1	صَلَاتِى
dfad3daefd08	wanusukiː	1	وَنُسُكِى
d7ff5a39f5bb	wamaħjaːj	1	وَمَحۡيَاىَ
e228453e9e63	wamamaːtiː	1	وَمَمَاتِى
6b2b5e0fd47c	wabiðaːlik	1	وَبِذٰلِكَ
7ce18bf1da97	ʔabᵊɣiː	1	أَبۡغِى
388872be4821	rabːaː	1	رَبًّا
95e0e949f0f3	ʔalif laːːːm miːːːm sˤaːːːd	1	الٓمٓصٓ
a8f6ae0d9dc6	sˤadᵊrik	1	صَدۡرِكَ
1c64da22dc2d	fad͡ʒaːːʔahaː	1	فَجَآءَهَا
766f0a1066e8	qaːːʔiluːn	1	قَآئِلُونَ
5a1fa6fd959e	falanasʔalanː̃	1	فَلَنَسۡــَٔلَنَّ
20009456f2ca	walanasʔalanː̃	1	وَلَنَسۡــَٔلَنَّ
40e37a3586d2	falanaqusˤːanː̃	1	فَلَنَقُصَّنَّ
9e41ec16b360	ɣaːːʔibiːn	1	غَآئِبِينَ
80a8f9dc9ea8	walwazn	1	وَٱلۡوَزۡنُ
748b63153ac9	sˤawːarnaːkum	1	صَوَّرۡنَـٰكُمۡ
ab02a7adfb2d	ʔamartuk	1	أَمَرۡتُكَ
fc0dc94be62a	fahbitˤᵊ	1	فَٱهۡبِطۡ
0be98fe9a983	tatakabːar	1	تَتَكَبَّرَ
8595a1d02203	ʔaⁿðˤirniː	1	أَنظِرۡنِىٓ
2f0b6af42439	laʔaqᵊʕudanː̃	1	لَأَقۡعُدَنَّ
2d1f4c025455	sˤiraːtˤak	1	صِرٰطَكَ
9a80f8013c80	laʔatijanː̃ahum	1	لَأَتِيَنَّهُم
48ac4887d44d	ʃamaːːʔilihim	1	شَمَآئِلِهِمۡ
91b7477699c1	ʃaːkiriːn	1	شَـٰكِرِينَ
7b97a8d5dcae	maðʔuːmaː	1	مَذۡءُومًا
769e5ae0e8df	wajaːːʔaːdam	1	وَيَـٰٓــَٔـادَمُ
7c6200ff92a0	fakulaː	1	فَكُلَا
d6a349d725f2	lijubᵊdiː	1	لِيُبۡدِىَ
5187f250da07	wuːriː	1	وُۥرِىَ
50acb0d51b53	nahaːkumaː	1	نَهَـٰكُمَا
57ea02d0b5c5	malakajn	1	مَلَكَيۡنِ
192f3ae074f5	ʔalxaːlidiːn	1	ٱلۡخَـٰلِدِينَ
c522f6bbc437	waqaːsamahumaː	1	وَقَاسَمَهُمَآ
a4ac61ad14c9	fadalːaːhumaː	1	فَدَلَّـٰهُمَا
d22fbbee8d90	biɣuruːr	1	بِغُرُورٍ
b6de4f03f2a9	ðaːqaː	1	ذَاقَا
0c2c67c79a3a	wanaːdaːhumaː	1	وَنَادَٮٰهُمَا
2ac298fde6a7	ʔanhakumaː	1	أَنۡهَكُمَا
8807cb2128c6	tilkumaː	1	تِلۡكُمَا
6441ba49d24f	waʔaqul	1	وَأَقُل
9446dc14d684	ðˤalamnaː	1	ظَلَمۡنَآ
0cb3e0e26221	ʔaⁿfusanaː	1	أَنفُسَنَا
ccb7b2e3d036	watarħamnaː	1	وَتَرۡحَمۡنَا
1d53fdc64dce	taħjawn	1	تَحۡيَوۡنَ
3e7fd26b5191	tamuːtuːn	1	تَمُوتُونَ
fcc0406b40da	sawʔaːtikum	1	سَوۡءٰتِكُمۡ
48c69a0fa9b5	wariːʃaː	1	وَرِيشًا
561536224958	walibaːs	1	وَلِبَاسُ
b749a1299016	jaftinanː̃akum	1	يَفۡتِنَنَّكُمُ
fe3c2ba83b3c	ʔabawajkum	1	أَبَوَيۡكُم
6c00a6c28efb	jaⁿziʕ	1	يَنزِعُ
056a103244dd	libaːsahumaː	1	لِبَاسَهُمَا
55a24e67e2d2	lijurijahumaː	1	لِيُرِيَهُمَا
238c87562718	waqabiːluhuː	1	وَقَبِيلُهُۥ
ddeaca41cfad	tarawnahum	1	تَرَوۡنَهُمۡ
bbe168d4ade9	ʔamaranaː	1	أَمَرَنَا
6aa4241c35ee	badaʔakum	1	بَدَأَكُمۡ
0697c8bfd2aa	taʕuːduːn	1	تَعُودُونَ
6f02e3408046	ziːnatakum	1	زِينَتَكُمۡ
361481fb7317	walʔiθm	1	وَٱلۡإِثۡمَ
e3f139151dff	nasˤiːbuhum	1	نَصِيبُهُم
3b09d3678ba0	jatawafːawnahum	1	يَتَوَفَّوۡنَهُمۡ
79c8597d1b2f	daxalat	1	دَخَلَتۡ
ff3bdda2b51b	laʕanat	1	لَّعَنَتۡ
9e403b299b1a	ʔuxtahaː	1	أُخۡتَهَا
e69fc92e291e	ʔidːaːrakuː	1	ٱدَّارَكُواۡ
49f4e7ff6ae4	ʔuxraːhum	1	أُخۡرَٮٰهُمۡ
bb5f4215e1c8	liʔuːlaːhum	1	لِأُولَـٰهُمۡ
9f61855551a7	ʔadˤalːuːnaː	1	أَضَلُّونَا
85a03d5071a4	faʔaːtihim	1	فَـَٔـاتِهِمۡ
a2034f6a4819	ʔuːlaːhum	1	أُولَـٰهُمۡ
78123d18e34e	liʔuxraːhum	1	لِأُخۡرَٮٰهُمۡ
f8bda47f4403	tufatːaħ	1	تُفَتَّحُ
bb5ebe378c7b	ʔald͡ʒamal	1	ٱلۡجَمَلُ
336152132641	samː̃	1	سَمِّ
20691a0d6a45	ʔalxijaːtˤᵊ	1	ٱلۡخِيَاطِ
de87898614cf	mihaːdᵊ	1	مِهَادٌ
f3b795ca6a0e	ɣawaːʃ	1	غَوَاشٍ
03c3c774e061	linahtadiː	1	لِنَهۡتَدِىَ
af5a8b85ca22	wanuːduː	1	وَنُودُوٓاۡ
2f110acc1398	tilkum	1	تِلۡكُمُ
a7004b4368a8	faʔaðːan	1	فَأَذَّنَ
0eb904fd91ff	wabajnahumaː	1	وَبَيۡنَهُمَا
a506fb680a8c	jatˤᵊmaʕuːn	1	يَطۡمَعُونَ
0823eaa14afe	sˤurifat	1	صُرِفَتۡ
9047f8b3672c	jaʕrifuːnahum	1	يَعۡرِفُونَهُم
30bd93d06fea	d͡ʒamʕukum	1	جَمۡعُكُمۡ
15594106e53d	ħarːamahumaː	1	حَرَّمَهُمَا
ad6238b8e077	naⁿsaːhum	1	نَنسَـٰهُمۡ
5b5a4eda260d	d͡ʒiʔnaːhum	1	جِئۡنَـٰهُم
467db616ea8e	nasuːh	1	نَسُوهُ
e31066ba437e	fajaʃfaʕuː	1	فَيَشۡفَعُواۡ
c9fdd60f86ab	fanaʕmal	1	فَنَعۡمَلَ
961fd8b5fe34	jatˤᵊlubuhuː	1	يَطۡلُبُهُۥ
d4bc9f8bc2c2	ħaθiːθaː	1	حَثِيثًا
9e9089c5b029	ʔaqalːat	1	أَقَلَّتۡ
27a31ba752b4	θiqaːlaː	1	ثِقَالًا
03be1ca4cac7	suqᵊnaːh	1	سُقۡنَـٰهُ
cfdeaed7eb01	libaladᵊ	1	لِبَلَدٍ
5dcb956fae39	walbaladᵊ	1	وَٱلۡبَلَدُ
85ec69f513fa	xabuθ	1	خَبُثَ
10c38b210b6b	nakidaː	1	نَكِدًا
fed1f0f94bd8	dˤalaːlah	1	ضَلَـٰلَةٌ
7f81458ddcaa	waʔaⁿsˤaħ	1	وَأَنصَحُ
eef93d9e92fe	walitatːaquː	1	وَلِتَتَّقُواۡ
94db882234a3	ʕamiːn	1	عَمِينَ
b87e744dbb77	lanaðˤunː̃uk	1	لَنَظُنُّكَ
c2b853ffa929	naːsˤiħ	1	نَاصِحٌ
398054804835	wazaːdakum	1	وَزَادَكُمۡ
ced2f4013963	basˤtˤahaː	1	بَصۡطَةً
2c5e3fcbb924	linaʕbudᵊ	1	لِنَعۡبُدَ
077ba86e0bee	waɣadˤabᵊ	1	وَغَضَبٌ
1d71a9bfc34c	ʔatud͡ʒaːdiluːnaniː	1	أَتُجَـٰدِلُونَنِى
c8b9ffdf393c	waqatˤaʕnaː	1	وَقَطَعۡنَا
83292308577b	wabawːaʔakum	1	وَبَوَّأَكُمۡ
37bb0050706c	suhuːlihaː	1	سُهُولِهَا
fa44fa501790	ʔataʕlamuːn	1	أَتَعۡلَمُونَ
62557e1616cf	mursal	1	مُّرۡسَلٌ
2e008fbf73db	faʕaqaruː	1	فَعَقَرُواۡ
2b9282e515ef	risaːlah	1	رِسَالَةَ
b899ff2699f4	ʔaxrid͡ʒuːhum	1	أَخۡرِجُوهُم
865a8522bdd9	faʔawfuː	1	فَأَوۡفُواۡ
be22b5e4ce6e	tuːʕiduːn	1	تُوعِدُونَ
0edc3ea25950	watasˤudːuːn	1	وَتَصُدُّونَ
35ca430ce523	watabᵊɣuːnahaː	1	وَتَبۡغُونَهَا
8526764ba637	fakaθːarakum	1	فَكَثَّرَكُمۡ
7dca3d654c04	waⁿðˤuruː	1	وَٱنظُرُواۡ
9df2d4082bee	lanuxrid͡ʒanː̃ak	1	لَنُخۡرِجَنَّكَ
7b3d68f863a5	qarjatinaː	1	قَرۡيَتِنَآ
c71760b95891	kaːrihiːn	1	كَـٰرِهِينَ
2ac9217792b0	ʔiftarajnaː	1	ٱفۡتَرَيۡنَا
8832761f2f76	milːatikum	1	مِلَّتِكُم
a2da82c6d738	naʕuːdᵊ	1	نَّعُودَ
8847347e3b3e	ʔiftaħ	1	ٱفۡتَحۡ
4c5fb5cca1fc	qawminaː	1	قَوۡمِنَا
cf384013b307	ʔalfaːtiħiːn	1	ٱلۡفَـٰتِحِينَ
a07c2dd85706	ʔitːabaʕtum	1	ٱتَّبَعۡتُمۡ
f198ca1d85ed	ʔaːsaː	1	ءَاسَىٰ
296485e8aae7	jadˤːarːaʕuːn	1	يَضَّرَّعُونَ
8befc6a45bef	ʕafaw	1	عَفَواۡ
a73903e51f6e	ʔadˤːarːaːːʔ	1	ٱلضَّرَّآءُ
2a7f2bcb5a45	wasːarːaːːʔ	1	وَٱلسَّرَّآءُ
b77f3fc0883b	lafataħnaː	1	لَفَتَحۡنَا
174457b71ec0	barakaːt	1	بَرَكَـٰتٍ
a9545e2be172	ʔawaʔamin	1	أَوَأَمِنَ
e5697ff4059b	jaʔman	1	يَأۡمَنُ
d92c9322ee06	ʔasˤabᵊnaːhum	1	أَصَبۡنَـٰهُم
940076753d37	wanatˤᵊbaʕ	1	وَنَطۡبَعُ
211315c3a98c	ʔaᵐbaːːʔihaː	1	أَنۢبَآئِهَا
77fa3f1399e2	liʔakθarihim	1	لِأَكۡثَرِهِم
d91301b2e870	lafaːsiqiːn	1	لَفَـٰسِقِينَ
e0a58ccaa5fd	ħaqiːqᵊ	1	حَقِيقٌ
e7cf1b0bceb9	waʔarsil	1	وَأَرۡسِلۡ
9d559fbd2684	ʔalmulqiːn	1	ٱلۡمُلۡقِينَ
d767785f2a79	saħaruː	1	سَحَرُوٓاۡ
cf2fb82bee0e	wastarhabuːhum	1	وَٱسۡتَرۡهَبُوهُمۡ
0f5a10eb5a72	fawaqaʕ	1	فَوَقَعَ
367906e41aa2	wabatˤal	1	وَبَطَلَ
c7eb40b40856	faɣulibuː	1	فَغُلِبُواۡ
71dc6be319b9	waⁿqalabuː	1	وَٱنقَلَبُواۡ
37f143b30349	sˤaːɣiriːn	1	صَـٰغِرِينَ
869da84b6ce3	waʔulqiː	1	وَأُلۡقِىَ
41c8763ee5dd	lamakr	1	لَمَكۡرٌ
65a49269ac6f	makartumuːh	1	مَّكَرۡتُمُوهُ
0e1e06201786	lituxrid͡ʒuː	1	لِتُخۡرِجُواۡ
a981ed20292b	laʔusˤalːibanː̃akum	1	لَأُصَلِّبَنَّكُمۡ
fc2d30840cf6	taⁿqim	1	تَنقِمُ
8bf764c665f7	d͡ʒaːːʔatnaː	1	جَآءَتۡنَا
752839bd807a	ʔataðar	1	أَتَذَرُ
a8c824544f2d	waqawmahuː	1	وَقَوۡمَهُۥ
7ed090b47752	lijufsiduː	1	لِيُفۡسِدُواۡ
41fded30d79d	wajaðarak	1	وَيَذَرَكَ
445c1a8cbf0d	waʔaːlihatak	1	وَءَالِهَتَكَ
6961080bb83d	sanuqatːil	1	سَنُقَتِّلُ
0a93363f6f68	wanastaħjiː	1	وَنَسۡتَحۡىِۦ
d1e5f11d4aaf	qaːhiruːn	1	قَـٰهِرُونَ
2761a2104aed	juːriθuhaː	1	يُورِثُهَا
4846169ca601	ʔuːðiːnaː	1	أُوذِينَا
247eef5e5bf3	taʔtijanaː	1	تَأۡتِيَنَا
824101b1013b	ʕaduwːakum	1	عَدُوَّكُمۡ
515e5e2f3e88	wajastaxlifakum	1	وَيَسۡتَخۡلِفَكُمۡ
8134dfba64bf	fajaⁿðˤur	1	فَيَنظُرَ
d8d66d009bf4	bisːiniːn	1	بِٱلسِّنِينَ
917fd47db2e2	jatˤːajːaruː	1	يَطَّيَّرُواۡ
72a89d449b14	bimuːsaː	1	بِمُوسَىٰ
4976d4dc8910	tˤaːːʔiruhum	1	طَـٰٓئِرُهُمۡ
dc29c15aa880	mahmaː	1	مَهۡمَا
ae14699c2cf8	taʔtinaː	1	تَأۡتِنَا
a77c12e91a12	litasħaranaː	1	لِّتَسۡحَرَنَا
9314a2783dc2	wald͡ʒaraːdᵊ	1	وَٱلۡجَرَادَ
7009d6d5df2a	walqumː̃al	1	وَٱلۡقُمَّلَ
c17dcbf6b620	wadˤːafaːdiʕ	1	وَٱلضَّفَادِعَ
0356e3d9572c	mufasˤːalaːt	1	مُّفَصَّلَـٰتٍ
27b4f0243ae8	kaʃaft	1	كَشَفۡتَ
9e896120ec04	lanuʔminanː̃	1	لَنُؤۡمِنَنَّ
a81c1a0ccf8a	walanursilanː̃	1	وَلَنُرۡسِلَنَّ
0c62e3a5e1e5	baːliɣuːh	1	بَـٰلِغُوهُ
11f457fd4848	justadˤʕafuːn	1	يُسۡتَضۡعَفُونَ
98f844ccd1a2	maʃaːriqᵊ	1	مَشَـٰرِقَ
3b9686f006dd	wamaɣaːribahaː	1	وَمَغَـٰرِبَهَا
451d68e6aa6c	wadamː̃arnaː	1	وَدَمَّرۡنَا
0121201bb172	jasˤnaʕ	1	يَصۡنَعُ
30a453ee3117	waqawmuhuː	1	وَقَوۡمُهُۥ
e71b7463d080	faʔataw	1	فَأَتَوۡاۡ
2c73df1f1671	jaʕkufuːn	1	يَعۡكُفُونَ
7ac9a8ae7ccb	ʔasˤnaːm	1	أَصۡنَامٍ
825bb98e9747	mutabːar	1	مُتَبَّرٌ
88497981caab	ʔabᵊɣiːkum	1	أَبۡغِيكُمۡ
bdd561c8a2b4	fadˤːalakum	1	فَضَّلَكُمۡ
7966b94d8117	juqatːiluːn	1	يُقَتِّلُونَ
e952f6b839ba	wawaːʕadᵊnaː	1	وَوٰعَدۡنَا
2fb700f028cf	θalaːθiːn	1	ثَلَـٰثِينَ
b4c69e053690	waʔatmamnaːhaː	1	وَأَتۡمَمۡنَـٰهَا
58fe53be5886	fatamː̃	1	فَتَمَّ
f85ba361b804	liʔaxiːh	1	لِأَخِيهِ
8adce7825549	ʔuxlufniː	1	ٱخۡلُفۡنِى
458c227a734d	wakalːamahuː	1	وَكَلَّمَهُۥ
9ac2b2f3ff9a	ʔaⁿðˤur	1	أَنظُرۡ
af193e0998ae	ʔistaqarː	1	ٱسۡتَقَرَّ
fdd374f6e19b	lild͡ʒabal	1	لِلۡجَبَلِ
0e18272666ba	sˤaʕiqaː	1	صَعِقًا
dcc52fe18e5d	ʔafaːqᵊ	1	أَفَاقَ
197d6b3a64db	ʔisˤtˤafajtuk	1	ٱصۡطَفَيۡتُكَ
83cbd89c01ed	birisaːlaːtiː	1	بِرِسَـٰلَـٰتِى
a02fb9574c94	wabikalaːmiː	1	وَبِكَلَـٰمِى
f007149e58fe	ʔaːtajtuk	1	ءَاتَيۡتُكَ
f3cb9777d80b	mawʕiðˤahaː	1	مَّوۡعِظَةً
cf029f610488	faxuðhaː	1	فَخُذۡهَا
6d5b2aacc231	jaʔxuðuː	1	يَأۡخُذُواۡ
e9a803b70aa6	biʔaħsanihaː	1	بِأَحۡسَنِهَا
1be6f415fab3	saʔasˤrif	1	سَأَصۡرِفُ
bdace7b7af2b	jatakabːaruːn	1	يَتَكَبَّرُونَ
2ff0dad03742	waliqaːːʔ	1	وَلِقَآءِ
5f97604f7ea1	ħulijːihim	1	حُلِيِّهِمۡ
27c3427460f3	ʔitːaxaðuːh	1	ٱتَّخَذُوهُ
1674bb45525a	suqitˤᵊ	1	سُقِطَ
8db77e72f5ef	jarħamnaː	1	يَرۡحَمۡنَا
a5119264daa1	rad͡ʒaʕ	1	رَجَعَ
241408bcccca	xalaftumuːniː	1	خَلَفۡتُمُونِى
09aa487d1c43	ʔaʕad͡ʒiltum	1	أَعَجِلۡتُمۡ
3f02afb0b5a5	biraʔs	1	بِرَأۡسِ
5e139cf0895c	jad͡ʒurːuhuː	1	يَجُرُّهُۥٓ
52513b7e15dd	ʔistadˤʕafuːniː	1	ٱسۡتَضۡعَفُونِى
f5c587363077	wakaːduː	1	وَكَادُواۡ
fc64614d4dbd	jaqᵊtuluːnaniː	1	يَقۡتُلُونَنِى
dddcb1190cb9	tuʃmit	1	تُشۡمِتۡ
ea45d13e17b2	ʔalʔaʕdaːːʔ	1	ٱلۡأَعۡدَآءَ
c6b76961d273	waliʔaxiː	1	وَلِأَخِى
95a513317bbf	waʔadᵊxilnaː	1	وَأَدۡخِلۡنَا
9f62de377e53	raħmatik	1	رَحۡمَتِكَ
84c0665c8f17	sajanaːluhum	1	سَيَنَالُهُمۡ
0e0ff32d6690	waðilːah	1	وَذِلَّةٌ
a355d639e746	ʔalmuftariːn	1	ٱلۡمُفۡتَرِينَ
d733bcf392b1	sakat	1	سَكَتَ
791fa6b3fcea	ʔalɣadˤabᵊ	1	ٱلۡغَضَبُ
951922c895e2	nusxatihaː	1	نُسۡخَتِهَا
f61db130c51b	jarhabuːn	1	يَرۡهَبُونَ
c68886bc21f5	waxtaːr	1	وَٱخۡتَارَ
5ba825c5768a	ʔaxaðathum	1	أَخَذَتۡهُمُ
842689500d78	ʔahlaktahum	1	أَهۡلَكۡتَهُم
3632b7bcde1d	ʔatuhlikunaː	1	أَتُهۡلِكُنَا
12cbd37535b7	fitnatuk	1	فِتۡنَتُكَ
2732a6200823	tudˤilː	1	تُضِلُّ
ee186421cad7	watahdiː	1	وَتَهۡدِى
38f64bbedb98	ʔalɣaːfiriːn	1	ٱلۡغَـٰفِرِينَ
2b6b0de0c868	waktubᵊ	1	وَٱكۡتُبۡ
9b3ca7650ca9	hudᵊnaː	1	هُدۡنَآ
7bab541a674b	ʔusˤiːbᵊ	1	أُصِيبُ
40d2fdd65769	ʔaʃaːːʔ	1	أَشَآءُ
4d2e1b9dc31a	waraħmatiː	1	وَرَحۡمَتِى
334ffed8acd3	wasiʕat	1	وَسِعَتۡ
41829dc958d3	fasaʔaktubuhaː	1	فَسَأَكۡتُبُهَا
1af81051af7b	jad͡ʒiduːnahuː	1	يَجِدُونَهُۥ
995f9f14154d	maktuːbaː	1	مَكۡتُوبًا
af865aa45ded	jaʔmuruhum	1	يَأۡمُرُهُم
a4b216878f31	wajanhaːhum	1	وَيَنۡهَـٰهُمۡ
e56a0bc65823	wajuħilː	1	وَيُحِلُّ
8b7ba9fcfa15	wajuħarːim	1	وَيُحَرِّمُ
76e809ecf371	wajadˤaʕ	1	وَيَضَعُ
7919bcd56864	ʔisˤrahum	1	إِصۡرَهُمۡ
07d31d2ffad5	walʔaɣlaːl	1	وَٱلۡأَغۡلَـٰلَ
8ed808f48cdd	waʕazːaruːh	1	وَعَزَّرُوهُ
060fe18022a5	wanasˤaruːh	1	وَنَصَرُوهُ
c2d5f4e44a97	warasuːlih	1	وَرَسُولِهِ
af8624e020a4	wakalimaːtihiː	1	وَكَلِمَـٰتِهِۦ
f2421de0815a	watːabiʕuːh	1	وَٱتَّبِعُوهُ
31472135d201	ʔasbaːtˤaː	1	أَسۡبَاطًا
4da6af692442	ʔistasqaːh	1	ٱسۡتَسۡقَـٰهُ
8e3709034f24	faᵐbad͡ʒasat	1	فَٱنۢبَجَسَتۡ
56090390dae1	xatˤiːːʔaːtikum	1	خَطِيٓـَٔـٰتِكُمۡ
2d8081712884	sanaziːdᵊ	1	سَنَزِيدُ
b3c04f8363e7	wasʔalhum	1	وَسۡــَٔلۡهُمۡ
55216dc0144e	ħaːdˤirah	1	حَاضِرَةَ
0aa6c55c7d90	jaʕduːn	1	يَعۡدُونَ
d7ef39a493b6	ħiːtaːnuhum	1	حِيتَانُهُمۡ
978326535c73	sabᵊtihim	1	سَبۡتِهِمۡ
25f0fe445579	ʃurːaʕaː	1	شُرَّعًا
53b148ddd198	jasbituːn	1	يَسۡبِتُونَ
b17ccce94821	nabᵊluːhum	1	نَبۡلُوهُم
58aefcc20ca3	taʕiðˤuːn	1	تَعِظُونَ
79fabbb3d585	muhlikuhum	1	مُهۡلِكُهُمۡ
d68a9a8baee7	muʕaðːibuhum	1	مُعَذِّبُهُمۡ
71b38b00a3ca	maʕðirahaː	1	مَعۡذِرَةً
15209f6ca525	baʔiːs	1	بَــِٔيسِۭ
be56567054ad	ʕataw	1	عَتَوۡاۡ
6db1a97794e1	lajabᵊʕaθanː̃	1	لَيَبۡعَثَنَّ
2c0125beed3b	jasuːmuhum	1	يَسُومُهُمۡ
59b595dc804c	lasariːʕ	1	لَسَرِيعُ
0823afa3be1b	wabalawnaːhum	1	وَبَلَوۡنَـٰهُم
7fac0de72208	bilħasanaːt	1	بِٱلۡحَسَنَـٰتِ
8f09c5c31a60	wasːajːiʔaːt	1	وَٱلسَّيِّـَٔـاتِ
cce92fe3a605	wariθuː	1	وَرِثُواۡ
db962ddecdb5	jaʔxuðuːn	1	يَأۡخُذُونَ
93d4b8d71fcf	sajuɣfar	1	سَيُغۡفَرُ
ec33911f97b5	jaʔxuðuːh	1	يَأۡخُذُوهُ
652d1fb1afcc	wadarasuː	1	وَدَرَسُواۡ
bcf7fc67f567	jumasːikuːn	1	يُمَسِّكُونَ
ae95eb9cecee	nataqᵊnaː	1	نَتَقۡنَا
ea9f1f324291	ðˤulːah	1	ظُلَّةٌ
b43b1a9dd5ab	waʔaʃhadahum	1	وَأَشۡهَدَهُمۡ
be96d4596559	ʔalast	1	أَلَسۡتُ
0988afd27ce0	ʔaʃrak	1	أَشۡرَكَ
fbcc98fba387	ʔafatuhlikunaː	1	أَفَتُهۡلِكُنَا
499c157893a1	faⁿsalax	1	فَٱنسَلَخَ
133e71a5f769	faʔatbaʕah	1	فَأَتۡبَعَهُ
65c3c80c01ec	larafaʕnaːh	1	لَرَفَعۡنَـٰهُ
b3262a492cba	walaːkinː̃ahuː	1	وَلَـٰكِنَّهُۥٓ
c8c652781d04	ʔaxladᵊ	1	أَخۡلَدَ
2813fec860ec	ʔalkalbᵊ	1	ٱلۡكَلۡبِ
a4e722e38298	tatrukh	1	تَتۡرُكۡهُ
e25418ba37ab	faqᵊsˤusˤ	1	فَٱقۡصُصِ
b226d3a99cf3	waʔaⁿfusahum	1	وَأَنفُسَهُمۡ
b03a37ebaca4	ʔalmuhtadiː	1	ٱلۡمُهۡتَدِى
f81bd263ea20	ðaraʔnaː	1	ذَرَأۡنَا
b694fa01ace2	ʔasmaːːʔihiː	1	أَسۡمَـٰٓئِهِۦ
6f0f27827a09	bisˤaːħibihim	1	بِصَاحِبِهِم
144f597ce9b5	haːdiː	1	هَادِىَ
c5a27eccb267	wajaðaruhum	1	وَيَذَرُهُمۡ
f5062fbe6eaf	jud͡ʒalːiːhaː	1	يُجَلِّيهَا
794f8ea50b68	liwaqᵊtihaː	1	لِوَقۡتِهَآ
2ec9aa52b6a7	kaʔanː̃ak	1	كَأَنَّكَ
a1b6004fdfef	ħafijː	1	حَفِىٌّ
7d5495e9e712	lastakθart	1	لَٱسۡتَكۡثَرۡتُ
549271a946af	lijaskun	1	لِيَسۡكُنَ
983964ef7812	taɣaʃːaːhaː	1	تَغَشَّـٰهَا
8a046c25acef	ħamlaː	1	حَمۡلًا
536137e75bcb	xafiːfaː	1	خَفِيفًا
0ea54bbfb59b	famarːat	1	فَمَرَّتۡ
9ebcde11ae39	ʔaθqalat	1	أَثۡقَلَت
d1f981c0d7ca	daʕawaː	1	دَّعَوَا
a0255069ae03	rabːahumaː	1	رَبَّهُمَا
e7df3569bed6	ʔaːtajtanaː	1	ءَاتَيۡتَنَا
e669fbc337af	d͡ʒaʕalaː	1	جَعَلَا
c3fb63ade14a	ʔajuʃrikuːn	1	أَيُشۡرِكُونَ
559f1d964448	jatːabiʕuːkum	1	يَتَّبِعُوكُمۡ
e347b95b58a6	ʔadaʕawtumuːhum	1	أَدَعَوۡتُمُوهُمۡ
0513ff82ebe3	sˤaːmituːn	1	صَـٰمِتُونَ
26f155b89f4b	fadᵊʕuːhum	1	فَٱدۡعُوهُمۡ
e0ba4556593e	ʔalahum	1	أَلَهُمۡ
9c430f35043b	ʔard͡ʒul	1	أَرۡجُلٌ
6da216b37673	ʔajdᵊ	1	أَيۡدٍ
c8f8558337b2	jabᵊtˤiʃuːn	1	يَبۡطِشُونَ
86b9dec4ccac	kiːduːn	1	كِيدُونِ
2c095bd190b4	nasˤrakum	1	نَصۡرَكُمۡ
508a688e3419	bilʕurf	1	بِٱلۡعُرۡفِ
ddee617c76a2	masːahum	1	مَسَّهُمۡ
6d0790f71454	taðakːaruː	1	تَذَكَّرُواۡ
0d619a8d3db3	mubᵊsˤiruːn	1	مُّبۡصِرُونَ
ec2c0f6d4aae	waʔixwaːnuhum	1	وَإِخۡوٰنُهُمۡ
ae788f3c892b	jamudːuːnahum	1	يَمُدُّونَهُمۡ
e3d26313323c	juqᵊsˤiruːn	1	يُقۡصِرُونَ
2370d3b28a1b	ʔid͡ʒᵊtabajtahaː	1	ٱجۡتَبَيۡتَهَا
37e06f4e3538	waʔaⁿsˤituː	1	وَأَنصِتُواۡ
d68611fdb40e	waxiːfahaː	1	وَخِيفَةً
8bebda3c8f75	waduːn	1	وَدُونَ
0d1a4e80d1cc	wajusabːiħuːnahuː	1	وَيُسَبِّحُونَهُۥ
c182ea928b8a	waʔasˤliħuː	1	وَأَصۡلِحُواۡ
cff0b41f714b	tulijat	1	تُلِيَتۡ
c58877e1b3a0	zaːdathum	1	زَادَتۡهُمۡ
4854070d21de	ʔaxrad͡ʒak	1	أَخۡرَجَكَ
e68a0a929b23	lakaːrihuːn	1	لَكَـٰرِهُونَ
7e20d888f329	jusaːquːn	1	يُسَاقُونَ
771d03c94346	ʔatˤːaːːʔifatajn	1	ٱلطَّآئِفَتَيۡنِ
a84a0c4ca121	watawadːuːn	1	وَتَوَدُّونَ
fc167870ac54	ʔaʃːawkah	1	ٱلشَّوۡكَةِ
67719476fa10	juħiqːᵊ	1	يُحِقَّ
f4dc833565b8	wajaqᵊtˤaʕ	1	وَيَقۡطَعَ
46f97ef8d2bf	lijuħiqːᵊ	1	لِيُحِقَّ
75813c18d61a	wajubᵊtˤil	1	وَيُبۡطِلَ
56dfce117a0d	tastaɣiːθuːn	1	تَسۡتَغِيثُونَ
7c35b50899a8	mumidːukum	1	مُمِدُّكُم
f648cbeab382	biʔalf	1	بِأَلۡفٍ
de0fc8422d0a	murdifiːn	1	مُرۡدِفِينَ
a9d4807db39d	juɣaʃːiːkum	1	يُغَشِّيكُمُ
4c398562097c	ʔanː̃uʕaːs	1	ٱلنُّعَاسَ
8f657b16bb7c	walijarbitˤᵊ	1	وَلِيَرۡبِطَ
8b0ca42933f5	ʔalʔaqᵊdaːm	1	ٱلۡأَقۡدَامَ
c5f00fafbe07	faθabːituː	1	فَثَبِّتُواۡ
f852060a7b23	saʔulqiː	1	سَأُلۡقِى
5d7131adec73	fadˤribuː	1	فَٱضۡرِبُواۡ
082a689ece49	ʔalʔaʕnaːqᵊ	1	ٱلۡأَعۡنَاقِ
41be20aaccbc	wadˤribuː	1	وَٱضۡرِبُواۡ
1f28b04797a4	banaːn	1	بَنَانٍ
fe603ceb8a46	faðuːquːh	1	فَذُوقُوهُ
a33bb8f55774	zaħfaː	1	زَحۡفًا
d2360cd0dfcd	tuwalːuːhum	1	تُوَلُّوهُمُ
d72d6ac6a1db	juwalːihim	1	يُوَلِّهِمۡ
c2a52973b9f2	duburahuː	1	دُبُرَهُۥٓ
0e959a7826b3	mutaħarːifaː	1	مُتَحَرِّفًا
bf5560559c5b	liqitaːl	1	لِّقِتَالٍ
671b0277ba65	mutaħajːizaː	1	مُتَحَيِّزًا
a349376ebdc9	taqᵊtuluːhum	1	تَقۡتُلُوهُمۡ
28300d15ce11	qatalahum	1	قَتَلَهُمۡ
dbec19e0b842	ramaː	1	رَمَىٰ
2adcc25999a2	walijubᵊliː	1	وَلِيُبۡلِىَ
7050fea79867	balaːːʔaː	1	بَلَآءً
34e84a1f9775	muːhin	1	مُوهِنُ
da912892b857	tastaftiħuː	1	تَسۡتَفۡتِحُواۡ
b7a67ae290e0	naʕudᵊ	1	نَعُدۡ
8f67bbb2007c	fiʔatukum	1	فِئَتُكُمۡ
f96c630fe7a5	kaθurat	1	كَثُرَتۡ
952d45f11f2c	ʔalbukm	1	ٱلۡبُكۡمُ
d198ec5837bc	laʔasmaʕahum	1	لَّأَسۡمَعَهُمۡ
92b625ea7e89	ʔasmaʕahum	1	أَسۡمَعَهُمۡ
54ee58f52d9e	latawalːaw	1	لَتَوَلَّواۡ
9147a7c96922	jaħuːl	1	يَحُولُ
63490dc89983	tusˤiːbanː̃	1	تُصِيبَنَّ
5d01d561258f	xaːːːsˤːahaː	1	خَآصَّةً
8f28c7ea7cd4	mustadˤʕafuːn	1	مُّسۡتَضۡعَفُونَ
3674ae0f2ce5	jataxatˤːafakum	1	يَتَخَطَّفَكُمُ
d800c870e887	faʔaːwaːkum	1	فَـَٔـاوَٮٰكُمۡ
3eb1408bc9f0	waʔajːadakum	1	وَأَيَّدَكُم
0776dfa9a530	taxuːnuː	1	تَخُونُواۡ
80398a7628da	wataxuːnuː	1	وَتَخُونُوٓاۡ
8a2216ccb606	ʔamaːnaːtikum	1	أَمَـٰنَـٰتِكُمۡ
5388326606a8	furqaːnaː	1	فُرۡقَانًا
d3688a8da78e	jamkur	1	يَمۡكُرُ
afa813e1dc03	lijuθbituːk	1	لِيُثۡبِتُوكَ
bf46845d865b	jaqᵊtuluːk	1	يَقۡتُلُوكَ
71c17fa483a2	juxrid͡ʒuːk	1	يُخۡرِجُوكَ
87a4c6b8f959	wajamkuruːn	1	وَيَمۡكُرُونَ
ffdfa31b6220	wajamkur	1	وَيَمۡكُرُ
a4f722815180	laqulnaː	1	لَقُلۡنَا
e6f93208c621	faʔamtˤir	1	فَأَمۡطِرۡ
b7416dfe247e	muʕaðːibahum	1	مُعَذِّبَهُمۡ
8504c4be95b9	ʔawlijaːːʔuhuː	1	أَوۡلِيَآؤُهُۥٓ
7832fb2d7213	sˤalaːtuhum	1	صَلَاتُهُمۡ
516d5d9f898b	mukaːːʔaː	1	مُكَآءً
eebdb0932cd0	watasˤdijahaː	1	وَتَصۡدِيَةً
b45424a29d47	lijasˤudːuː	1	لِيَصُدُّواۡ
3cf88ffa50e4	fasajuⁿfiquːnahaː	1	فَسَيُنفِقُونَهَا
81749ded2f85	juɣlabuːn	1	يُغۡلَبُونَ
b904229227c2	lijamiːz	1	لِيَمِيزَ
a4accee61c41	fajarkumahuː	1	فَيَرۡكُمَهُۥ
5682f15019f9	fajad͡ʒᵊʕalahuː	1	فَيَجۡعَلَهُۥ
f667ae2c702a	juɣfar	1	يُغۡفَرۡ
96398b26c0ea	jaʕuːduː	1	يَعُودُواۡ
77ef191b0d4c	madˤat	1	مَضَتۡ
8cfde81935dd	xumusahuː	1	خُمُسَهُۥ
2de3629e65f9	ʔalqusˤwaː	1	ٱلۡقُصۡوَىٰ
c8f638d2175c	warːakbᵊ	1	وَٱلرَّكۡبُ
3f8c06df2c29	tawaːʕatːum	1	تَوَاعَدتُّمۡ
265389b3f9a4	laxtalaftum	1	لَٱخۡتَلَفۡتُمۡ
b28a62bebb24	lijahlik	1	لِّيَهۡلِكَ
da0eee740b0a	juriːkahum	1	يُرِيكَهُمُ
30654d505af0	manaːmik	1	مَنَامِكَ
246c38f779c4	ʔaraːkahum	1	أَرَٮٰكَهُمۡ
ab3bb06be07e	lafaʃiltum	1	لَّفَشِلۡتُمۡ
9ce6147f792e	walatanaːzaʕtum	1	وَلَتَنَـٰزَعۡتُمۡ
6b0d3efc5f01	salːam	1	سَلَّمَ
fc0470c34e1a	juriːkumuːhum	1	يُرِيكُمُوهُمۡ
7a98906b6e0a	ʔataqajtum	1	ٱلۡتَقَيۡتُمۡ
82f5ef85ab39	ʔaʕjunikum	1	أَعۡيُنِكُمۡ
dcabccb775c6	wajuqalːilukum	1	وَيُقَلِّلُكُمۡ
05b9e0b73543	faθbutuː	1	فَٱثۡبُتُواۡ
6529d1ac40bd	tanaːzaʕuː	1	تَنَـٰزَعُواۡ
163ab3f8387d	fatafʃaluː	1	فَتَفۡشَلُواۡ
ac19fc08b3a9	wataðhabᵊ	1	وَتَذۡهَبَ
de99efe211d2	riːħukum	1	رِيحُكُمۡ
6a2d1fb3005a	batˤaraː	1	بَطَرًا
d59c38ad1223	wariʔaːːʔ	1	وَرِئَآءَ
48b7743e0214	d͡ʒaːr	1	جَارٌ
87402cd13ad4	taraːːʔat	1	تَرَآءَتِ
6113cead4967	ʔalfiʔataːn	1	ٱلۡفِئَتَانِ
ad270e291d28	nakasˤ	1	نَكَصَ
a3c2d60cc663	ɣarː	1	غَرَّ
c31617a32f00	diːnuhum	1	دِينُهُمۡ
452cbe638c11	muɣajːiraː	1	مُغَيِّرًا
dae75bc308d1	ʔanʕamahaː	1	أَنۡعَمَهَا
b1d5136b5e09	ʕaːhatː	1	عَـٰهَدتَّ
f75f6d16d578	taθqafanː̃ahum	1	تَثۡقَفَنَّهُمۡ
83c8b1dd169f	faʃarːidᵊ	1	فَشَرِّدۡ
49db0d19abcc	taxaːfanː̃	1	تَخَافَنَّ
aef9d5b1d961	xijaːnahaː	1	خِيَانَةً
a615ada9e36e	faᵐbið	1	فَٱنۢبِذۡ
eb0515c109c3	sabaquː	1	سَبَقُوٓاۡ
8dc4ba3056c9	juʕd͡ʒizuːn	1	يُعۡجِزُونَ
fbcf224d7fe8	waʔaʕidːuː	1	وَأَعِدُّواۡ
8c07343d2245	ribaːtˤᵊ	1	رِّبَاطِ
9d4b4ed00320	ʔalxajl	1	ٱلۡخَيۡلِ
e338cf5247c4	turhibuːn	1	تُرۡهِبُونَ
cfd05210b3f9	taʕlamuːnahum	1	تَعۡلَمُونَهُمُ
4c3c2eb768f4	d͡ʒanaħuː	1	جَنَحُواۡ
a14096bf399f	lilsːalm	1	لِلسَّلۡمِ
fecfc5fb866d	fad͡ʒᵊnaħ	1	فَٱجۡنَحۡ
4366a37cb491	jaxdaʕuːk	1	يَخۡدَعُوكَ
cb7495ffbfb2	ħasbak	1	حَسۡبَكَ
000d4d36c5b6	ʔajːadak	1	أَيَّدَكَ
24c8d7a599ca	wabilmuʔminiːn	1	وَبِٱلۡمُؤۡمِنِينَ
4fa1ace9d11f	waʔalːaf	1	وَأَلَّفَ
97f348ed19fc	ʔaⁿfaqᵊt	1	أَنفَقۡتَ
16df756b7582	ʔalːaft	1	أَلَّفۡتَ
6584ae59de66	ʔalːaf	1	أَلَّفَ
160d067bf62c	ħasbuk	1	حَسۡبُكَ
e95a7be1d4f3	ħarːidˤ	1	حَرِّضِ
b846a6c3ccdf	ʕiʃruːn	1	عِشۡرُونَ
2d4d2945be56	sˤaːbiruːn	1	صَـٰبِرُونَ
25ad6c7f4131	ʔalfaː	1	أَلۡفًا
3d41a0005dc3	xafːaf	1	خَفَّفَ
b33653b20d2e	waʕalim	1	وَعَلِمَ
fd38a2896a7e	sˤaːbirah	1	صَابِرَةٌ
27f4fcf151a8	ʔalfajn	1	أَلۡفَيۡنِ
9ed8be6da8e3	juθxin	1	يُثۡخِنَ
074f69af75cf	ʔaxaðtum	1	أَخَذۡتُمۡ
6723afe3ad61	ʔalʔasraː	1	ٱلۡأَسۡرَىٰٓ
7912a522c360	ʔuxið	1	أُخِذَ
d57b977b76b2	xijaːnatak	1	خِيَانَتَكَ
832d3f2d40d0	xaːnuː	1	خَانُواۡ
b86a9895d64b	faʔamkan	1	فَأَمۡكَنَ
c2f83804c3bc	walaːjatihim	1	وَلَـٰيَتِهِم
cee1f1fd1e76	ʔistaⁿsˤaruːkum	1	ٱسۡتَنصَرُوكُمۡ
56d3f7165d4d	faʕalajkum	1	فَعَلَيۡكُمُ
9329ef0ebe66	tafʕaluːh	1	تَفۡعَلُوهُ
5260ffc43792	wafasaːdᵊ	1	وَفَسَادٌ
ee4d79e8366c	fasiːħuː	1	فَسِيحُواۡ
5f4c9445d446	muxziː	1	مُخۡزِى
84944417d2b6	waʔaðaːn	1	وَأَذٰنٌ
c689d10e2c6b	jaⁿqusˤuːkum	1	يَنقُصُوكُمۡ
0f4fdea3fcf6	juðˤaːhiruː	1	يُظَـٰهِرُواۡ
b34ac16486c2	faʔatimː̃uː	1	فَأَتِمُّوٓاۡ
625e4a33ad92	mudːatihim	1	مُدَّتِهِمۡ
5b67852ff670	ʔiⁿsalax	1	ٱنسَلَخَ
be5c9cb818a3	ʔalʔaʃhur	1	ٱلۡأَشۡهُرُ
b380bc5fbf7c	ʔalħurum	1	ٱلۡحُرُمُ
717f065a6182	waxuðuːhum	1	وَخُذُوهُمۡ
22f54df52035	waħsˤuruːhum	1	وَٱحۡصُرُوهُمۡ
10f052a25c97	waqᵊʕuduː	1	وَٱقۡعُدُواۡ
745763e44312	marsˤadᵊ	1	مَرۡصَدٍ
bfea2110028f	faxalːuː	1	فَخَلُّواۡ
479144ddf14d	sabiːlahum	1	سَبِيلَهُمۡ
febff71e3c10	ʔistad͡ʒaːrak	1	ٱسۡتَجَارَكَ
3c8642c99b2c	faʔad͡ʒirh	1	فَأَجِرۡهُ
912b40f1ca3e	ʔabᵊliɣh	1	أَبۡلِغۡهُ
05d515f2efb2	maʔmanahuː	1	مَأۡمَنَهُۥ
028b4f262a4b	jarqubuː	1	يَرۡقُبُواۡ
177e0ffc08a1	jurdˤuːnakum	1	يُرۡضُونَكُم
ec73a1024ac2	wataʔbaː	1	وَتَأۡبَىٰ
4a0c29ff0d36	jarqubuːn	1	يَرۡقُبُونَ
afaf5b075e05	ʔalmuʕtaduːn	1	ٱلۡمُعۡتَدُونَ
ffa122b89b38	wanufasˤːil	1	وَنُفَصِّلُ
67a51df802fe	ʕahdihim	1	عَهۡدِهِمۡ
41c88bdb5755	watˤaʕanuː	1	وَطَعَنُواۡ
c8abd2f017cf	ʔaʔimː̃ah	1	أَئِمَّةَ
92453231cd47	jaⁿtahuːn	1	يَنتَهُونَ
90938e42c2b7	biʔixraːd͡ʒᵊ	1	بِإِخۡرَاجِ
03e68dd47e7f	badaʔuːkum	1	بَدَءُوكُمۡ
a04f831e237b	ʔataxʃawnahum	1	أَتَخۡشَوۡنَهُمۡ
3e86f7f3c95d	taxʃawh	1	تَخۡشَوۡهُ
7dd1d97570c9	qaːtiluːhum	1	قَـٰتِلُوهُمۡ
9c4344cd6ab3	wajuxzihim	1	وَيُخۡزِهِمۡ
8cd256435efa	wajaⁿsˤurkum	1	وَيَنصُرۡكُمۡ
12d55176b2f4	wajaʃf	1	وَيَشۡفِ
a4109e70a82d	ɣajðˤ	1	غَيۡظَ
a1da4207f9bc	tutrakuː	1	تُتۡرَكُواۡ
341fe66b1138	waliːd͡ʒahaː	1	وَلِيجَةً
88da60fee298	jaʕmuruː	1	يَعۡمُرُواۡ
7b9c3427fa1f	jaʕmur	1	يَعۡمُرُ
e7f319f53ef3	jaxʃ	1	يَخۡشَ
bcd3c82cac00	ʔad͡ʒaʕaltum	1	أَجَعَلۡتُمۡ
12a2564fedbf	siqaːjah	1	سِقَايَةَ
c00d586da5f5	ʔalħaːːːd͡ʒːᵊ	1	ٱلۡحَآجِّ
20fcd8435e90	waʕimaːrah	1	وَعِمَارَةَ
16be8699ddf1	wad͡ʒaːhadᵊ	1	وَجَـٰهَدَ
921d3ab0f3d9	jubaʃːiruhum	1	يُبَشِّرُهُمۡ
e510508e0bea	waʔixwaːnakum	1	وَإِخۡوٰنَكُمۡ
e84de7947990	waʔixwaːnukum	1	وَإِخۡوٰنُكُمۡ
0dbc4d6a567e	waʕaʃiːratukum	1	وَعَشِيرَتُكُمۡ
8c40e7bb9dc6	waʔamwaːl	1	وَأَمۡوٰلٌ
c56b8f66c409	ʔiqᵊtaraftumuːhaː	1	ٱقۡتَرَفۡتُمُوهَا
966745920a0e	watid͡ʒaːrah	1	وَتِجَـٰرَةٌ
c0cc748749f5	taxʃawn	1	تَخۡشَوۡنَ
9ffdb93a66ed	kasaːdahaː	1	كَسَادَهَا
aed0084a5e83	tardˤawnahaː	1	تَرۡضَوۡنَهَآ
8f124ff21095	wad͡ʒihaːdᵊ	1	وَجِهَادٍ
999be39ce8d0	mawaːtˤin	1	مَوَاطِنَ
53b8bed9014a	ħunajn	1	حُنَيۡنٍ
184eace3186a	kaθratukum	1	كَثۡرَتُكُمۡ
810f94f29e9b	walːajtum	1	وَلَّيۡتُم
7a32b45bb11f	d͡ʒunuːdaː	1	جُنُودًا
6bdc0dbb4c56	waʕaðːabᵊ	1	وَعَذَّبَ
bffd92a63d5a	nad͡ʒas	1	نَجَسٌ
8953a0447b9a	jaqᵊrabuː	1	يَقۡرَبُواۡ
4dafcab78c3f	ʕaːmihim	1	عَامِهِمۡ
8378404a60e2	ʕajlahaː	1	عَيۡلَةً
8c92ed9862ed	juɣniːkum	1	يُغۡنِيكُمُ
d574cfae5ca4	juħarːimuːn	1	يُحَرِّمُونَ
781c199e0275	jadiːnuːn	1	يَدِينُونَ
87537cb6ee5a	juʕtˤuː	1	يُعۡطُواۡ
f77a120a823d	ʔald͡ʒizjah	1	ٱلۡجِزۡيَةَ
728c2c3e8f79	ʕuzajr	1	عُزَيۡرٌ
03ba7199eb8b	judˤaːhiʔuːn	1	يُضَـٰهِــُٔونَ
5926163f76f1	ʔaħbaːrahum	1	أَحۡبَارَهُمۡ
efb89ecfbdc4	waruhbaːnahum	1	وَرُهۡبَـٰنَهُمۡ
3ca4b04df8d5	walmasiːħ	1	وَٱلۡمَسِيحَ
c007087627ce	jutˤᵊfiʔuː	1	يُطۡفِــُٔواۡ
afc98747f89e	wajaʔbaː	1	وَيَأۡبَى
b9534c623703	nuːrahuː	1	نُورَهُۥ
164909f24aaa	ʔalʔaħbaːr	1	ٱلۡأَحۡبَارِ
638f4ba539fe	warːuhbaːn	1	وَٱلرُّهۡبَانِ
3fe3600faf70	jaknizuːn	1	يَكۡنِزُونَ
eafa408b4520	juⁿfiquːnahaː	1	يُنفِقُونَهَا
42a4044d062a	juħmaː	1	يُحۡمَىٰ
aabb5b5566f3	fatukwaː	1	فَتُكۡوَىٰ
bbb336531112	d͡ʒibaːhuhum	1	جِبَاهُهُمۡ
61598fe0fef8	wad͡ʒunuːbuhum	1	وَجُنُوبُهُمۡ
2e5cbd4c848f	waðˤuhuːruhum	1	وَظُهُورُهُمۡ
2d912a9cd969	kanaztum	1	كَنَزۡتُمۡ
1ed0ee1467af	taknizuːn	1	تَكۡنِزُونَ
bb85731c320f	ʔaʃːuhuːr	1	ٱلشُّهُورِ
5b8ff8e96b3e	taðˤlimuː	1	تَظۡلِمُواۡ
cf80e17b53d2	ʔanː̃asiːːʔ	1	ٱلنَّسِىٓءُ
2905ea35e427	zijaːdah	1	زِيَادَةٌ
23051eaa65e3	judˤalː	1	يُضَلُّ
d2baf8390c98	juħilːuːnahuː	1	يُحِلُّونَهُۥ
8a56fec5bbb6	wajuħarːimuːnahuː	1	وَيُحَرِّمُونَهُۥ
9b3c5f5dee92	lijuwaːtˤiʔuː	1	لِّيُوَاطِــُٔواۡ
bae556795e95	fajuħilːuː	1	فَيُحِلُّواۡ
f1e12d133723	ʔaʕmaːlihim	1	أَعۡمَـٰلِهِمۡ
77b9164e5a9f	ʔiθːaːqaltum	1	ٱثَّاقَلۡتُمۡ
a94915d4e6f5	ʔaradˤiːtum	1	أَرَضِيتُم
4d5b5384274a	wajastabᵊdil	1	وَيَسۡتَبۡدِلۡ
6dadb714f52a	tadˤurːuːh	1	تَضُرُّوهُ
5c420ddbe50d	taⁿsˤuruːh	1	تَنصُرُوهُ
dfde8c3ae163	nasˤarah	1	نَصَرَهُ
72dd52de0a3f	ʔaxrad͡ʒah	1	أَخۡرَجَهُ
d40519689724	humaː	1	هُمَا
34af494fe89c	ʔalɣaːr	1	ٱلۡغَارِ
5e0c2630c4c3	waʔajːadahuː	1	وَأَيَّدَهُۥ
554201ce9298	ʔasːuflaː	1	ٱلسُّفۡلَىٰ
e3f4ce71d8da	wakalimah	1	وَكَلِمَةُ
a5b7b50141b1	ʔalʕuljaː	1	ٱلۡعُلۡيَا
bb40bfd103ee	xifaːfaː	1	خِفَافًا
3eeefa0c5386	waθiqaːlaː	1	وَثِقَالًا
96453c6ebe86	ʕaradˤaː	1	عَرَضًا
f88fd2646988	wasafaraː	1	وَسَفَرًا
14b4866e39f8	qaːsˤidaː	1	قَاصِدًا
f5eeb23a3f1d	latːabaʕuːk	1	لَّٱتَّبَعُوكَ
a7b04e6df7e5	baʕudat	1	بَعُدَتۡ
c695041ac2e6	ʔaʃːuqːah	1	ٱلشُّقَّةُ
bb6436e60573	wasajaħlifuːn	1	وَسَيَحۡلِفُونَ
95e27dc07ac6	ʔistatˤaʕnaː	1	ٱسۡتَطَعۡنَا
ee229453097d	laxarad͡ʒᵊnaː	1	لَخَرَجۡنَا
91b2039bec42	ʔaðiⁿt	1	أَذِنتَ
8066c11c03c2	wataʕlam	1	وَتَعۡلَمَ
29f1fdabafd2	wartaːbat	1	وَٱرۡتَابَتۡ
67d1b88aa18a	rajbihim	1	رَيۡبِهِمۡ
d2baf9bebe90	jataradːaduːn	1	يَتَرَدَّدُونَ
5e45d97c829c	laʔaʕadːuː	1	لَأَعَدُّواۡ
d958e13872ee	ʕudːahaː	1	عُدَّةً
35356511f038	ʔiᵐbiʕaːθahum	1	ٱنۢبِعَاثَهُمۡ
d897bd8989fe	faθabːatˤahum	1	فَثَبَّطَهُمۡ
d582e80114dc	ʔuqᵊʕuduː	1	ٱقۡعُدُواۡ
6c56ec4b3abf	zaːduːkum	1	زَادُوكُمۡ
8ea9e49bfecb	walaʔawdˤaʕuː	1	وَلَأَوۡضَعُواۡ
c3899a2f560a	xilaːlakum	1	خِلَـٰلَكُمۡ
0c50dd57312f	jabᵊɣuːnakum	1	يَبۡغُونَكُمُ
99fa90683158	ʔibᵊtaɣaw	1	ٱبۡتَغَوُاۡ
f38682520d45	waqalːabuː	1	وَقَلَّبُواۡ
7c76eff5cabc	waðˤahar	1	وَظَهَرَ
3ee07bf6eac6	ʔiʔðan	1	ٱئۡذَن
77f3aa521757	taftinː̃iː	1	تَفۡتِنِّىٓ
3376be84a86b	saqatˤuː	1	سَقَطُواۡ
b50399de1968	ʔamranaː	1	أَمۡرَنَا
bc3c65655479	wajatawalːaw	1	وَيَتَوَلَّواۡ
d9324e364893	jusˤiːbanaː	1	يُصِيبَنَآ
57ca8e1dfab2	tarabːasˤuːn	1	تَرَبَّصُونَ
a85a7cc705f9	ʔalħusnajajn	1	ٱلۡحُسۡنَيَيۡنِ
f1f05fed4df2	biʔajdiːnaː	1	بِأَيۡدِينَا
becf0ca3e94f	mutarabːisˤuːn	1	مُّتَرَبِّصُونَ
53c3370787be	manaʕahum	1	مَنَعَهُمۡ
dbfedfc9fc44	nafaqaːtuhum	1	نَفَقَـٰتُهُمۡ
634db485c41d	wabirasuːlihiː	1	وَبِرَسُولِهِۦ
9fa954589ed6	lamiⁿkum	1	لَمِنكُمۡ
0b12eec5f040	walaːkinː̃ahum	1	وَلَـٰكِنَّهُمۡ
0391033b57fb	jafraquːn	1	يَفۡرَقُونَ
9246da4cdde5	mald͡ʒaʔaː	1	مَلۡجَــًٔا
853e9c115530	maɣaːraːt	1	مَغَـٰرٰتٍ
0fbe2ef7c128	mudːaxalaː	1	مُدَّخَلًا
c1fe829b7dc7	jad͡ʒᵊmaħuːn	1	يَجۡمَحُونَ
88b79b2fe057	jalmizuk	1	يَلۡمِزُكَ
0124c35548ab	ʔuʕtˤuː	1	أُعۡطُواۡ
dffc2e98f0f9	juʕtˤaw	1	يُعۡطَوۡاۡ
695013804024	jasxatˤuːn	1	يَسۡخَطُونَ
d94a849917bd	sajuʔtiːnaː	1	سَيُؤۡتِينَا
13d3425c3890	walʕaːmiliːn	1	وَٱلۡعَـٰمِلِينَ
179d55fec55e	walmuʔalːafah	1	وَٱلۡمُؤَلَّفَةِ
0152c02bd341	walɣaːrimiːn	1	وَٱلۡغَـٰرِمِينَ
144d7dfad78e	lijurdˤuːkum	1	لِيُرۡضُوكُمۡ
2442f70df453	jurdˤuːh	1	يُرۡضُوهُ
a3c0b865e7d2	juħaːdidᵊ	1	يُحَادِدِ
daf585ff6557	tunabːiʔuhum	1	تُنَبِّئُهُم
f02430799c70	ʔistahziʔuː	1	ٱسۡتَهۡزِءُوٓاۡ
0fcc160521ae	taħðaruːn	1	تَحۡذَرُونَ
850dffc2bad7	wanalʕabᵊ	1	وَنَلۡعَبُ
345b17b9b848	ʔabilːaːh	1	أَبِٱللَّهِ
282041cdef7c	tastahziʔuːn	1	تَسۡتَهۡزِءُونَ
38f4b4d6339f	naʕf	1	نَّعۡفُ
b27624e8836b	nuʕaðːibᵊ	1	نُعَذِّبۡ
3f7f3876dac3	bilmuⁿkar	1	بِٱلۡمُنكَرِ
206e65bdc67c	ʔalmaʕruːf	1	ٱلۡمَعۡرُوفِ
ea1592420002	wajaqᵊbidˤuːn	1	وَيَقۡبِضُونَ
c0ff1d540f65	fanasijahum	1	فَنَسِيَهُمۡ
4be09479e329	fastamtaʕuː	1	فَٱسۡتَمۡتَعُواۡ
bf4d8b104503	fastamtaʕtum	1	فَٱسۡتَمۡتَعۡتُم
d9518f9636c6	bixalaːqikum	1	بِخَلَـٰقِكُمۡ
40a4321096b9	waxudˤtum	1	وَخُضۡتُمۡ
471aa674df7d	xaːdˤuː	1	خَاضُوٓاۡ
535e5930078b	ʔatathum	1	أَتَتۡهُمۡ
985c30cefb48	wajutˤiːʕuːn	1	وَيُطِيعُونَ
e22a23d937d7	sajarħamuhum	1	سَيَرۡحَمُهُمُ
ad0807e2043f	ʔislaːmihim	1	إِسۡلَـٰمِهِمۡ
9fef6a44ffd1	ʔaɣnaːhum	1	أَغۡنَـٰهُمُ
a9d79cc7d6f7	jatawalːaw	1	يَتَوَلَّوۡاۡ
9aca07965d7e	ʔaːtaːnaː	1	ءَاتَـٰنَا
ec1e901beb31	lanasˤːadːaqanː̃	1	لَنَصَّدَّقَنَّ
68ee0adefe7f	walanakuːnanː̃	1	وَلَنَكُونَنَّ
9303b1a69351	faʔaʕqabahum	1	فَأَعۡقَبَهُمۡ
f58c0ae8f4b5	nifaːqaː	1	نِفَاقًا
d72e002ef571	ʔaxlafuː	1	أَخۡلَفُواۡ
e0071bba8f31	waʕaduːh	1	وَعَدُوهُ
af83b30c915b	jalmizuːn	1	يَلۡمِزُونَ
cbe9e996193f	ʔalmutˤːawːiʕiːn	1	ٱلۡمُطَّوِّعِينَ
cdbb77845879	d͡ʒuhdahum	1	جُهۡدَهُمۡ
889ea5a33890	fajasxaruːn	1	فَيَسۡخَرُونَ
737e69bdb1f1	saxir	1	سَخِرَ
065fde768f3c	bimaqᵊʕadihim	1	بِمَقۡعَدِهِمۡ
6df6f3969f76	ħarːaː	1	حَرًّا
8533ea98bf34	faljadˤħakuː	1	فَلۡيَضۡحَكُواۡ
ab37e4757858	waljabᵊkuː	1	وَلۡيَبۡكُواۡ
b363370b85bc	rad͡ʒaʕak	1	رَّجَعَكَ
480a551a760f	fastaʔðanuːk	1	فَٱسۡتَــٔۡذَنُوكَ
4a394b79836c	lilxuruːd͡ʒᵊ	1	لِلۡخُرُوجِ
8a53d7919e2a	taxrud͡ʒuː	1	تَخۡرُجُواۡ
34c786e6c9dd	radˤiːtum	1	رَضِيتُم
ffb5fdd9fbd3	bilquʕuːdᵊ	1	بِٱلۡقُعُودِ
7fe18b1c32bf	faqᵊʕuduː	1	فَٱقۡعُدُواۡ
eb063f14c0c1	ʔalxaːlifiːn	1	ٱلۡخَـٰلِفِينَ
f24e7516c1f1	tusˤalː	1	تُصَلِّ
c4b5791cd46e	qabᵊrihiː	1	قَبۡرِهِۦٓ
8795cfb74155	waʔawlaːduhum	1	وَأَوۡلَـٰدُهُمۡ
669e99fa2916	rasuːlih	1	رَسُولِهِ
b0600ce52e57	ʔistaʔðanak	1	ٱسۡتَــٔۡذَنَكَ
2612d91aca9b	ðarnaː	1	ذَرۡنَا
d24a113a7faa	watˤubiʕ	1	وَطُبِعَ
d3b981d1fb9a	ʔalmuʕaðːiruːn	1	ٱلۡمُعَذِّرُونَ
c4aedd0d87ee	lijuʔðan	1	لِيُؤۡذَنَ
e78063ff61cc	waqaʕadᵊ	1	وَقَعَدَ
482b0ca5291b	ʔalmardˤaː	1	ٱلۡمَرۡضَىٰ
5963dd99114d	nasˤaħuː	1	نَصَحُواۡ
29d0452ba574	ʔatawk	1	أَتَوۡكَ
1906649bc56c	litaħmilahum	1	لِتَحۡمِلَهُمۡ
8913898c2945	ʔaħmilukum	1	أَحۡمِلُكُمۡ
b5527c3a8080	waʔaʕjunuhum	1	وَّأَعۡيُنُهُمۡ
547c020053e8	ħazanaː	1	حَزَنًا
83925f707f87	watˤabaʕ	1	وَطَبَعَ
a38bc2204a4e	jaʕtaðiruːn	1	يَعۡتَذِرُونَ
4542cd965830	nabːaʔanaː	1	نَبَّأَنَا
f6886db14ad6	ʔaxbaːrikum	1	أَخۡبَارِكُمۡ
550877ee0aa6	wasajaraː	1	وَسَيَرَى
0a3c21fab9b0	sajaħlifuːn	1	سَيَحۡلِفُونَ
c4d54faf8c26	lituʕridˤuː	1	لِتُعۡرِضُواۡ
513af63426e9	litardˤaw	1	لِتَرۡضَوۡاۡ
6c845db5cd8b	tardˤaw	1	تَرۡضَوۡاۡ
040ac3819cbe	wanifaːqaː	1	وَنِفَاقًا
8333712281fe	waʔad͡ʒᵊdar	1	وَأَجۡدَرُ
f14444b360af	maɣramaː	1	مَغۡرَمًا
2ca4a7869022	wajatarabːasˤ	1	وَيَتَرَبَّصُ
78068612cc55	ʔadːawaːːʔir	1	ٱلدَّوَآئِرَ
62be4b5b491a	qurubaːt	1	قُرُبَـٰتٍ
dd2e6b4c9bc6	qurbah	1	قُرۡبَةٌ
99c87f1f8e8a	sajudᵊxiluhum	1	سَيُدۡخِلُهُمُ
6b53576e8d2e	ʔitːabaʕuːhum	1	ٱتَّبَعُوهُم
4cb491e06e78	taħtahaː	1	تَحۡتَهَا
940b08dfb7df	munaːfiquːn	1	مُنَـٰفِقُونَ
bd020a82b23f	maraduː	1	مَرَدُواۡ
0f50e2c387f6	ʔanː̃ifaːqᵊ	1	ٱلنِّفَاقِ
6adc00272f41	taʕlamuhum	1	تَعۡلَمُهُمۡ
7f8511c3cd81	naʕlamuhum	1	نَعۡلَمُهُمۡ
ab29943292e1	sanuʕaðːibuhum	1	سَنُعَذِّبُهُم
0a9ca6ab01ac	ʔiʕtarafuː	1	ٱعۡتَرَفُواۡ
468784361da0	xalatˤuː	1	خَلَطُواۡ
95273fae4352	sajːiʔaː	1	سَيِّئًا
fef22d766453	tutˤahːiruhum	1	تُطَهِّرُهُمۡ
4046d58b258b	watuzakːiːhim	1	وَتُزَكِّيهِم
8f74530b2478	wasˤalː	1	وَصَلِّ
ea5a085a2465	sˤalaːtak	1	صَلَوٰتَكَ
118b6aa3528c	wajaʔxuð	1	وَيَأۡخُذُ
b8b71e184259	fasajaraː	1	فَسَيَرَى
e4b7a512e9ae	wasaturadːuːn	1	وَسَتُرَدُّونَ
0e40e1fbd075	murd͡ʒawn	1	مُرۡجَوۡنَ
ecf52e750b59	liʔamr	1	لِأَمۡرِ
4111bd0cb086	juʕaðːibuhum	1	يُعَذِّبُهُمۡ
7fef5c92081f	watafriːqaː	1	وَتَفۡرِيقَۢا
58c4fefa8b17	waʔirsˤaːdaː	1	وَإِرۡصَادًا
fedc265d4c95	ħaːrabᵊ	1	حَارَبَ
250ddbd0017c	walajaħlifunː̃	1	وَلَيَحۡلِفُنَّ
a9d3c9075eea	lamasd͡ʒidᵊ	1	لَّمَسۡجِدٌ
a377994c431b	ʔusːis	1	أُسِّسَ
f65200c5a67b	jatatˤahːaruː	1	يَتَطَهَّرُواۡ
0d1b7d0166cc	ʔalmutˤːahːiriːn	1	ٱلۡمُطَّهِّرِينَ
b7e685588c91	d͡ʒuruf	1	جُرُفٍ
c5634929eb03	haːr	1	هَارٍ
3ad183fa7b33	fanhaːr	1	فَٱنۡهَارَ
330af9823f2a	bunjaːnuhum	1	بُنۡيَـٰنُهُمُ
ba1c66a990e0	banaw	1	بَنَوۡاۡ
139e21a35c5e	riːbahaː	1	رِيبَةً
61dab806be27	ʔiʃtaraː	1	ٱشۡتَرَىٰ
ab78d606e88b	fajaqᵊtuluːn	1	فَيَقۡتُلُونَ
2a09f3a3f331	wajuqᵊtaluːn	1	وَيُقۡتَلُونَ
07d8bb02afd6	fastabᵊʃiruː	1	فَٱسۡتَبۡشِرُواۡ
e5e881657f15	bibajʕikum	1	بِبَيۡعِكُمُ
e48b02152cad	baːjaʕtum	1	بَايَعۡتُم
58e7fd24f86e	ʔatːaːːʔibuːn	1	ٱلتَّـٰٓئِبُونَ
7e0beb4a6192	ʔalʕaːbiduːn	1	ٱلۡعَـٰبِدُونَ
437d464c90d0	ʔalħaːmiduːn	1	ٱلۡحَـٰمِدُونَ
2435bdf31898	ʔasːaːːʔiħuːn	1	ٱلسَّـٰٓئِحُونَ
ef6f741b28ef	ʔarːaːkiʕuːn	1	ٱلرّٰكِعُونَ
e5727816393e	ʔasːaːd͡ʒiduːn	1	ٱلسَّـٰجِدُونَ
88d8aca0ee2f	ʔalʔamiruːn	1	ٱلۡأَمِرُونَ
b348528ebda5	wanː̃aːhuːn	1	وَٱلنَّاهُونَ
5bdb39b5f662	walħaːfiðˤuːn	1	وَٱلۡحَـٰفِظُونَ
205a127223ea	liħuduːdᵊ	1	لِحُدُودِ
d02290306f5e	jastaɣfiruː	1	يَسۡتَغۡفِرُواۡ
89743a9342d2	ʔistiɣfaːr	1	ٱسۡتِغۡفَارُ
7293d94cb0e5	mawʕidah	1	مَّوۡعِدَةٍ
3eb2000afac2	laʔawːaːh	1	لَأَوّٰهٌ
c17f1cc77c70	ʔalʕusrah	1	ٱلۡعُسۡرَةِ
ce930c50b354	jaziːɣ	1	يَزِيغُ
45451c824734	ʔaθːalaːθah	1	ٱلثَّلَـٰثَةِ
d2ecdc2562b4	xulːifuː	1	خُلِّفُواۡ
2c239de825cd	dˤaːqat	1	ضَاقَتۡ
c5ec746da0cb	lijatuːbuː	1	لِيَتُوبُوٓاۡ
b5dbede66731	wakuːnuː	1	وَكُونُواۡ
f8fdaa6a08d2	liʔahl	1	لِأَهۡلِ
32cc1527fcd8	ħawlahum	1	حَوۡلَهُم
79f4b1cba382	jataxalːafuː	1	يَتَخَلَّفُواۡ
ebb191b94054	jarɣabuː	1	يَرۡغَبُواۡ
b5e3c47a290b	jusˤiːbuhum	1	يُصِيبُهُمۡ
4dd601b320e3	ðˤamaʔ	1	ظَمَأٌ
fab3b2ab29a8	jatˤaʔuːn	1	يَطَــُٔونَ
b5241bd57368	mawtˤiʔaː	1	مَوۡطِئًا
0d54939ee137	janaːluːn	1	يَنَالُونَ
3e89568e1642	najlaː	1	نَّيۡلًا
9a9082201719	nafaqahaː	1	نَفَقَةً
aa4a0e1efee9	jaqᵊtˤaʕuːn	1	يَقۡطَعُونَ
1fb0cdf27b01	waːdijaː	1	وَادِيًا
462d91061d93	lijaⁿfiruː	1	لِيَنفِرُواۡ
a7764b39c0af	firqah	1	فِرۡقَةٍ
98996be58c8e	lijatafaqːahuː	1	لِّيَتَفَقَّهُواۡ
d29b05d0f792	walijuⁿðiruː	1	وَلِيُنذِرُواۡ
c4181ead3bc4	jaluːnakum	1	يَلُونَكُم
06623b954649	waljad͡ʒiduː	1	وَلۡيَجِدُواۡ
f7fdc5ba3679	ɣilðˤahaː	1	غِلۡظَةً
b552377bf830	zaːdath	1	زَادَتۡهُ
6c7976dc08b9	rid͡ʒᵊsaː	1	رِجۡسًا
10de6194fe32	rid͡ʒᵊsihim	1	رِجۡسِهِمۡ
44b2de865968	ʔiⁿsˤarafuː	1	ٱنصَرَفُواۡ
b464b3ec54f3	sˤaraf	1	صَرَفَ
b5de01244942	ħariːsˤ	1	حَرِيصٌ
6cb5f9fde1f1	ʔakaːn	1	أَكَانَ
b545b972fe12	ʔiðnihiː	1	إِذۡنِهِۦ
a6c898854512	dˤijaːːʔaː	1	ضِيَآءً
62c353b6a771	waqadːarahuː	1	وَقَدَّرَهُۥ
1e61892cf161	watˤᵊmaʔanː̃uː	1	وَٱطۡمَأَنُّواۡ
e224ffaf727a	biʔiːmaːnihim	1	بِإِيمَـٰنِهِمۡ
9906964a82ee	wataħijːatuhum	1	وَتَحِيَّتُهُمۡ
25929ebdc96b	waʔaːxir	1	وَءَاخِرُ
b7c314284c50	juʕad͡ʒːil	1	يُعَجِّلُ
6e28051bdc92	ʔistiʕd͡ʒaːlahum	1	ٱسۡتِعۡجَالَهُم
441f582cbbe3	fanaðar	1	فَنَذَرُ
d5772d183976	lid͡ʒaᵐbihiː	1	لِجَنۢبِهِۦٓ
327f796756e8	qaːʕidaː	1	قَاعِدًا
48820bc77423	dˤurːahuː	1	ضُرَّهُۥ
5757741daf92	jadᵊʕunaː	1	يَدۡعُنَآ
a2e8dbee6457	masːahuː	1	مَّسَّهُۥ
52173886ee8f	linaⁿðˤur	1	لِنَنظُرَ
b75f2ba8b8db	biqurʔaːn	1	بِقُرۡءَانٍ
9ff2bb24c4dd	badːilh	1	بَدِّلۡهُ
b72182147216	ʔubadːilahuː	1	أُبَدِّلَهُۥ
5ac5842b4c02	tilqaːʔ	1	تِلۡقَآىِٕ
f1849987aab2	talawtuhuː	1	تَلَوۡتُهُۥ
613a569d22ba	ʔadᵊraːkum	1	أَدۡرَٮٰكُم
251d52001f19	ʕumuraː	1	عُمُرًا
9c89013b3438	ʃufaʕaːːʔunaː	1	شُفَعَـٰٓؤُنَا
fe01f1dc56b7	ʔatunabːiʔuːn	1	أَتُنَبِّــُٔونَ
8152b5aeaf42	faxtalafuː	1	فَٱخۡتَلَفُواۡ
a81a4748b60c	tamkuruːn	1	تَمۡكُرُونَ
ee6fd8bd5700	jusajːirukum	1	يُسَيِّرُكُمۡ
fa76e91e1f6e	wad͡ʒarajn	1	وَجَرَيۡنَ
96dca03db67e	d͡ʒaːːʔathaː	1	جَآءَتۡهَا
60a5b5d4f4b7	ʔuħiːtˤᵊ	1	أُحِيطَ
dc9d3e2032ce	ʔaⁿd͡ʒajtanaː	1	أَنجَيۡتَنَا
01047f7fe21c	ʔaⁿd͡ʒaːhum	1	أَنجَـٰهُمۡ
343b353188d5	baɣjukum	1	بَغۡيُكُمۡ
5106fc30e15a	fanunabːiʔukum	1	فَنُنَبِّئُكُم
80b999274f85	ʔaxaðat	1	أَخَذَتِ
94384b2d2091	zuxrufahaː	1	زُخۡرُفَهَا
7b0167e673ee	wazːajːanat	1	وَٱزَّيَّنَتۡ
2fece6cc6801	qaːdiruːn	1	قَـٰدِرُونَ
6b0860799c54	taɣn	1	تَغۡنَ
9f9fc45c08a6	wazijaːdah	1	وَزِيَادَةٌ
26dd80b6737b	jarhaqᵊ	1	يَرۡهَقُ
3fc81a2348ee	qatar	1	قَتَرٌ
e946cba4f737	bimiθlihaː	1	بِمِثۡلِهَا
526ffa7a2562	watarhaquhum	1	وَتَرۡهَقُهُمۡ
f426d5428495	ʔuɣʃijat	1	أُغۡشِيَتۡ
456a5346e760	qitˤaʕaː	1	قِطَعًا
a158b22cd5c2	muðˤlimaː	1	مُظۡلِمًا
84036c5ecf85	makaːnakum	1	مَكَانَكُمۡ
7e7c64253f10	waʃurakaːːʔukum	1	وَشُرَكَآؤُكُمۡ
05766e448435	fazajːalnaː	1	فَزَيَّلۡنَا
4afce90a6326	fakafaː	1	فَكَفَىٰ
a67c7c08662b	ʕibaːdatikum	1	عِبَادَتِكُمۡ
415baee5442a	tabᵊluː	1	تَبۡلُواۡ
b2bd87d08070	ʔaslafat	1	أَسۡلَفَتۡ
44b3e0b9f0f9	warudːuː	1	وَرُدُّوٓاۡ
f20b29084b82	faðaːlikum	1	فَذٰلِكُمُ
ae37cfd0abb8	jutːabaʕ	1	يُتَّبَعَ
0c2140f5784b	jahidːiː	1	يَهِدِّىٓ
d701d441d832	juhdaː	1	يُهۡدَىٰ
ffd745acfa7b	juħiːtˤuː	1	يُحِيطُواۡ
bf5541950148	ʕamaliː	1	عَمَلِى
6be41362937c	ʕamalukum	1	عَمَلُكُمۡ
666eb55c9ecd	bariːːʔuːn	1	بَرِيٓــُٔونَ
e05ee4568c73	jataʕaːrafuːn	1	يَتَعَارَفُونَ
6559a9fc8621	rasuːluhum	1	رَسُولُهُمۡ
a590d89a04ce	ʕaðaːbuhuː	1	عَذَابُهُۥ
f3702a64621b	ʔaθumː̃	1	أَثُمَّ
d639bbaa8c3a	wajastaᵐbiʔuːnak	1	وَيَسۡتَنۢبِــُٔونَكَ
bbfbe8b6baba	ʔiː	1	إِى
f9a208974bdf	ðˤalamat	1	ظَلَمَتۡ
7f3d6e5a6e06	laftadat	1	لَٱفۡتَدَتۡ
02965ed00697	bifadˤl	1	بِفَضۡلِ
656a6e6e8d98	wabiraħmatihiː	1	وَبِرَحۡمَتِهِۦ
19235140255d	fabiðaːlik	1	فَبِذٰلِكَ
2c074148a572	faljafraħuː	1	فَلۡيَفۡرَحُواۡ
128987dfc33c	fad͡ʒaʕaltum	1	فَجَعَلۡتُم
e184e524be2b	ħaraːmaː	1	حَرَامًا
0512f2047b34	waħalaːlaː	1	وَحَلَـٰلًا
5cdcfb3457ca	nuðiːquhum	1	نُذِيقُهُمُ
9481a1786ed5	wataðkiːriː	1	وَتَذۡكِيرِى
cc1d7a58b32a	faʕalaː	1	فَعَلَى
afd014159f2a	ʔamrakum	1	أَمۡرَكُمۡ
f1a6b8e2acf1	waʃurakaːːʔakum	1	وَشُرَكَآءَكُمۡ
fb3d8e6d0a88	ʔamrukum	1	أَمۡرُكُمۡ
684b655f2cae	ɣumː̃ahaː	1	غُمَّةً
7570e1d0006f	ʔuqᵊdˤuː	1	ٱقۡضُوٓاۡ
614094f4026b	natˤᵊbaʕ	1	نَطۡبَعُ
0dd2550afdda	lasiħr	1	لَسِحۡرٌ
9b79a6b6f5da	ʔasiħr	1	أَسِحۡرٌ
e35a84f93760	ʔasːaːħiruːn	1	ٱلسَّـٰحِرُونَ
803dd87ecea6	litalfitanaː	1	لِتَلۡفِتَنَا
ae9439f93ff2	sajubᵊtˤiluhuː	1	سَيُبۡطِلُهُۥٓ
a457c333e936	limuːsaː	1	لِمُوسَىٰٓ
807d499e480d	wamalaʔihim	1	وَمَلَإِيۡهِمۡ
dcca8ef559b0	jaftinahum	1	يَفۡتِنَهُمۡ
67af5224fe24	laʕaːl	1	لَعَالٍ
81409e917528	tawakːaluː	1	تَوَكَّلُوٓاۡ
ae1a24312835	wanad͡ʒːinaː	1	وَنَجِّنَا
652c93d725a3	tabawːaʔaː	1	تَبَوَّءَا
a162675b9fb7	liqawmikumaː	1	لِقَوۡمِكُمَا
2178dd0d6c91	bimisˤr	1	بِمِصۡرَ
4665d58df977	wad͡ʒᵊʕaluː	1	وَٱجۡعَلُواۡ
74f8294fca54	bujuːtakum	1	بُيُوتَكُمۡ
77dde4ec7283	wamalaʔahuː	1	وَمَلَأَهُۥ
abb7b19361b4	waʔamwaːlaː	1	وَأَمۡوٰلًا
4b28c7abed54	sabiːlik	1	سَبِيلِكَ
612a92760f2f	ʔitˤᵊmis	1	ٱطۡمِسۡ
c9900def8dd0	waʃdudᵊ	1	وَٱشۡدُدۡ
39bcec6f7125	ʔud͡ʒiːbat	1	أُجِيبَت
08294ec98a10	daʕwatukumaː	1	دَّعۡوَتُكُمَا
b238c9ca2d6c	fastaqiːmaː	1	فَٱسۡتَقِيمَا
fbd1e3493784	tatːabiʕaːːːnː̃	1	تَتَّبِعَآنِّ
b17141c5207e	waʕadᵊwaː	1	وَعَدۡوًا
3c5720a77f51	ʔadᵊrakah	1	أَدۡرَكَهُ
3bbfbc1cec10	ʔalɣaraqᵊ	1	ٱلۡغَرَقُ
82a0c6acb804	banuː	1	بَنُوٓاۡ
6cafe3adaa60	nunad͡ʒːiːk	1	نُنَجِّيكَ
478732ef688b	bibadanik	1	بِبَدَنِكَ
9d0b3a188251	xalfak	1	خَلۡفَكَ
7a89eeccecd9	laɣaːfiluːn	1	لَغَـٰفِلُونَ
596c66c45295	mubawːaʔ	1	مُبَوَّأَ
ba9da9d2a006	fanafaʕahaː	1	فَنَفَعَهَآ
607d6edc1e9e	wamatːaʕnaːhum	1	وَمَتَّعۡنَـٰهُمۡ
01e899afd56a	laʔaman	1	لَأَمَنَ
d381489ca81d	tukrih	1	تُكۡرِهُ
57dddc36113a	wanː̃uður	1	وَٱلنُّذُرُ
931bbfa0db53	jaⁿtaðˤiruːn	1	يَنتَظِرُونَ
33410b334588	nuⁿd͡ʒᵊ	1	نُنجِ
7570abf03edf	jaⁿfaʕuk	1	يَنفَعُكَ
db38395b980f	jadˤurːuk	1	يَضُرُّكَ
22a84b5a9101	juridᵊk	1	يُرِدۡكَ
03ff1c14d03e	raːːːdːᵊ	1	رَآدَّ
62e3ccfe5525	lifadˤlihiː	1	لِفَضۡلِهِۦ
01b1a3320517	jusˤiːbᵊ	1	يُصِيبُ
e52b01cb582d	ʔuħkimat	1	أُحۡكِمَتۡ
b32a01d544c1	jumatːiʕkum	1	يُمَتِّعۡكُم
7897b8678906	jaθnuːn	1	يَثۡنُونَ
06dd921549e4	sˤuduːrahum	1	صُدُورَهُمۡ
6066eeb5cd4f	lijastaxfuː	1	لِيَسۡتَخۡفُواۡ
8d540fac349d	jastaɣʃuːn	1	يَسۡتَغۡشُونَ
dbfab713b9cf	mustaqarːahaː	1	مُسۡتَقَرَّهَا
2afc21f66f15	wamustawdaʕahaː	1	وَمُسۡتَوۡدَعَهَا
0d45734a7576	ʕarʃuhuː	1	عَرۡشُهُۥ
dfd9ad3c00c8	ʔaxːarnaː	1	أَخَّرۡنَا
51a76ab59229	jaħbisuhuː	1	يَحۡبِسُهُۥٓ
2f9fb87236c5	masˤruːfaː	1	مَصۡرُوفًا
4cf4b0e718b1	nazaʕnaːhaː	1	نَزَعۡنَـٰهَا
252cb1f73589	lajaʔuːs	1	لَيَــُٔوسٌ
9169d4aa192a	naʕmaːːʔ	1	نَعۡمَآءَ
4a18f858f30e	lafariħ	1	لَفَرِحٌ
8e75107e1dc0	taːrik	1	تَارِكُۢ
9b520473bcf4	wadˤaːːʔiqᵊ	1	وَضَآئِقُۢ
8b6578605b60	suwar	1	سُوَرٍ
5a5bd4eb5e2e	muftarajaːt	1	مُفۡتَرَيَـٰتٍ
aa9c5d052494	faʔilːam	1	فَإِلَّمۡ
e42e4d4cf62e	nuwafː	1	نُوَفِّ
b355b7e27b4d	jubᵊxasuːn	1	يُبۡخَسُونَ
57d79afe4524	waħabitˤᵊ	1	وَحَبِطَ
4e1ee517abea	wajatluːh	1	وَيَتۡلُوهُ
2ff637c701cf	mawʕiduhuː	1	مَوۡعِدُهُۥ
64b0ea88bb4f	waʔaxbatuː	1	وَأَخۡبَتُوٓاۡ
6f17c46c0032	kalʔaʕmaː	1	كَٱلۡأَعۡمَىٰ
38edc86e252a	walʔasˤamː̃	1	وَٱلۡأَصَمِّ
4ec95af0e985	wasːamiːʕ	1	وَٱلسَّمِيعِ
f30b8bbce98d	miθlanaː	1	مِّثۡلَنَا
7c6292259c1c	ʔaraːðilunaː	1	أَرَاذِلُنَا
8105df973afc	baːdiː	1	بَادِىَ
572dc5266c1a	ʔarːaʔj	1	ٱلرَّأۡىِ
b8de9e27cbb2	naðˤunː̃ukum	1	نَظُنُّكُمۡ
b8d42cf6c007	faʕumː̃ijat	1	فَعُمِّيَتۡ
251ee6177199	ʔanulzimukumuːhaː	1	أَنُلۡزِمُكُمُوهَا
9c5a09529733	tˤaratːuhum	1	طَرَدتُّهُمۡ
e037b926a902	tazdariː	1	تَزۡدَرِىٓ
654ac8e2decc	ʔaʕjunukum	1	أَعۡيُنُكُمۡ
c2cd3df5dd09	juʔtijahum	1	يُؤۡتِيَهُمُ
175e78c7da78	d͡ʒaːdaltanaː	1	جَـٰدَلۡتَنَا
b18532731f17	faʔakθart	1	فَأَكۡثَرۡتَ
420c1598c6b1	d͡ʒidaːlanaː	1	جِدٰلَنَا
48f6cd5420dd	nusˤħiː	1	نُصۡحِىٓ
35ae65d7cdc7	ʔaratː	1	أَرَدتُّ
016cf238dceb	ʔaⁿsˤaħ	1	أَنصَحَ
d7dda3fa066c	juɣwijakum	1	يُغۡوِيَكُمۡ
9b94597526ca	faʕalajː	1	فَعَلَىَّ
f758bda9e963	ʔid͡ʒᵊraːmiː	1	إِجۡرَامِى
27d05d223dd1	tud͡ʒᵊrimuːn	1	تُجۡرِمُونَ
87d2db425d50	wasˤnaʕ	1	وَٱصۡنَعِ
2c372d18de23	wajasˤnaʕ	1	وَيَصۡنَعُ
5837ba959ba9	wakulːamaː	1	وَكُلَّمَا
50615dfc25ca	malaʔ	1	مَلَأٌ
4ed646b4f000	tasxaruː	1	تَسۡخَرُواۡ
3b922ab46c32	nasxar	1	نَسۡخَرُ
763340bf210a	tasxaruːn	1	تَسۡخَرُونَ
f793390810ef	ʔiħmil	1	ٱحۡمِلۡ
1f5e5b9c7c41	ʔirkabuː	1	ٱرۡكَبُواۡ
d8c954cecdf4	mad͡ʒᵊraːhaː	1	مَجۡرٮٰهَا
ca82e5fb1808	wamursaːhaː	1	وَمُرۡسَـٰهَآ
d0fc40f8c6bd	kald͡ʒibaːl	1	كَٱلۡجِبَالِ
b707ee16b1b2	ʔibᵊnahuː	1	ٱبۡنَهُۥ
e41896546fbb	maʕzil	1	مَعۡزِلٍ
8c7aec908b36	ʔirkabᵊ	1	ٱرۡكَب
d6be5f79c2ef	saʔaːwiː	1	سَـَٔـاوِىٓ
677bb160f71f	jaʕsˤimuniː	1	يَعۡصِمُنِى
51dfd9ceb303	waħaːl	1	وَحَالَ
2dadf77cef1e	ʔalmuɣraqiːn	1	ٱلۡمُغۡرَقِينَ
f127c17059e9	jaːːʔardˤ	1	يَـٰٓأَرۡضُ
70855d6273f3	ʔibᵊlaʕiː	1	ٱبۡلَعِى
524c2b225a8d	maːːʔak	1	مَآءَكِ
3494e36af1c9	wajaːsamaːːʔ	1	وَيَـٰسَمَآءُ
92464e631aa0	ʔaqᵊliʕiː	1	أَقۡلِعِى
bd79ad9efcd0	waɣiːdˤ	1	وَغِيضَ
bdc928794744	wastawat	1	وَٱسۡتَوَتۡ
556b51108424	ʔald͡ʒuːdijː	1	ٱلۡجُودِىِّ
fbd2f4930a6e	ʔibᵊniː	1	ٱبۡنِى
bd89032ba291	waʕdak	1	وَعۡدَكَ
b854ac126ebd	ʔaħkam	1	أَحۡكَمُ
acd31f926d4b	tasʔaln	1	تَسۡــَٔلۡنِ
7e0c92c41ef7	ʔaʕiðˤuk	1	أَعِظُكَ
f033ec6d37b2	ʔasʔalak	1	أَسۡــَٔلَكَ
9492212659b1	watarħamniː	1	وَتَرۡحَمۡنِىٓ
b3ad237499fd	ʔihbitˤᵊ	1	ٱهۡبِطۡ
00f0578da535	wabarakaːt	1	وَبَرَكَـٰتٍ
7f3b3f3a6685	waʔumam	1	وَأُمَمٌ
fe570cd73cf2	sanumatːiʕuhum	1	سَنُمَتِّعُهُمۡ
159592bed01b	nuːħiːhaː	1	نُوحِيهَآ
e85c0d2d7917	taʕlamuhaː	1	تَعۡلَمُهَآ
6136811976f8	ʔalʕaːqibah	1	ٱلۡعَـٰقِبَةَ
b0e77dc2f73a	muftaruːn	1	مُفۡتَرُونَ
c34c7c6621a9	wajazidᵊkum	1	وَيَزِدۡكُمۡ
9ca936fc2689	quwːatikum	1	قُوَّتِكُمۡ
5934c7b9cdf4	jaːhuːdᵊ	1	يَـٰهُودُ
c70ab751e3f5	bitaːrikiː	1	بِتَارِكِىٓ
303f6d524903	qawlik	1	قَوۡلِكَ
4950a411dc3e	ʔiʕtaraːk	1	ٱعۡتَرَٮٰكَ
60cb73d1c5c1	ʔuʃhidᵊ	1	أُشۡهِدُ
473e3a15bb30	waʃhaduː	1	وَٱشۡهَدُوٓاۡ
e8f73449109e	fakiːduːniː	1	فَكِيدُونِى
3c68252c4090	ʔaːxið	1	ءَاخِذُۢ
0b6d9c55e8e9	binaːsˤijatihaː	1	بِنَاصِيَتِهَآ
aa4778a60052	tadˤurːuːnahuː	1	تَضُرُّونَهُۥ
1e7c43c1240c	wanad͡ʒːajnaːhum	1	وَنَجَّيۡنَـٰهُم
c751b38f60ac	d͡ʒaħaduː	1	جَحَدُواۡ
b38d0ea1ab4f	liʕaːdᵊ	1	لِّعَادٍ
668af0ce900a	wastaʕmarakum	1	وَٱسۡتَعۡمَرَكُمۡ
62d27e643539	fastaɣfiruːh	1	فَٱسۡتَغۡفِرُوهُ
7de901979b87	mud͡ʒiːbᵊ	1	مُّجِيبٌ
d170dbc0101e	mard͡ʒuwːaː	1	مَرۡجُوًّا
d97e1151cc84	ʔatanhaːnaː	1	أَتَنۡهَـٰنَآ
9caffa50409b	waʔinː̃anaː	1	وَإِنَّنَا
ca8ab478a896	ʕasˤajtuhuː	1	عَصَيۡتُهُۥ
080b920f1910	taziːduːnaniː	1	تَزِيدُونَنِى
7536702932f1	taxsiːr	1	تَخۡسِيرٍ
91f37a3daed5	daːrikum	1	دَارِكُمۡ
5bfbcf63d231	makðuːbᵊ	1	مَكۡذُوبٍ
b6214d381637	θamuːd	1	ثَمُودَاۡ
4294db7bacd3	liθamuːdᵊ	1	لِّثَمُودَ
7e5a08b655f5	labiθ	1	لَبِثَ
25206240280d	ħaniːð	1	حَنِيذٍ
2003bb423c65	tasˤil	1	تَصِلُ
1aa17565eca4	nakirahum	1	نَكِرَهُمۡ
4a4063ef5bd3	waʔawd͡ʒas	1	وَأَوۡجَسَ
25171704976b	fadˤaħikat	1	فَضَحِكَتۡ
6818ad47d3b6	fabaʃːarnaːhaː	1	فَبَشَّرۡنَـٰهَا
1b7ac4b5ba85	ʔaʔalidᵊ	1	ءَأَلِدُ
38aa4a89506d	baʕliː	1	بَعۡلِى
8a20fd9b4a28	ʔataʕd͡ʒabiːn	1	أَتَعۡجَبِينَ
a94da9d7e705	wabarakaːtuhuː	1	وَبَرَكَـٰتُهُۥ
8e12b2c88f93	ʔarːawʕ	1	ٱلرَّوۡعُ
be2580bd0bd6	wad͡ʒaːːʔath	1	وَجَآءَتۡهُ
2b52cec288d5	jud͡ʒaːdilunaː	1	يُجَـٰدِلُنَا
ac7dd7210686	laħaliːm	1	لَحَلِيمٌ
50525e2a8239	ʔawːaːh	1	أَوّٰهٌ
68e3cc443aef	ʔaːtiːhim	1	ءَاتِيهِمۡ
68ef80377c8e	marduːdᵊ	1	مَرۡدُودٍ
9d9dedc5546d	ʕasˤiːbᵊ	1	عَصِيبٌ
ed6aefc61fb2	wad͡ʒaːːʔahuː	1	وَجَآءَهُۥ
2d6433fbfd4f	raʃiːdᵊ	1	رَّشِيدٌ
47c15b28d963	banaːtik	1	بَنَاتِكَ
c5b9d281e1f0	lataʕlam	1	لَتَعۡلَمُ
b2b1028a0ad0	ʔaːwiː	1	ءَاوِىٓ
7ef0bb356e8a	rukn	1	رُكۡنٍ
ae5ff7740bc3	jasˤiluː	1	يَصِلُوٓاۡ
1f081fe4cf24	musˤiːbuhaː	1	مُصِيبُهَا
a202c9be8a24	mawʕidahum	1	مَوۡعِدَهُمُ
f8230e4bb09c	biqariːbᵊ	1	بِقَرِيبٍ
5e224fb30086	taⁿqusˤuː	1	تَنقُصُواۡ
5d9fdf7b3367	baqijːat	1	بَقِيَّتُ
9d65fea5ee47	ʔasˤalaːtuk	1	أَصَلَوٰتُكَ
460e4395a006	taʔmuruk	1	تَأۡمُرُكَ
8ab628bea420	natruk	1	نَّتۡرُكَ
455c3201dcdd	ʔamwaːlinaː	1	أَمۡوٰلِنَا
ba77ef37beba	ʔalħaliːm	1	ٱلۡحَلِيمُ
e5f04683e883	ʔarːaʃiːdᵊ	1	ٱلرَّشِيدُ
60346b24bbaa	warazaqaniː	1	وَرَزَقَنِى
3b8f6abe5b93	ʔuxaːlifakum	1	أُخَالِفَكُمۡ
b9d0c7957efc	ʔanhaːkum	1	أَنۡهَـٰكُمۡ
4f5882c50562	ʔalʔisˤlaːħ	1	ٱلۡإِصۡلَـٰحَ
1287eb2de843	tawfiːqiː	1	تَوۡفِيقِىٓ
265af6e68cd9	ʃiqaːqiː	1	شِقَاقِىٓ
c0f9dee41b84	waduːdᵊ	1	وَدُودٌ
72590900efdc	nafqah	1	نَفۡقَهُ
e9c42f30496f	rahtˤuk	1	رَهۡطُكَ
693a6ad42032	larad͡ʒamnaːk	1	لَرَجَمۡنَـٰكَ
f18cb96c2548	ʔarahtˤiː	1	أَرَهۡطِىٓ
6c985bf1ef4d	ʔaʕazː	1	أَعَزُّ
73fba8dcecab	watːaxaðtumuːh	1	وَٱتَّخَذۡتُمُوهُ
b9d256308645	ðˤihrijːaː	1	ظِهۡرِيًّا
80279c3c2e52	wartaqibuː	1	وَٱرۡتَقِبُوٓاۡ
472f0dd76659	waʔaxaðat	1	وَأَخَذَتِ
a51420cb90cf	limadᵊjan	1	لِّمَدۡيَنَ
357a31162d16	baʕidat	1	بَعِدَتۡ
e8453585e89f	fatːabaʕuː	1	فَٱتَّبَعُوٓاۡ
c4683c3a2f0e	biraʃiːdᵊ	1	بِرَشِيدٍ
a843fd8a6ff1	jaqᵊdum	1	يَقۡدُمُ
12962971b14e	faʔawradahum	1	فَأَوۡرَدَهُمُ
82160735ce3a	ʔalwirdᵊ	1	ٱلۡوِرۡدُ
2c97f0a47c50	ʔalmawruːdᵊ	1	ٱلۡمَوۡرُودُ
f4877a8eedd9	ʔarːifdᵊ	1	ٱلرِّفۡدُ
34fc9e060eaf	ʔalmarfuːdᵊ	1	ٱلۡمَرۡفُودُ
280b3deb8197	naqusˤːuhuː	1	نَقُصُّهُۥ
137515c4affd	waħasˤiːdᵊ	1	وَحَصِيدٌ
7c2348eae56e	ʔaɣnat	1	أَغۡنَتۡ
e3f0f000b041	ʔaːlihatuhum	1	ءَالِهَتُهُمُ
9d9e5259de00	zaːduːhum	1	زَادُوهُمۡ
a1cc3ba4b105	tatbiːbᵊ	1	تَتۡبِيبٍ
2bfc3989b64c	ʔaxðahuː	1	أَخۡذَهُۥٓ
e8799e922834	mad͡ʒᵊmuːʕ	1	مَّجۡمُوعٌ
bf3e30c33bee	maʃhuːdᵊ	1	مَّشۡهُودٌ
0e39de379e56	nuʔaxːiruhuː	1	نُؤَخِّرُهُۥٓ
f2e42e615200	maʕduːdᵊ	1	مَّعۡدُودٍ
e269baae7fb4	takalːam	1	تَكَلَّمُ
912baf9e346a	ʃaqijː	1	شَقِىٌّ
3d827b4754a4	wasaʕiːdᵊ	1	وَسَعِيدٌ
984f23f8dbd7	ʃaquː	1	شَقُواۡ
69eb49414d59	waʃahiːqᵊ	1	وَشَهِيقٌ
870cc172c3cd	suʕiduː	1	سُعِدُواۡ
db7638d9c4c6	mad͡ʒᵊðuːð	1	مَجۡذُوذٍ
32b9c96d8de3	lamuwafːuːhum	1	لَمُوَفُّوهُمۡ
3ef0ebd57a78	maⁿquːsˤ	1	مَنقُوصٍ
74bdebb14022	lajuwafːijanː̃ahum	1	لَيُوَفِّيَنَّهُمۡ
ccdd9fa86369	fastaqim	1	فَٱسۡتَقِمۡ
44eb6251e0d8	tarkanuː	1	تَرۡكَنُوٓاۡ
dbd79c2e87f2	fatamasːakum	1	فَتَمَسَّكُمُ
b52f81891c7b	tˤarafaj	1	طَرَفَىِ
e4a9b1984840	wazulafaː	1	وَزُلَفًا
9765fa2c9fb4	ʔalħasanaːt	1	ٱلۡحَسَنَـٰتِ
c4130aff57fa	juðhibᵊn	1	يُذۡهِبۡنَ
1ec68fce4c18	lilðːaːkiriːn	1	لِلذّٰكِرِينَ
13043a9af1ad	baqijːah	1	بَقِيَّةٍ
b6b58eae1ff7	ʔutrifuː	1	أُتۡرِفُواۡ
6d2b8a15360e	lijuhlik	1	لِيُهۡلِكَ
ef2934917b23	lad͡ʒaʕal	1	لَجَعَلَ
0a67b1598426	muxtalifiːn	1	مُخۡتَلِفِينَ
8a3f5d6182c6	waliðaːlik	1	وَلِذٰلِكَ
478f86e0b4aa	nuθabːit	1	نُثَبِّتُ
d73fca2d7076	wad͡ʒaːːʔak	1	وَجَآءَكَ
e69b441f8497	waⁿtaðˤiruː	1	وَٱنتَظِرُوٓاۡ
81610065eae6	jurd͡ʒaʕ	1	يُرۡجَعُ
32157ee06e76	raʔajtuhum	1	رَأَيۡتُهُمۡ
5c77f4c375ff	taqᵊsˤusˤ	1	تَقۡصُصۡ
af9e2a28a1fa	ruʔjaːk	1	رُءۡيَاكَ
efbc6596cfc0	ʔixwatik	1	إِخۡوَتِكَ
0063ec27c511	fajakiːduː	1	فَيَكِيدُواۡ
78bf24536195	jad͡ʒᵊtabiːk	1	يَجۡتَبِيكَ
72e99df87eb9	wajuʕalːimuk	1	وَيُعَلِّمُكَ
b6a8a2e8aef0	ʔatamː̃ahaː	1	أَتَمَّهَا
610abba9ee04	ʔabawajk	1	أَبَوَيۡكَ
68d7a6871a65	waʔixwatihiː	1	وَإِخۡوَتِهِۦٓ
7073d77738b7	lajuːsuf	1	لَيُوسُفُ
c9caecc1670d	waʔaxuːh	1	وَأَخُوهُ
58f57df103ab	ʔabiːnaː	1	أَبِينَا
93d6683f716c	ʔabaːnaː	1	أَبَانَا
3287c311ee66	ʔitˤᵊraħuːh	1	ٱطۡرَحُوهُ
48d84e8691db	ʔardˤaː	1	أَرۡضًا
4f7bcb74539e	jaxl	1	يَخۡلُ
689fbf4fd63b	waʔalquːh	1	وَأَلۡقُوهُ
d4d7389280cb	jaltaqitˤᵊh	1	يَلۡتَقِطۡهُ
e8c7f3402c88	ʔasːajːaːrah	1	ٱلسَّيَّارَةِ
db249367cf97	taʔmanː̃aː	1	تَأۡمَنَّا
d01693fd917a	lanaːsˤiħuːn	1	لَنَـٰصِحُونَ
9796fdae003f	ʔarsilh	1	أَرۡسِلۡهُ
27c16f79d6a1	jartaʕ	1	يَرۡتَعۡ
4204f6008fd8	wajalʕabᵊ	1	وَيَلۡعَبۡ
daff95a90973	lajaħzununiː	1	لَيَحۡزُنُنِىٓ
3c4741860e4a	taðhabuː	1	تَذۡهَبُواۡ
356715d20d0b	waʔaxaːf	1	وَأَخَافُ
ebec91f511b5	jaʔkulah	1	يَأۡكُلَهُ
f1c5bbeaaaf6	ʔakalah	1	أَكَلَهُ
622462d5e9e0	ðahabuː	1	ذَهَبُواۡ
66a5ee50e612	waʔad͡ʒᵊmaʕuː	1	وَأَجۡمَعُوٓاۡ
669008f68d41	jad͡ʒᵊʕaluːh	1	يَجۡعَلُوهُ
9ec24030922c	latunabːiʔanː̃ahum	1	لَتُنَبِّئَنَّهُم
82ef23ee4006	biʔamrihim	1	بِأَمۡرِهِمۡ
64b2428862cd	ʔabaːhum	1	أَبَاهُمۡ
36c8ff07f685	ʕiʃaːːʔaː	1	عِشَآءً
45eedc3c3fc9	ðahabᵊnaː	1	ذَهَبۡنَا
7060fbb9db5a	nastabiqᵊ	1	نَسۡتَبِقُ
3d2790a151a9	mataːʕinaː	1	مَتَـٰعِنَا
5eba87110106	faʔakalah	1	فَأَكَلَهُ
d18a318f55a6	bimuʔmin	1	بِمُؤۡمِنٍ
5e804b4cd643	qamiːsˤihiː	1	قَمِيصِهِۦ
95c1fffd2c15	bidam	1	بِدَمٍ
005fd554564a	kaðibᵊ	1	كَذِبٍ
000ff2b2bce1	sajːaːrah	1	سَيَّارَةٌ
51b4899f06ae	faʔarsaluː	1	فَأَرۡسَلُواۡ
438c59478daa	waːridahum	1	وَارِدَهُمۡ
d1ee35045e04	faʔadᵊlaː	1	فَأَدۡلَىٰ
d9d0ee347b91	dalwahuː	1	دَلۡوَهُۥ
4571762a9483	jaːbuʃraː	1	يَـٰبُشۡرَىٰ
0be2e919079a	waʔasarːuːh	1	وَأَسَرُّوهُ
1c2f662865ac	bidˤaːʕahaː	1	بِضَـٰعَةً
701950d60c6b	waʃarawh	1	وَشَرَوۡهُ
3cd85e0abdd6	biθaman	1	بِثَمَنِۭ
6c0ce8f0a999	baxs	1	بَخۡسٍ
9affdb28558f	daraːhim	1	دَرٰهِمَ
6efa31b68ea1	ʔazːaːhidiːn	1	ٱلزّٰهِدِينَ
7916068f04a3	limraʔatihiː	1	لِٱمۡرَأَتِهِۦٓ
868b2ca89c51	ʔakrimiː	1	أَكۡرِمِى
bd2668866015	maθwaːh	1	مَثۡوَٮٰهُ
1ecec7bd1009	walinuʕalːimahuː	1	وَلِنُعَلِّمَهُۥ
50f458543b3a	waraːwadath	1	وَرٰوَدَتۡهُ
aa30c089ac16	bajtihaː	1	بَيۡتِهَا
e73da949be40	waɣalːaqat	1	وَغَلَّقَتِ
9566e8d49e31	hajt	1	هَيۡتَ
202f36ef0121	maθwaːj	1	مَثۡوَاىَ
fcbce4058775	wahamː̃	1	وَهَمَّ
f6ef9ffbc1bf	linasˤrif	1	لِنَصۡرِفَ
dadc901a26bd	wastabaqaː	1	وَٱسۡتَبَقَا
ba56c4182cf6	waqadːat	1	وَقَدَّتۡ
bfaf4db660dc	waʔalfajaː	1	وَأَلۡفَيَا
0634ee1cfa38	sajːidahaː	1	سَيِّدَهَا
a7b2facee7cd	jusd͡ʒan	1	يُسۡجَنَ
f5e2687b3010	raːwadatniː	1	رٰوَدَتۡنِى
bc8bbc87c892	qubul	1	قُبُلٍ
ba7b9730eb51	fasˤadaqat	1	فَصَدَقَتۡ
59dd3f388e2b	fakaðabat	1	فَكَذَبَتۡ
2515d8a53506	kajdikunː̃	1	كَيۡدِكُنَّ
3deb29096fae	kajdakunː̃	1	كَيۡدَكُنَّ
e1f2116d9e7d	wastaɣfiriː	1	وَٱسۡتَغۡفِرِى
0c6f265eedae	ʔalxaːtˤiʔiːn	1	ٱلۡخَاطِــِٔينَ
19564d73d56a	niswah	1	نِسۡوَةٌ
a4214cf3913c	turaːwidᵊ	1	تُرٰوِدُ
c8901d3f7f69	fataːhaː	1	فَتَـٰهَا
ebea22fd6465	ʃaɣafahaː	1	شَغَفَهَا
854a1f8f4cab	lanaraːhaː	1	لَنَرَٮٰهَا
1f482c525cf6	samiʕat	1	سَمِعَتۡ
8f406c6e5a33	bimakrihinː̃	1	بِمَكۡرِهِنَّ
7bc20bfa6839	ʔarsalat	1	أَرۡسَلَتۡ
278ea699eda3	waʔaʕtadat	1	وَأَعۡتَدَتۡ
8ff091736f47	mutːakaʔaː	1	مُتَّكَــًٔا
04aa521bd3cc	waʔaːtat	1	وَءَاتَتۡ
92f535bbc0a7	sikːiːnaː	1	سِكِّينًا
952b28499d65	raʔajnahuː	1	رَأَيۡنَهُۥٓ
4afa9355280b	ʔakbarnahuː	1	أَكۡبَرۡنَهُۥ
3a2a14cdb3f9	waqatˤːaʕn	1	وَقَطَّعۡنَ
50aab235704b	faðaːlikunː̃	1	فَذٰلِكُنَّ
3cbb59fcc712	lumtunː̃aniː	1	لُمۡتُنَّنِى
fa05af9ca4c0	fastaʕsˤam	1	فَٱسۡتَعۡصَمَ
2e6e12bec55a	ʔaːmuruhuː	1	ءَامُرُهُۥ
26673f6c4771	lajusd͡ʒananː̃	1	لَيُسۡجَنَنَّ
a0ced6dcb62d	walajakuːnaː	1	وَلَيَكُونًا
2c8485792ad8	jadᵊʕuːnaniː	1	يَدۡعُونَنِىٓ
e3e73dde8317	tasˤrif	1	تَصۡرِفۡ
822b70319d43	ʔasˤbᵊ	1	أَصۡبُ
ca8d1cc063b0	fasˤaraf	1	فَصَرَفَ
c34b688ed26c	lajasd͡ʒununː̃ahuː	1	لَيَسۡجُنُنَّهُۥ
a4c159c31bfb	fatajaːn	1	فَتَيَانِ
e071c47cf039	ʔaʕsˤir	1	أَعۡصِرُ
bc2e5c75f12b	ʔaħmil	1	أَحۡمِلُ
01ac9cf5869b	raʔsiː	1	رَأۡسِى
518d82f59c47	xubᵊzaː	1	خُبۡزًا
eacf6dceb7cc	nabːiʔnaː	1	نَبِّئۡنَا
02cc4611b273	jaʔtiːkumaː	1	يَأۡتِيكُمَا
fd3def331677	turzaqaːnihiː	1	تُرۡزَقَانِهِۦٓ
f243b55fde37	nabːaʔtukumaː	1	نَبَّأۡتُكُمَا
9ebfd982cdb3	jaʔtijakumaː	1	يَأۡتِيَكُمَا
d4fc7255be85	ðaːlikumaː	1	ذٰلِكُمَا
9668fa514d6d	ʕalːamaniː	1	عَلَّمَنِى
b5a6d64d9624	watːabaʕt	1	وَٱتَّبَعۡتُ
f2c6584b44a6	ʔaːbaːːʔiː	1	ءَابَآءِىٓ
f436ba1a2808	ʔaʔarbaːbᵊ	1	ءَأَرۡبَابٌ
fc1dac923fb7	mutafarːiquːn	1	مُّتَفَرِّقُونَ
95ac96da12c7	ʔasmaːːʔaː	1	أَسۡمَآءً
2cff5bb2f25d	ʔaħadukumaː	1	أَحَدُكُمَا
0aa232e9cf63	fajasqiː	1	فَيَسۡقِى
ec8c37df0420	fajusˤlabᵊ	1	فَيُصۡلَبُ
ad6c01bcd234	fataʔkul	1	فَتَأۡكُلُ
62748eb28f37	tastaftijaːn	1	تَسۡتَفۡتِيَانِ
79ad4bf1f172	naːd͡ʒᵊ	1	نَاجٍ
0ef054751c45	ʔuðkurniː	1	ٱذۡكُرۡنِى
919561ae2707	faʔaⁿsaːh	1	فَأَنسَـٰهُ
86b56841f15e	lilrːuʔjaː	1	لِلرُّءۡيَا
3709a0dd8f4b	taʕburuːn	1	تَعۡبُرُونَ
2ca0929c59ea	ʔalʔaħlaːm	1	ٱلۡأَحۡلَـٰمِ
226a67bfc451	biʕaːlimiːn	1	بِعَـٰلِمِينَ
f513350952a4	nad͡ʒaː	1	نَجَا
9a14a197a958	wadːakar	1	وَٱدَّكَرَ
cbeb213dcd65	faʔarsiluːn	1	فَأَرۡسِلُونِ
3c022f7fe647	ʔasˤːidːiːqᵊ	1	ٱلصِّدِّيقُ
e2e2115d213f	ʔaftinaː	1	أَفۡتِنَا
6ecadb8865b7	ʔard͡ʒiʕ	1	أَرۡجِعُ
6f68819e1245	tazraʕuːn	1	تَزۡرَعُونَ
50e07023b884	daʔabaː	1	دَأَبًا
bad650f874c8	ħasˤatːum	1	حَصَدتُّمۡ
fc55ff5ba6ab	faðaruːh	1	فَذَرُوهُ
20907f81dfdf	suᵐbulihiː	1	سُنۢبُلِهِۦٓ
6929bf422d49	jaʔkuln	1	يَأۡكُلۡنَ
2ddaa4b68b7f	qadːamtum	1	قَدَّمۡتُمۡ
288d0f953b69	tuħsˤinuːn	1	تُحۡصِنُونَ
07dc09ae08b0	juɣaːθ	1	يُغَاثُ
83f1ccbec4e0	wafiːh	1	وَفِيهِ
07f0657bdee1	jaʕsˤiruːn	1	يَعۡصِرُونَ
520efb66522b	fasʔalh	1	فَسۡــَٔلۡهُ
9331da862866	ʔanː̃iswah	1	ٱلنِّسۡوَةِ
4667aeaf576b	qatˤːaʕn	1	قَطَّعۡنَ
2607ed73daa8	bikajdihinː̃	1	بِكَيۡدِهِنَّ
3535fa75ef99	xatˤᵊbukunː̃	1	خَطۡبُكُنَّ
8652f0a23bc6	raːwatːunː̃	1	رٰوَدتُّنَّ
861730a6e048	quln	1	قُلۡنَ
e63cedcadce0	ħasˤħasˤ	1	حَصۡحَصَ
4df50b96c6b6	ʔaxunh	1	أَخُنۡهُ
c7cc36d16184	ʔubarːiʔ	1	أُبَرِّئُ
adaf9cfacc07	laʔamː̃aːrah	1	لَأَمَّارَةُۢ
0cce0bd99984	ʔastaxlisˤh	1	أَسۡتَخۡلِصۡهُ
9fe82d28d4e5	kalːamahuː	1	كَلَّمَهُۥ
7d060269364a	jatabawːaʔ	1	يَتَبَوَّأُ
815ade6f1ccf	nusˤiːbᵊ	1	نُصِيبُ
ff11ed7a5e7f	biraħmatinaː	1	بِرَحۡمَتِنَا
2766f9af1d68	fadaxaluː	1	فَدَخَلُواۡ
6c8959cbb6a9	faʕarafahum	1	فَعَرَفَهُمۡ
d7ae93e20bdc	biʔax	1	بِأَخٍ
118ae4c3e020	ʔuːfiː	1	أُوفِى
d4d273521179	taʔtuːniː	1	تَأۡتُونِى
c974ee4ec2a9	taqᵊrabuːn	1	تَقۡرَبُونِ
9d3272ed0296	sanuraːwidᵊ	1	سَنُرٰوِدُ
79dcdff17a6e	ʔabaːh	1	أَبَاهُ
ca1226833370	lafaːʕiluːn	1	لَفَـٰعِلُونَ
dd7fc8b97aff	lifitjaːnih	1	لِفِتۡيَـٰنِهِ
6a43320ad832	ʔid͡ʒᵊʕaluː	1	ٱجۡعَلُواۡ
57d7abe2db31	riħaːlihim	1	رِحَالِهِمۡ
1e2678ff5e0e	jaʕrifuːnahaː	1	يَعۡرِفُونَهَآ
48c8365141f0	ʔabiːhim	1	أَبِيهِمۡ
fa86b6d43e79	muniʕ	1	مُنِعَ
df2d9063c481	naktal	1	نَكۡتَلۡ
ecb63f4cf355	ʔaːmanukum	1	ءَامَنُكُمۡ
7934605ac010	ʔamiⁿtukum	1	أَمِنتُكُمۡ
080c46c5dd15	ħaːfiðˤaː	1	حَـٰفِظًا
fd3e8f94627a	fataħuː	1	فَتَحُواۡ
473eb9ce2ebf	mataːʕahum	1	مَتَـٰعَهُمۡ
ee4d7cdb448a	wad͡ʒaduː	1	وَجَدُواۡ
60601932ed48	nabᵊɣiː	1	نَبۡغِى
d8b2e65fe58c	bidˤaːʕatunaː	1	بِضَـٰعَتُنَا
0c7d3e52dc48	wanamiːr	1	وَنَمِيرُ
c745a63a30e4	ʔahlanaː	1	أَهۡلَنَا
2f9055cca3a5	wanaħfaðˤ	1	وَنَحۡفَظُ
9803e7eb6dfb	wanazdaːdᵊ	1	وَنَزۡدَادُ
8ce0e80bbc7b	ʔursilahuː	1	أُرۡسِلَهُۥ
8eb0729de083	tuʔtuːn	1	تُؤۡتُونِ
59bf7269cd72	lataʔtunː̃aniː	1	لَتَأۡتُنَّنِى
cf7083b99499	juħaːtˤᵊ	1	يُحَاطَ
06dd82e88ae0	ʔaːtawh	1	ءَاتَوۡهُ
8f68b40bc9bd	mawθiqahum	1	مَوۡثِقَهُمۡ
b27d26fe90d4	mutafarːiqah	1	مُّتَفَرِّقَةٍ
e9cb76724873	ʔuɣniː	1	أُغۡنِى
114d79fd0726	qadˤaːhaː	1	قَضَـٰهَا
e4b4cbd5b4ed	ʔaxuːk	1	أَخُوكَ
b22ef15334e7	ʔasːiqaːjah	1	ٱلسِّقَايَةَ
0e8470179b9a	raħl	1	رَحۡلِ
6f23081f91bf	ʔaðːan	1	أَذَّنَ
c5e84ad6de74	ʔajːatuhaː	1	أَيَّتُهَا
1f6c72d65eba	lasaːriquːn	1	لَسَـٰرِقُونَ
71c3a99fba28	waʔaqᵊbaluː	1	وَأَقۡبَلُواۡ
b2b564a8a530	tafqiduːn	1	تَفۡقِدُونَ
18f6cc3ea999	nafqidᵊ	1	نَفۡقِدُ
46fae915030d	sˤuwaːʕ	1	صُوَاعَ
228717d46174	ħiml	1	حِمۡلُ
980e6cb3a9cc	linufsidᵊ	1	لِنُفۡسِدَ
105e81d73b92	saːriqiːn	1	سَـٰرِقِينَ
2f5e7c81973b	wud͡ʒidᵊ	1	وُجِدَ
9321482d4259	raħlihiː	1	رَحۡلِهِۦ
02685287abc6	fabadaʔ	1	فَبَدَأَ
44a02b29bc80	biʔawʕijatihim	1	بِأَوۡعِيَتِهِمۡ
0122f1a3e181	ʔistaxrad͡ʒahaː	1	ٱسۡتَخۡرَجَهَا
001251207e00	kidᵊnaː	1	كِدۡنَا
f050727e5d16	lijaʔxuð	1	لِيَأۡخُذَ
0d59b44a2911	wafawqᵊ	1	وَفَوۡقَ
ba2922b4c90a	jasriqᵊ	1	يَسۡرِقۡ
0a4ff01fc614	faʔasarːahaː	1	فَأَسَرَّهَا
63d4b8979d23	jubᵊdihaː	1	يُبۡدِهَا
1f54c12df996	ʔaħadanaː	1	أَحَدَنَا
d74018b326ec	naʔxuð	1	نَّأۡخُذَ
b03ba88b632b	mataːʕanaː	1	مَتَـٰعَنَا
90abfe306d35	laðˤaːlimuːn	1	لَّظَـٰلِمُونَ
910ea812d9e8	ʔistajʔasuː	1	ٱسۡتَيۡــَٔسُواۡ
032d19093bff	xalasˤuː	1	خَلَصُواۡ
1c2de13812dc	ʔabaːkum	1	أَبَاكُمۡ
1ccb3da71396	farːatˤtum	1	فَرَّطتُمۡ
eb2aa311b69a	ʔibᵊnak	1	ٱبۡنَكَ
4165d56eb110	walʕiːr	1	وَٱلۡعِيرَ
aea92dde3f7d	ʔaqᵊbalnaː	1	أَقۡبَلۡنَا
edb0320d49d1	jaʔtijaniː	1	يَأۡتِيَنِى
76457b53ecd4	jaːːʔasafaː	1	يَـٰٓأَسَفَىٰ
01652264ab40	wabᵊjadˤːat	1	وَٱبۡيَضَّتۡ
dfa6bef2623d	ʕajnaːh	1	عَيۡنَاهُ
61de10ab5068	ʔalħuzn	1	ٱلۡحُزۡنِ
6b52e42c481a	taftaʔ	1	تَفۡتَؤُاۡ
361dd5f01fda	taðkur	1	تَذۡكُرُ
17544989edc8	ħaradˤaː	1	حَرَضًا
2af0fb20ca15	ʔalhaːlikiːn	1	ٱلۡهَـٰلِكِينَ
726548947eba	ʔaʃkuː	1	أَشۡكُواۡ
f07d75ff42b3	baθːiː	1	بَثِّى
003c78e43bd7	waħuzniː	1	وَحُزۡنِىٓ
c8ad587729c7	fataħasːasuː	1	فَتَحَسَّسُواۡ
17d463336ee1	tajʔasuː	1	تَاۡيۡــَٔسُواۡ
62e72f472ab6	waʔahlanaː	1	وَأَهۡلَنَا
6c3dee5ea7df	bibidˤaːʕah	1	بِبِضَـٰعَةٍ
9fd149e0197a	muzd͡ʒaːh	1	مُّزۡجَـٰةٍ
433bdf47b2c2	faʔawf	1	فَأَوۡفِ
2126e27b2e08	watasˤadːaqᵊ	1	وَتَصَدَّقۡ
5454d14e8f78	ʔalmutasˤadːiqiːn	1	ٱلۡمُتَصَدِّقِينَ
087363f39b27	bijuːsuf	1	بِيُوسُفَ
9ab3a1be849a	d͡ʒaːhiluːn	1	جَـٰهِلُونَ
7d691a0bee99	wajasˤbir	1	وَيَصۡبِرۡ
ca75513faf08	ʔaːθarak	1	ءَاثَرَكَ
9b1acde91306	laxaːtˤiʔiːn	1	لَخَـٰطِــِٔينَ
dc9360c9e7ad	taθriːbᵊ	1	تَثۡرِيبَ
0a439682f1c0	biqamiːsˤiː	1	بِقَمِيصِى
3215ed7305b3	biʔahlikum	1	بِأَهۡلِكُمۡ
c050d3b2d76b	fasˤalat	1	فَصَلَتِ
ffce0c572349	laʔad͡ʒidᵊ	1	لَأَجِدُ
44e5467d8834	tufanː̃iduːn	1	تُفَنِّدُونِ
d62b4438ca07	dˤalaːlik	1	ضَلَـٰلِكَ
194c728a7a7d	ʔalbaʃiːr	1	ٱلۡبَشِيرُ
8537c2a1917b	ʔalqaːh	1	أَلۡقَـٰهُ
5b49891c7889	fartadːᵊ	1	فَٱرۡتَدَّ
f92afa46a945	ʔastaɣfir	1	أَسۡتَغۡفِرُ
f0e0086b9a84	waxarːuː	1	وَخَرُّواۡ
a7ab8729502f	d͡ʒaʕalahaː	1	جَعَلَهَا
194a619ad56d	ʔaxrad͡ʒaniː	1	أَخۡرَجَنِى
231a40b8ede7	ʔalbadᵊw	1	ٱلۡبَدۡوِ
526a9e16b6a0	nazaɣ	1	نَّزَغَ
8551feb4b39b	ʔixwatiː	1	إِخۡوَتِىٓ
10d5350ef616	ʔaːtajtaniː	1	ءَاتَيۡتَنِى
1dc94cad605b	waʕalːamtaniː	1	وَعَلَّمۡتَنِى
4b5890626f7e	tawafːaniː	1	تَوَفَّنِى
56d54d79e86d	ʔad͡ʒᵊmaʕuː	1	أَجۡمَعُوٓاۡ
0084db23090b	ħarasˤt	1	حَرَصۡتَ
58e7c48e8330	jamurːuːn	1	يَمُرُّونَ
122b7d24947a	ɣaːʃijah	1	غَـٰشِيَةٌ
a0a76f15c9bf	ʔitːabaʕaniː	1	ٱتَّبَعَنِى
8f9a98474586	ʔistajʔas	1	ٱسۡتَيۡــَٔسَ
f8a2f62315e9	kuðibuː	1	كُذِبُواۡ
3012e31fbad9	fanud͡ʒːiː	1	فَنُجِّىَ
4b0b9ccc515d	qasˤasˤihim	1	قَصَصِهِمۡ
a3665e8b62d9	ʕibᵊrah	1	عِبۡرَةٌ
90e3f36ca66f	ʔalif laːːːm miːːːm raː	1	الٓمٓر
402c47c6bb26	tuːqinuːn	1	تُوقِنُونَ
eb2500862e97	qitˤaʕ	1	قِطَعٌ
c78dba6c1816	mutad͡ʒaːwiraːt	1	مُّتَجَـٰوِرٰتٌ
c28fef630779	wazarʕ	1	وَزَرۡعٌ
054bd6dbe8d4	wanaxiːl	1	وَنَخِيلٌ
758b10518318	jusqaː	1	يُسۡقَىٰ
622aa1382d38	wanufadˤːil	1	وَنُفَضِّلُ
cb7401fd61b8	baʕdˤahaː	1	بَعۡضَهَا
4ebded117b3c	ʔalʔukul	1	ٱلۡأُكُلِ
aaa3d00e2454	taʕd͡ʒabᵊ	1	تَعۡجَبۡ
88a6f7ac1dae	faʕad͡ʒabᵊ	1	فَعَجَبٌ
511a59fbecb1	ʔalmaθulaːt	1	ٱلۡمَثُلَـٰتُ
72e437443a8a	ðˤulmihim	1	ظُلۡمِهِمۡ
98e95f6cc1a0	taɣiːdˤ	1	تَغِيضُ
528b3ec14710	tazdaːdᵊ	1	تَزۡدَادُ
f1ea6ceaeb75	bimiqᵊdaːr	1	بِمِقۡدَارٍ
b5b2fd0e3c1f	ʔalmutaʕaːl	1	ٱلۡمُتَعَالِ
c24cf210acfc	d͡ʒahar	1	جَهَرَ
0acfeac080c0	mustaxf	1	مُسۡتَخۡفِۭ
b7fde1ab2964	wasaːribᵊ	1	وَسَارِبُۢ
2b651a88e536	muʕaqːibaːt	1	مُعَقِّبَـٰتٌ
63e8ccc15ddc	jaħfaðˤuːnahuː	1	يَحۡفَظُونَهُۥ
c3d5fc0d3870	juɣajːir	1	يُغَيِّرُ
fe61a26aaabe	waːl	1	وَالٍ
75ea0ce884bc	wajuⁿʃiʔ	1	وَيُنشِئُ
eff940ccbb1a	ʔaθːiqaːl	1	ٱلثِّقَالَ
a654ca0a9411	wajusabːiħ	1	وَيُسَبِّحُ
55da4dea8f05	ʔarːaʕdᵊ	1	ٱلرَّعۡدُ
c7cf459c9d6f	xiːfatihiː	1	خِيفَتِهِۦ
01810c1738e5	ʔalmiħaːl	1	ٱلۡمِحَالِ
2b8c96424b30	jastad͡ʒiːbuːn	1	يَسۡتَجِيبُونَ
9db2e21bc83c	kabaːsitˤᵊ	1	كَبَـٰسِطِ
85a31221aff1	lijabᵊluɣ	1	لِيَبۡلُغَ
bb11ffb614e8	faːh	1	فَاهُ
912364d2151c	bibaːliɣihiː	1	بِبَـٰلِغِهِۦ
6c3eed6e678e	waðˤilaːluhum	1	وَظِلَـٰلُهُم
a2e20a0f7bd6	ʔafatːaxaðtum	1	أَفَٱتَّخَذۡتُم
aa9d12a0649e	kaxalqihiː	1	كَخَلۡقِهِۦ
cd092c6dc164	fataʃaːbah	1	فَتَشَـٰبَهَ
c8def2d73f71	fasaːlat	1	فَسَالَتۡ
c7a03ed31f3d	ʔawdijah	1	أَوۡدِيَةُۢ
12d0d641b86d	biqadarihaː	1	بِقَدَرِهَا
eea877efc785	faħtamal	1	فَٱحۡتَمَلَ
1f3c254686ad	ʔasːajl	1	ٱلسَّيۡلُ
11e5b08a82c9	zabadaː	1	زَبَدًا
589771e08d76	raːbijaː	1	رَّابِيًا
1089eb2d6bd9	juːqiduːn	1	يُوقِدُونَ
3d56f9d12731	ħiljah	1	حِلۡيَةٍ
4c6583af1a3c	zabadᵊ	1	زَبَدٌ
b971064473f5	walbaːtˤil	1	وَٱلۡبَـٰطِلَ
474fa59f7abe	ʔazːabadᵊ	1	ٱلزَّبَدُ
41b4d1bcb7d3	fajaðhabᵊ	1	فَيَذۡهَبُ
020a63072a7a	d͡ʒufaːːʔaː	1	جُفَآءً
f13f6690c04d	fajamkuθ	1	فَيَمۡكُثُ
825ed6eb4f1b	ʔalmiːθaːqᵊ	1	ٱلۡمِيثَـٰقَ
3cdb31e91308	wajaxʃawn	1	وَيَخۡشَوۡنَ
3193a0e33730	tatˤᵊmaʔinː̃	1	تَطۡمَئِنُّ
69a116ae1131	tˤuːbaː	1	طُوبَىٰ
c739d235d2a9	litatluː	1	لِّتَتۡلُوَاۡ
4051351dd106	mataːbᵊ	1	مَتَابِ
cac15e7236b3	kulːim	1	كُلِّمَ
34b3f948dfd5	lahadaː	1	لَهَدَى
1ff13c13f9cd	tusˤiːbuhum	1	تُصِيبُهُم
eea27d5ea710	qaːriʕah	1	قَارِعَةٌ
510ccd981958	taħulː	1	تَحُلُّ
9b8a5fdf3cd5	samː̃uːhum	1	سَمُّوهُمۡ
401fd9b4e178	tunabːiʔuːnahuː	1	تُنَبِّــُٔونَهُۥ
a61e8a5a22cd	biðˤaːhir	1	بِظَـٰهِرٍ
90d5f5128546	wasˤudːuː	1	وَصُدُّواۡ
2ad0e7296457	ʔaʃaqːᵊ	1	أَشَقُّ
4e7f3a7fc501	ʔukuluhaː	1	أُكُلُهَا
0076152bcf0c	daːːʔim	1	دَآئِمٌ
52e827c894a3	waðˤilːuhaː	1	وَظِلُّهَا
dce5aa644f50	waʕuqᵊbaː	1	وَّعُقۡبَى
e4f97e49bd8d	juⁿkir	1	يُنكِرُ
4080e8ee010f	waðurːijːahaː	1	وَذُرِّيَّةً
74deee78c2ee	jamħuː	1	يَمۡحُواۡ
9fa1faee9ff7	wajuθbit	1	وَيُثۡبِتُ
2e7a4ef76b64	waʕalajnaː	1	وَعَلَيۡنَا
dc1aa6de5e6d	muʕaqːibᵊ	1	مُعَقِّبَ
2c04bdd01b39	liħukmihiː	1	لِحُكۡمِهِۦ
fb34487336b2	mursalaː	1	مُرۡسَلًا
892ac4227180	lituxrid͡ʒᵊ	1	لِتُخۡرِجَ
767352b5744a	jastaħibːuːn	1	يَسۡتَحِبُّونَ
f6080aa0c07e	fajudˤilː	1	فَيُضِلُّ
707190864e2d	ʔaxrid͡ʒᵊ	1	أَخۡرِجۡ
ed83a57070f5	waðakːirhum	1	وَذَكِّرۡهُم
f5beee5b1ec8	biʔajːaːm	1	بِأَيَّـٰمِ
f4944c4a12c4	ʔaⁿd͡ʒaːkum	1	أَنجَـٰكُم
a5a57e64a140	wajuðabːiħuːn	1	وَيُذَبِّحُونَ
cb19008aa05d	laʔaziːdanː̃akum	1	لَأَزِيدَنَّكُمۡ
6132124cc1b5	faradːuː	1	فَرَدُّوٓاۡ
d75614c30048	tadᵊʕuːnanaː	1	تَدۡعُونَنَآ
ceb0abb6feb5	wajuʔaxːirakum	1	وَيُؤَخِّرَكُمۡ
dd0711a1b9cf	tasˤudːuːnaː	1	تَصُدُّونَا
be26af855e4e	faʔtuːnaː	1	فَأۡتُونَا
6d04ebe51b0d	naʔtijakum	1	نَّأۡتِيَكُم
23d75de9260a	natawakːal	1	نَتَوَكَّلَ
14bd6746575c	walanasˤbiranː̃	1	وَلَنَصۡبِرَنَّ
2f814254a5a2	ʔaːðajtumuːnaː	1	ءَاذَيۡتُمُونَا
d63bf5a32fd3	lirusulihim	1	لِرُسُلِهِمۡ
34d9dfe387eb	lanuxrid͡ʒanː̃akum	1	لَنُخۡرِجَنَّكُم
98fa28332ca9	lanuhlikanː̃	1	لَنُهۡلِكَنَّ
ad6e4d503114	walanuskinanː̃akum	1	وَلَنُسۡكِنَنَّكُمُ
c6e8d1c6a7fa	waxaːf	1	وَخَافَ
de44d68cdbf3	wastaftaħuː	1	وَٱسۡتَفۡتَحُواۡ
89c922bef751	waxaːbᵊ	1	وَخَابَ
e72110cd44e7	wajusqaː	1	وَيُسۡقَىٰ
b6f8fe2ba6a6	sˤadiːdᵊ	1	صَدِيدٍ
8157851d57a1	jatad͡ʒarːaʕuhuː	1	يَتَجَرَّعُهُۥ
cf67059a9ae4	jusiːɣuhuː	1	يُسِيغُهُۥ
0433db850881	wajaʔtiːh	1	وَيَأۡتِيهِ
a505ead3c118	bimajːit	1	بِمَيِّتٍ
5c72e0077d75	karamaːdᵊ	1	كَرَمَادٍ
ed6a5eb3924d	ʔiʃtadːat	1	ٱشۡتَدَّتۡ
cfff354e4540	lahadajnaːkum	1	لَهَدَيۡنَـٰكُمۡ
d1d0eaefe7aa	ʔad͡ʒaziʕnaː	1	أَجَزِعۡنَآ
3b4edcc32db3	wawaʕatːukum	1	وَوَعَدتُّكُمۡ
ef67ce31ab24	faʔaxlaftukum	1	فَأَخۡلَفۡتُكُمۡ
227f91d03636	daʕawtukum	1	دَعَوۡتُكُمۡ
d75b801f2ccf	fastad͡ʒabᵊtum	1	فَٱسۡتَجَبۡتُمۡ
e8a39f5febc5	taluːmuːniː	1	تَلُومُونِى
01be4d012d22	waluːmuː	1	وَلُومُوٓاۡ
b45a9f79859f	bimusˤrixikum	1	بِمُصۡرِخِكُمۡ
b117f17dd443	bimusˤrixijː	1	بِمُصۡرِخِىَّ
c6bb3384f400	kafart	1	كَفَرۡتُ
0c6dd9e4308e	ʔaʃraktumuːn	1	أَشۡرَكۡتُمُونِ
2a316b00eaf1	ʔasˤluhaː	1	أَصۡلُهَا
ad0b8120baf0	θaːbit	1	ثَابِتٌ
9b7c9034934c	wafarʕuhaː	1	وَفَرۡعُهَا
aa9ebfa5b493	ʔud͡ʒᵊtuθːat	1	ٱجۡتُثَّتۡ
4356371cd1d5	juθabːit	1	يُثَبِّتُ
ce39bae86258	ʔaθːaːbit	1	ٱلثَّابِتِ
c90e6a23d793	wajudˤilː	1	وَيُضِلُّ
5c7f9ca9ee35	wajafʕal	1	وَيَفۡعَلُ
02d115a0f9b3	waʔaħalːuː	1	وَأَحَلُّواۡ
50f66181dc3e	ʔalbawaːr	1	ٱلۡبَوَارِ
c310f26f8f95	masˤiːrakum	1	مَصِيرَكُمۡ
e436b3cb53dc	juqiːmuː	1	يُقِيمُواۡ
3fdc311ac103	wajuⁿfiquː	1	وَيُنفِقُواۡ
d7cd08e94096	daːːʔibajn	1	دَآئِبَيۡنِ
3949856066b4	saʔaltumuːh	1	سَأَلۡتُمُوهُ
5347f70e3ad1	laðˤaluːm	1	لَظَلُومٌ
aa48df791729	wad͡ʒᵊnubᵊniː	1	وَٱجۡنُبۡنِى
f58c241bdbe9	wabanijː	1	وَبَنِىَّ
600013d967e3	ʔalʔasˤnaːm	1	ٱلۡأَصۡنَامَ
211676ba7d8e	ʔinː̃ahunː̃	1	إِنَّهُنَّ
0b55d39fdad5	ʔadˤlaln	1	أَضۡلَلۡنَ
330622f15aeb	tabiʕaniː	1	تَبِعَنِى
af0f05c19451	ʕasˤaːniː	1	عَصَانِى
7711b93e478f	ʔaskaⁿt	1	أَسۡكَنتُ
6697e459915e	biwaːdᵊ	1	بِوَادٍ
3b65a4ee5e8b	zarʕ	1	زَرۡعٍ
9be6191a57fb	ʔalmuħarːam	1	ٱلۡمُحَرَّمِ
df81630599e4	lijuqiːmuː	1	لِيُقِيمُواۡ
a8a63ef5d923	ʔafʔidahaː	1	أَفۡــِٔدَةً
8b4500010952	warzuqᵊhum	1	وَٱرۡزُقۡهُم
7174c89bc2d1	nuxfiː	1	نُخۡفِى
a1f36fdd5c77	nuʕlin	1	نُعۡلِنُ
bcdc7749ce6f	wataqabːal	1	وَتَقَبَّلۡ
a8782b0f8a96	ɣaːfilaː	1	غَـٰفِلًا
abfdee5a0215	taʃxasˤ	1	تَشۡخَصُ
39177369c7b1	muqᵊniʕiː	1	مُقۡنِعِى
e7f7f3edc859	tˤarfuhum	1	طَرۡفُهُمۡ
f319f0073587	waʔafʔidatuhum	1	وَأَفۡــِٔدَتُهُمۡ
810b5fd9291b	hawaːːʔ	1	هَوَآءٌ
a48b249f95b6	ʔaxːirnaː	1	أَخِّرۡنَآ
8b832ef82b12	nud͡ʒibᵊ	1	نُّجِبۡ
163f767d0e14	daʕwatak	1	دَعۡوَتَكَ
77c61411fd78	wanatːabiʕ	1	وَنَتَّبِعِ
a150c4d87142	zawaːl	1	زَوَالٍ
1c7c0419ede5	wasakaⁿtum	1	وَسَكَنتُمۡ
5fa6cb7f3819	masaːkin	1	مَسَـٰكِنِ
6ca34746b3c4	watabajːan	1	وَتَبَيَّنَ
2ea106e0384d	faʕalnaː	1	فَعَلۡنَا
4d39b1238df2	wadˤarabᵊnaː	1	وَضَرَبۡنَا
f3ae23542ff1	makrahum	1	مَكۡرَهُمۡ
53ba161d38cd	litazuːl	1	لِتَزُولَ
4a3f82d540b3	muxlif	1	مُخۡلِفَ
de0b94b7393a	waʕdihiː	1	وَعۡدِهِۦ
aa78f0b51158	tubadːal	1	تُبَدَّلُ
9986409172ac	saraːbiːluhum	1	سَرَابِيلُهُم
152109a06912	qatˤiraːn	1	قَطِرَانٍ
19fd76b9d568	wataɣʃaː	1	وَتَغۡشَىٰ
bf8b50c98ff9	walijuⁿðaruː	1	وَلِيُنذَرُواۡ
af0086eb33cb	walijaʕlamuː	1	وَلِيَعۡلَمُوٓاۡ
8c49e3274850	walijaðːakːar	1	وَلِيَذَّكَّرَ
d06f9f3371da	rubamaː	1	رُّبَمَا
6afc35139f41	jaʔkuluː	1	يَأۡكُلُواۡ
719b84359283	wajatamatːaʕuː	1	وَيَتَمَتَّعُواۡ
88a658ed3de4	wajulhihim	1	وَيُلۡهِهِمُ
0f7c96f01f04	ʔalʔamal	1	ٱلۡأَمَلُ
2369f6424136	bilmalaːːʔikah	1	بِٱلۡمَلَـٰٓئِكَةِ
221d9388ed7c	ʃijaʕ	1	شِيَعِ
145189c8287e	naslukuhuː	1	نَسۡلُكُهُۥ
6df08c118208	faðˤalːuː	1	فَظَلُّواۡ
2761b92e0a78	jaʕrud͡ʒuːn	1	يَعۡرُجُونَ
3462eb64e2be	sukːirat	1	سُكِّرَتۡ
5bb4a306c26b	ʔabᵊsˤaːrunaː	1	أَبۡصَـٰرُنَا
3d760c81aabd	masħuːruːn	1	مَّسۡحُورُونَ
994b6c838314	waħafiðˤnaːhaː	1	وَحَفِظۡنَـٰهَا
62d04b4b453b	ʔistaraqᵊ	1	ٱسۡتَرَقَ
695206fb7184	mawzuːn	1	مَّوۡزُونٍ
e0cd143cb09a	biraːziqiːn	1	بِرٰزِقِينَ
86a758b8e101	xazaːːʔinuhuː	1	خَزَآئِنُهُۥ
0b4a705098ac	nunazːiluhuː	1	نُنَزِّلُهُۥٓ
9a0c5c324649	lawaːqiħ	1	لَوٰقِحَ
52f7d94401fd	faʔasqajnaːkumuːh	1	فَأَسۡقَيۡنَـٰكُمُوهُ
8cea169e65c4	bixaːziniːn	1	بِخَـٰزِنِينَ
4b20479f0a5c	ʔalmustaqᵊdimiːn	1	ٱلۡمُسۡتَقۡدِمِينَ
6c2be2657900	ʔalmustaʔxiriːn	1	ٱلۡمُسۡتَــٔۡخِرِينَ
fdc6f1cfbbdb	wald͡ʒaːːːnː̃	1	وَٱلۡجَآنَّ
98d1e7fecc7c	liʔasd͡ʒudᵊ	1	لِّأَسۡجُدَ
578084ea7548	xalaqᵊtahuː	1	خَلَقۡتَهُۥ
ea3bf9bb2bd5	laʔuzajːinanː̃	1	لَأُزَيِّنَنَّ
41acbb6f42f7	walaʔuɣwijanː̃ahum	1	وَلَأُغۡوِيَنَّهُمۡ
f926e9ec27a0	lamawʕiduhum	1	لَمَوۡعِدُهُمۡ
54b0d951bd65	d͡ʒuzʔ	1	جُزۡءٌ
2e7363c17a25	maqᵊsuːm	1	مَّقۡسُومٌ
50104b118f26	bimuxrad͡ʒiːn	1	بِمُخۡرَجِينَ
142b5d7816fd	nabːiʔ	1	نَبِّئۡ
fd92b6e62335	wad͡ʒiluːn	1	وَجِلُونَ
48d4efef2bce	tawd͡ʒal	1	تَوۡجَلۡ
b23bc6e00c32	ʔabaʃːartumuːniː	1	أَبَشَّرۡتُمُونِى
0594ce1a9b18	fabim	1	فَبِمَ
fbbecf534d09	tubaʃːiruːn	1	تُبَشِّرُونَ
ae35bc743821	baʃːarnaːk	1	بَشَّرۡنَـٰكَ
73c5c799b4a8	ʔalqaːnitˤiːn	1	ٱلۡقَـٰنِطِينَ
6a4d3ec28b68	jaqᵊnatˤᵊ	1	يَقۡنَطُ
1b66b40a5bca	lamunad͡ʒːuːhum	1	لَمُنَجُّوهُمۡ
9e432843aec5	waʔatajnaːk	1	وَأَتَيۡنَـٰكَ
2a666f5f7424	ʔadᵊbaːrahum	1	أَدۡبَـٰرَهُمۡ
ebfa093d860f	wamdˤuː	1	وَٱمۡضُواۡ
2c6a3a255945	maqᵊtˤuːʕ	1	مَقۡطُوعٌ
c773c99ec0a0	tafdˤaħuːn	1	تَفۡضَحُونِ
d9ce71b9e786	nanhak	1	نَنۡهَكَ
9853ae8edddd	laʕamruk	1	لَعَمۡرُكَ
1254277a96dc	sakratihim	1	سَكۡرَتِهِمۡ
188413bab4b7	fad͡ʒaʕalnaː	1	فَجَعَلۡنَا
a6e2ec8a2f07	lilmutawasːimiːn	1	لِّلۡمُتَوَسِّمِينَ
b92500f073d0	labisabiːl	1	لَبِسَبِيلٍ
5aa3ff1fcaa2	laðˤaːlimiːn	1	لَظَـٰلِمِينَ
7b0787d6a61c	waʔinː̃ahumaː	1	وَإِنَّهُمَا
8b25b0d9ec89	labiʔimaːm	1	لَبِإِمَامٍ
768a8401a0f4	ʔalħid͡ʒᵊr	1	ٱلۡحِجۡرِ
c08e9813be78	janħituːn	1	يَنۡحِتُونَ
8aecdb6dbfcf	ʔasˤːafħ	1	ٱلصَّفۡحَ
a86f3b10bfa3	ʔald͡ʒamiːl	1	ٱلۡجَمِيلَ
5056e7cf7ec3	ʔalmaθaːniː	1	ٱلۡمَثَانِى
b47936f50530	ʔalmuqᵊtasimiːn	1	ٱلۡمُقۡتَسِمِينَ
0689327121ab	ʕidˤiːn	1	عِضِينَ
0c0c733fc61e	lanasʔalanː̃ahum	1	لَنَسۡــَٔلَنَّهُمۡ
b30f4cc069ee	fasˤdaʕ	1	فَٱصۡدَعۡ
7451dfeb6fd0	kafajnaːk	1	كَفَيۡنَـٰكَ
23f9738fefcf	ʔalmustahziʔiːn	1	ٱلۡمُسۡتَهۡزِءِينَ
1b6fedf50cc0	jadˤiːqᵊ	1	يَضِيقُ
a2256456d05f	waʕbudᵊ	1	وَٱعۡبُدۡ
94c09c5d98dd	jaʔtijak	1	يَأۡتِيَكَ
fbc275cba93d	tastaʕd͡ʒiluːh	1	تَسۡتَعۡجِلُوهُ
820c750d2c21	birːuːħ	1	بِٱلرُّوحِ
fd604a0d809f	ʔaⁿðiruː	1	أَنذِرُوٓاۡ
d910aa6ddba7	xalaqahaː	1	خَلَقَهَا
598287a1530c	difʔ	1	دِفۡءٌ
baee10c5961c	d͡ʒamaːl	1	جَمَالٌ
074a584a54e7	turiːħuːn	1	تُرِيحُونَ
eddfe4039fe6	tasraħuːn	1	تَسۡرَحُونَ
4a40126a57dc	wataħmil	1	وَتَحۡمِلُ
62883163d3f7	ʔaθqaːlakum	1	أَثۡقَالَكُمۡ
8a30a7a4c0ab	baːliɣiːh	1	بَـٰلِغِيهِ
448708f6d20a	biʃiqːᵊ	1	بِشِقِّ
260def2a1624	walbiɣaːl	1	وَٱلۡبِغَالَ
2d25002d0435	walħamiːr	1	وَٱلۡحَمِيرَ
01a5e073f23b	litarkabuːhaː	1	لِتَرۡكَبُوهَا
e9c79111bdd7	waziːnahaː	1	وَزِينَةً
2fc7abc755fb	wajaxluqᵊ	1	وَيَخۡلُقُ
4bba3ea61d22	qasˤdᵊ	1	قَصۡدُ
b6e0aacb2b95	d͡ʒaːːʔir	1	جَآئِرٌ
d0833229edf4	waminh	1	وَمِنۡهُ
9e2caa4a0084	tusiːmuːn	1	تُسِيمُونَ
4754aa68ff92	juᵐbit	1	يُنۢبِتُ
f7306ae02e43	ʔazːarʕ	1	ٱلزَّرۡعَ
379fa63272df	wanː̃axiːl	1	وَٱلنَّخِيلَ
632a54851b3f	watastaxrid͡ʒuː	1	وَتَسۡتَخۡرِجُواۡ
7e76aae5ae74	wasubulaː	1	وَسُبُلًا
af9f8b783dae	waʕalaːmaːt	1	وَعَلَـٰمَـٰتٍ
5e9e752f273a	wabinː̃ad͡ʒᵊm	1	وَبِٱلنَّجۡمِ
74f34a26bee7	muⁿkirah	1	مُّنكِرَةٌ
b78de3eb24f8	ʔalmustakbiriːn	1	ٱلۡمُسۡتَكۡبِرِينَ
6f03a92494f8	lijaħmiluː	1	لِيَحۡمِلُوٓاۡ
99a910d00829	kaːmilahaː	1	كَامِلَةً
8ded6b173267	ʔawzaːr	1	أَوۡزَارِ
0f27bdcb5e08	judˤilːuːnahum	1	يُضِلُّونَهُم
5a7d39f6d378	faʔataː	1	فَأَتَى
3db8bdfab316	bunjaːnahum	1	بُنۡيَـٰنَهُم
1d6e7731f571	faxarː	1	فَخَرَّ
2f237570d69f	ʔasːaqᵊf	1	ٱلسَّقۡفُ
6ef1fe6be282	waʔataːhum	1	وَأَتَـٰهُمُ
4dc3ab9bb0a0	juxziːhim	1	يُخۡزِيهِمۡ
1538e31e9d88	tuʃaːːːqːuːn	1	تُشَـٰٓقُّونَ
af239722f6aa	wasːuːːʔ	1	وَٱلسُّوٓءَ
36be363ee1fc	falabiʔs	1	فَلَبِئۡسَ
764a6143a1a4	walaniʕm	1	وَلَنِعۡمَ
1ca8e423a561	tˤajːibiːn	1	طَيِّبِينَ
3a14380962a9	ʕabadᵊnaː	1	عَبَدۡنَا
fd96c7e8a89c	taħrisˤ	1	تَحۡرِصۡ
815b2164eccd	qawlunaː	1	قَوۡلُنَا
82b9a7e96f3b	ʔaradᵊnaːh	1	أَرَدۡنَـٰهُ
8d6e68a8c2da	taqalːubihim	1	تَقَلُّبِهِمۡ
550bdd7e0913	taxawːuf	1	تَخَوُّفٍ
87cdf961bb45	jatafajːaʔ	1	يَتَفَيَّؤُاۡ
57ab1192bfd8	ðˤilaːluhuː	1	ظِلَـٰلُهُۥ
67058dd72bf8	waʃːamaːːʔil	1	وَٱلشَّمَآئِلِ
ecbb26099152	waːsˤibaː	1	وَاصِبًا
48def0f1ae28	faʔilajh	1	فَإِلَيۡهِ
d7db0a93fdd1	tad͡ʒᵊʔaruːn	1	تَجۡــَٔرُونَ
3384c8004d6a	kaʃaf	1	كَشَفَ
89ce7c473b3a	jatawaːraː	1	يَتَوٰرَىٰ
eda932455157	ʔajumsikuhuː	1	أَيُمۡسِكُهُۥ
e910db1dfbfc	huːn	1	هُونٍ
886e00e7bd41	jadusːuhuː	1	يَدُسُّهُۥ
08d40c88b27a	ʔatːuraːbᵊ	1	ٱلتُّرَابِ
642a0c6bde34	jakrahuːn	1	يَكۡرَهُونَ
dc945e9cb9f2	watasˤif	1	وَتَصِفُ
e6383b0613cd	mufratˤuːn	1	مُّفۡرَطُونَ
736337bac94d	fazajːan	1	فَزَيَّنَ
46fca0471e99	butˤuːnihiː	1	بُطُونِهِۦ
ec33e6f66f09	farθ	1	فَرۡثٍ
6f584740b47c	wadam	1	وَدَمٍ
23749f6b9d19	labanaː	1	لَّبَنًا
ce7dfc09b1df	xaːlisˤaː	1	خَالِصًا
d3b421f4e237	saːːʔiɣaː	1	سَآئِغًا
45958823ca74	ʔanː̃axiːl	1	ٱلنَّخِيلِ
de75368e9b7d	sakaraː	1	سَكَرًا
8494216b0fdb	warizqaː	1	وَرِزۡقًا
f05eb0c6e5fe	ʔanː̃aħl	1	ٱلنَّحۡلِ
99e73c05fc8b	ʔitːaxiðiː	1	ٱتَّخِذِى
c54940484cd8	kuliː	1	كُلِى
c41c33bb2e89	faslukiː	1	فَٱسۡلُكِى
6984383a97a5	ðululaː	1	ذُلُلًا
274bb88c8c9e	fudˤːiluː	1	فُضِّلُواۡ
608152706134	biraːːːdːiː	1	بِرَآدِّى
600bcfc29fc1	rizqihim	1	رِزۡقِهِمۡ
07195c33bbd8	ʔafabiniʕmah	1	أَفَبِنِعۡمَةِ
129db1f5bc34	waħafadahaː	1	وَحَفَدَةً
d36c013b560d	wabiniʕmat	1	وَبِنِعۡمَتِ
04fd7f4b04a5	tadˤribuː	1	تَضۡرِبُواۡ
5be907882c2c	mamluːkaː	1	مَّمۡلُوكًا
0f3f59f52e3b	razaqᵊnaːh	1	رَّزَقۡنَـٰهُ
07436e060091	wad͡ʒahraː	1	وَجَهۡرًا
5b359cff88ac	ʔabᵊkam	1	أَبۡكَمُ
77d63a053051	kalː	1	كَلٌّ
1b49e143c5e0	juwad͡ʒːihː	1	يُوَجِّههُّ
c1800de51776	ʔaxrad͡ʒakum	1	أَخۡرَجَكُم
88ada2413f99	d͡ʒawː	1	جَوِّ
f6be6a1fea18	tastaxifːuːnahaː	1	تَسۡتَخِفُّونَهَا
4e9e9d82e9b9	ðˤaʕnikum	1	ظَعۡنِكُمۡ
76015e97c780	ʔiqaːmatikum	1	إِقَامَتِكُمۡ
d714b3b246a1	ʔasˤwaːfihaː	1	أَصۡوَافِهَا
68a7aea16fcd	waʔawbaːrihaː	1	وَأَوۡبَارِهَا
ad829aa679c4	waʔaʃʕaːrihaː	1	وَأَشۡعَارِهَآ
c5ff59a863fb	ðˤilaːlaː	1	ظِلَـٰلًا
b4b45729fc2b	ʔaknaːnaː	1	أَكۡنَـٰنًا
0775f4b15290	saraːbiːl	1	سَرٰبِيلَ
d8a726be0c4e	wasaraːbiːl	1	وَسَرٰبِيلَ
451270dadffc	baʔsakum	1	بَأۡسَكُمۡ
2e398ee92d99	tuslimuːn	1	تُسۡلِمُونَ
bb224cafd294	juⁿkiruːnahaː	1	يُنكِرُونَهَا
e4abcf930362	ʃurakaːːʔahum	1	شُرَكَآءَهُمۡ
40c89fde641e	ʃurakaːːʔunaː	1	شُرَكَآؤُنَا
ad25da577ce6	tibᵊjaːnaː	1	تِبۡيَـٰنًا
8c4dff9586b5	walʔiħsaːn	1	وَٱلۡإِحۡسَـٰنِ
a17979664336	waʔiːtaːʔ	1	وَإِيتَآىِٕ
34bb3dc12201	wajanhaː	1	وَيَنۡهَىٰ
5604be3cb1e0	taⁿqudˤuː	1	تَنقُضُواۡ
b4376d15f666	tawkiːdihaː	1	تَوۡكِيدِهَا
17e8c33a1518	d͡ʒaʕaltum	1	جَعَلۡتُمُ
c138acd098b6	kafiːlaː	1	كَفِيلًا
b54bc83bdcf5	kalːatiː	1	كَٱلَّتِى
8b7ae6ef727f	naqadˤat	1	نَقَضَتۡ
af4793d3ce8e	ɣazlahaː	1	غَزۡلَهَا
77f3969558d9	ʔaⁿkaːθaː	1	أَنكَـٰثًا
db2d923cdb30	ʔarbaː	1	أَرۡبَىٰ
692013b4dee7	jabᵊluːkum	1	يَبۡلُوكُمُ
2257393af5df	walajubajːinanː̃	1	وَلَيُبَيِّنَنَّ
ebded9e1c5b4	walatusʔalunː̃	1	وَلَتُسۡــَٔلُنَّ
6c093b59a32d	fatazilː	1	فَتَزِلَّ
d5640a6c91ea	θubuːtihaː	1	ثُبُوتِهَا
7edd4140d102	wataðuːquː	1	وَتَذُوقُواۡ
87e6eefa3f3a	sˤadatːum	1	صَدَدتُّمۡ
5825243d980f	jaⁿfadᵊ	1	يَنفَدُ
cbf7b7ef8881	baːqᵊ	1	بَاقٍ
e57755952774	walanad͡ʒᵊzijanː̃	1	وَلَنَجۡزِيَنَّ
c1cef7617683	falanuħjijanː̃ahuː	1	فَلَنُحۡيِيَنَّهُۥ
ae28099c5306	sultˤaːnuhuː	1	سُلۡطَـٰنُهُۥ
d2488b5a6085	jatawalːawnahuː	1	يَتَوَلَّوۡنَهُۥ
b40c2312df52	muftar	1	مُفۡتَرِۭ
ba7e1ac606bb	ruːħ	1	رُوحُ
0bd260b72a29	lijuθabːit	1	لِيُثَبِّتَ
8f0230ada990	juʕalːimuhuː	1	يُعَلِّمُهُۥ
fd881f9e215e	ʔaʕd͡ʒamijː	1	أَعۡجَمِىٌّ
b0b5a3387cd6	jaftariː	1	يَفۡتَرِى
0fa31425487b	ʔiːmaːnihiː	1	إِيمَـٰنِهِۦٓ
692806392d1e	ʔukrih	1	أُكۡرِهَ
ee11802c00d0	waqalbuhuː	1	وَقَلۡبُهُۥ
9af553a43657	mutˤᵊmaʔinː̃	1	مُطۡمَئِنُّۢ
102f11c40573	sˤadᵊraː	1	صَدۡرًا
b30b1103f81f	faʕalajhim	1	فَعَلَيۡهِمۡ
c5c8907a34b2	wasamʕihim	1	وَسَمۡعِهِمۡ
f652bf265037	futinuː	1	فُتِنُواۡ
04430b7c40af	wasˤabaruː	1	وَصَبَرُوٓاۡ
fb9b602a8797	nafsihaː	1	نَّفۡسِهَا
05302ac21505	watuwafːaː	1	وَتُوَفَّىٰ
b92038dc4b96	ʔaːminahaː	1	ءَامِنَةً
583be69a84f5	mutˤᵊmaʔinː̃ahaː	1	مُّطۡمَئِنَّةً
96a11ebbe7ae	jaʔtiːhaː	1	يَأۡتِيهَا
c48eb062ad03	fakafarat	1	فَكَفَرَتۡ
638c987e57fe	biʔanʕum	1	بِأَنۡعُمِ
55a53513a602	faʔaðaːqahaː	1	فَأَذٰقَهَا
02dc51fb6a86	ʔald͡ʒuːʕ	1	ٱلۡجُوعِ
cc59b99aa777	walxawf	1	وَٱلۡخَوۡفِ
8a5aa4085832	tasˤif	1	تَصِفُ
fb0136c3bb85	ʔalsinatukum	1	أَلۡسِنَتُكُمُ
9ec9de127619	ħalaːl	1	حَلَـٰلٌ
471882449c65	ħaraːm	1	حَرَامٌ
f432b92d7330	litaftaruː	1	لِّتَفۡتَرُواۡ
a0e7c8447107	qaːnitaː	1	قَانِتًا
d3845d02dc74	liʔanʕumih	1	لِّأَنۡعُمِهِ
5baa2df24f2c	wahadaːh	1	وَهَدَٮٰهُ
809e734c1e47	d͡ʒuʕil	1	جُعِلَ
2dcb9be8fd5c	lajaħkum	1	لَيَحۡكُمُ
5a147bb78f7c	walmawʕiðˤah	1	وَٱلۡمَوۡعِظَةِ
aef35b9d84ca	wad͡ʒaːdilhum	1	وَجَـٰدِلۡهُم
39458cfa3c6e	ʕaːqabᵊtum	1	عَاقَبۡتُمۡ
e6c905f0647c	faʕaːqibuː	1	فَعَاقِبُواۡ
e7e7bbeb9114	ʕuːqibᵊtum	1	عُوقِبۡتُم
f777102b274d	lilsˤːaːbiriːn	1	لِّلصَّـٰبِرِينَ
784b0ce4372e	sˤabᵊruk	1	صَبۡرُكَ
2e398ed668a0	muħsinuːn	1	مُّحۡسِنُونَ
e2bd863698e7	biʕabᵊdihiː	1	بِعَبۡدِهِۦ
2869c2283b00	ʔalʔaqᵊsˤaː	1	ٱلۡأَقۡصَا
e086f02a4ed3	linurijahuː	1	لِنُرِيَهُۥ
3fc4303b86a5	ʃakuːraː	1	شَكُورًا
6f8853ceeba1	latufsidunː̃	1	لَتُفۡسِدُنَّ
282f5288aa22	walataʕlunː̃	1	وَلَتَعۡلُنَّ
3cca8f301c58	ʔuːlaːhumaː	1	أُولَـٰهُمَا
0e1457134de0	fad͡ʒaːsuː	1	فَجَاسُواۡ
e1a5353a9c52	ʔadːijaːr	1	ٱلدِّيَارِ
59db19e34cf2	radadᵊnaː	1	رَدَدۡنَا
0c08881eaa97	ʔalkarːah	1	ٱلۡكَرَّةَ
0dd4aa90000f	waʔamdadᵊnaːkum	1	وَأَمۡدَدۡنَـٰكُم
cf3a2a21c2a1	nafiːraː	1	نَفِيرًا
fb9e266eb544	ʔasaʔtum	1	أَسَأۡتُمۡ
3e4f19f8ccd3	lijasuːʔuː	1	لِيَسُــۥٓــُٔواۡ
06eb0543c33d	walijadᵊxuluː	1	وَلِيَدۡخُلُواۡ
9827451e55f4	daxaluːh	1	دَخَلُوهُ
63279958be3a	walijutabːiruː	1	وَلِيُتَبِّرُواۡ
c21a2165ee81	ʕalaw	1	عَلَوۡاۡ
f738a605b23d	jarħamakum	1	يَرۡحَمَكُمۡ
47616130a2c2	ʕutːum	1	عُدتُّمۡ
e3977934364a	ħasˤiːraː	1	حَصِيرًا
b49661d100c3	lilːatiː	1	لِلَّتِى
e6f8ac48b1c7	ʔaqᵊwam	1	أَقۡوَمُ
f7ac13e60edd	wajadᵊʕ	1	وَيَدۡعُ
3c243d829199	duʕaːːʔahuː	1	دُعَآءَهُۥ
b5bbcc78c60e	ʕad͡ʒuːlaː	1	عَجُولًا
6af78a6eca02	ʔaːjatajn	1	ءَايَتَيۡنِ
c33e967ab51b	famaħawnaː	1	فَمَحَوۡنَآ
632004a03af0	walitaʕlamuː	1	وَلِتَعۡلَمُواۡ
6997c5c8cc78	tafsˤiːlaː	1	تَفۡصِيلًا
6f4474f02dc8	ʔiⁿsaːn	1	إِنسَـٰنٍ
e7c2530f1954	ʔalzamnaːh	1	أَلۡزَمۡنَـٰهُ
7c9a876f7a7d	tˤaːːʔirahuː	1	طَـٰٓئِرَهُۥ
76b21127aea3	ʕunuqihiː	1	عُنُقِهِۦ
cf678a64260f	wanuxrid͡ʒᵊ	1	وَنُخۡرِجُ
26e0ee097be9	jalqaːh	1	يَلۡقَـٰهُ
473eb420b98f	maⁿʃuːraː	1	مَنشُورًا
033e7a24ab7b	kitaːbak	1	كِتَـٰبَكَ
06c07cbdf298	binafsik	1	بِنَفۡسِكَ
9344874c8a97	muʕaðːibiːn	1	مُعَذِّبِينَ
65d7cbc90024	ʔamarnaː	1	أَمَرۡنَا
1b6781d9308f	mutrafiːhaː	1	مُتۡرَفِيهَا
452120265884	fafasaquː	1	فَفَسَقُواۡ
1e0776d9a773	fadamː̃arnaːhaː	1	فَدَمَّرۡنَـٰهَا
51c2e5ae8643	ʕad͡ʒːalnaː	1	عَجَّلۡنَا
e86110d0e48a	saʕjahaː	1	سَعۡيَهَا
7f268ad9757e	numidːᵊ	1	نُّمِدُّ
2dc1fe95558d	wahaːːʔulaːːʔ	1	وَهَـٰٓؤُلَآءِ
ed7b2a47c15f	maħðˤuːraː	1	مَحۡظُورًا
3898cb0f679b	waʔakbar	1	وَأَكۡبَرُ
2e30b41f4857	maxðuːlaː	1	مَّخۡذُولًا
212dcd4e1935	waqadˤaː	1	وَقَضَىٰ
a910a49592ba	jabᵊluɣanː̃	1	يَبۡلُغَنَّ
4b0d11405045	kilaːhumaː	1	كِلَاهُمَا
b9de353cbc3b	taqul	1	تَقُل
6e4bad3cc226	tanharhumaː	1	تَنۡهَرۡهُمَا
164ba8e39350	d͡ʒanaːħ	1	جَنَاحَ
30cdfa79ca83	ʔirħamhumaː	1	ٱرۡحَمۡهُمَا
a2f12195b2c8	rabːajaːniː	1	رَبَّيَانِى
ff55467ec203	nufuːsikum	1	نُفُوسِكُمۡ
3b2c5fe8efad	lilʔawːaːbiːn	1	لِلۡأَوّٰبِينَ
09ed835e4266	waʔaːt	1	وَءَاتِ
f8abf3b5e24c	tubaðːir	1	تُبَذِّرۡ
bf9f9be6f3c4	tabᵊðiːraː	1	تَبۡذِيرًا
7dd438d4a566	ʔalmubaðːiriːn	1	ٱلۡمُبَذِّرِينَ
eceaec364910	ʔixwaːn	1	إِخۡوٰنَ
0f5c853259c9	tuʕridˤanː̃	1	تُعۡرِضَنَّ
e95bdb7ce64c	tard͡ʒuːhaː	1	تَرۡجُوهَا
5b9e0d83cdd3	majsuːraː	1	مَّيۡسُورًا
d69117bca642	maɣluːlahaː	1	مَغۡلُولَةً
919653156f60	ʕunuqik	1	عُنُقِكَ
bfb2c2e889ff	tabᵊsutˤᵊhaː	1	تَبۡسُطۡهَا
b4b70aafd87b	ʔalbastˤᵊ	1	ٱلۡبَسۡطِ
1cf2e5374051	maħsuːraː	1	مَّحۡسُورًا
30ea7dadd7bb	narzuquhum	1	نَرۡزُقُهُمۡ
6c973a36d78e	qatlahum	1	قَتۡلَهُمۡ
dcea6d979892	xitˤᵊʔaː	1	خِطۡــًٔا
2919357c61a8	ʔazːinaː	1	ٱلزِّنَىٰٓ
d43670e11cbe	maðˤluːmaː	1	مَظۡلُومًا
5473b9bf1426	jusrif	1	يُسۡرِف
f0aef68e9a61	maⁿsˤuːraː	1	مَنصُورًا
c00b931eebd3	bilʕahdᵊ	1	بِٱلۡعَهۡدِ
94f84a528f5f	kiltum	1	كِلۡتُمۡ
39be8ce26485	taqᵊf	1	تَقۡفُ
28a3e04542e8	walbasˤar	1	وَٱلۡبَصَرَ
46cda50b0425	walfuʔaːdᵊ	1	وَٱلۡفُؤَادَ
fa815b8cc082	taxriqᵊ	1	تَخۡرِقَ
6efd48f959ea	tabᵊluɣ	1	تَبۡلُغَ
5dac5c7b5731	tˤuːlaː	1	طُولًا
d5913f3e2bde	sajːiʔuhuː	1	سَيِّئُهُۥ
203e2010e796	makruːhaː	1	مَكۡرُوهًا
196fd6613d12	fatulqaː	1	فَتُلۡقَىٰ
1ce0d52c9c9b	ʔafaʔasˤfaːkum	1	أَفَأَصۡفَـٰكُمۡ
35a9937f3e87	lataquːluːn	1	لَتَقُولُونَ
0c5525c0a3de	labᵊtaɣaw	1	لَّٱبۡتَغَوۡاۡ
afbfae99a69d	tusabːiħ	1	تُسَبِّحُ
19a9b7688029	tafqahuːn	1	تَفۡقَهُونَ
d8942c579dc4	tasbiːħahum	1	تَسۡبِيحَهُمۡ
e899410455d9	mastuːraː	1	مَّسۡتُورًا
7aaf246e8762	ðakart	1	ذَكَرۡتَ
03735fd4c637	ħadiːdaː	1	حَدِيدًا
6394ee2b219e	jakbur	1	يَكۡبُرُ
05e3e219b625	juʕiːdunaː	1	يُعِيدُنَا
63beede25a4a	fatˤarakum	1	فَطَرَكُمۡ
e8f50baae6d7	fasajunɣidˤuːn	1	فَسَيُنۡغِضُونَ
cca139aa830a	fatastad͡ʒiːbuːn	1	فَتَسۡتَجِيبُونَ
5746bef081f0	jaⁿzaɣ	1	يَنزَغُ
fc819b609881	jarħamkum	1	يَرۡحَمۡكُمۡ
bc4399f58125	kaʃf	1	كَشۡفَ
f16fc9eccc2b	wajard͡ʒuːn	1	وَيَرۡجُونَ
5414a61e729a	maħðuːraː	1	مَحۡذُورًا
31a2e51f14a0	muhlikuːhaː	1	مُهۡلِكُوهَا
4be79560c204	muʕaðːibuːhaː	1	مُعَذِّبُوهَا
ab0104550684	manaʕanaː	1	مَنَعَنَآ
a08892f8b671	taxwiːfaː	1	تَخۡوِيفًا
033f203d4329	ʔarajnaːk	1	أَرَيۡنَـٰكَ
bd253269eaff	waʃːad͡ʒarah	1	وَٱلشَّجَرَةَ
f2a3220877fc	ʔalmalʕuːnah	1	ٱلۡمَلۡعُونَةَ
b4f2173bd80b	wanuxawːifuhum	1	وَنُخَوِّفُهُمۡ
181e37bbf223	ʔaʔasd͡ʒudᵊ	1	ءَأَسۡجُدُ
b99cc7d04c04	tˤiːnaː	1	طِينًا
5cd2cbad38c5	ʔaraʔajtak	1	أَرَءَيۡتَكَ
24a55780e0a8	karːamt	1	كَرَّمۡتَ
926fa3cad131	ʔaxːartan	1	أَخَّرۡتَنِ
3e4808022dd8	laʔaħtanikanː̃	1	لَأَحۡتَنِكَنَّ
9b17f1598dc0	d͡ʒazaːːʔukum	1	جَزَآؤُكُمۡ
96d8aded0a99	mawfuːraː	1	مَّوۡفُورًا
9a1ed21b0ab1	wastafziz	1	وَٱسۡتَفۡزِزۡ
29446636557d	bisˤawtik	1	بِصَوۡتِكَ
50a7f13eb745	waʔad͡ʒᵊlibᵊ	1	وَأَجۡلِبۡ
3322b0fce65e	bixajlik	1	بِخَيۡلِكَ
aae6d7176e2f	warad͡ʒilik	1	وَرَجِلِكَ
ba430b33e799	waʃaːrikhum	1	وَشَارِكۡهُمۡ
cf3b5538958d	waʕidᵊhum	1	وَعِدۡهُمۡ
03e393eb9620	nad͡ʒːaːkum	1	نَجَّـٰكُمۡ
e060c537b202	ʔaʕradˤtum	1	أَعۡرَضۡتُمۡ
28bc4dc2e12d	ʔafaʔamiⁿtum	1	أَفَأَمِنتُمۡ
8cbdccb1a384	juʕiːdakum	1	يُعِيدَكُمۡ
cccab627e12f	fajursil	1	فَيُرۡسِلَ
5935d0ff9a1a	qaːsˤifaː	1	قَاصِفًا
c3ceccd7ce4e	fajuɣriqakum	1	فَيُغۡرِقَكُم
200d297f8221	tabiːʕaː	1	تَبِيعًا
484d21811850	karːamnaː	1	كَرَّمۡنَا
e8ed778ac2c2	waħamalnaːhum	1	وَحَمَلۡنَـٰهُمۡ
5f3dd836d41e	biʔimaːmihim	1	بِإِمَـٰمِهِمۡ
d32d16a3d41d	kitaːbahum	1	كِتَـٰبَهُمۡ
3b2bc513f90b	lajaftinuːnak	1	لَيَفۡتِنُونَكَ
d3673d6ef9d3	litaftariː	1	لِتَفۡتَرِىَ
e2f5020d8a55	latːaxaðuːk	1	لَّٱتَّخَذُوكَ
43b0b6bf7c39	θabːatnaːk	1	ثَبَّتۡنَـٰكَ
940bc4a917c6	tarkan	1	تَرۡكَنُ
7c985da4cebf	laʔaðaqᵊnaːk	1	لَّأَذَقۡنَـٰكَ
7d1e590874a9	wadˤiʕf	1	وَضِعۡفَ
ec61ab4718f6	ʔalmamaːt	1	ٱلۡمَمَاتِ
d5b1255a77f8	lajastafizːuːnak	1	لَيَسۡتَفِزُّونَكَ
8a90fe48b438	lijuxrid͡ʒuːk	1	لِيُخۡرِجُوكَ
c91ee16fc7fc	jalbaθuːn	1	يَلۡبَثُونَ
21ae552c935e	xilaːfak	1	خِلَـٰفَكَ
3ed9c02d0f83	lisunː̃atinaː	1	لِسُنَّتِنَا
94be481f261d	liduluːk	1	لِدُلُوكِ
42fae8672f94	ɣasaqᵊ	1	غَسَقِ
43d2cdc148b2	maʃhuːdaː	1	مَشۡهُودًا
b18343ab561c	fatahad͡ʒːadᵊ	1	فَتَهَجَّدۡ
799640a210e0	jabᵊʕaθak	1	يَبۡعَثَكَ
7dc394a8dfd4	maħmuːdaː	1	مَّحۡمُودًا
b9e940b9916b	ʔadᵊxilniː	1	أَدۡخِلۡنِى
338e54465576	mudᵊxal	1	مُدۡخَلَ
8bacfc1a693d	waʔaxrid͡ʒᵊniː	1	وَأَخۡرِجۡنِى
53362b1edfd1	muxrad͡ʒᵊ	1	مُخۡرَجَ
2516d8062dcc	wazahaqᵊ	1	وَزَهَقَ
95798235715a	zahuːqaː	1	زَهُوقًا
20b6c89d550a	wanunazːil	1	وَنُنَزِّلُ
1f2896aa473c	jaʔuːsaː	1	يَــُٔوسًا
b2291832f94f	ʃaːkilatihiː	1	شَاكِلَتِهِۦ
7e0b10ae7a6a	farabːukum	1	فَرَبُّكُمۡ
25ee83e5a377	lanaðhabanː̃	1	لَنَذۡهَبَنَّ
548d290d9557	ʔid͡ʒᵊtamaʕat	1	ٱجۡتَمَعَتِ
3718f321fbde	tafd͡ʒur	1	تَفۡجُرَ
fbf586782179	jaᵐbuːʕaː	1	يَنۢبُوعًا
fb527573d617	waʕinabᵊ	1	وَعِنَبٍ
42623b7769ac	fatufad͡ʒːir	1	فَتُفَجِّرَ
45a624231c18	tusqitˤᵊ	1	تُسۡقِطَ
04edef511b23	zaʕamt	1	زَعَمۡتَ
634acffe372b	qabiːlaː	1	قَبِيلًا
d304fc46250e	tarqaː	1	تَرۡقَىٰ
b5169e0197ad	liruqijːik	1	لِرُقِيِّكَ
668c12ef2a92	naqᵊraʔuhuː	1	نَّقۡرَؤُهُۥ
f7b3642afbad	ʔabaʕaθ	1	أَبَعَثَ
660c80a555fd	mutˤᵊmaʔinː̃iːn	1	مُطۡمَئِنِّينَ
e49a84737a2f	lanazːalnaː	1	لَنَزَّلۡنَا
551177900cb4	wanaħʃuruhum	1	وَنَحۡشُرُهُمۡ
b7bba572d476	ʕumjaː	1	عُمۡيًا
438d1917c29c	wabukmaː	1	وَبُكۡمًا
0df0c44a5215	wasˤumː̃aː	1	وَصُمًّا
0a1930b8a077	xabat	1	خَبَتۡ
495ce437a411	laʔamsaktum	1	لَّأَمۡسَكۡتُمۡ
0a47e56c229c	ʔalʔiⁿfaːqᵊ	1	ٱلۡإِنفَاقِ
f0ed39287262	qatuːraː	1	قَتُورًا
e60961db8a5e	maθbuːraː	1	مَثۡبُورًا
029e64b8ea76	jastafizːahum	1	يَسۡتَفِزَّهُم
578bc0282907	faʔaɣraqᵊnaːh	1	فَأَغۡرَقۡنَـٰهُ
b221d305e4f3	lafiːfaː	1	لَفِيفًا
b866721ac023	waqurʔaːnaː	1	وَقُرۡءَانًا
02be2925cbd9	faraqᵊnaːh	1	فَرَقۡنَـٰهُ
1fe2d0c707a1	litaqᵊraʔahuː	1	لِتَقۡرَأَهُۥ
15f786b1ac9a	mukθ	1	مُكۡثٍ
4bb5b11d8392	wanazːalnaːh	1	وَنَزَّلۡنَـٰهُ
aea4664668fb	jaxirːuːn	1	يَخِرُّونَ
957dab0c6f14	lamafʕuːlaː	1	لَمَفۡعُولًا
214c09ecdf4b	wajaxirːuːn	1	وَيَخِرُّونَ
97875bf91aa1	xuʃuːʕaː	1	خُشُوعًا
71aa896e98fd	ʔajːaː	1	أَيًّا
2cbda2e89b70	falah	1	فَلَهُ
ff675302dedb	bisˤalaːtik	1	بِصَلَاتِكَ
2c645c94edf3	tuxaːfit	1	تُخَافِتۡ
5478aa78e064	wakabːirh	1	وَكَبِّرۡهُ
eb0e23effe9c	takbiːraː	1	تَكۡبِيرَۢا
65d2fc7d1f0f	ʕabᵊdih	1	عَبۡدِهِ
68ed883ec31e	qajːimaː	1	قَيِّمًا
1f7d5d0e3b7b	maːkiθiːn	1	مَّـٰكِثِينَ
ffd8b1d8756a	wajuⁿðir	1	وَيُنذِرَ
2cfbddea699b	kaburat	1	كَبُرَتۡ
283f3e361359	ʔasafaː	1	أَسَفًا
fd06e623fcf0	linabᵊluwahum	1	لِنَبۡلُوَهُمۡ
0b0c784ebfd2	lad͡ʒaːʕiluːn	1	لَجَـٰعِلُونَ
3ca6558604c8	d͡ʒuruzaː	1	جُرُزًا
2b3c5a9e43a4	ħasibᵊt	1	حَسِبۡتَ
7a617a795e89	warːaqiːm	1	وَٱلرَّقِيمِ
41d81af38c71	ʔawaː	1	أَوَى
46c43bf1e7f0	ʔalfitjah	1	ٱلۡفِتۡيَةُ
58557c4541c5	wahajːiʔ	1	وَهَيِّئۡ
be6edfe86d34	fadˤarabᵊnaː	1	فَضَرَبۡنَا
07311f485cf3	ʔalħizbajn	1	ٱلۡحِزۡبَيۡنِ
527337bc6afe	ʔaħsˤaː	1	أَحۡصَىٰ
1cc3584d2748	nabaʔahum	1	نَبَأَهُم
11e5cb75b886	fitjah	1	فِتۡيَةٌ
8ca8c09e6f68	wazidᵊnaːhum	1	وَزِدۡنَـٰهُمۡ
80a36e9e4831	warabatˤᵊnaː	1	وَرَبَطۡنَا
a43a728e6ee4	qawmunaː	1	قَوۡمُنَا
9f99d13c1ab1	bajːin	1	بَيِّنٍ
4764a307fc70	ʔiʕtazaltumuːhum	1	ٱعۡتَزَلۡتُمُوهُمۡ
0c8ecccb8a5b	faʔwuːaː	1	فَأۡوُۥٓاۡ
0b6a60a404c7	jaⁿʃur	1	يَنشُرۡ
743a49017581	wajuhajːiʔ	1	وَيُهَيِّئۡ
d3cc49d94328	ʔamrikum	1	أَمۡرِكُم
93e3d14dc226	mirfaqaː	1	مِّرۡفَقًا
7f087dedb109	tˤalaʕat	1	طَلَعَت
55eae355564d	tazaːwar	1	تَّزٰوَرُ
4ad863398495	ɣarabat	1	غَرَبَت
dce18e6a3b88	taqᵊridˤuhum	1	تَّقۡرِضُهُمۡ
8d5dff3bf41a	fad͡ʒᵊwah	1	فَجۡوَةٍ
d2bd313f8019	murʃidaː	1	مُّرۡشِدًا
6127a72e8634	wataħsabuhum	1	وَتَحۡسَبُهُمۡ
f638a764a2fe	ʔajqaːðˤaː	1	أَيۡقَاظًا
3c230b9328b9	ruquːdᵊ	1	رُقُودٌ
8f98be8b2aa0	wanuqalːibuhum	1	وَنُقَلِّبُهُمۡ
c2f1b8f01346	waðaːt	1	وَذَاتَ
8ce3e8ac75d0	wakalbuhum	1	وَكَلۡبُهُم
c41b3f2fdbba	baːsitˤᵊ	1	بَـٰسِطٌ
d3b0effa1889	ðiraːʕajh	1	ذِرَاعَيۡهِ
29e6a884d31b	bilwasˤiːdᵊ	1	بِٱلۡوَصِيدِ
7250ff2cdadb	ʔitˤːalaʕt	1	ٱطَّلَعۡتَ
aa7722fc4e58	lawalːajt	1	لَوَلَّيۡتَ
20468cd692ce	walamuliʔt	1	وَلَمُلِئۡتَ
45a192a707de	ruʕbaː	1	رُعۡبًا
fc1ddfa496fc	lijatasaːːʔaluː	1	لِيَتَسَآءَلُواۡ
dca3e4692e9b	biwariqikum	1	بِوَرِقِكُمۡ
1bc4be341832	tˤaʕaːmaː	1	طَعَامًا
4e94c2add368	faljaʔtikum	1	فَلۡيَأۡتِكُم
236a1bdeec06	birizqᵊ	1	بِرِزۡقٍ
1ef1fac8b6d7	waljatalatˤːaf	1	وَلۡيَتَلَطَّفۡ
562053a2972d	juʃʕiranː̃	1	يُشۡعِرَنَّ
0258eae00005	jard͡ʒumuːkum	1	يَرۡجُمُوكُمۡ
08dedea3cd03	juʕiːduːkum	1	يُعِيدُوكُمۡ
d3be070f5074	milːatihim	1	مِلَّتِهِمۡ
17c0370a1b21	tufliħuː	1	تُفۡلِحُوٓاۡ
1e7a56c0fce2	ʔaʕθarnaː	1	أَعۡثَرۡنَا
225d286fc4cc	lijaʕlamuː	1	لِيَعۡلَمُوٓاۡ
0d81287679ca	ɣalabuː	1	غَلَبُواۡ
93b6e8f367b6	lanatːaxiðanː̃	1	لَنَتَّخِذَنَّ
edb9170188ca	rad͡ʒᵊmaː	1	رَجۡمَۢا
e5e6a5813385	waθaːminuhum	1	وَثَامِنُهُمۡ
a914f93b705b	biʕidːatihim	1	بِعِدَّتِهِم
032408ee5b35	tumaːr	1	تُمَارِ
a87d956b747a	miraːːʔaː	1	مِرَآءً
26133ee0edef	tastaft	1	تَسۡتَفۡتِ
266e9f2995cf	taquːlanː̃	1	تَقُولَنَّ
9104910887e5	faːʕil	1	فَاعِلٌ
f45d29650ef5	jahdijan	1	يَهۡدِيَنِ
c1cc3c1e3120	liʔaqᵊrabᵊ	1	لِأَقۡرَبَ
2528ab342c69	walabiθuː	1	وَلَبِثُواۡ
d46c056955aa	wazdaːduː	1	وَٱزۡدَادُواۡ
fbaecaa2fc3d	tisʕaː	1	تِسۡعًا
ff3716ac0ccb	ʔabᵊsˤir	1	أَبۡصِرۡ
ea46bf127117	waʔasmiʕ	1	وَأَسۡمِعۡ
02885f8e32a4	ħukmihiː	1	حُكۡمِهِۦٓ
ddd59a137218	taʕdᵊ	1	تَعۡدُ
6e9b67095596	ʕajnaːk	1	عَيۡنَاكَ
756c024299a1	ʔaɣfalnaː	1	أَغۡفَلۡنَا
0a465515f989	furutˤaː	1	فُرُطًا
df57121fef93	faljuʔmin	1	فَلۡيُؤۡمِن
fa7560958a1c	faljakfur	1	فَلۡيَكۡفُرۡ
22dd558af610	suraːdiquhaː	1	سُرَادِقُهَا
097ed10a176b	jastaɣiːθuː	1	يَسۡتَغِيثُواۡ
f8d0ede67cdc	juɣaːθuː	1	يُغَاثُواۡ
3eb5c79e7b3f	jaʃwiː	1	يَشۡوِى
5fce7f969360	ʔaʃːaraːbᵊ	1	ٱلشَّرَابُ
c12e6a290cd7	wajalbasuːn	1	وَيَلۡبَسُونَ
9ab1045d8faf	θijaːbaː	1	ثِيَابًا
e1db513e19b1	xudˤraː	1	خُضۡرًا
a2c295fe3156	waħasunat	1	وَحَسُنَتۡ
c15ec5332baf	liʔaħadihimaː	1	لِأَحَدِهِمَا
ba5b3efbeb83	waħafafnaːhumaː	1	وَحَفَفۡنَـٰهُمَا
a5414c5eae85	binaxl	1	بِنَخۡلٍ
c81b93a7fa9e	kiltaː	1	كِلۡتَا
cd094d5fedf8	ʔaːtat	1	ءَاتَتۡ
92c958c46719	taðˤlim	1	تَظۡلِم
328ba4088331	xilaːlahumaː	1	خِلَـٰلَهُمَا
f66aebc39ac2	naharaː	1	نَهَرًا
90eb62d18b7c	θamar	1	ثَمَرٌ
caad09bfb580	waʔaʕazː	1	وَأَعَزُّ
d001a39208d8	d͡ʒanː̃atahuː	1	جَنَّتَهُۥ
331c75e9f37d	tabiːdᵊ	1	تَبِيدَ
4f8664facc2c	ruditː	1	رُّدِدتُّ
3772c1b0c9ce	laʔad͡ʒidanː̃	1	لَأَجِدَنَّ
7f9a35e42b5a	muⁿqalabaː	1	مُنقَلَبًا
3bb9ddcb1acb	sˤaːħibuhuː	1	صَاحِبُهُۥ
930fa43ec293	ʔakafart	1	أَكَفَرۡتَ
eccec124e438	sawːaːk	1	سَوَّٮٰكَ
440ca5708aec	laːkinː̃aː	1	لَّـٰكِنَّاۡ
371242d15a3d	daxalt	1	دَخَلۡتَ
f1247c361b46	d͡ʒanː̃atak	1	جَنَّتَكَ
75d75d448418	taran	1	تَرَنِ
7f8d3e7ddad4	ʔaqalː	1	أَقَلَّ
a9c96ca5e0b9	juʔtijan	1	يُؤۡتِيَنِ
c35b4730e549	d͡ʒanː̃atik	1	جَنَّتِكَ
8267b0a9c11e	zalaqaː	1	زَلَقًا
5d34aae74985	jusˤbiħ	1	يُصۡبِحَ
f6a630120ced	maːːʔuhaː	1	مَآؤُهَا
19e9a4cb78c6	tˤalabaː	1	طَلَبًا
e23d765fe026	waʔuħiːtˤᵊ	1	وَأُحِيطَ
2562ec2579fa	biθamarihiː	1	بِثَمَرِهِۦ
a5726ff8992d	muⁿtasˤiraː	1	مُنتَصِرًا
a81669d474bc	ʔalwalaːjah	1	ٱلۡوَلَـٰيَةُ
6f636e5dbb9d	haʃiːmaː	1	هَشِيمًا
c7bcb53b646a	taðruːh	1	تَذۡرُوهُ
fac47298b78a	muqᵊtadiraː	1	مُّقۡتَدِرًا
03271eb0dc55	walbanuːn	1	وَٱلۡبَنُونَ
46986c32caf4	ʔamalaː	1	أَمَلًا
f3f9da78c22c	nusajːir	1	نُسَيِّرُ
d6066f9b6c42	baːrizahaː	1	بَارِزَةً
ccc0fa21f58e	waħaʃarnaːhum	1	وَحَشَرۡنَـٰهُمۡ
fc9d79558e31	nuɣaːdir	1	نُغَادِرۡ
879a64334832	waʕuridˤuː	1	وَعُرِضُواۡ
5699ee5e7243	jaːwajlatanaː	1	يَـٰوَيۡلَتَنَا
e736b72a4694	juɣaːdir	1	يُغَادِرُ
5e1689838953	ʔaħsˤaːhaː	1	أَحۡصَـٰهَا
0c1b5c414abc	wawad͡ʒaduː	1	وَوَجَدُواۡ
806441b71726	ħaːdˤiraː	1	حَاضِرًا
175b15223761	fafasaqᵊ	1	فَفَسَقَ
9df2402e353b	ʔafatatːaxiðuːnahuː	1	أَفَتَتَّخِذُونَهُۥ
7eb2365d4f61	waðurːijːatahuː	1	وَذُرِّيَّتَهُۥٓ
905b2a843a9f	badalaː	1	بَدَلًا
5e2df6d456b7	ʔaʃhatːuhum	1	أَشۡهَدتُّهُمۡ
dfb7f8fb046a	mutːaxið	1	مُتَّخِذَ
de0fcc3eae09	ʔalmudˤilːiːn	1	ٱلۡمُضِلِّينَ
b40494921c09	ʕadˤudaː	1	عَضُدًا
fe79350cce37	naːduː	1	نَادُواۡ
e7c29b40a032	mawbiqaː	1	مَّوۡبِقًا
26d7cecbb1e8	waraʔaː	1	وَرَءَا
46104ef4780f	faðˤanː̃uː	1	فَظَنُّوٓاۡ
bb48a66a73a2	muwaːqiʕuːhaː	1	مُّوَاقِعُوهَا
f77e2a400170	masˤrifaː	1	مَصۡرِفًا
5d5058394e87	wajastaɣfiruː	1	وَيَسۡتَغۡفِرُواۡ
6cafab517676	wajud͡ʒaːdil	1	وَيُجَـٰدِلُ
d3ee1c6a0fe9	tadᵊʕuhum	1	تَدۡعُهُمۡ
463a35a036bc	juʔaːxiðuhum	1	يُؤَاخِذُهُم
b8b61ba77ae6	laʕad͡ʒːal	1	لَعَجَّلَ
0d5fbe78cce2	mawʕidᵊ	1	مَّوۡعِدٌ
53f6a9f22092	mawʔilaː	1	مَوۡئِلًا
8b8a240bf223	limahlikihim	1	لِمَهۡلِكِهِم
4a228c495cb4	ʔamdˤiː	1	أَمۡضِىَ
bbccff6fa3e0	ħuqubaː	1	حُقُبًا
7b914128d3ce	balaɣaː	1	بَلَغَا
26d2790f91c0	nasijaː	1	نَسِيَا
eced24e07ee4	ħuːtahumaː	1	حُوتَهُمَا
fe4f376976f4	fatːaxað	1	فَٱتَّخَذَ
64eab3e10a5e	sarabaː	1	سَرَبًا
8b97278b6e0b	d͡ʒaːwazaː	1	جَاوَزَا
9547cbe6d52a	ɣadaːːʔanaː	1	غَدَآءَنَا
73aba46f41da	laqiːnaː	1	لَقِينَا
6e8d9f87b47a	safarinaː	1	سَفَرِنَا
a0cfb0e30308	nasˤabaː	1	نَصَبًا
0e5c7bac9f9d	ʔawajnaː	1	أَوَيۡنَآ
28983a01d531	ʔasˤːaxrah	1	ٱلصَّخۡرَةِ
d1731be6d12f	ʔaⁿsaːniːh	1	أَنۡسَـٰنِيهُ
ce046f838057	ʔaðkurahuː	1	أَذۡكُرَهُۥ
d3a4e49fe1e8	nabᵊɣ	1	نَبۡغِ
66cb2ee5eda7	fartadːaː	1	فَٱرۡتَدَّا
86093fd3d469	ʔaːθaːrihimaː	1	ءَاثَارِهِمَا
6c11e3efb44b	qasˤasˤaː	1	قَصَصًا
5fa185d0a272	ʔatːabiʕuk	1	أَتَّبِعُكَ
07f47e710792	tuʕalːiman	1	تُعَلِّمَنِ
b503e236402a	ʕulːimt	1	عُلِّمۡتَ
8a0b1558be81	tasˤbir	1	تَصۡبِرُ
829d8428b266	ʔaʕsˤiː	1	أَعۡصِى
212b87601c1e	ʔitːabaʕtaniː	1	ٱتَّبَعۡتَنِى
199e95fa04dc	tasʔalniː	1	تَسۡــَٔلۡنِى
38f2e7f67161	ʔuħdiθ	1	أُحۡدِثَ
b8eb72502ca4	rakibaː	1	رَكِبَا
28db503a5f37	xaraqahaː	1	خَرَقَهَا
13dba52b1ef9	ʔaxaraqᵊtahaː	1	أَخَرَقۡتَهَا
e99d421d3af8	lituɣriqᵊ	1	لِتُغۡرِقَ
83ade64b3968	ʔimraː	1	إِمۡرًا
2dd1f1e4f88c	tuʔaːxiðniː	1	تُؤَاخِذۡنِى
ed74d5a023cc	turhiqᵊniː	1	تُرۡهِقۡنِى
ed1d1cc385b4	ʕusraː	1	عُسۡرًا
f8f28253cae1	laqijaː	1	لَقِيَا
ed443340bca3	ʔaqatalt	1	أَقَتَلۡتَ
6e5060257c80	zakijːahaː	1	زَكِيَّةَۢ
45b279a18065	saʔaltuk	1	سَأَلۡتُكَ
fab15568d52a	tusˤaːħibᵊniː	1	تُصَـٰحِبۡنِى
d246ea4e7251	ladunː̃iː	1	لَّدُنِّى
dfb61b62d084	ʔatajaː	1	أَتَيَآ
07827ce79cd7	ʔistatˤᵊʕamaː	1	ٱسۡتَطۡعَمَآ
21d4913b7a98	faʔabaw	1	فَأَبَوۡاۡ
d51b7d34c547	judˤajːifuːhumaː	1	يُضَيِّفُوهُمَا
cbe3bf4c6486	d͡ʒidaːraː	1	جِدَارًا
dd59fe34c984	jaⁿqadˤː	1	يَنقَضَّ
4f3446af93e0	faʔaqaːmahuː	1	فَأَقَامَهُۥ
f0d9694116e6	latːaxaðt	1	لَتَّخَذۡتَ
2ec387fdcc61	firaːqᵊ	1	فِرَاقُ
f82831396094	saʔunabːiʔuk	1	سَأُنَبِّئُكَ
eb69425ac0be	tastatˤiʕ	1	تَسۡتَطِع
67afe9930bb9	limasaːkiːn	1	لِمَسَـٰكِينَ
6083acb67ee9	faʔaratː	1	فَأَرَدتُّ
993f9a6c79bc	ʔaʕiːbahaː	1	أَعِيبَهَا
46537302dffd	jaʔxuð	1	يَأۡخُذُ
c71565cdb849	safiːnah	1	سَفِينَةٍ
c2aeeb8fd65a	ɣasˤbaː	1	غَصۡبًا
f9a6666f426b	ʔalɣulaːm	1	ٱلۡغُلَـٰمُ
21c9ea9f929f	muʔminajn	1	مُؤۡمِنَيۡنِ
2f39c53530ae	faxaʃiːnaː	1	فَخَشِينَآ
ca8d91c13ff7	jurhiqahumaː	1	يُرۡهِقَهُمَا
32dcdf0e597c	faʔaradᵊnaː	1	فَأَرَدۡنَآ
4ef1b4888e4e	jubᵊdilahumaː	1	يُبۡدِلَهُمَا
549f2504898f	zakaːhaː	1	زَكَوٰةً
4a1116c5725e	waʔaqᵊrabᵊ	1	وَأَقۡرَبَ
55ac63eed32b	ruħmaː	1	رُحۡمًا
b9d9080b038c	ʔald͡ʒidaːr	1	ٱلۡجِدَارُ
a46ac81b554a	liɣulaːmajn	1	لِغُلَـٰمَيۡنِ
b55abe181bc5	jatiːmajn	1	يَتِيمَيۡنِ
e2c7bb477e5d	taħtahuː	1	تَحۡتَهُۥ
5dbf6979e252	ʔabuːhumaː	1	أَبُوهُمَا
4a07566adbd6	jabᵊluɣaː	1	يَبۡلُغَآ
d8638b719bb9	ʔaʃudːahumaː	1	أَشُدَّهُمَا
725523bee0de	wajastaxrid͡ʒaː	1	وَيَسۡتَخۡرِجَا
7616abe379ed	kaⁿzahumaː	1	كَنزَهُمَا
7b18a893ba3d	faʕaltuhuː	1	فَعَلۡتُهُۥ
cfbfd47bd7ba	tastˤiʕ	1	تَسۡطِع
03832d150d8c	saʔatluː	1	سَأَتۡلُواۡ
676fd3f3f2f4	faʔatbaʕ	1	فَأَتۡبَعَ
164f5d7edbf8	maɣribᵊ	1	مَغۡرِبَ
419a8215c840	taɣrubᵊ	1	تَغۡرُبُ
84afd9b3411d	ħamiʔah	1	حَمِئَةٍ
28da083916dc	tuʕaðːibᵊ	1	تُعَذِّبَ
7d298d706751	tatːaxið	1	تَتَّخِذَ
3ac904da09c7	nuʕaðːibuhuː	1	نُعَذِّبُهُۥ
34c068d0217c	fajuʕaðːibuhuː	1	فَيُعَذِّبُهُۥ
81b83d42b22f	wasanaquːl	1	وَسَنَقُولُ
fc9fb34be723	matˤᵊliʕ	1	مَطۡلِعَ
02563d6dff0a	tatˤᵊluʕ	1	تَطۡلُعُ
6bf1b7f4f00f	duːnihaː	1	دُونِهَا
1862a4d3b394	sitraː	1	سِتۡرًا
7b27baee1429	ʔaħatˤᵊnaː	1	أَحَطۡنَا
419da2209ad9	ʔasːadːajn	1	ٱلسَّدَّيۡنِ
329051cd7483	mufsiduːn	1	مُفۡسِدُونَ
7b93f8c0f439	makːanː̃iː	1	مَكَّنِّى
cdfb3d54cd7b	faʔaʕiːnuːniː	1	فَأَعِينُونِى
1ccbf08fa7e0	ʔad͡ʒᵊʕal	1	أَجۡعَلۡ
31c106f32d84	radᵊmaː	1	رَدۡمًا
8f2ba45640b0	zubar	1	زُبَرَ
3fc38c3b0456	saːwaː	1	سَاوَىٰ
ac7f7943e8a2	ʔasˤːadafajn	1	ٱلصَّدَفَيۡنِ
71c0e92e0a29	ʔuⁿfuxuː	1	ٱنفُخُواۡ
00f823bfbfba	ʔufriɣ	1	أُفۡرِغۡ
b0e97607694e	qitˤᵊraː	1	قِطۡرًا
8fd577cfcb54	ʔistˤaːʕuː	1	ٱسۡطَـٰعُوٓاۡ
60dde08e1a63	jaðˤharuːh	1	يَظۡهَرُوهُ
8f437f652515	naqᵊbaː	1	نَقۡبًا
9bf16029048e	dakːaːːʔ	1	دَكَّآءَ
cc6ea3d2a7eb	jamuːd͡ʒᵊ	1	يَمُوجُ
78f0be6652b0	fad͡ʒamaʕnaːhum	1	فَجَمَعۡنَـٰهُمۡ
c53489c7bfdf	waʕaradˤnaː	1	وَعَرَضۡنَا
071497482a28	ʕardˤaː	1	عَرۡضًا
9f38af5dd798	ɣitˤaːːʔ	1	غِطَآءٍ
7194c9766582	ʔafaħasibᵊ	1	أَفَحَسِبَ
cb8710669b71	nunabːiʔukum	1	نُنَبِّئُكُم
74fa5c7ab127	bilʔaxsariːn	1	بِٱلۡأَخۡسَرِينَ
9fb3a6ef041d	ʔaʕmaːlaː	1	أَعۡمَـٰلًا
973c8fffda24	juħsinuːn	1	يُحۡسِنُونَ
0afdfdff1e42	sˤunʕaː	1	صُنۡعًا
485763e1a857	faħabitˤat	1	فَحَبِطَتۡ
33acc64ae828	nuqiːm	1	نُقِيمُ
b7f6ba87dabe	waznaː	1	وَزۡنًا
4e6d2377ece0	ħiwalaː	1	حِوَلًا
06c072f75c86	midaːdaː	1	مِدَادًا
bf50d6a13d50	lanafidᵊ	1	لَنَفِدَ
a3b4fe01bd88	taⁿfadᵊ	1	تَنفَدَ
7393f7d18878	madadaː	1	مَدَدًا
a17487f9b43d	biʕibaːdah	1	بِعِبَادَةِ
3b4c85aaa303	kaːːːf haː jaː ʕajːːːn sˤaːːːd	1	كٓهيعٓصٓ
aec9ef3addff	nidaːːʔaː	1	نِدَآءً
eb35b1828964	xafijːaː	1	خَفِيًّا
64c43ba895ed	wahan	1	وَهَنَ
cfc3fc4ea0dc	ʔalʕaðˤm	1	ٱلۡعَظۡمُ
c2297d3991f9	waʃtaʕal	1	وَٱشۡتَعَلَ
9e193569bfd5	ʔarːaʔs	1	ٱلرَّأۡسُ
d4ba7492e449	ʃajbaː	1	شَيۡبًا
f92d1d227e3c	biduʕaːːʔik	1	بِدُعَآئِكَ
475af6476940	ʔalmawaːliː	1	ٱلۡمَوٰلِىَ
db5b2f17281c	waraːːʔiː	1	وَرَآءِى
e5e2833c7499	fahabᵊ	1	فَهَبۡ
c9e3104f39b3	jariθuniː	1	يَرِثُنِى
ae8c54c0bab0	wajariθ	1	وَيَرِثُ
ca4192de5889	wad͡ʒᵊʕalh	1	وَٱجۡعَلۡهُ
0ddf093d0ef0	radˤijːaː	1	رَضِيًّا
a897b789b2c5	jaːzakarijːaː	1	يَـٰزَكَرِيَّآ
44e5abec8d08	xalaqᵊtuk	1	خَلَقۡتُكَ
3162a86b1e8c	sabːiħuː	1	سَبِّحُواۡ
d2457a19b401	jaːjaħjaː	1	يَـٰيَحۡيَىٰ
9637c1a216f9	waħanaːnaː	1	وَحَنَانًا
143c01423240	wazakaːhaː	1	وَزَكَوٰةً
502a29024885	wulidᵊ	1	وُلِدَ
b01a3d52334b	jubᵊʕaθ	1	يُبۡعَثُ
8bb0dc53a420	ʔiⁿtabaðat	1	ٱنتَبَذَتۡ
b030b4beb81a	ʃarqijːaː	1	شَرۡقِيًّا
dbefa63274af	fatːaxaðat	1	فَٱتَّخَذَتۡ
bb5296be5f46	ruːħanaː	1	رُوحَنَا
bb1de721b8e5	fatamaθːal	1	فَتَمَثَّلَ
6694d356409c	liʔahabᵊ	1	لِأَهَبَ
b80a9a0cf4f4	zakijːaː	1	زَكِيًّا
bb9d8b7a814f	ʔak	1	أَكُ
82b72a17f734	walinad͡ʒᵊʕalahuː	1	وَلِنَجۡعَلَهُۥٓ
62544870e451	faħamalath	1	فَحَمَلَتۡهُ
46ff1c48fde5	faⁿtabaðat	1	فَٱنتَبَذَتۡ
ca086872a347	qasˤijːaː	1	قَصِيًّا
d0f98af528dd	faʔad͡ʒaːːʔahaː	1	فَأَجَآءَهَا
c9c36d350997	ʔalmaxaːdˤ	1	ٱلۡمَخَاضُ
2c7ba949455c	d͡ʒiðʕ	1	جِذۡعِ
35cff2a87b3e	nasjaː	1	نَسۡيًا
a8add18d051e	maⁿsijːaː	1	مَّنسِيًّا
0d816de1f982	fanaːdaːhaː	1	فَنَادَٮٰهَا
b44cd2d3ae01	taħtak	1	تَحۡتَكِ
bae0c4373768	sarijːaː	1	سَرِيًّا
7b918bad754f	wahuzːiː	1	وَهُزِّىٓ
eafc8a03e36b	bid͡ʒiðʕ	1	بِجِذۡعِ
a53e3be1b95d	tusaːqitˤᵊ	1	تُسَـٰقِطۡ
0c0e9aa5d8d6	rutˤabaː	1	رُطَبًا
0e821594d416	d͡ʒanijːaː	1	جَنِيًّا
2e66a0444d90	fakuliː	1	فَكُلِى
adfa44f4aff6	waʃrabiː	1	وَٱشۡرَبِى
397c76312bef	waqarːiː	1	وَقَرِّى
cabf5882a655	tarajinː̃	1	تَرَيِنَّ
afa11cd32756	faquːliː	1	فَقُولِىٓ
e5acb4b948a0	sˤawmaː	1	صَوۡمًا
9c826b302109	ʔukalːim	1	أُكَلِّمَ
daeecf90dd74	ʔiⁿsijːaː	1	إِنسِيًّا
e795c2e8b923	faʔatat	1	فَأَتَتۡ
9eddcf341c97	qawmahaː	1	قَوۡمَهَا
b768a7050c11	taħmiluhuː	1	تَحۡمِلُهُۥ
0587954eff08	farijːaː	1	فَرِيًّا
39fddc46ef75	jaːːʔuxt	1	يَـٰٓأُخۡتَ
df5ccfb5d374	ʔabuːk	1	أَبُوكِ
017db1f913af	ʔimraʔ	1	ٱمۡرَأَ
122e03931bce	ʔumː̃uk	1	أُمُّكِ
86e10fe36a2d	faʔaʃaːrat	1	فَأَشَارَتۡ
a7377b9e44a1	nukalːim	1	نُكَلِّمُ
bd29d615b7ee	ʔaːtaːniː	1	ءَاتَـٰنِىَ
5a12fcd82238	waʔawsˤaːniː	1	وَأَوۡصَـٰنِى
506d254bda0e	biwaːlidatiː	1	بِوٰلِدَتِى
d74a2623f1fa	jad͡ʒᵊʕalniː	1	يَجۡعَلۡنِى
d84ec525bf4f	wulitː	1	وُلِدتُّ
1021782b4c34	ʔamuːt	1	أَمُوتُ
8a37fc0212dd	ʔubᵊʕaθ	1	أُبۡعَثُ
6a572974a401	maʃhadᵊ	1	مَّشۡهَدِ
34cc9da395dd	ʔasmiʕ	1	أَسۡمِعۡ
65275142d492	jaʔtuːnanaː	1	يَأۡتُونَنَا
d51bed0548db	ʔalħasrah	1	ٱلۡحَسۡرَةِ
87e4280b5c58	nariθ	1	نَرِثُ
8e1490234e43	jubᵊsˤir	1	يُبۡصِرُ
b7969331ebc5	jaʔtik	1	يَأۡتِكَ
5d7cfd0383ff	fatːabiʕniː	1	فَٱتَّبِعۡنِىٓ
56b66fe4e113	ʔahdik	1	أَهۡدِكَ
898ab6538e53	jamasːak	1	يَمَسَّكَ
68c893b1f152	lilʃːajtˤaːn	1	لِلشَّيۡطَـٰنِ
1506e98f9693	ʔaraːɣibᵊ	1	أَرَاغِبٌ
71ca4b9f44dd	ʔaːlihatiː	1	ءَالِهَتِى
b9c7717ec42d	laʔard͡ʒumanː̃ak	1	لَأَرۡجُمَنَّكَ
1578441d4a16	wahd͡ʒurniː	1	وَٱهۡجُرۡنِى
c632150ab984	malijːaː	1	مَلِيًّا
6f9af7c47bdc	saʔastaɣfir	1	سَأَسۡتَغۡفِرُ
cbc4f595a553	ħafijːaː	1	حَفِيًّا
407f44b445f6	waʔaʕtazilukum	1	وَأَعۡتَزِلُكُمۡ
53cbd610f4d4	waʔadᵊʕuː	1	وَأَدۡعُواۡ
7483a45e4ad8	biduʕaːːʔ	1	بِدُعَآءِ
e9f5f70abd35	ʔiʕtazalahum	1	ٱعۡتَزَلَهُمۡ
38a0af1b5979	wahabᵊnaː	1	وَهَبۡنَا
7a86f26210c8	muxlasˤaː	1	مُخۡلَصًا
a5315cca4b0b	waqarːabᵊnaːh	1	وَقَرَّبۡنَـٰهُ
cfdde01c8a5c	sˤaːdiqᵊ	1	صَادِقَ
3b41c53ec581	mardˤijːaː	1	مَرۡضِيًّا
d15d99d782f7	ʔidᵊriːs	1	إِدۡرِيسَ
3e475e1f8942	warafaʕnaːh	1	وَرَفَعۡنَـٰهُ
24608486694e	waʔisraːːʔiːl	1	وَإِسۡرٰٓءِيلَ
7448582dd61b	wad͡ʒᵊtabajnaː	1	وَٱجۡتَبَيۡنَآ
4fec8a7119ac	wabukijːaː	1	وَبُكِيًّا
c11dd2f586e5	ʔadˤaːʕuː	1	أَضَاعُواۡ
490e847e2f96	jalqawn	1	يَلۡقَوۡنَ
06845c29cd54	ɣajːaː	1	غَيًّا
52e470374be3	maʔtijːaː	1	مَأۡتِيًّا
e6b877f47951	rizquhum	1	رِزۡقُهُمۡ
994a2e296acb	nuːriθ	1	نُورِثُ
0747f0096113	natanazːal	1	نَتَنَزَّلُ
78648c2acc6c	xalfanaː	1	خَلۡفَنَا
9241987c0603	nasijːaː	1	نَسِيًّا
bc1c4a10a655	liʕibaːdatihiː	1	لِعِبَـٰدَتِهِۦ
2dfa3cd9020b	lasawf	1	لَسَوۡفَ
d8b79d9bedec	lanaħʃuranː̃ahum	1	لَنَحۡشُرَنَّهُمۡ
1674cf30d86b	lanuħdˤiranː̃ahum	1	لَنُحۡضِرَنَّهُمۡ
4931899bf961	lanaⁿziʕanː̃	1	لَنَنزِعَنَّ
ee9b0c88e25b	ʃiːʕah	1	شِيعَةٍ
4ece054d257d	sˤilijːaː	1	صِلِيًّا
6a34807094c4	waːriduhaː	1	وَارِدُهَا
b092fb667d1c	ħatmaː	1	حَتۡمًا
7f48e4ba8fea	nadijːaː	1	نَدِيًّا
e41aafd17af0	wariʔjaː	1	وَرِءۡيًا
b07879fb8c8c	waʔadˤʕaf	1	وَأَضۡعَفُ
128be4c9cc30	d͡ʒuⁿdaː	1	جُندًا
fbfcb5efe3cb	wajaziːdᵊ	1	وَيَزِيدُ
c0fb40962df2	maradːaː	1	مَّرَدًّا
5b2b74b01ce3	laʔuːtajanː̃	1	لَأُوتَيَنَّ
17c39e7c9fef	ʔatˤːalaʕ	1	أَطَّلَعَ
60205a64dcdd	wanamudːᵊ	1	وَنَمُدُّ
61120581f9ac	wanariθuhuː	1	وَنَرِثُهُۥ
a66a732cefbf	wajaʔtiːnaː	1	وَيَأۡتِينَا
a5d5562f116c	ʕizːaː	1	عِزًّا
82ec539d1082	sajakfuruːn	1	سَيَكۡفُرُونَ
f8c7ae7c6f4f	wajakuːnuːn	1	وَيَكُونُونَ
5a8e6c627fde	dˤidːaː	1	ضِدًّا
818ba724c711	taʔuzːuhum	1	تَؤُزُّهُمۡ
7105b5a3f9e4	ʔazːaː	1	أَزًّا
4b16a88ceb12	naʕudːᵊ	1	نَعُدُّ
fd020d514e48	wafdaː	1	وَفۡدًا
d95cfbebfe8a	wanasuːqᵊ	1	وَنَسُوقُ
a80e37e0dc83	wirdaː	1	وِرۡدًا
e54209b8ca10	ʔidːaː	1	إِدًّا
c5084e599293	wataⁿʃaqːᵊ	1	وَتَنشَقُّ
4dad2be45538	wataxirː	1	وَتَخِرُّ
4f89f6e61d32	hadːaː	1	هَدًّا
2bd32c23df6f	ʔaːtiː	1	ءَاتِى
6bcd3fc54a8a	ʔaħsˤaːhum	1	أَحۡصَـٰهُمۡ
739940d8a5d2	waʕadːahum	1	وَعَدَّهُمۡ
dd7fa6da4bc7	wakulːuhum	1	وَكُلُّهُمۡ
f65633bbc53c	ʔaːtiːh	1	ءَاتِيهِ
6bc4d9853e8e	wudːaː	1	وُدًّا
a101f3ba6c8a	litubaʃːir	1	لِتُبَشِّرَ
d919c4ecc95b	ludːaː	1	لُّدًّا
b0eeadb2d642	tuħisː	1	تُحِسُّ
b6f9aad45516	rikzaː	1	رِكۡزَۢا
2f9bd093c88e	tˤaː haː	1	طه
ba869d1922c4	litaʃqaː	1	لِتَشۡقَىٰٓ
a5fb66a0ae13	ʔaθːaraː	1	ٱلثَّرَىٰ
a73a37c747c6	waʔaxfaː	1	وَأَخۡفَى
70f721115332	biqabas	1	بِقَبَسٍ
d6edca025521	faxlaʕ	1	فَٱخۡلَعۡ
8e96be094268	naʕlajk	1	نَعۡلَيۡكَ
82e8c2b7d6f6	ʔixtartuk	1	ٱخۡتَرۡتُكَ
d05a581956c7	fastamiʕ	1	فَٱسۡتَمِعۡ
cdb914310a1f	faʕbudᵊniː	1	فَٱعۡبُدۡنِى
7b4882b6c9a3	liðikriː	1	لِذِكۡرِىٓ
fa20866fab11	ʔakaːdᵊ	1	أَكَادُ
1a9e7a938484	ʔuxfiːhaː	1	أُخۡفِيهَا
42b04f87fdf5	litud͡ʒᵊzaː	1	لِتُجۡزَىٰ
bfce5272aee5	jasˤudːanː̃ak	1	يَصُدَّنَّكَ
638111424c64	fatardaː	1	فَتَرۡدَىٰ
03e1741c0b1c	ʕasˤaːj	1	عَصَاىَ
d0570fe37011	ʔatawakːaʔ	1	أَتَوَكَّؤُاۡ
2a0baa18d648	waʔahuʃː	1	وَأَهُشُّ
e9ab424cc044	ɣanamiː	1	غَنَمِى
7fae8f5f6255	maʔaːribᵊ	1	مَـَٔـارِبُ
df184fae5dda	ʔalqihaː	1	أَلۡقِهَا
7c512cc1515b	faʔalqaːhaː	1	فَأَلۡقَـٰهَا
ac72b840f3b0	ħajːah	1	حَيَّةٌ
a09e93488712	xuðhaː	1	خُذۡهَا
94276113cbbb	sanuʕiːduhaː	1	سَنُعِيدُهَا
b37fd853f139	siːratahaː	1	سِيرَتَهَا
1b817d058180	d͡ʒanaːħik	1	جَنَاحِكَ
a61a05fea61b	linurijak	1	لِنُرِيَكَ
e75d1bc71f32	ʔiʃraħ	1	ٱشۡرَحۡ
879ac99dac46	wajasːir	1	وَيَسِّرۡ
ab3ddab9833c	waħlul	1	وَٱحۡلُلۡ
3ba73bce6f0a	ʕuqᵊdahaː	1	عُقۡدَةً
5356869c9f83	jafqahuː	1	يَفۡقَهُواۡ
aba75ec1dd79	ʔuʃdudᵊ	1	ٱشۡدُدۡ
39e4e87c5815	ʔazriː	1	أَزۡرِى
bb3c8860235f	waʔaʃrikh	1	وَأَشۡرِكۡهُ
9e1042a250f5	nusabːiħak	1	نُسَبِّحَكَ
bcdaa61d337c	wanaðkurak	1	وَنَذۡكُرَكَ
29daaa1f6be2	ʔuːtiːt	1	أُوتِيتَ
d35bd8fcac52	suʔlak	1	سُؤۡلَكَ
37e56bc786d8	ʔiqᵊðifiːh	1	ٱقۡذِفِيهِ
492ffbe81867	faqᵊðifiːh	1	فَٱقۡذِفِيهِ
a75f304c2f58	faljulqih	1	فَلۡيُلۡقِهِ
754dc1f69fcc	bisːaːħil	1	بِٱلسَّاحِلِ
c3ca4cb64cf4	jaʔxuðh	1	يَأۡخُذۡهُ
d77209b83be8	waʕaduwː	1	وَعَدُوٌّ
70269d61d199	waʔalqajt	1	وَأَلۡقَيۡتُ
8003734c5b4e	maħabːahaː	1	مَحَبَّةً
0722a867cae3	walitusˤnaʕ	1	وَلِتُصۡنَعَ
bb73107cfc52	ʕajniː	1	عَيۡنِىٓ
ca4da6dfb16c	ʔuxtuk	1	أُخۡتُكَ
9f26121b84f8	fataquːl	1	فَتَقُولُ
5eea0d1d0fcf	jakfuluhuː	1	يَكۡفُلُهُۥ
b5e9bb1fdd49	farad͡ʒaʕnaːk	1	فَرَجَعۡنَـٰكَ
fdca87c4bfe1	waqatalt	1	وَقَتَلۡتَ
31c3c67f7bec	fanad͡ʒːajnaːk	1	فَنَجَّيۡنَـٰكَ
1f48fa74732b	wafatanː̃aːk	1	وَفَتَنَّـٰكَ
f20d11ce1d4e	futuːnaː	1	فُتُونًا
ace4ebd8efc9	falabiθt	1	فَلَبِثۡتَ
e322e6f71710	wasˤtˤanaʕtuk	1	وَٱصۡطَنَعۡتُكَ
93377b84a6fb	waʔaxuːk	1	وَأَخُوكَ
08a87ac8f053	tanijaː	1	تَنِيَا
1120fa38484b	lajːinaː	1	لَّيِّنًا
25a4dc62fa56	jafrutˤᵊ	1	يَفۡرُطَ
6317efc34534	jatˤᵊɣaː	1	يَطۡغَىٰ
c032c69e592f	taxaːfaː	1	تَخَافَآ
4d837f66cc74	maʕakumaː	1	مَعَكُمَآ
05905a5aac82	ʔasmaʕ	1	أَسۡمَعُ
742d5936708a	waʔaraː	1	وَأَرَىٰ
2b24e9488516	faʔtijaːh	1	فَأۡتِيَاهُ
335bf86556da	jaⁿsaː	1	يَنسَى
37190321c165	wasalak	1	وَسَلَكَ
dd576c095815	warʕaw	1	وَٱرۡعَوۡاۡ
9f4266632074	ʔanʕaːmakum	1	أَنۡعَـٰمَكُمۡ
36d3739a4398	nuʕiːdukum	1	نُعِيدُكُمۡ
390deae3992a	ʔarajnaːh	1	أَرَيۡنَـٰهُ
f09dd97881a4	waʔabaː	1	وَأَبَىٰ
d9e0d3334859	lituxrid͡ʒanaː	1	لِتُخۡرِجَنَا
ae7908496c3b	bisiħrik	1	بِسِحۡرِكَ
5e313d33602d	falanaʔtijanː̃ak	1	فَلَنَأۡتِيَنَّكَ
d98a096a47e2	nuxlifuhuː	1	نُخۡلِفُهُۥ
5c3a85c1db18	suwaː	1	سُوًى
5087b85bcedd	mawʕidukum	1	مَوۡعِدُكُمۡ
556cdda2dd2f	ʔazːiːnah	1	ٱلزِّينَةِ
ab51d051f0a4	fad͡ʒamaʕ	1	فَجَمَعَ
ebe92388bd2a	kajdahuː	1	كَيۡدَهُۥ
887dc343bc70	taftaruː	1	تَفۡتَرُواۡ
13c4c7bc71de	fajusħitakum	1	فَيُسۡحِتَكُم
6618c0229d50	fatanaːzaʕuː	1	فَتَنَـٰزَعُوٓاۡ
339eeab2ff02	lasaːħiraːn	1	لَسَـٰحِرٰنِ
ea574179a139	juriːdaːn	1	يُرِيدَانِ
761fb88c9242	juxrid͡ʒaːkum	1	يُخۡرِجَاكُم
76dc775a6f88	bisiħrihimaː	1	بِسِحۡرِهِمَا
b820c864d1d5	wajaðhabaː	1	وَيَذۡهَبَا
fb83dbaae0a7	bitˤariːqatikum	1	بِطَرِيقَتِكُمُ
e0309bc51a3d	ʔalmuθlaː	1	ٱلۡمُثۡلَىٰ
0f66bac4f76e	kajdakum	1	كَيۡدَكُمۡ
3c4889890129	ʔistaʕlaː	1	ٱسۡتَعۡلَىٰ
52d12beef413	ħibaːluhum	1	حِبَالُهُمۡ
6bfb991ae4ec	waʕisˤijːuhum	1	وَعِصِيُّهُمۡ
0341e79c63e9	juxajːal	1	يُخَيَّلُ
f8a79ee8a14a	siħrihim	1	سِحۡرِهِمۡ
0c959fac457c	jamiːnik	1	يَمِينِكَ
2319476d6072	falaʔuqatˤːiʕanː̃	1	فَلَأُقَطِّعَنَّ
c60e7d451d42	d͡ʒuðuːʕ	1	جُذُوعِ
cb8ed2ba4e6f	ʔajːunaː	1	أَيُّنَآ
b1ca9818c58f	nuʔθirak	1	نُّؤۡثِرَكَ
5a7e25123dd7	fatˤaranaː	1	فَطَرَنَا
2eff6fa7fead	faqᵊdˤ	1	فَٱقۡضِ
2ce75148de13	qaːdˤ	1	قَاضٍ
a56308992fbd	taqᵊdˤiː	1	تَقۡضِى
550ed63e9e2c	ʔakrahtanaː	1	أَكۡرَهۡتَنَا
41fc67b80c8a	mud͡ʒᵊrimaː	1	مُجۡرِمًا
3a936cd88cdd	jaʔtihiː	1	يَأۡتِهِۦ
8ac9b3157959	jabasaː	1	يَبَسًا
804198ba5c3e	taxaːf	1	تَخَـٰفُ
76760d7f627b	darakaː	1	دَرَكًا
c1b4103a51a7	taxʃaː	1	تَخۡشَىٰ
588821135358	bid͡ʒunuːdihiː	1	بِجُنُودِهِۦ
8cd4278e7557	faɣaʃijahum	1	فَغَشِيَهُم
f3903fecd26a	ʕaduwːikum	1	عَدُوِّكُمۡ
e83806f0b9a3	wawaːʕadᵊnaːkum	1	وَوٰعَدۡنَـٰكُمۡ
8c907f2161c7	fajaħilː	1	فَيَحِلَّ
001cf963c0c3	jaħlil	1	يَحۡلِلۡ
3973ae77e21c	laɣafːaːr	1	لَغَفَّارٌ
ed2171b0ef3e	ʔaʕd͡ʒalak	1	أَعۡجَلَكَ
231fbdf01c98	ʔaθariː	1	أَثَرِى
aeec738cdb00	waʕad͡ʒilt	1	وَعَجِلۡتُ
6c8219fb18e7	litardˤaː	1	لِتَرۡضَىٰ
e2473a794e15	baʕdik	1	بَعۡدِكَ
0242d22e3821	waʔadˤalːahum	1	وَأَضَلَّهُمُ
bf0896739239	farad͡ʒaʕ	1	فَرَجَعَ
83f8fbf9dc83	jaʕidᵊkum	1	يَعِدۡكُمۡ
1a6021609910	ʔafatˤaːl	1	أَفَطَالَ
6bc3328471a9	faʔaxlaftum	1	فَأَخۡلَفۡتُم
4b29e8672d79	mawʕidiː	1	مَّوۡعِدِى
1056dbae6562	ʔaxlafnaː	1	أَخۡلَفۡنَا
efb812879602	mawʕidak	1	مَوۡعِدَكَ
fd59fa4905f3	bimalkinaː	1	بِمَلۡكِنَا
aadcb9651b42	ħumː̃ilnaː	1	حُمِّلۡنَآ
e9d6419409ec	ʔawzaːraː	1	أَوۡزَارًا
56d414f47217	faqaðafnaːhaː	1	فَقَذَفۡنَـٰهَا
6cea0848a5b6	fakaðaːlik	1	فَكَذٰلِكَ
fda17dbc7e3a	futiⁿtum	1	فُتِنتُم
0c48923f2f65	nabᵊraħ	1	نَّبۡرَحَ
8e61346cebb2	jaːhaːruːn	1	يَـٰهَـٰرُونُ
908eda3b0634	tatːabiʕan	1	تَتَّبِعَنِ
c83a51fb2596	ʔafaʕasˤajt	1	أَفَعَصَيۡتَ
2e96131ef7eb	jabᵊnaʔumː̃	1	يَبۡنَؤُمَّ
1171d3390b8e	taʔxuð	1	تَأۡخُذۡ
5780a1d8078b	biliħjatiː	1	بِلِحۡيَتِى
4573ce326712	biraʔsiː	1	بِرَأۡسِىٓ
71ea896a9fe5	xaʃiːt	1	خَشِيتُ
a45f08a56c53	farːaqᵊt	1	فَرَّقۡتَ
429a0a9ac86a	tarqubᵊ	1	تَرۡقُبۡ
0a2ce08024e6	xatˤᵊbuk	1	خَطۡبُكَ
910760815ec0	jaːsaːmirijː	1	يَـٰسَـٰمِرِىُّ
b3246b09909e	basˤurt	1	بَصُرۡتُ
f571f2bf6a06	jabᵊsˤuruː	1	يَبۡصُرُواۡ
a3e988869105	faqabadˤt	1	فَقَبَضۡتُ
bff8c49814e9	qabᵊdˤahaː	1	قَبۡضَةً
877d4d88cf62	fanabaðtuhaː	1	فَنَبَذۡتُهَا
6bf89bac52e8	misaːs	1	مِسَاسَ
a02915505451	tuxlafahuː	1	تُخۡلَفَهُۥ
47ac179e201a	ʔilaːhik	1	إِلَـٰهِكَ
9ea67c9c7a83	ðˤalt	1	ظَلۡتَ
203c645e7654	ʕaːkifaː	1	عَاكِفًا
97e36848e446	lanuħarːiqanː̃ahuː	1	لَّنُحَرِّقَنَّهُۥ
3237978796c8	lanaⁿsifanː̃ahuː	1	لَنَنسِفَنَّهُۥ
93fde1e3bbba	wizraː	1	وِزۡرًا
cb151d9a3ab9	ħimlaː	1	حِمۡلًا
737293d33e10	wanaħʃur	1	وَنَحۡشُرُ
8a3fc7185662	zurqaː	1	زُرۡقًا
0949b776c521	ʔamθaluhum	1	أَمۡثَلُهُمۡ
01e129ab6644	tˤariːqahaː	1	طَرِيقَةً
4e9ee10282c1	jaⁿsifuhaː	1	يَنسِفُهَا
6a8c2c70a208	fajaðaruhaː	1	فَيَذَرُهَا
0de75ab066e1	qaːʕaː	1	قَاعًا
f6160265bfa9	sˤafsˤafaː	1	صَفۡصَفًا
7da2df435535	ʔamtaː	1	أَمۡتًا
a32cb34cbad7	ʔadːaːʕiː	1	ٱلدَّاعِىَ
d515f4d2baf6	waxaʃaʕat	1	وَخَشَعَتِ
c2cf64cd2b2f	hamsaː	1	هَمۡسًا
b12e52b32b20	waradˤiː	1	وَرَضِىَ
790913e01108	waʕanat	1	وَعَنَتِ
663c8fb37396	lilħajː	1	لِلۡحَىِّ
e91820d8647c	ħamal	1	حَمَلَ
6c5419107465	hadˤmaː	1	هَضۡمًا
5afab718918f	waħjuhuː	1	وَحۡيُهُۥ
d476d0ccd75a	zidᵊniː	1	زِدۡنِى
f50efa6f6e2a	ʕahidᵊnaː	1	عَهِدۡنَآ
fa9ba2274998	nad͡ʒidᵊ	1	نَجِدۡ
438b29327be0	ʕazmaː	1	عَزۡمًا
583f57ac3315	walizawd͡ʒik	1	وَلِزَوۡجِكَ
9285906f48f3	juxrid͡ʒanː̃akumaː	1	يُخۡرِجَنَّكُمَا
198fa0867c98	fataʃqaː	1	فَتَشۡقَىٰٓ
ab09f3fdac44	tad͡ʒuːʕ	1	تَجُوعَ
103859e3d435	taʕraː	1	تَعۡرَىٰ
0c8ffb50c662	waʔanː̃ak	1	وَأَنَّكَ
c67c1d4f1bb8	taðˤmaʔ	1	تَظۡمَؤُاۡ
c4b41b0f22ff	tadˤħaː	1	تَضۡحَىٰ
1711f472839f	ʔadulːuk	1	أَدُلُّكَ
87d45d663f08	wamulk	1	وَمُلۡكٍ
909818a62c22	jabᵊlaː	1	يَبۡلَىٰ
464ac67456d7	faʔakalaː	1	فَأَكَلَا
27a8a62bd325	fabadat	1	فَبَدَتۡ
91a967b66e22	faɣawaː	1	فَغَوَىٰ
75bcd72bcf17	wahadaː	1	وَهَدَىٰ
8a2fb29b4567	ʔihbitˤaː	1	ٱهۡبِطَا
de7da91a3637	jaʃqaː	1	يَشۡقَىٰ
d1e6919821f4	maʕiːʃahaː	1	مَعِيشَةً
b5e3c424d47d	dˤaⁿkaː	1	ضَنكًا
d5cfb833ce2e	wanaħʃuruhuː	1	وَنَحۡشُرُهُۥ
52130d6d12b7	ħaʃartaniː	1	حَشَرۡتَنِىٓ
1522f447b3f6	ʔatatk	1	أَتَتۡكَ
6920b7b6aed2	fanasiːtahaː	1	فَنَسِيتَهَا
1ed243617120	tuⁿsaː	1	تُنسَىٰ
d22aa809ae89	ʔasraf	1	أَسۡرَفَ
0a77dcad34be	ɣuruːbihaː	1	غُرُوبِهَا
37b7b0c91fd4	ʔaːnaːʔ	1	ءَانَآىِٕ
3c343964d51b	waʔatˤᵊraːf	1	وَأَطۡرَافَ
ff02bc583102	zahrah	1	زَهۡرَةَ
7a0734f8f4ee	nasʔaluk	1	نَسۡــَٔلُكَ
cb6263231ddc	narzuquk	1	نَرۡزُقُكَ
4201507e25b2	jaʔtiːnaː	1	يَأۡتِينَا
664fcdb29362	naðilː	1	نَّذِلَّ
47ec18a1d30b	wanaxzaː	1	وَنَخۡزَىٰ
00275b505e47	mutarabːisˤ	1	مُّتَرَبِّصٌ
9b2f15691256	ʔasːawijː	1	ٱلسَّوِىِّ
393004711c91	ʔistamaʕuːh	1	ٱسۡتَمَعُوهُ
07c8e1fc6771	laːhijahaː	1	لَاهِيَةً
360c7564d285	ʔafataʔtuːn	1	أَفَتَأۡتُونَ
7146261764e1	faljaʔtinaː	1	فَلۡيَأۡتِنَا
23032015be85	sˤadaqᵊnaːhum	1	صَدَقۡنَـٰهُمُ
087b7bc42ead	faʔaⁿd͡ʒajnaːhum	1	فَأَنجَيۡنَـٰهُمۡ
3455bf20ed78	waʔahlaknaː	1	وَأَهۡلَكۡنَا
d6c9759cfc6a	ðikrukum	1	ذِكۡرُكُمۡ
7fd1122bd32a	qasˤamnaː	1	قَصَمۡنَا
e653932d602f	ðˤaːlimahaː	1	ظَالِمَةً
1ead18d05a1a	ʔaħasːuː	1	أَحَسُّواۡ
09a664097f87	jarkudˤuːn	1	يَرۡكُضُونَ
dc284a587e6f	tarkudˤuː	1	تَرۡكُضُواۡ
08db3f48b638	ward͡ʒiʕuː	1	وَٱرۡجِعُوٓاۡ
af6c93a4d374	ʔutriftum	1	أُتۡرِفۡتُمۡ
3dc6e9102fdb	wamasaːkinikum	1	وَمَسَـٰكِنِكُمۡ
c5e6b9f0da34	zaːlat	1	زَالَت
21d46529aaa4	xaːmidiːn	1	خَـٰمِدِينَ
68465c47a53e	latːaxaðnaːh	1	لَّٱتَّخَذۡنَـٰهُ
0420b0524938	naqᵊðif	1	نَقۡذِفُ
af355f78ea87	fajadᵊmaɣuhuː	1	فَيَدۡمَغُهُۥ
5429d00a147a	zaːhiqᵊ	1	زَاهِقٌ
78b6bfab1e80	ʔalwajl	1	ٱلۡوَيۡلُ
a8e372e8a89b	jastaħsiruːn	1	يَسۡتَحۡسِرُونَ
3f39bb96ed7c	jafturuːn	1	يَفۡتُرُونَ
4bbdeda9b666	juⁿʃiruːn	1	يُنشِرُونَ
8fcc45f98241	lafasadataː	1	لَفَسَدَتَا
5f07817f861c	jusʔaluːn	1	يُسۡــَٔلُونَ
956a5e07aee9	waðikr	1	وَذِكۡرُ
2f4a228aaee3	jasbiquːnahuː	1	يَسۡبِقُونَهُۥ
089ab639455b	jaʃfaʕuːn	1	يَشۡفَعُونَ
559cda7ff002	xaʃjatihiː	1	خَشۡيَتِهِۦ
8eb16dfdd550	jaqul	1	يَقُلۡ
1f206d6dfa5e	nad͡ʒᵊziːh	1	نَجۡزِيهِ
77ae900ddbe6	ratqaː	1	رَتۡقًا
ede616dd5bda	fafataqᵊnaːhumaː	1	فَفَتَقۡنَـٰهُمَا
8ac313cf3b03	saqᵊfaː	1	سَقۡفًا
5f61bee8a784	maħfuːðˤaː	1	مَّحۡفُوظًا
6c641ac09718	ʔaːjaːtihaː	1	ءَايَـٰتِهَا
8a9b05336fa6	ʔalxaːliduːn	1	ٱلۡخَـٰلِدُونَ
bd237c3f2da6	wanabᵊluːkum	1	وَنَبۡلُوكُم
69b4b53b3f4e	walxajr	1	وَٱلۡخَيۡرِ
b603a8bd5956	raʔaːk	1	رَءَاكَ
e33d8fa64aad	ʕad͡ʒal	1	عَجَلٍ
37b97b550a2c	jakufːuːn	1	يَكُفُّونَ
5242b69c8aef	fatabᵊhatuhum	1	فَتَبۡهَتُهُمۡ
20e8b15f9591	radːahaː	1	رَدَّهَا
d798aa17573e	jaklaʔukum	1	يَكۡلَؤُكُم
4ea617ba6168	tamnaʕuhum	1	تَمۡنَعُهُم
204cf8c0095e	duːninaː	1	دُونِنَا
98029d2681bd	jusˤħabuːn	1	يُصۡحَبُونَ
f4c89d8b8cea	tˤaːl	1	طَالَ
6de6d48fccbe	ʔuⁿðirukum	1	أُنذِرُكُم
d1ac6d74f80d	bilwaħj	1	بِٱلۡوَحۡىِ
706c7f0c7c6b	juⁿðaruːn	1	يُنذَرُونَ
6d5b555646f0	nafħah	1	نَفۡحَةٌ
c90900a87efd	wanadˤaʕ	1	وَنَضَعُ
53f5765018e7	ʔalmawaːziːn	1	ٱلۡمَوٰزِينَ
c4d02cca2df8	ʔalqistˤᵊ	1	ٱلۡقِسۡطَ
c2940118365a	ħaːsibiːn	1	حَـٰسِبِينَ
d7e4887d7c73	wadˤijaːːʔaː	1	وَضِيَآءً
7c8f1a92969e	ʔafaʔaⁿtum	1	أَفَأَنتُمۡ
517b29feb8a0	ruʃdahuː	1	رُشۡدَهُۥ
79437ddd7e8e	ʔatːamaːθiːl	1	ٱلتَّمَاثِيلُ
d3f088a8c4ba	ʔalːaːʕibiːn	1	ٱللَّـٰعِبِينَ
5a3930377b5f	fatˤarahunː̃	1	فَطَرَهُنَّ
b0b2df3d8cbf	watalːaːh	1	وَتَٱللَّهِ
83d8c61132e0	laʔakiːdanː̃	1	لَأَكِيدَنَّ
1b38cd2b0ad1	ʔasˤnaːmakum	1	أَصۡنَـٰمَكُم
96f7f2e11a07	d͡ʒuðaːðaː	1	جُذٰذًا
60f809c06b81	fataː	1	فَتًى
469c02080890	jaðkuruhum	1	يَذۡكُرُهُمۡ
681437fde160	faʕalahuː	1	فَعَلَهُۥ
f14961ae81b9	fasʔaluːhum	1	فَسۡــَٔلُوهُمۡ
9bfc3fe5444f	farad͡ʒaʕuː	1	فَرَجَعُوٓاۡ
68e2688dfd88	nukisuː	1	نُكِسُواۡ
ea0948ab4613	ʔafataʕbuduːn	1	أَفَتَعۡبُدُونَ
e8170fd66c12	walimaː	1	وَلِمَا
88e0d2daa7fd	waⁿsˤuruː	1	وَٱنصُرُوٓاۡ
528d167d5bef	jaːnaːr	1	يَـٰنَارُ
ef537aabde1f	kuːniː	1	كُونِى
8af26d1f8668	waʔaraːduː	1	وَأَرَادُواۡ
cc0076e6fd55	ʔalʔaxsariːn	1	ٱلۡأَخۡسَرِينَ
595a18c74304	fiʕl	1	فِعۡلَ
51148fa2ca99	taʕmal	1	تَّعۡمَلُ
274297e70905	waʔadᵊxalnaːh	1	وَأَدۡخَلۡنَـٰهُ
fd7b5f36cbc2	wanasˤarnaːh	1	وَنَصَرۡنَـٰهُ
c99a4c47cd77	wadaːwuːdᵊ	1	وَدَاوُۥدَ
87a5883f3099	jaħkumaːn	1	يَحۡكُمَانِ
243548fc8644	nafaʃat	1	نَفَشَتۡ
3bf35728b03c	ɣanam	1	غَنَمُ
8fba401eefd8	liħukmihim	1	لِحُكۡمِهِمۡ
7c5c548f88fe	fafahːamnaːhaː	1	فَفَهَّمۡنَـٰهَا
2c42798fe612	wasaxːarnaː	1	وَسَخَّرۡنَا
a5819a183f7d	sˤanʕah	1	صَنۡعَةَ
057fc6c8a638	labuːs	1	لَبُوسٍ
1ac664648a13	lituħsˤinakum	1	لِتُحۡصِنَكُم
324d78e9656e	baʔsikum	1	بَأۡسِكُمۡ
d71da4988f73	ʃaːkiruːn	1	شَـٰكِرُونَ
44154d011cf1	ʕaːsˤifahaː	1	عَاصِفَةً
848eb2a087ee	jaɣuːsˤuːn	1	يَغُوصُونَ
81fc67cef5f3	wajaʕmaluːn	1	وَيَعۡمَلُونَ
f399ec7694b9	lilʕaːbidiːn	1	لِلۡعَـٰبِدِينَ
8b0277a45184	waʔidᵊriːs	1	وَإِدۡرِيسَ
320a35725115	waʔadᵊxalnaːhum	1	وَأَدۡخَلۡنَـٰهُمۡ
9d4d1db12d62	ʔanː̃uːn	1	ٱلنُّونِ
d89f94696d8c	muɣaːdˤibaː	1	مُغَـٰضِبًا
0281058e8cf1	faðˤanː̃	1	فَظَنَّ
7b832362d9df	naqᵊdir	1	نَّقۡدِرَ
b33447c13fe3	nud͡ʒiː	1	نُـجِى
6bf85ced4a30	taðarniː	1	تَذَرۡنِى
ac54cf96873b	waʔasˤlaħnaː	1	وَأَصۡلَحۡنَا
04dda8cbd97f	zawd͡ʒahuː	1	زَوۡجَهُۥٓ
7be8211775d5	wajadᵊʕuːnanaː	1	وَيَدۡعُونَنَا
9c6f1de73af4	raɣabaː	1	رَغَبًا
64af8d1f403c	warahabaː	1	وَرَهَبًا
9670521f11e5	wabᵊnahaː	1	وَٱبۡنَهَآ
bd1ead7856e4	wataqatˤːaʕuː	1	وَتَقَطَّعُوٓاۡ
ee1c97071793	kufraːn	1	كُفۡرَانَ
6853a4cf3b64	lisaʕjihiː	1	لِسَعۡيِهِۦ
8762c4fd195d	kaːtibuːn	1	كَـٰتِبُونَ
96a8badefc66	waħaraːm	1	وَحَرٰمٌ
0353683371a1	ħadabᵊ	1	حَدَبٍ
9ab52efad36b	waqᵊtarabᵊ	1	وَٱقۡتَرَبَ
21a26e29bee2	ʃaːxisˤah	1	شَـٰخِصَةٌ
0e3c22c1adaf	ʔabᵊsˤaːr	1	أَبۡصَـٰرُ
59c2a3bec904	ħasˤabᵊ	1	حَصَبُ
4bee836559ab	waːriduːn	1	وٰرِدُونَ
a5becc738ac7	waraduːhaː	1	وَرَدُوهَا
91cb7c420a3b	mubᵊʕaduːn	1	مُبۡعَدُونَ
0d9613a7fd44	ħasiːsahaː	1	حَسِيسَهَا
0eb79777e8ac	ʔiʃtahat	1	ٱشۡتَهَتۡ
2612d969254a	jaħzunuhum	1	يَحۡزُنُهُمُ
dae082ae416d	ʔalfazaʕ	1	ٱلۡفَزَعُ
eb5e447ff880	watatalaqːaːhum	1	وَتَتَلَقَّـٰهُمُ
9d30672ed658	jawmukum	1	يَوۡمُكُمُ
ba8afd208d9b	natˤᵊwiː	1	نَطۡوِى
9b20c4c6448d	katˤajː	1	كَطَىِّ
d03c278ccbce	ʔasːid͡ʒilː	1	ٱلسِّجِلِّ
9a60f83b251e	lilkutubᵊ	1	لِلۡكُتُبِ
7e07041e3ff0	badaʔnaː	1	بَدَأۡنَآ
d3790eb79373	nuʕiːduhuː	1	نُّعِيدُهُۥ
cb1da1898572	ʔazːabuːr	1	ٱلزَّبُورِ
b0e25d061b11	labalaːɣaː	1	لَبَلَـٰغًا
402b0949ddc7	ʔaːðaⁿtukum	1	ءَاذَنتُكُمۡ
421ba2073048	warabːunaː	1	وَرَبُّنَا
52a19097135d	zalzalah	1	زَلۡزَلَةَ
443fa1738c66	taðhal	1	تَذۡهَلُ
1c7b36ce065e	murdˤiʕah	1	مُرۡضِعَةٍ
60d385654a81	ʔardˤaʕat	1	أَرۡضَعَتۡ
beb58a4c1774	watadˤaʕ	1	وَتَضَعُ
b2c151ba9310	ħamlahaː	1	حَمۡلَهَا
f233630262f3	bisukaːraː	1	بِسُكَـٰرَىٰ
726b59fe2e04	mariːdᵊ	1	مَّرِيدٍ
f566d49b762b	tawalːaːh	1	تَوَلَّاهُ
c1dadbf9ad8c	judˤilːuhuː	1	يُضِلُّهُۥ
1db0e9338f3b	wajahdiːh	1	وَيَهۡدِيهِ
42192fcb96d4	mudˤɣah	1	مُّضۡغَةٍ
ad387dac3605	linubajːin	1	لِّنُبَيِّنَ
517a824d307c	wanuqirː	1	وَنُقِرُّ
1587aa5906a3	haːmidahaː	1	هَامِدَةً
a1f1848a9925	waʔaᵐbatat	1	وَأَنۢبَتَتۡ
3a69f0012239	ʕitˤᵊfihiː	1	عِطۡفِهِۦ
797075e50c1d	wanuðiːquhuː	1	وَنُذِيقُهُۥ
0b0e0ec27638	jadaːk	1	يَدَاكَ
e6a4d5b6371b	ħarf	1	حَرۡفٍ
5d8e9e5d7d0e	ʔasˤaːbahuː	1	أَصَابَهُۥ
af05130470ec	ʔitˤᵊmaʔanː̃	1	ٱطۡمَأَنَّ
0ed2bb0cdf83	ʔasˤaːbath	1	أَصَابَتۡهُ
65d648b1d4dd	ʔiⁿqalabᵊ	1	ٱنقَلَبَ
4f0a0bf1fdaf	jadˤurːuhuː	1	يَضُرُّهُۥ
99071dd704dc	jaⁿfaʕuhuː	1	يَنفَعُهُۥ
7033b7c5c99c	dˤarːuhuː	1	ضَرُّهُۥٓ
b0a73b194f80	nafʕihiː	1	نَّفۡعِهِۦ
ca531a7cada0	ʔalʕaʃiːr	1	ٱلۡعَشِيرُ
693a2f518216	jaⁿsˤurah	1	يَنصُرَهُ
63e53087f004	bisababᵊ	1	بِسَبَبٍ
4229f4d44dd7	ljaqᵊtˤaʕ	1	لۡيَقۡطَعۡ
51bd9c68fff5	juðhibanː̃	1	يُذۡهِبَنَّ
7084896021d1	kajduhuː	1	كَيۡدُهُۥ
e89347cb33ca	walmad͡ʒuːs	1	وَٱلۡمَجُوسَ
78677db47b00	juhin	1	يُهِنِ
bcafbc77d831	mukrim	1	مُّكۡرِمٍ
67890e81e093	ʔixtasˤamuː	1	ٱخۡتَصَمُواۡ
28162d6b26db	jusˤabːᵊ	1	يُصَبُّ
82b2974966f7	jusˤhar	1	يُصۡهَرُ
687ca9bb8efd	wald͡ʒuluːdᵊ	1	وَٱلۡجُلُودُ
23212a9b11bf	maqaːmiʕ	1	مَّقَـٰمِعُ
7fb53520ddd1	ɣamː̃	1	غَمٍّ
9c9334f9fdf5	ʔalʕaːkif	1	ٱلۡعَـٰكِفُ
810f5769b86a	walbaːdᵊ	1	وَٱلۡبَادِ
284e21d3eccd	biʔilħaːdᵊ	1	بِإِلۡحَادِۭ
337986913adc	liʔibᵊraːhiːm	1	لِإِبۡرٰهِيمَ
da39925df780	watˤahːir	1	وَطَهِّرۡ
0434f25236d1	walqaːːʔimiːn	1	وَٱلۡقَآئِمِينَ
3f01959690f6	waʔaðːin	1	وَأَذِّن
c6bc22f5fcb7	bilħad͡ʒːᵊ	1	بِٱلۡحَجِّ
bb24bc478384	dˤaːmir	1	ضَامِرٍ
48b49f9a9da3	fad͡ʒːᵊ	1	فَجٍّ
c31773396f49	ʕamiːqᵊ	1	عَمِيقٍ
a2fc56012cc3	lijaʃhaduː	1	لِّيَشۡهَدُواۡ
e2cdee48679e	wajaðkuruː	1	وَيَذۡكُرُواۡ
a2fcff51a309	ʔalbaːːʔis	1	ٱلۡبَآئِسَ
6df1c70a7848	ʔalfaqiːr	1	ٱلۡفَقِيرَ
f5795edd7230	ljaqᵊdˤuː	1	لۡيَقۡضُواۡ
fc87a8a1788d	tafaθahum	1	تَفَثَهُمۡ
cbe47dbfdb4b	waljuːfuː	1	وَلۡيُوفُواۡ
a62930626d20	nuðuːrahum	1	نُذُورَهُمۡ
0f338d843841	waljatˤːawːafuː	1	وَلۡيَطَّوَّفُواۡ
ed498d9840a6	bilbajt	1	بِٱلۡبَيۡتِ
3220ac28171f	ħurumaːt	1	حُرُمَـٰتِ
369602852cbc	waʔuħilːat	1	وَأُحِلَّتۡ
ff2e970efda8	fad͡ʒᵊtanibuː	1	فَٱجۡتَنِبُواۡ
5716690b36c2	ʔalʔawθaːn	1	ٱلۡأَوۡثَـٰنِ
977e9a4f5e7b	fataxtˤafuh	1	فَتَخۡطَفُهُ
6144c53f9473	saħiːqᵊ	1	سَحِيقٍ
8f3bebc0b461	maħilːuhaː	1	مَحِلُّهَآ
eec0763583e1	lijaðkuruː	1	لِّيَذۡكُرُواۡ
947b9b5126ab	faʔilaːhukum	1	فَإِلَـٰهُكُمۡ
5ca4437a7f4b	ʔaslimuː	1	أَسۡلِمُواۡ
f195b597823b	ʔalmuxbitiːn	1	ٱلۡمُخۡبِتِينَ
0e6877ef6405	walmuqiːmiː	1	وَٱلۡمُقِيمِى
4b6b6d75434a	walbudᵊn	1	وَٱلۡبُدۡنَ
c6a00c9b9305	sˤawaːːːfː	1	صَوَآفَّ
004fd7a5a30a	wad͡ʒabat	1	وَجَبَتۡ
342af5f002c3	d͡ʒunuːbuhaː	1	جُنُوبُهَا
f8fb120e0fb7	ʔalqaːniʕ	1	ٱلۡقَانِعَ
246aa5603b1d	walmuʕtarː	1	وَٱلۡمُعۡتَرَّ
3d11a999280b	saxːarnaːhaː	1	سَخَّرۡنَـٰهَا
c59b20274430	luħuːmuhaː	1	لُحُومُهَا
33b7af42067d	dimaːːʔuhaː	1	دِمَآؤُهَا
a35f93a4e16d	janaːluh	1	يَنَالُهُ
c0a1ec8f3ed1	litukabːiruː	1	لِتُكَبِّرُواۡ
dd9da68603dd	judaːfiʕ	1	يُدٰفِعُ
f16af62d6dcd	xawːaːn	1	خَوَّانٍ
eea7280a7567	ʔuðin	1	أُذِنَ
e117ea071b15	juqaːtaluːn	1	يُقَـٰتَلُونَ
b3d275e2e37c	nasˤrihim	1	نَصۡرِهِمۡ
228b339594a5	laqadiːr	1	لَقَدِيرٌ
cc5c43f57fed	lahudːimat	1	لَّهُدِّمَتۡ
5a298b14bdde	sˤawaːmiʕ	1	صَوٰمِعُ
c3b4043d59db	wabijaʕ	1	وَبِيَعٌ
740ae086361e	wamasaːd͡ʒidᵊ	1	وَمَسَـٰجِدُ
eb30f7519654	walajaⁿsˤuranː̃	1	وَلَيَنصُرَنَّ
a3f95f31392e	waʔamaruː	1	وَأَمَرُواۡ
ec79ad7cfcac	wanahaw	1	وَنَهَوۡاۡ
7a991db1a466	wakuðːibᵊ	1	وَكُذِّبَ
7e8b31ac7ecf	fakaʔajːin	1	فَكَأَيِّن
eaa45d480d7c	wabiʔr	1	وَبِئۡرٍ
bcc8cdd9739c	muʕatˤːalah	1	مُّعَطَّلَةٍ
94bcc312b977	waqasˤr	1	وَقَصۡرٍ
97fb10f945d0	maʃiːdᵊ	1	مَّشِيدٍ
ce37e76975bb	kaʔalf	1	كَأَلۡفِ
cc73dad1ea85	ʔamlajt	1	أَمۡلَيۡتُ
babeac064385	ʔaxaðtuhaː	1	أَخَذۡتُهَا
17ec9685a15a	waʔilajː	1	وَإِلَىَّ
2208dede0687	ʔumnijːatihiː	1	أُمۡنِيَّتِهِۦ
9354bc4289dd	fajaⁿsax	1	فَيَنسَخُ
60f325dffd76	juħkim	1	يُحۡكِمُ
ee393d2b31fe	walqaːsijah	1	وَٱلۡقَاسِيَةِ
1d552e647a5a	fajuʔminuː	1	فَيُؤۡمِنُواۡ
93481cf58f7a	fatuxbit	1	فَتُخۡبِتَ
ac6e82f9a96a	lahaːdᵊ	1	لَهَادِ
be13f14be1d3	lajarzuqanː̃ahum	1	لَيَرۡزُقَنَّهُمُ
e24b6b7e733b	lajudᵊxilanː̃ahum	1	لَيُدۡخِلَنَّهُم
f4c72eb2cb86	jardˤawnahuː	1	يَرۡضَوۡنَهُۥ
4d86f25da286	laʕaliːm	1	لَعَلِيمٌ
c58389c0a762	ʕaːqabᵊ	1	عَاقَبَ
0e8c8c718538	ʕuːqibᵊ	1	عُوقِبَ
d690f6d5404d	buɣiː	1	بُغِىَ
3dc364862e2d	lajaⁿsˤuranː̃ah	1	لَيَنصُرَنَّهُ
ea0026284a74	muxdˤarːahaː	1	مُخۡضَرَّةً
37d7f4e49d6c	wajumsik	1	وَيُمۡسِكُ
2c13bcacadd7	taqaʕ	1	تَقَعَ
a642135de18b	ʔaħjaːkum	1	أَحۡيَاكُمۡ
2c39e3e17c5d	naːsikuːh	1	نَاسِكُوهُ
1d5b6a192629	junaːziʕunː̃ak	1	يُنَـٰزِعُنَّكَ
480498963939	d͡ʒaːdaluːk	1	جَـٰدَلُوكَ
8da6760e45a0	jastˤuːn	1	يَسۡطُونَ
f97f513eaad4	ʔafaʔunabːiʔukum	1	أَفَأُنَبِّئُكُم
11be99d4d0c2	jaxluquː	1	يَخۡلُقُواۡ
c3c13548af88	ðubaːbaː	1	ذُبَابًا
774abe38c5d8	ʔid͡ʒᵊtamaʕuː	1	ٱجۡتَمَعُواۡ
46745492741a	jaslubᵊhum	1	يَسۡلُبۡهُمُ
e856d1d2ea9d	ʔaðːubaːbᵊ	1	ٱلذُّبَابُ
b68cc770abdf	jastaⁿqiðuːh	1	يَسۡتَنقِذُوهُ
7c69202554d7	dˤaʕuf	1	ضَعُفَ
ca3bf7a73d73	ʔatˤːaːlibᵊ	1	ٱلطَّالِبُ
8c200a9e3795	walmatˤᵊluːbᵊ	1	وَٱلۡمَطۡلُوبُ
458401864e6f	jasˤtˤafiː	1	يَصۡطَفِى
b6487232fac2	wafʕaluː	1	وَٱفۡعَلُواۡ
b5a86887bdb8	d͡ʒihaːdihiː	1	جِهَادِهِۦ
de9b230eb114	ʔid͡ʒᵊtabaːkum	1	ٱجۡتَبَـٰكُمۡ
adebca528355	samː̃aːkum	1	سَمَّـٰكُمُ
e47b216f395a	xaːʃiʕuːn	1	خَـٰشِعُونَ
7281a20394ca	lilzːakaːh	1	لِلزَّكَوٰةِ
5f810de4ad15	faːʕiluːn	1	فَـٰعِلُونَ
36fee5054a0d	sˤalawaːtihim	1	صَلَوٰتِهِمۡ
5289425c7c51	ʔanː̃utˤᵊfah	1	ٱلنُّطۡفَةَ
ad317755ae40	ʔalʕalaqah	1	ٱلۡعَلَقَةَ
2d8288409a7c	mudˤɣahaː	1	مُضۡغَةً
2e8946140ea8	ʔalmudˤɣah	1	ٱلۡمُضۡغَةَ
2b299512e1e5	fakasawnaː	1	فَكَسَوۡنَا
6fad0f62522c	ʔaⁿʃaʔnaːh	1	أَنشَأۡنَـٰهُ
b0e1418c5a99	lamajːituːn	1	لَمَيِّتُونَ
d4b5c8f6016d	tubᵊʕaθuːn	1	تُبۡعَثُونَ
95075da3bcd1	faʔaskanː̃aːh	1	فَأَسۡكَنَّـٰهُ
7bfce0daa323	ðahaːbᵊ	1	ذَهَابِۭ
c68b6d2d0db1	faʔaⁿʃaʔnaː	1	فَأَنشَأۡنَا
3195beeadab1	waʃad͡ʒarahaː	1	وَشَجَرَةً
6a0c260d76e5	tˤuːr	1	طُورِ
eb31630aee6e	sajnaːːʔ	1	سَيۡنَآءَ
09fcf4ef45ad	taᵐbut	1	تَنۢبُتُ
231205c28f06	bidːuhn	1	بِٱلدُّهۡنِ
2271b34e1edc	wasˤibᵊɣ	1	وَصِبۡغٍ
469b0d68cb7d	lilʔakiliːn	1	لِّلۡأَكِلِينَ
95f8588d71b6	jatafadˤːal	1	يَتَفَضَّلَ
c336a741b178	ʔisˤnaʕ	1	ٱصۡنَعِ
249e90b342fc	fasluk	1	فَٱسۡلُكۡ
7e5292e7b115	ʔistawajt	1	ٱسۡتَوَيۡتَ
a7c58b55dad7	ʔaⁿzilniː	1	أَنزِلۡنِى
425fa6a6ecde	muⁿzalaː	1	مُنزَلًا
15e92389e403	lamubᵊtaliːn	1	لَمُبۡتَلِينَ
94f0d4ca5347	qawmih	1	قَوۡمِهِ
b91fb7f435a6	waʔatrafnaːhum	1	وَأَتۡرَفۡنَـٰهُمۡ
167de9cd5266	wajaʃrabᵊ	1	وَيَشۡرَبُ
f506a54e9626	ʔatˤaʕtum	1	أَطَعۡتُم
e46b3d83a1b9	miθlakum	1	مِّثۡلَكُمۡ
ad7f310ff5ef	ʔajaʕidukum	1	أَيَعِدُكُمۡ
f59e9d086575	mitːum	1	مِتُّمۡ
beac0d47289b	muxrad͡ʒuːn	1	مُّخۡرَجُونَ
87fc5b850a90	lajusˤbiħunː̃	1	لَّيُصۡبِحُنَّ
54a09cb3e401	tatraː	1	تَتۡرَا
29200a58ee8d	rasuːluhaː	1	رَّسُولُهَا
1cd4159b9171	kaðːabuːh	1	كَذَّبُوهُ
c8b0b4bff60e	faʔatbaʕnaː	1	فَأَتۡبَعۡنَا
98ac567b5eaf	ʕaːliːn	1	عَالِينَ
be9f7ee4da8d	libaʃarajn	1	لِبَشَرَيۡنِ
33c7ca8e634e	miθlinaː	1	مِثۡلِنَا
82858356514b	waqawmuhumaː	1	وَقَوۡمُهُمَا
eb1446aa4998	ʔalmuhlakiːn	1	ٱلۡمُهۡلَكِينَ
a99ae94ba343	waʔaːwajnaːhumaː	1	وَءَاوَيۡنَـٰهُمَآ
fc203a840299	rabᵊwah	1	رَبۡوَةٍ
e8129ef12032	wamaʕiːn	1	وَمَعِينٍ
fb7a4a1fe687	fataqatˤːaʕuː	1	فَتَقَطَّعُوٓاۡ
db80c0555b7e	zuburaː	1	زُبُرًا
5f55ec665819	ɣamratihim	1	غَمۡرَتِهِمۡ
a75b9bb5856b	ʔajaħsabuːn	1	أَيَحۡسَبُونَ
e277738b6434	numidːuhum	1	نُمِدُّهُم
4985d46a864a	nusaːriʕ	1	نُسَارِعُ
91781a8fffdc	ʔaːtaw	1	ءَاتَواۡ
3a7a3fd3ede4	wad͡ʒilah	1	وَجِلَةٌ
cc9ea64025e3	saːbiquːn	1	سَـٰبِقُونَ
cb74fdd6e725	ʔaʕmaːl	1	أَعۡمَـٰلٌ
d451a70903ee	mutrafiːhim	1	مُتۡرَفِيهِم
60905c5a24f9	jad͡ʒᵊʔaruːn	1	يَجۡــَٔرُونَ
8d9b55cbcde7	tad͡ʒᵊʔaruː	1	تَجۡــَٔرُواۡ
3c97e322fae2	taⁿkisˤuːn	1	تَنكِصُونَ
e01ecb89744f	mustakbiriːn	1	مُسۡتَكۡبِرِينَ
30a952f648a1	saːmiraː	1	سَـٰمِرًا
ad4eae856cd6	tahd͡ʒuruːn	1	تَهۡجُرُونَ
1e7534a99c73	jadːabːaruː	1	يَدَّبَّرُواۡ
e34d03cfd58d	jaʕrifuː	1	يَعۡرِفُواۡ
fcbfc78ad460	rasuːlahum	1	رَسُولَهُمۡ
9761be2a00b2	biðikrihim	1	بِذِكۡرِهِمۡ
8ed9c75ffae1	ðikrihim	1	ذِكۡرِهِم
e5445542498f	faxaraːd͡ʒᵊ	1	فَخَرَاجُ
db6a9a9e6b25	latadᵊʕuːhum	1	لَتَدۡعُوهُمۡ
cb530e6a85af	lanaːkibuːn	1	لَنَـٰكِبُونَ
255eb7fd9380	raħimnaːhum	1	رَحِمۡنَـٰهُمۡ
b22d325a1c3e	wakaʃafnaː	1	وَكَشَفۡنَا
86088b7f02d3	lalad͡ʒːuː	1	لَّلَجُّواۡ
109c679c19b0	jud͡ʒaːr	1	يُجَارُ
62fb7b32ce04	tusħaruːn	1	تُسۡحَرُونَ
04346ea3f81e	walaʕalaː	1	وَلَعَلَا
d8c173711c15	turijanː̃iː	1	تُرِيَنِّى
5917de6d141d	nurijak	1	نُّرِيَكَ
74fed4dcc714	hamazaːt	1	هَمَزٰتِ
78daba3765a5	waʔaʕuːð	1	وَأَعُوذُ
e2e0b759ee1e	jaħdˤuruːn	1	يَحۡضُرُونِ
7b47705c360e	ʔird͡ʒiʕuːn	1	ٱرۡجِعُونِ
332224baa6ce	qaːːʔiluhaː	1	قَآئِلُهَا
fb039f66caac	ʔaⁿsaːbᵊ	1	أَنسَابَ
217fded3e3f4	talfaħ	1	تَلۡفَحُ
43af6b609f30	kaːliħuːn	1	كَـٰلِحُونَ
3d933be269ee	ʃiqᵊwatunaː	1	شِقۡوَتُنَا
61c659bef569	ʔixsaʔuː	1	ٱخۡسَــُٔواۡ
0ea11b69b57f	tukalːimuːn	1	تُكَلِّمُونِ
39299b84f884	fatːaxaðtumuːhum	1	فَٱتَّخَذۡتُمُوهُمۡ
f13fff9eb085	ʔaⁿsawkum	1	أَنسَوۡكُمۡ
b4a7fbc9cd0d	tadˤħakuːn	1	تَضۡحَكُونَ
13264964bf11	d͡ʒazajtuhum	1	جَزَيۡتُهُمُ
8071ff3bcd49	ʔalʕaːːːdːiːn	1	ٱلۡعَآدِّينَ
3fddf9122a5a	ʔafaħasibᵊtum	1	أَفَحَسِبۡتُمۡ
daa83989b761	ʕabaθaː	1	عَبَثًا
a74906aca793	waʔanː̃akum	1	وَأَنَّكُمۡ
156baee13df4	ħisaːbuhuː	1	حِسَابُهُۥ
e47e6c173b5e	warħam	1	وَٱرۡحَمۡ
bc1352c56a5f	ʔaⁿzalnaːhaː	1	أَنزَلۡنَـٰهَا
81b4e951ee67	wafaradˤnaːhaː	1	وَفَرَضۡنَـٰهَا
1f1b9a1203c2	ʔazːaːnijah	1	ٱلزَّانِيَةُ
a03b01180989	wazːaːniː	1	وَٱلزَّانِى
eb6632a5df53	fad͡ʒᵊliduː	1	فَٱجۡلِدُواۡ
6ad6dfe40f79	d͡ʒaldah	1	جَلۡدَةٍ
dad5681a24ec	taʔxuðkum	1	تَأۡخُذۡكُم
cab93cef7c49	raʔfah	1	رَأۡفَةٌ
8d83f291f019	waljaʃhadᵊ	1	وَلۡيَشۡهَدۡ
b7e90828cc7a	ʕaðaːbahumaː	1	عَذَابَهُمَا
d00346998ce3	ʔazːaːniː	1	ٱلزَّانِى
e6653291e341	zaːnijahaː	1	زَانِيَةً
ed3d19d641ee	muʃrikahaː	1	مُشۡرِكَةً
ab77e8522939	wazːaːnijah	1	وَٱلزَّانِيَةُ
a42ccf0b7cb9	jaⁿkiħuhaː	1	يَنكِحُهَآ
6e2293a0dea9	zaːn	1	زَانٍ
894a0e3244c5	fad͡ʒᵊliduːhum	1	فَٱجۡلِدُوهُمۡ
38bb66dfab2b	θamaːniːn	1	ثَمَـٰنِينَ
55a6de14cada	d͡ʒaldahaː	1	جَلۡدَةً
30c336b3933c	taqᵊbaluː	1	تَقۡبَلُواۡ
1dc7a8cd25aa	ʔazwaːd͡ʒahum	1	أَزۡوٰجَهُمۡ
4d4d7b20a1ba	faʃahaːdah	1	فَشَهَـٰدَةُ
ce77d3993e52	wajadᵊraʔ	1	وَيَدۡرَؤُاۡ
03a79dac4d58	bilʔifk	1	بِٱلۡإِفۡكِ
509c0b04574c	taħsabuːh	1	تَحۡسَبُوهُ
f4b9f8c2bff3	ʔiktasabᵊ	1	ٱكۡتَسَبَ
8f0fdb87665c	kibᵊrahuː	1	كِبۡرَهُۥ
b10f94a5ce5e	biʃːuhadaːːʔ	1	بِٱلشُّهَدَآءِ
850937da58c1	talaqːawnahuː	1	تَلَقَّوۡنَهُۥ
e273bdf0da0c	biʔalsinatikum	1	بِأَلۡسِنَتِكُمۡ
08cfb87d65fc	wataquːluːn	1	وَتَقُولُونَ
fe68f3d33647	wataħsabuːnahuː	1	وَتَحۡسَبُونَهُۥ
a172348a4346	hajːinaː	1	هَيِّنًا
df2a66063f79	natakalːam	1	نَّتَكَلَّمَ
f224fb885572	buhtaːn	1	بُهۡتَـٰنٌ
52f4084ecdd2	limiθlihiː	1	لِمِثۡلِهِۦٓ
12e688938475	taʃiːʕ	1	تَشِيعَ
e39c32272ee8	zakaː	1	زَكَىٰ
112fe985115c	jaʔtal	1	يَأۡتَلِ
7b66119bc065	wasːaʕah	1	وَٱلسَّعَةِ
854274aa3a91	juʔtuː	1	يُؤۡتُوٓاۡ
8243ace57499	waljaʕfuː	1	وَلۡيَعۡفُواۡ
8ca5b91ca523	waljasˤfaħuː	1	وَلۡيَصۡفَحُوٓاۡ
002da0a238b8	ʔalɣaːfilaːt	1	ٱلۡغَـٰفِلَـٰتِ
1052efdbae2f	luʕinuː	1	لُعِنُواۡ
176ef8760c7f	waʔajdiːhim	1	وَأَيۡدِيهِمۡ
8e5a2f311a15	juwafːiːhim	1	يُوَفِّيهِمُ
918e23756a1f	ʔalxabiːθaːt	1	ٱلۡخَبِيثَـٰتُ
9ca1ff0af503	lilxabiːθiːn	1	لِلۡخَبِيثِينَ
ab99eca357d6	walxabiːθuːn	1	وَٱلۡخَبِيثُونَ
806e7dff2465	lilxabiːθaːt	1	لِلۡخَبِيثَـٰتِ
9e38a0c7b1ba	liltˤːajːibiːn	1	لِلطَّيِّبِينَ
94d4535f6357	watˤːajːibuːn	1	وَٱلطَّيِّبُونَ
6a95a33ad04a	liltˤːajːibaːt	1	لِلطَّيِّبَـٰتِ
d929192cc670	mubarːaʔuːn	1	مُبَرَّءُونَ
c7ea2fe4e522	tastaʔnisuː	1	تَسۡتَأۡنِسُواۡ
bed1ee835874	watusalːimuː	1	وَتُسَلِّمُواۡ
2f4cb2e34763	tadᵊxuluːhaː	1	تَدۡخُلُوهَا
15bf40eb39cd	maskuːnah	1	مَسۡكُونَةٍ
fe0948d8c70a	jaɣudˤːuː	1	يَغُضُّواۡ
5fcb4fd4ffdd	wajaħfaðˤuː	1	وَيَحۡفَظُواۡ
d1992247647e	lilmuʔminaːt	1	لِّلۡمُؤۡمِنَـٰتِ
8d2d97757921	jaɣdˤudˤn	1	يَغۡضُضۡنَ
d23a976a93d1	ʔabᵊsˤaːrihinː̃	1	أَبۡصَـٰرِهِنَّ
b456ee214cb9	wajaħfaðˤn	1	وَيَحۡفَظۡنَ
0552deb3c782	furuːd͡ʒahunː̃	1	فُرُوجَهُنَّ
f331be385b15	waljadˤribᵊn	1	وَلۡيَضۡرِبۡنَ
0bc61fd5ecf8	bixumurihinː̃	1	بِخُمُرِهِنَّ
5fd51b72f3b4	d͡ʒujuːbihinː̃	1	جُيُوبِهِنَّ
9c0e49882c4b	libuʕuːlatihinː̃	1	لِبُعُولَتِهِنَّ
60aeb26ac593	ʔaːbaːːʔ	1	ءَابَآءِ
e379d4629f18	ʔatːaːbiʕiːn	1	ٱلتَّـٰبِعِينَ
12c471e91d1b	ʔalʔirbah	1	ٱلۡإِرۡبَةِ
a604ab440189	ʔatˤːifl	1	ٱلطِّفۡلِ
63c38b353694	jadˤribᵊn	1	يَضۡرِبۡنَ
1f59840e2ffa	biʔard͡ʒulihinː̃	1	بِأَرۡجُلِهِنَّ
8618c55684f7	lijuʕlam	1	لِيُعۡلَمَ
c260681bf26a	juxfiːn	1	يُخۡفِينَ
e85f1d2a42a9	ziːnatihinː̃	1	زِينَتِهِنَّ
7dbdd39648e7	watuːbuː	1	وَتُوبُوٓاۡ
2eee264402af	waʔaⁿkiħuː	1	وَأَنكِحُواۡ
ffe729620f07	ʔalʔajaːmaː	1	ٱلۡأَيَـٰمَىٰ
348a06c4bf48	ʕibaːdikum	1	عِبَادِكُمۡ
5e3490bad0e2	waʔimaːːʔikum	1	وَإِمَآئِكُمۡ
a446d510009c	fuqaraːːʔ	1	فُقَرَآءَ
9744c2726aec	juɣnihim	1	يُغۡنِهِمُ
940f534e43a8	waljastaʕfif	1	وَلۡيَسۡتَعۡفِفِ
3de53fedfc2a	juɣnijahum	1	يُغۡنِيَهُمُ
f7dc3f53de6c	fakaːtibuːhum	1	فَكَاتِبُوهُمۡ
c36c4c4e006c	tukrihuː	1	تُكۡرِهُواۡ
e1a7ce53ad7e	ʔalbiɣaːːʔ	1	ٱلۡبِغَآءِ
d64445e90d2e	ʔaradᵊn	1	أَرَدۡنَ
e3e177af777f	taħasˤːunaː	1	تَحَصُّنًا
6d3a9e2a6480	jukrihːunː̃	1	يُكۡرِههُّنَّ
fa7239d3ed5d	ʔikraːhihinː̃	1	إِكۡرٰهِهِنَّ
5f2d5a997a90	kamiʃkaːh	1	كَمِشۡكَوٰةٍ
cb8c9ba8f9e0	misˤbaːħ	1	مِصۡبَاحٌ
90ce144c8562	ʔalmisˤbaːħ	1	ٱلۡمِصۡبَاحُ
c4bfb81323b1	zud͡ʒaːd͡ʒah	1	زُجَاجَةٍ
a0d705a63eb7	ʔazːud͡ʒaːd͡ʒah	1	ٱلزُّجَاجَةُ
4ed68011426c	kawkabᵊ	1	كَوۡكَبٌ
552edd4cbde2	durːijː	1	دُرِّىٌّ
14da947598f4	juːqadᵊ	1	يُوقَدُ
a8be2cf8da23	zajtuːnah	1	زَيۡتُونَةٍ
82eca2a70823	ʃarqijːah	1	شَرۡقِيَّةٍ
4eea8d77a9d0	ɣarbijːah	1	غَرۡبِيَّةٍ
9ac3a879eead	zajtuhaː	1	زَيۡتُهَا
d750158c2c12	judˤiːːʔ	1	يُضِىٓءُ
30155d524eeb	tamsash	1	تَمۡسَسۡهُ
28a3e87a3235	linuːrihiː	1	لِنُورِهِۦ
fc42e2cdffa2	turfaʕ	1	تُرۡفَعَ
af2e8ad2b997	wajuðkar	1	وَيُذۡكَرَ
378043ddd993	tulhiːhim	1	تُلۡهِيهِمۡ
03b383b5a88a	tataqalːabᵊ	1	تَتَقَلَّبُ
501141cefb1d	kasaraːbᵊ	1	كَسَرَابِۭ
8f1eee24daf4	biqiːʕah	1	بِقِيعَةٍ
2ea76d2deea7	jaħsabuh	1	يَحۡسَبُهُ
f9c4d1474cf9	ʔaðˤːamʔaːn	1	ٱلظَّمۡـَٔـانُ
6123ae71bc2a	jad͡ʒidᵊh	1	يَجِدۡهُ
6c2fb20082ab	fawafːaːh	1	فَوَفَّـٰهُ
bd0a564b2298	ħisaːbahuː	1	حِسَابَهُۥ
9ae64f0ae988	kaðˤulumaːt	1	كَظُلُمَـٰتٍ
3d1fbcf10e45	baħr	1	بَحۡرٍ
44bc9695d2b5	lud͡ʒːijː	1	لُّجِّىٍّ
9ea48ba9c272	jaɣʃaːh	1	يَغۡشَـٰهُ
bc1adcaa54fe	jakadᵊ	1	يَكَدۡ
7d29cfff98c8	jaraːhaː	1	يَرَٮٰهَا
ea15cf29af74	sˤalaːtahuː	1	صَلَاتَهُۥ
dc34ba0cb00f	watasbiːħahuː	1	وَتَسۡبِيحَهُۥ
712cadaaef81	juʔalːif	1	يُؤَلِّفُ
e098af926ea4	rukaːmaː	1	رُكَامًا
51966d8a28c2	d͡ʒibaːl	1	جِبَالٍ
4770f377e2c0	baradᵊ	1	بَرَدٍ
6bdcc30a2001	wajasˤrifuhuː	1	وَيَصۡرِفُهُۥ
ba6ee2bd2ce2	sanaː	1	سَنَا
281b4c08ad1f	barqihiː	1	بَرۡقِهِۦ
627dc5ba3491	jaðhabᵊ	1	يَذۡهَبُ
f08fac076b9f	bilʔabᵊsˤaːr	1	بِٱلۡأَبۡصَـٰرِ
d08a29009a05	rid͡ʒᵊlajn	1	رِجۡلَيۡنِ
55b0794b96ac	wabirːasuːl	1	وَبِٱلرَّسُولِ
6bfafb460121	muðʕiniːn	1	مُذۡعِنِينَ
cbc6bc1577e9	ʔirtaːbuː	1	ٱرۡتَابُوٓاۡ
a03c1ef7c6c3	jaħiːf	1	يَحِيفَ
6a61164a98f9	wajaxʃ	1	وَيَخۡشَ
9095e694d151	wajatːaqᵊh	1	وَيَتَّقۡهِ
49b820fc1fb0	ʔamartahum	1	أَمَرۡتَهُمۡ
cb82bd471bef	lajaxrud͡ʒunː̃	1	لَيَخۡرُجُنَّ
c40230af5667	tuqᵊsimuː	1	تُقۡسِمُواۡ
dc9c5e61aec5	maʕruːfah	1	مَّعۡرُوفَةٌ
d869b03ee7d7	ħumː̃il	1	حُمِّلَ
f69aaf0e59d6	waʕalajkum	1	وَعَلَيۡكُم
628cc6b88318	ħumː̃iltum	1	حُمِّلۡتُمۡ
2493f5214401	tutˤiːʕuːh	1	تُطِيعُوهُ
1d420427cdef	lajastaxlifanː̃ahum	1	لَيَسۡتَخۡلِفَنَّهُمۡ
dadfb87853d3	ʔistaxlaf	1	ٱسۡتَخۡلَفَ
f24f740b6bcb	walajumakːinanː̃	1	وَلَيُمَكِّنَنَّ
7f131bda54ee	walajubadːilanː̃ahum	1	وَلَيُبَدِّلَنَّهُم
ce1771e8fbe5	xawfihim	1	خَوۡفِهِمۡ
885b86ae3c71	ʔamnaː	1	أَمۡنًا
9d9ba33fbcb7	jaʕbuduːnaniː	1	يَعۡبُدُونَنِى
b2e3759ce692	lijastaʔðiⁿkum	1	لِيَسۡتَــٔۡذِنكُمُ
f967dd1c0dbc	jabᵊluɣuː	1	يَبۡلُغُواۡ
98dd10093d01	marːaːt	1	مَرّٰتٍ
f73f933f08ae	tadˤaʕuːn	1	تَضَعُونَ
fab6b867f3f6	θijaːbakum	1	ثِيَابَكُم
463c3e95a80f	ʔaðˤːahiːrah	1	ٱلظَّهِيرَةِ
5f30446ffe4d	ʔalʕiʃaːːʔ	1	ٱلۡعِشَآءِ
ee7a0ecf84bb	baʕdahunː̃	1	بَعۡدَهُنَّ
201950373887	tˤawːaːfuːn	1	طَوّٰفُونَ
f311242705c4	ʔalʔatˤᵊfaːl	1	ٱلۡأَطۡفَـٰلُ
a2c092b7ca83	faljastaʔðinuː	1	فَلۡيَسۡتَــٔۡذِنُواۡ
d680ae25d0c4	ʔistaʔðan	1	ٱسۡتَــٔۡذَنَ
cea0c9c879dd	walqawaːʕidᵊ	1	وَٱلۡقَوٰعِدُ
7c29dca2c057	θijaːbahunː̃	1	ثِيَابَهُنَّ
4820d64d1a4c	mutabarːid͡ʒaːt	1	مُتَبَرِّجَـٰتِۭ
512745783428	jastaʕfifn	1	يَسۡتَعۡفِفۡنَ
6a4b8a05ee8c	ʔixwaːnikum	1	إِخۡوٰنِكُمۡ
bb5682cad61f	ʔaxawaːtikum	1	أَخَوٰتِكُمۡ
583f45609c21	ʔaʕmaːmikum	1	أَعۡمَـٰمِكُمۡ
99195709d6e6	ʕamː̃aːtikum	1	عَمَّـٰتِكُمۡ
0c6202235aa4	ʔaxwaːlikum	1	أَخۡوٰلِكُمۡ
9ab093183dfe	xaːlaːtikum	1	خَـٰلَـٰتِكُمۡ
7e277d003c91	malaktum	1	مَلَكۡتُم
f0bb91497cc6	sˤadiːqikum	1	صَدِيقِكُمۡ
c3060f5c337b	fasalːimuː	1	فَسَلِّمُواۡ
84550191ac16	mubaːrakahaː	1	مُبَـٰرَكَةً
37463105e4c8	jastaʔðinuːh	1	يَسۡتَــٔۡذِنُوهُ
228cda5bd4cc	ʔistaʔðanuːk	1	ٱسۡتَــٔۡذَنُوكَ
8073f1cf49a1	ʃaʔnihim	1	شَأۡنِهِمۡ
f8c9f3eb539d	faʔðan	1	فَأۡذَن
07d6eb076546	kaduʕaːːʔ	1	كَدُعَآءِ
6ee375395bf4	jatasalːaluːn	1	يَتَسَلَّلُونَ
bc2732aeeb63	liwaːðaː	1	لِوَاذًا
6219e96988b0	faljaħðar	1	فَلۡيَحۡذَرِ
3b9f743d8cfa	juxaːlifuːn	1	يُخَالِفُونَ
884429ca9698	mawtaː	1	مَوۡتًا
62f01acfed7b	waʔaʕaːnahuː	1	وَأَعَانَهُۥ
67c7bf1abc85	ʔaːxaruːn	1	ءَاخَرُونَ
5119ca2ef0c3	ʔiktatabahaː	1	ٱكۡتَتَبَهَا
5cff5261a574	tumlaː	1	تُمۡلَىٰ
32dc89fba7f0	ʔaⁿzalah	1	أَنزَلَهُ
72b7b0db0ec4	wajamʃiː	1	وَيَمۡشِى
8483276d4978	raʔathum	1	رَأَتۡهُم
d3b73126aac6	taɣajːuðˤaː	1	تَغَيُّظًا
4ab6aabf412e	wazafiːraː	1	وَزَفِيرًا
404e0644407d	wamasˤiːraː	1	وَمَصِيرًا
760e7aab568f	ʔadˤlaltum	1	أَضۡلَلۡتُمۡ
e9b47d56189f	matːaʕtahum	1	مَّتَّعۡتَهُمۡ
6f0daaf63d27	kaðːabuːkum	1	كَذَّبُوكُم
c86ab587259a	tastatˤiːʕuːn	1	تَسۡتَطِيعُونَ
e99346b16f66	sˤarfaː	1	صَرۡفًا
083ca0c5beee	wajamʃuːn	1	وَيَمۡشُونَ
3cfd9071c227	ʔatasˤbiruːn	1	أَتَصۡبِرُونَ
01509cb948c6	ʕutuwːaː	1	عُتُوًّا
d380f4ca8bee	ħid͡ʒᵊraː	1	حِجۡرًا
fe73d323c153	waqadimnaː	1	وَقَدِمۡنَآ
ee449949e909	maqiːlaː	1	مَقِيلًا
614d73b493a2	bilɣamaːm	1	بِٱلۡغَمَـٰمِ
5a166783d831	wanuzːil	1	وَنُزِّلَ
8c5f3edc3b14	ʕasiːraː	1	عَسِيرًا
3de347aa6cc6	jaʕadˤː	1	يَعَضُّ
95740c6d572d	lajtaniː	1	لَيۡتَنِى
3bf4e82a1ebe	fulaːnaː	1	فُلَانًا
e13c6dc32dc9	ʔadˤalːaniː	1	أَضَلَّنِى
ad80ac42a66a	xaðuːlaː	1	خَذُولًا
430d5141c701	mahd͡ʒuːraː	1	مَهۡجُورًا
c4d65d01f6a4	haːdijaː	1	هَادِيًا
3356cdcb24dd	wanasˤiːraː	1	وَنَصِيرًا
c317b39dcf91	d͡ʒumlahaː	1	جُمۡلَةً
6cc5660a211a	linuθabːit	1	لِنُثَبِّتَ
df980b84114a	waratːalnaːh	1	وَرَتَّلۡنَـٰهُ
e5d2e6037e0c	jaʔtuːnak	1	يَأۡتُونَكَ
a488b1f8331e	bimaθal	1	بِمَثَلٍ
02c0eb14c6fb	tafsiːraː	1	تَفۡسِيرًا
490cd821cfad	fadamː̃arnaːhum	1	فَدَمَّرۡنَـٰهُمۡ
3b9c3409596f	ʔaɣraqᵊnaːhum	1	أَغۡرَقۡنَـٰهُمۡ
7f6494b4efe6	waquruːnaː	1	وَقُرُونَۢا
2fc09b667fae	tabːarnaː	1	تَبَّرۡنَا
46725596da6c	ʔumtˤirat	1	أُمۡطِرَتۡ
5ec052e06644	raʔawk	1	رَأَوۡكَ
90d5bcd44c45	lajudˤilːunaː	1	لَيُضِلُّنَا
4105937312f5	taħsabᵊ	1	تَحۡسَبُ
9ea8fe87b815	lad͡ʒaʕalahuː	1	لَجَعَلَهُۥ
d3b7e5e0c855	saːkinaː	1	سَاكِنًا
c70b2e242783	daliːlaː	1	دَلِيلًا
67fc4d08eb7b	qabadˤnaːh	1	قَبَضۡنَـٰهُ
c0be78e78954	qabᵊdˤaː	1	قَبۡضًا
105f3726a597	wanː̃awm	1	وَٱلنَّوۡمَ
f257a84ea0b2	linuħjiː	1	لِّنُحۡــِۧىَ
d4bb21fcafa2	wanusqijahuː	1	وَنُسۡقِيَهُۥ
55b3459c8276	waʔanaːsijː	1	وَأَنَاسِىَّ
0031954b1d46	sˤarːafnaːh	1	صَرَّفۡنَـٰهُ
ece5fad8c618	labaʕaθnaː	1	لَبَعَثۡنَا
f9fbc19b02b4	wad͡ʒaːhidᵊhum	1	وَجَـٰهِدۡهُم
f638063e6316	barzaxaː	1	بَرۡزَخًا
ebd9d623d0b3	waħid͡ʒᵊraː	1	وَحِجۡرًا
0d5a0fe64571	wasˤihraː	1	وَصِهۡرًا
fc47977f497e	ʔanasd͡ʒudᵊ	1	أَنَسۡجُدُ
733f81b7656b	taʔmurunaː	1	تَأۡمُرُنَا
d96e1b5777c1	wazaːdahum	1	وَزَادَهُمۡ
a3816e606410	waqamaraː	1	وَقَمَرًا
0e36d5c6e185	xilfahaː	1	خِلۡفَةً
d7ff663a000e	waʕibaːdᵊ	1	وَعِبَادُ
e997e0cc44ab	hawnaː	1	هَوۡنًا
13cbf94548a3	xaːtˤabahum	1	خَاطَبَهُمُ
854d0ff49142	jabiːtuːn	1	يَبِيتُونَ
33012fc7148d	waqijaːmaː	1	وَقِيَـٰمًا
869d9bcf14ae	ʔisˤrif	1	ٱصۡرِفۡ
fa4210f1232a	ʕaðaːbahaː	1	عَذَابَهَا
2ac6e9751835	ɣaraːmaː	1	غَرَامًا
fdf06d85d822	saːːʔat	1	سَآءَتۡ
4593b645ef09	jusrifuː	1	يُسۡرِفُواۡ
957d697714e3	jaqᵊturuː	1	يَقۡتُرُواۡ
7dca880a7beb	qawaːmaː	1	قَوَامًا
c1b375cf837a	jaznuːn	1	يَزۡنُونَ
6e35482a2c5a	jalqᵊ	1	يَلۡقَ
40984903f6d0	ʔaθaːmaː	1	أَثَامًا
be4c425901fd	wajaxludᵊ	1	وَيَخۡلُدۡ
3877ed4322c4	fiːhiː	1	فِيهِۦ
9da7992a68e3	muhaːnaː	1	مُهَانًا
53163cfafa8f	ħasanaːt	1	حَسَنَـٰتٍ
94af419e6f56	mataːbaː	1	مَتَابًا
df488bda6af4	jaxirːuː	1	يَخِرُّواۡ
b0f7a7d779a4	sˤumː̃aː	1	صُمًّا
768263cda6b5	waʕumjaːnaː	1	وَعُمۡيَانًا
af059282b3a6	waðurːijːaːtinaː	1	وَذُرِّيَّـٰتِنَا
399046ad2ef9	ʔalɣurfah	1	ٱلۡغُرۡفَةَ
82cd98b25319	wajulaqːawn	1	وَيُلَقَّوۡنَ
73fc7de5ae17	ħasunat	1	حَسُنَتۡ
a24bf4d3366e	jaʕbaʔ	1	يَعۡبَؤُاۡ
352b5c6e7d37	duʕaːːʔukum	1	دُعَآؤُكُمۡ
56b642453340	faðˤalːat	1	فَظَلَّتۡ
32cafd887d9a	ʔaʕnaːquhum	1	أَعۡنَـٰقُهُمۡ
1e9b83d7617b	xaːdˤiʕiːn	1	خَـٰضِعِينَ
f9f1026aae35	fasajaʔtiːhim	1	فَسَيَأۡتِيهِمۡ
677330015150	ʔaᵐbatnaː	1	أَنۢبَتۡنَا
05a979246b34	wajadˤiːqᵊ	1	وَيَضِيقُ
1376edd28d1d	jaⁿtˤaliqᵊ	1	يَنطَلِقُ
88e56b71c6fe	faðhabaː	1	فَٱذۡهَبَا
72ca28c8dc46	mustamiʕuːn	1	مُّسۡتَمِعُونَ
fdd08b622944	faʔtijaː	1	فَأۡتِيَا
0b41eb02a32d	ʔarsil	1	أَرۡسِلۡ
4f99aa6a5a41	nurabːik	1	نُرَبِّكَ
c38ef6e4ce72	waliːdaː	1	وَلِيدًا
39449aaeb6ad	walabiθt	1	وَلَبِثۡتَ
4e7a92e57133	ʕumurik	1	عُمُرِكَ
194043d49185	wafaʕalt	1	وَفَعَلۡتَ
dbaf646cc8e1	faʕlatak	1	فَعۡلَتَكَ
a2e54917ec7e	faʕaltuhaː	1	فَعَلۡتُهَآ
a995c89c540f	fafarart	1	فَفَرَرۡتُ
bc88c5ebcb3c	xiftukum	1	خِفۡتُكُمۡ
eb073b45c9d4	fawahabᵊ	1	فَوَهَبَ
aded3f46d8b5	tamunː̃uhaː	1	تَمُنُّهَا
74e429a8b941	ʕabːatː	1	عَبَّدتَّ
de0f1c35cd4e	tastamiʕuːn	1	تَسۡتَمِعُونَ
868a36a0c905	laʔad͡ʒᵊʕalanː̃ak	1	لَأَجۡعَلَنَّكَ
6758ce59fbbe	ʔalmasd͡ʒuːniːn	1	ٱلۡمَسۡجُونِينَ
62ba3cd064f5	d͡ʒiʔtuk	1	جِئۡتُكَ
45550cc43933	lilmalaʔ	1	لِلۡمَلَإِ
61301c7f4b8a	bisiħrihiː	1	بِسِحۡرِهِۦ
67eedcaab4f5	saħːaːr	1	سَحَّارٍ
5286801cc4c2	fad͡ʒumiʕ	1	فَجُمِعَ
865364a439fe	limiːqaːt	1	لِمِيقَـٰتِ
74006022108f	mud͡ʒᵊtamiʕuːn	1	مُّجۡتَمِعُونَ
c60303b10fe8	laʕalːanaː	1	لَعَلَّنَا
fb71ecfd97fe	ʔaʔinː̃	1	أَئِنَّ
aba894f2b2a8	ħibaːlahum	1	حِبَالَهُمۡ
cca94b45a471	waʕisˤijːahum	1	وَعِصِيَّهُمۡ
fcae77e39d4c	biʕizːah	1	بِعِزَّةِ
dcc05798eafd	falasawf	1	فَلَسَوۡفَ
5d1f50014513	dˤajr	1	ضَيۡرَ
44b7b4bbaa8d	natˤᵊmaʕ	1	نَطۡمَعُ
fb5bd83c2930	faʔarsal	1	فَأَرۡسَلَ
d18e3cc89cac	laʃirðimah	1	لَشِرۡذِمَةٌ
d881d8cb8585	qaliːluːn	1	قَلِيلُونَ
65d72ee872b0	laɣaːːʔiðˤuːn	1	لَغَآئِظُونَ
ef4cefd53f15	lad͡ʒamiːʕ	1	لَجَمِيعٌ
491344e1c9fc	ħaːðiruːn	1	حَـٰذِرُونَ
1b9341e44cd4	faʔaxrad͡ʒᵊnaːhum	1	فَأَخۡرَجۡنَـٰهُم
7fed2ffe49f0	wakunuːz	1	وَكُنُوزٍ
dadac0c761eb	faʔatbaʕuːhum	1	فَأَتۡبَعُوهُم
8c1c2ecca92b	taraːːʔaː	1	تَرٰٓءَا
186d903d02ed	lamudᵊrakuːn	1	لَمُدۡرَكُونَ
ed3227ac600c	faⁿfalaqᵊ	1	فَٱنفَلَقَ
79c7cbd4d63e	firqᵊ	1	فِرۡقٍ
6f7ed2d535af	katˤːawdᵊ	1	كَٱلطَّوۡدِ
9790ac6824d5	waʔazlafnaː	1	وَأَزۡلَفۡنَا
77d13c8d2845	fanaðˤalː	1	فَنَظَلُّ
9f2d389902cf	jasmaʕuːnakum	1	يَسۡمَعُونَكُمۡ
a24741ab5f4c	jaⁿfaʕuːnakum	1	يَنفَعُونَكُمۡ
fc1c13814a16	jadˤurːuːn	1	يَضُرُّونَ
458ed168aead	ʔalʔaqᵊdamuːn	1	ٱلۡأَقۡدَمُونَ
f6ced5d65654	xalaqaniː	1	خَلَقَنِى
384c0fb432c6	jahdiːn	1	يَهۡدِينِ
4cffce40adce	jutˤᵊʕimuniː	1	يُطۡعِمُنِى
9a2e787b7bff	wajasqiːn	1	وَيَسۡقِينِ
a075fbfc16d7	maridˤt	1	مَرِضۡتُ
665b35dc051e	jaʃfiːn	1	يَشۡفِينِ
708295c537de	jumiːtuniː	1	يُمِيتُنِى
e38c04a70059	juħjiːn	1	يُحۡيِينِ
c29bb3121e8d	ʔatˤᵊmaʕ	1	أَطۡمَعُ
325a696583ae	xatˤiːːʔatiː	1	خَطِيٓــَٔتِى
078f9438daca	wad͡ʒᵊʕalniː	1	وَٱجۡعَلۡنِى
fe19fe98b0f4	waraθah	1	وَرَثَةِ
857bc6cd2300	liʔabiː	1	لِأَبِىٓ
744eab445ebf	tuxziniː	1	تُخۡزِنِى
c2b01fa734c7	banuːn	1	بَنُونَ
da2f1cf3699a	lilɣaːwiːn	1	لِلۡغَاوِينَ
2e366cc3baf0	jaⁿsˤuruːnakum	1	يَنصُرُونَكُمۡ
423ca2d66ede	fakubᵊkibuː	1	فَكُبۡكِبُواۡ
75fd81dff657	walɣaːwuːn	1	وَٱلۡغَاوُۥنَ
ecb7e2da1bdd	wad͡ʒunuːdᵊ	1	وَجُنُودُ
40de03bfcca1	nusawːiːkum	1	نُسَوِّيكُم
85d63156ef06	ʔadˤalːanaː	1	أَضَلَّنَآ
41579a9953eb	ʃaːfiʕiːn	1	شَـٰفِعِينَ
744573e69d13	sˤadiːqᵊ	1	صَدِيقٍ
8e827d537c19	fanakuːn	1	فَنَكُونَ
61f5dd1ca69b	watːabaʕak	1	وَٱتَّبَعَكَ
d682374c8a46	ʔalʔarðaluːn	1	ٱلۡأَرۡذَلُونَ
c1e6bfb7dd32	ʕilmiː	1	عِلۡمِى
bc2322299d36	ʔalmard͡ʒuːmiːn	1	ٱلۡمَرۡجُومِينَ
c994017ccffc	faftaħ	1	فَٱفۡتَحۡ
86e981481e8a	ʔatabᵊnuːn	1	أَتَبۡنُونَ
ddcd503bde3e	riːʕ	1	رِيعٍ
75c2e065866b	taʕbaθuːn	1	تَعۡبَثُونَ
5145b5339338	watatːaxiðuːn	1	وَتَتَّخِذُونَ
e1717ab25be8	masˤaːniʕ	1	مَصَانِعَ
58b3951ed51a	taxluduːn	1	تَخۡلُدُونَ
6cb55d15b0eb	biʔanʕaːm	1	بِأَنۡعَـٰمٍ
b35abc0f1ad1	ʔawaʕaðˤt	1	أَوَعَظۡتَ
e2546c8a1bd3	ʔalwaːʕiðˤiːn	1	ٱلۡوٰعِظِينَ
1271c47beb98	ʔatutrakuːn	1	أَتُتۡرَكُونَ
8cef25d24d68	hadˤiːm	1	هَضِيمٌ
785f00e43da4	faːrihiːn	1	فَـٰرِهِينَ
467098796afc	ʔaðːukraːn	1	ٱلذُّكۡرَانَ
b5596b20ab27	ʕaːduːn	1	عَادُونَ
4a161e90bf40	ʔalmuxrad͡ʒiːn	1	ٱلۡمُخۡرَجِينَ
eee41f5c6dc4	liʕamalikum	1	لِعَمَلِكُم
17046df57da2	ʔalqaːliːn	1	ٱلۡقَالِينَ
54d5e9dabe1f	waʔahliː	1	وَأَهۡلِى
75a9de8718d9	ʃuʕajbᵊ	1	شُعَيۡبٌ
d45be4a8afbd	ʔalmuxsiriːn	1	ٱلۡمُخۡسِرِينَ
bd67ff759474	wald͡ʒibilːah	1	وَٱلۡجِبِلَّةَ
12ae785f80cb	naðˤunː̃uk	1	نَّظُنُّكَ
05ec8aa813f3	faʔasqitˤᵊ	1	فَأَسۡقِطۡ
08fa8b2c416c	ʔaðˤːulːah	1	ٱلظُّلَّةِ
391f785197d2	lataⁿziːl	1	لَتَنزِيلُ
b5b2c81c204e	zubur	1	زُبُرِ
a20f6f042be8	jaʕlamahuː	1	يَعۡلَمَهُۥ
8de5611557f6	ʕulamaːːʔ	1	عُلَمَـٰٓؤُاۡ
1cf24e0ad57d	nazːalnaːh	1	نَزَّلۡنَـٰهُ
31cd6625bb0b	ʔalʔaʕd͡ʒamiːn	1	ٱلۡأَعۡجَمِينَ
8987101e3227	faqaraʔahuː	1	فَقَرَأَهُۥ
37bd4e1ea84e	salaknaːh	1	سَلَكۡنَـٰهُ
d0c66f47bd61	fajaʔtijahum	1	فَيَأۡتِيَهُم
116526e45fe3	muⁿðˤaruːn	1	مُنظَرُونَ
b5c068c587cf	matːaʕnaːhum	1	مَّتَّعۡنَـٰهُمۡ
ed7fdd0a5ccd	jumatːaʕuːn	1	يُمَتَّعُونَ
f578adc06a80	muⁿðiruːn	1	مُنذِرُونَ
998c37859717	tanazːalat	1	تَنَزَّلَتۡ
2489dfcf2360	lamaʕzuːluːn	1	لَمَعۡزُولُونَ
6bb9dd3df887	ʔalmuʕaðːabiːn	1	ٱلۡمُعَذَّبِينَ
a79a34870010	ʕaʃiːratak	1	عَشِيرَتَكَ
052be1086b44	ʔalʔaqᵊrabiːn	1	ٱلۡأَقۡرَبِينَ
7f49f3f48c77	ʕasˤawk	1	عَصَوۡكَ
f043de233310	jaraːk	1	يَرَٮٰكَ
f0f6ebabe8aa	wataqalːubak	1	وَتَقَلُّبَكَ
9b740cfb1c73	kaːðibuːn	1	كَـٰذِبُونَ
4f20ea75d59e	waʃːuʕaraːːʔ	1	وَٱلشُّعَرَآءُ
063f68f65ff8	jatːabiʕuhum	1	يَتَّبِعُهُمُ
c34a6dbfb48a	ʔalɣaːwuːn	1	ٱلۡغَاوُۥنَ
af2d42a0e6d5	jahiːmuːn	1	يَهِيمُونَ
bef4bac18b50	waðakaruː	1	وَذَكَرُواۡ
cc6c14b4ff28	waⁿtasˤaruː	1	وَٱنتَصَرُواۡ
51788242154c	muⁿqalabᵊ	1	مُنقَلَبٍ
88c7c9930573	jaⁿqalibuːn	1	يَنقَلِبُونَ
d829dbeb0f4e	tˤaː siːːːn	1	طسٓ
5f7adbf0b1d0	latulaqːaː	1	لَتُلَقَّى
bbff06060f41	liʔahlihiː	1	لِأَهۡلِهِۦٓ
ff7ecfd1ecc7	saʔaːtiːkum	1	سَـَٔـاتِيكُم
fde0e3fabdd2	biʃihaːbᵊ	1	بِشِهَابٍ
230dbbb9574f	qabas	1	قَبَسٍ
9d73dfd4275f	buːrik	1	بُورِكَ
9ae113dbb84b	badːal	1	بَدَّلَ
8f3c63cffff4	waʔadᵊxil	1	وَأَدۡخِلۡ
4d46dd70a5fd	wad͡ʒaħaduː	1	وَجَحَدُواۡ
249cc6fb6550	wastajqanathaː	1	وَٱسۡتَيۡقَنَتۡهَآ
53db92a8e66a	waʕuluwːaː	1	وَعُلُوًّا
13ae4039446a	waqaːlaː	1	وَقَالَا
d0b20335118d	fadˤːalanaː	1	فَضَّلَنَا
c1f82ad5d2d5	wawariθ	1	وَوَرِثَ
98c7d1b55055	ʕulːimnaː	1	عُلِّمۡنَا
f74f741d5534	maⁿtˤiqᵊ	1	مَنطِقَ
14b4491630c3	waħuʃir	1	وَحُشِرَ
78de2a8d7954	lisulajmaːn	1	لِسُلَيۡمَـٰنَ
933200d54151	d͡ʒunuːduhuː	1	جُنُودُهُۥ
9e2ae662fbc2	namlah	1	نَمۡلَةٌ
da10fad1af77	masaːkinakum	1	مَسَـٰكِنَكُمۡ
c71783770938	jaħtˤimanː̃akum	1	يَحۡطِمَنَّكُمۡ
4f1838225f8b	fatabasːam	1	فَتَبَسَّمَ
df77067f1aea	dˤaːħikaː	1	ضَاحِكًا
a565f03a3d9d	qawlihaː	1	قَوۡلِهَا
f25c728dfa38	waʔadᵊxilniː	1	وَأَدۡخِلۡنِى
15b0ab9a8cf6	watafaqːadᵊ	1	وَتَفَقَّدَ
c0dfee71689c	ʔalhudᵊhudᵊ	1	ٱلۡهُدۡهُدَ
20629d3fde9f	ʔalɣaːːʔibiːn	1	ٱلۡغَآئِبِينَ
08d103fb3b8a	laʔuʕaðːibanː̃ahuː	1	لَأُعَذِّبَنَّهُۥ
d82dab815188	laʔaðbaħanː̃ahuː	1	لَأَاۡذۡبَحَنَّهُۥٓ
38cf15d69b5d	lajaʔtijanː̃iː	1	لَيَأۡتِيَنِّى
492c0ef22e69	famakaθ	1	فَمَكَثَ
4d2306ab9d5d	ʔaħatˤt	1	أَحَطتُ
1e411eb8dda5	wad͡ʒiʔtuk	1	وَجِئۡتُكَ
de4a10d6a135	sabaʔ	1	سَبَإِۭ
14eeefef5ee9	jaqiːn	1	يَقِينٍ
c4062a1c9217	wad͡ʒatː	1	وَجَدتُّ
8063618a6673	ʔimraʔahaː	1	ٱمۡرَأَةً
e8e43d06f09f	tamlikuhum	1	تَمۡلِكُهُمۡ
f00dbec2d53c	waʔuːtijat	1	وَأُوتِيَتۡ
655493bb5c5f	wad͡ʒatːuhaː	1	وَجَدتُّهَا
ec5181e97a20	waqawmahaː	1	وَقَوۡمَهَا
94e15470e244	jasd͡ʒuduː	1	يَسۡجُدُواۡ
5c77e96778a9	ʔalxabᵊʔ	1	ٱلۡخَبۡءَ
be5a56aa5e59	sanaⁿðˤur	1	سَنَنظُرُ
05ac980e53ed	ʔasˤadaqᵊt	1	أَصَدَقۡتَ
d6a2c752cf37	bikitaːbiː	1	بِّكِتَـٰبِى
4231dd7de5b7	faʔalqih	1	فَأَلۡقِهۡ
ce4107a1448a	tawalː	1	تَوَلَّ
b364880d0a37	qaːtˤiʕahaː	1	قَاطِعَةً
345072e0d881	faⁿðˤuriː	1	فَٱنظُرِى
55ac1c148e03	taʔmuriːn	1	تَأۡمُرِينَ
7a46aa4afd76	ʔalmuluːk	1	ٱلۡمُلُوكَ
b290c2722eb0	ʔafsaduːhaː	1	أَفۡسَدُوهَا
820fcf4f4d8a	mursilah	1	مُرۡسِلَةٌ
3e414c37bf9d	bihadijːah	1	بِهَدِيَّةٍ
924364af59cb	fanaːðˤirah	1	فَنَاظِرَةُۢ
6621660dabf9	bim	1	بِمَ
3fbd74cee270	ʔatumidːuːnan	1	أَتُمِدُّونَنِ
c3e7dff0c62f	bimaːl	1	بِمَالٍ
74d91256707c	ʔaːtaːnij	1	ءَاتَـٰنِۦَ
281b6ad001ee	bihadijːatikum	1	بِهَدِيَّتِكُمۡ
730787e73b0a	falanaʔtijanː̃ahum	1	فَلَنَأۡتِيَنَّهُم
c318552cc8ee	walanuxrid͡ʒanː̃ahum	1	وَلَنُخۡرِجَنَّهُم
35c77c6ff086	jaʔtiːniː	1	يَأۡتِينِى
f8621078ff91	biʕarʃihaː	1	بِعَرۡشِهَا
58ff76abf557	jaʔtuːniː	1	يَأۡتُونِى
6f554972109b	ʕifriːt	1	عِفۡرِيتٌ
0f8bf079bb40	maqaːmik	1	مَّقَامِكَ
74b8cd1b80f4	tˤarfuk	1	طَرۡفُكَ
c2eb28b73275	mustaqirːaː	1	مُسۡتَقِرًّا
50f3c27c2801	lijabᵊluwaniː	1	لِيَبۡلُوَنِىٓ
6c86e8543c39	ʔaʔaʃkur	1	ءَأَشۡكُرُ
8a0e0a1c1cc2	ʔakfur	1	أَكۡفُرُ
f9ffe4add8a7	nakːiruː	1	نَكِّرُواۡ
1239187e6cd3	ʕarʃahaː	1	عَرۡشَهَا
e8f250fe314d	naⁿðˤur	1	نَنظُرۡ
1a26f49533e9	ʔatahtadiː	1	أَتَهۡتَدِىٓ
eefdf2a28fc5	ʔahaːkaðaː	1	أَهَـٰكَذَا
8859f7e76fda	ʕarʃuk	1	عَرۡشُكِ
9b94440f695b	wasˤadːahaː	1	وَصَدَّهَا
1a49b62e78bc	ʔudᵊxuliː	1	ٱدۡخُلِى
1b5ddccd2d35	ʔasˤːarħ	1	ٱلصَّرۡحَ
ead44d2ce68f	raʔath	1	رَأَتۡهُ
b1d0ca4957ee	ħasibath	1	حَسِبَتۡهُ
ef9dfeea9569	lud͡ʒːahaː	1	لُجَّةً
8ed475fb3979	wakaʃafat	1	وَكَشَفَتۡ
f2075a1476b8	saːqajhaː	1	سَاقَيۡهَا
eb37e3efe425	sˤarħ	1	صَرۡحٌ
34362dcb0e28	mumarːadᵊ	1	مُّمَرَّدٌ
afa1fd493c3e	waʔaslamt	1	وَأَسۡلَمۡتُ
9eac6f0de6de	fariːqaːn	1	فَرِيقَانِ
4d0f1d17abb1	tastaɣfiruːn	1	تَسۡتَغۡفِرُونَ
6c6a065ae44b	ʔitˤːajːarnaː	1	ٱطَّيَّرۡنَا
52104ffefad4	wabiman	1	وَبِمَن
bc2fbb189d65	tuftanuːn	1	تُفۡتَنُونَ
757f5be6d559	rahtˤᵊ	1	رَهۡطٍ
a794d95a915c	taqaːsamuː	1	تَقَاسَمُواۡ
5edd6ed3f8d6	lanubajːitanː̃ahuː	1	لَنُبَيِّتَنَّهُۥ
aa9697cfab07	lanaquːlanː̃	1	لَنَقُولَنَّ
3e594a8a6767	mahlik	1	مَهۡلِكَ
8df89fd4df37	wamakarnaː	1	وَمَكَرۡنَا
e773d0ba9dde	makrihim	1	مَكۡرِهِمۡ
168fb64bbf01	damː̃arnaːhum	1	دَمَّرۡنَـٰهُمۡ
82da3dab1044	waqawmahum	1	وَقَوۡمَهُمۡ
a5601203183e	bujuːtuhum	1	بُيُوتُهُمۡ
799f27d1d45c	xaːwijahaː	1	خَاوِيَةَۢ
8e77d33c7b36	qadːarnaːhaː	1	قَدَّرۡنَـٰهَا
19e92e8f9428	bahd͡ʒah	1	بَهۡجَةٍ
ebdd535710fd	tuᵐbituː	1	تُنۢبِتُواۡ
ac1dde155a56	ħaːd͡ʒizaː	1	حَاجِزًا
d5ae33d6d15a	jud͡ʒiːbᵊ	1	يُجِيبُ
8a6388fb0fad	ʔalmudˤtˤarː	1	ٱلۡمُضۡطَرَّ
714be3f5d72d	daʕaːh	1	دَعَاهُ
25426d861960	wajakʃif	1	وَيَكۡشِفُ
5ed1fad179c7	wajad͡ʒᵊʕalukum	1	وَيَجۡعَلُكُمۡ
27160d0163db	jahdiːkum	1	يَهۡدِيكُمۡ
8cfc0acc3f54	ʔidːaːrak	1	ٱدّٰرَكَ
865df8d0a270	ʕilmuhum	1	عِلۡمُهُمۡ
727b9a55aaa2	ʕamuːn	1	عَمُونَ
ebf09c24f82c	lamuxrad͡ʒuːn	1	لَمُخۡرَجُونَ
c37f986db6b3	radif	1	رَدِفَ
7a4690c8a07a	lajaʕlam	1	لَيَعۡلَمُ
93abb89f3b51	ɣaːːʔibah	1	غَآئِبَةٍ
31037566a274	lahudaː	1	لَهُدًى
137a9877e6e4	biħukmihiː	1	بِحُكۡمِهِۦ
225bbbbd55ac	bihaːdiː	1	بِهَـٰدِى
bd04089e42b8	daːːːbːahaː	1	دَآبَّةً
de11ceaff263	tukalːimuhum	1	تُكَلِّمُهُمۡ
816425fcf252	fawd͡ʒaː	1	فَوۡجًا
485d2ab99a68	ʔakaðːabᵊtum	1	أَكَذَّبۡتُم
7d97b0130b50	tuħiːtˤuː	1	تُحِيطُواۡ
b9545f73e5fb	ʔamː̃aːðaː	1	أَمَّاذَا
6d6fcf0b2af2	wawaqaʕ	1	وَوَقَعَ
735116a0a996	lijaskunuː	1	لِيَسۡكُنُواۡ
c3be9f54e4cd	ʔatawh	1	أَتَوۡهُ
fb5fa13b7102	taħsabuhaː	1	تَحۡسَبُهَا
0ed681422e1a	d͡ʒaːmidahaː	1	جَامِدَةً
330fcf7b921d	tamurː	1	تَمُرُّ
8f8f25187a8a	sˤunʕ	1	صُنۡعَ
6c0d08d8d151	ʔatqan	1	أَتۡقَنَ
7a01102b7ab5	fazaʕ	1	فَزَعٍ
043803b5d486	fakubːat	1	فَكُبَّتۡ
7abab5cb7890	ʔalbaldah	1	ٱلۡبَلۡدَةِ
67770bd59d72	ħarːamahaː	1	حَرَّمَهَا
0029762f615c	ʔatluː	1	أَتۡلُوَاۡ
151674d1d14c	sajuriːkum	1	سَيُرِيكُمۡ
e6366ec40df8	fataʕrifuːnahaː	1	فَتَعۡرِفُونَهَا
143854bdc8c6	natluː	1	نَتۡلُواۡ
0b20c5dfe21a	jastadˤʕif	1	يَسۡتَضۡعِفُ
0f96a8cca23c	juðabːiħ	1	يُذَبِّحُ
997e2be97833	wajastaħjiː	1	وَيَسۡتَحۡىِۦ
65c6d08e94f4	wanuriːdᵊ	1	وَنُرِيدُ
5042925936cb	namunː̃	1	نَّمُنَّ
e41cfc0f7d29	wanumakːin	1	وَنُمَكِّنَ
fe60d984f50b	wanuriː	1	وَنُرِىَ
c97608c461b3	ʔardˤiʕiːh	1	أَرۡضِعِيهِ
2cbcc84a8203	faʔalqiːh	1	فَأَلۡقِيهِ
b1e07c631569	taxaːfiː	1	تَخَافِى
572edfa0e9b6	raːːːdːuːh	1	رَآدُّوهُ
00181dd1f4be	wad͡ʒaːʕiluːh	1	وَجَاعِلُوهُ
b126b164cdd6	faltaqatˤahuː	1	فَٱلۡتَقَطَهُۥٓ
1b889133c87b	waħazanaː	1	وَحَزَنًا
58f984484cb3	qurːat	1	قُرَّتُ
ced157460a26	walak	1	وَلَكَ
a0a1b5d66261	taqᵊtuluːh	1	تَقۡتُلُوهُ
e4a111b84a55	fuʔaːdᵊ	1	فُؤَادُ
718ce29dbb35	faːriɣaː	1	فَـٰرِغًا
1a720176fc19	kaːdat	1	كَادَتۡ
7223bbd006b6	latubᵊdiː	1	لَتُبۡدِى
a09f254aca07	rabatˤᵊnaː	1	رَّبَطۡنَا
40f5abf800a9	qalbihaː	1	قَلۡبِهَا
0b89c89f4de4	liʔuxtihiː	1	لِأُخۡتِهِۦ
2b935655944e	qusˤːiːh	1	قُصِّيهِ
1c22aadb30c3	fabasˤurat	1	فَبَصُرَتۡ
3541fa9425e3	d͡ʒunubᵊ	1	جُنُبٍ
040a66ea3801	waħarːamnaː	1	وَحَرَّمۡنَا
f102e8441813	ʔalmaraːdˤiʕ	1	ٱلۡمَرَاضِعَ
c945a8dfed69	faqaːlat	1	فَقَالَتۡ
412eab987b7f	jakfuluːnahuː	1	يَكۡفُلُونَهُۥ
ef77c52361e8	naːsˤiħuːn	1	نَـٰصِحُونَ
a0c6da204451	faradadᵊnaːh	1	فَرَدَدۡنَـٰهُ
f371196ef641	ʔumː̃ihiː	1	أُمِّهِۦ
b5f413924f5b	walitaʕlam	1	وَلِتَعۡلَمَ
b51006451967	wastawaː	1	وَٱسۡتَوَىٰٓ
1ccf0bb3f3ea	fawad͡ʒadᵊ	1	فَوَجَدَ
383b795fd5cb	jaqᵊtatilaːn	1	يَقۡتَتِلَانِ
ae7d10f4bd17	fastaɣaːθah	1	فَٱسۡتَغَـٰثَهُ
6bd604337eac	fawakazahuː	1	فَوَكَزَهُۥ
2f2fdbcc20f2	faqadˤaː	1	فَقَضَىٰ
41c5643a2bd2	faɣafar	1	فَغَفَرَ
4d401eb94762	ʔistaⁿsˤarahuː	1	ٱسۡتَنصَرَهُۥ
f616b744d055	jastasˤrixuhuː	1	يَسۡتَصۡرِخُهُۥ
9e34811ed9b3	laɣawijː	1	لَغَوِىٌّ
f2aa55177bc6	jabᵊtˤiʃ	1	يَبۡطِشَ
166d2f1bb51c	ʔaturiːdᵊ	1	أَتُرِيدُ
80d94c5db77f	taqᵊtulaniː	1	تَقۡتُلَنِى
45833d6c01d5	jaʔtamiruːn	1	يَأۡتَمِرُونَ
5a7268e55411	lijaqᵊtuluːk	1	لِيَقۡتُلُوكَ
5a866e4f855e	tawad͡ʒːah	1	تَوَجَّهَ
8eb0375be442	jahdijaniː	1	يَهۡدِيَنِى
e2b4d25324d4	waradᵊ	1	وَرَدَ
24014ec02149	jasquːn	1	يَسۡقُونَ
7f85fdc80fab	ʔimraʔatajn	1	ٱمۡرَأَتَيۡنِ
9ff4272c2bb4	taðuːdaːn	1	تَذُودَانِ
818a6e29a0ce	xatˤᵊbukumaː	1	خَطۡبُكُمَا
4617db9ff2f6	nasqiː	1	نَسۡقِى
2ce526c4e6ef	jusˤdir	1	يُصۡدِرَ
3028cd23e330	ʔarːiʕaːːʔ	1	ٱلرِّعَآءُ
c606b4d369ca	waʔabuːnaː	1	وَأَبُونَا
8c3eb47de876	ʃajx	1	شَيۡخٌ
7d5c1fc3ede4	fasaqaː	1	فَسَقَىٰ
3e355d8bdcad	fad͡ʒaːːʔath	1	فَجَآءَتۡهُ
2a27266997e1	ʔistiħjaːːʔ	1	ٱسۡتِحۡيَآءٍ
6dcabe7658ff	jadᵊʕuːk	1	يَدۡعُوكَ
4b2e6b2ded96	lijad͡ʒᵊzijak	1	لِيَجۡزِيَكَ
306406e36f93	saqajt	1	سَقَيۡتَ
2682d2a92740	waqasˤː	1	وَقَصَّ
68c77708ea1d	nad͡ʒawt	1	نَجَوۡتَ
91d2c2bd3eb3	ʔistaʔd͡ʒirh	1	ٱسۡتَــٔۡجِرۡهُ
d4c15d4a4bfe	ʔistaʔd͡ʒart	1	ٱسۡتَــٔۡجَرۡتَ
10c3e2f16dda	ʔuⁿkiħak	1	أُنكِحَكَ
1fe559d11311	ʔibᵊnatajː	1	ٱبۡنَتَىَّ
d840a037c922	haːtajn	1	هَـٰتَيۡنِ
bf5d683d6aaa	taʔd͡ʒuraniː	1	تَأۡجُرَنِى
f4e4c0da92b2	θamaːniː	1	ثَمَـٰنِىَ
04c102ad1c4b	ħid͡ʒad͡ʒᵊ	1	حِجَجٍ
53515ab7f301	ʔatmamt	1	أَتۡمَمۡتَ
62d1763d66a3	ʔaʃuqːᵊ	1	أَشُقَّ
716dc774e906	ʔajːamaː	1	أَيَّمَا
853a0f6862a2	ʔalʔad͡ʒalajn	1	ٱلۡأَجَلَيۡنِ
89566d0cc372	ʔalʔad͡ʒal	1	ٱلۡأَجَلَ
5b65e585b108	wasaːr	1	وَسَارَ
94e66302d4a2	ʔaːnas	1	ءَانَسَ
9c4a967643eb	d͡ʒaðwah	1	جَذۡوَةٍ
ab5b962fac8b	ʃaːtˤiː	1	شَـٰطِىِٕ
b0d3619dd80c	ʔalwaːdᵊ	1	ٱلۡوَادِ
b000c0b982c6	ʔalbuqᵊʕah	1	ٱلۡبُقۡعَةِ
a1a30b735d45	ʔalmubaːrakah	1	ٱلۡمُبَـٰرَكَةِ
6845827c9c69	ʔaqᵊbil	1	أَقۡبِلۡ
723d09dfab47	ʔalʔaminiːn	1	ٱلۡأَمِنِينَ
9f9d2a35fbd4	ʔusluk	1	ٱسۡلُكۡ
2f44a6e5ca17	ʔarːahbᵊ	1	ٱلرَّهۡبِ
41548ce14d03	faðaːnik	1	فَذٰنِكَ
c704753e6af5	burhaːnaːn	1	بُرۡهَـٰنَانِ
6dbf3c799d78	ʔafsˤaħ	1	أَفۡصَحُ
dc700f12d404	faʔarsilh	1	فَأَرۡسِلۡهُ
fe39b52170b5	ridᵊʔaː	1	رِدۡءًا
c057385c7cd4	jusˤadːiquniː	1	يُصَدِّقُنِىٓ
18a9f0b527f4	sanaʃudːᵊ	1	سَنَشُدُّ
c675e82d6ff6	ʕadˤudak	1	عَضُدَكَ
d820448cb100	biʔaxiːk	1	بِأَخِيكَ
48d90b42ed24	ʔilajkumaː	1	إِلَيۡكُمَا
4f98ed091346	ʔaⁿtumaː	1	أَنتُمَا
0c564454bda1	ʔitːabaʕakumaː	1	ٱتَّبَعَكُمَا
b2ba556b0146	faʔawqidᵊ	1	فَأَوۡقِدۡ
e1621f992ec8	ʔatˤːaliʕ	1	أَطَّلِعُ
76689ba3cdba	waʔatbaʕnaːhum	1	وَأَتۡبَعۡنَـٰهُمۡ
b62a0ffb9b27	ʔalmaqᵊbuːħiːn	1	ٱلۡمَقۡبُوحِينَ
4d9cf4d98dd6	ʔalɣarbijː	1	ٱلۡغَرۡبِىِّ
7a6f7b2f0e2f	fatatˤaːwal	1	فَتَطَاوَلَ
b102d9df6ad2	θaːwijaː	1	ثَاوِيًا
1f4775c61723	naːdajnaː	1	نَادَيۡنَا
f2903e04f758	siħraːn	1	سِحۡرَانِ
5869d21e2461	ʔatːabiʕh	1	أَتَّبِعۡهُ
5aff74161f6a	wasˤːalnaː	1	وَصَّلۡنَا
91640a085dff	juʔtawn	1	يُؤۡتَوۡنَ
64614313e3d3	nabᵊtaɣiː	1	نَبۡتَغِى
6fc3941472ea	nutaxatˤːaf	1	نُتَخَطَّفۡ
44bd3194b0fa	jud͡ʒᵊbaː	1	يُجۡبَىٰٓ
1930e694fc6e	batˤirat	1	بَطِرَتۡ
7debeabe3873	maʕiːʃatahaː	1	مَعِيشَتَهَا
b8ba5b84c16d	tuskan	1	تُسۡكَن
5509fd68c176	ʔumː̃ihaː	1	أُمِّهَا
3928a99411ef	muhlikiː	1	مُهۡلِكِى
5b811e64c2b0	waziːnatuhaː	1	وَزِينَتُهَا
533239fb26d9	waʕadᵊnaːh	1	وَعَدۡنَـٰهُ
2652577ddce7	laːqiːh	1	لَـٰقِيهِ
34ace873b7d3	matːaʕnaːh	1	مَّتَّعۡنَـٰهُ
b208bc1aec6b	ʔaɣwajnaː	1	أَغۡوَيۡنَآ
c9be93126720	ʔaɣwajnaːhum	1	أَغۡوَيۡنَـٰهُمۡ
a23df6a93d35	ɣawajnaː	1	غَوَيۡنَا
f46700a8d5b9	tabarːaʔnaː	1	تَبَرَّأۡنَآ
579c71d75e87	ʔad͡ʒabᵊtum	1	أَجَبۡتُمُ
5159261b4be1	faʕamijat	1	فَعَمِيَتۡ
325bd0822100	ʔalmufliħiːn	1	ٱلۡمُفۡلِحِينَ
c7efef2d89e4	wajaxtaːr	1	وَيَخۡتَارُ
db3d5d64611a	bidˤijaːːʔ	1	بِضِيَآءٍ
f83c31cd59a7	bilajl	1	بِلَيۡلٍ
3111386c0c02	taskunuːn	1	تَسۡكُنُونَ
b55690114975	faʕalimuː	1	فَعَلِمُوٓاۡ
aad36a87c682	fabaɣaː	1	فَبَغَىٰ
d7da46e18205	ʔalkunuːz	1	ٱلۡكُنُوزِ
7ef132f2de3b	latanuːːʔ	1	لَتَنُوٓأُ
aaf5feba1672	bilʕusˤbah	1	بِٱلۡعُصۡبَةِ
12fbf1169f12	tafraħ	1	تَفۡرَحۡ
d1142eb5899b	ʔalfariħiːn	1	ٱلۡفَرِحِينَ
4417d3fdf5e9	ʔaːtaːk	1	ءَاتَـٰكَ
1a575d932347	taⁿs	1	تَنسَ
d87dc5b48721	nasˤiːbak	1	نَصِيبَكَ
acfb731d339c	waʔaħsin	1	وَأَحۡسِن
cbfff9f2e6a3	tabᵊɣ	1	تَبۡغِ
9bf78227b6e9	ziːnatihiː	1	زِينَتِهِۦ
368e60d55840	faxasafnaː	1	فَخَسَفۡنَا
55881859b088	wabidaːrih	1	وَبِدَارِهِ
fc2f790e9938	ʔalmuⁿtasˤiriːn	1	ٱلۡمُنتَصِرِينَ
9ffea5ee88f6	tamanː̃aw	1	تَمَنَّوۡاۡ
6a35c6dcea96	wajkaʔanː̃	1	وَيۡكَأَنَّ
558f230466d4	laxasaf	1	لَخَسَفَ
efb398e081fb	wajkaʔanː̃ahuː	1	وَيۡكَأَنَّهُۥ
f152820248bb	nad͡ʒᵊʕaluhaː	1	نَجۡعَلُهَا
10d21f6e46af	laraːːːdːuk	1	لَرَآدُّكَ
39242b8963e6	maʕaːdᵊ	1	مَعَادٍ
f2d23ebaaa97	tard͡ʒuː	1	تَرۡجُوٓاۡ
2a05de384927	jasˤudːunː̃ak	1	يَصُدُّنَّكَ
e801ecc29ad2	haːlik	1	هَالِكٌ
35a7c72cd52e	ʔaħasibᵊ	1	أَحَسِبَ
09ffaab9408a	jutrakuː	1	يُتۡرَكُوٓاۡ
38d5c778731d	falajaʕlamanː̃	1	فَلَيَعۡلَمَنَّ
eb22c24a2ab9	jasbiquːnaː	1	يَسۡبِقُونَا
04647cdb55fd	d͡ʒaːhadᵊ	1	جَـٰهَدَ
efa6fbf85599	jud͡ʒaːhidᵊ	1	يُجَـٰهِدُ
9ea3772ce363	lanukafːiranː̃	1	لَنُكَفِّرَنَّ
0e320474aa01	lituʃrik	1	لِتُشۡرِكَ
c7e15fef73d3	lanudᵊxilanː̃ahum	1	لَنُدۡخِلَنَّهُمۡ
703ef4f6fabf	ʔuːðiː	1	أُوذِىَ
1e544d3c00f5	kaʕaðaːbᵊ	1	كَعَذَابِ
afd5dfce1884	sabiːlanaː	1	سَبِيلَنَا
e71390e35e36	walnaħmil	1	وَلۡنَحۡمِلۡ
66081b946112	biħaːmiliːn	1	بِحَـٰمِلِينَ
8cb2fcfea499	xatˤaːjaːhum	1	خَطَـٰيَـٰهُم
b32b24fd2fe6	walajaħmilunː̃	1	وَلَيَحۡمِلُنَّ
6c82920625b0	ʔaθqaːlahum	1	أَثۡقَالَهُمۡ
4c4317e1a2a6	waʔaθqaːlaː	1	وَأَثۡقَالًا
0777a6fe36d5	ʔaθqaːlihim	1	أَثۡقَالِهِمۡ
3e7347530f7d	walajusʔalunː̃	1	وَلَيُسۡــَٔلُنَّ
a72612eb785d	wataxluquːn	1	وَتَخۡلُقُونَ
2897749ee294	ʔifkaː	1	إِفۡكًا
2f9de064c51c	fabᵊtaɣuː	1	فَٱبۡتَغُواۡ
44b3840b34f3	waʕbuduːh	1	وَٱعۡبُدُوهُ
c15d5b466c90	tukaðːibuː	1	تُكَذِّبُواۡ
cfabfda9b466	badaʔ	1	بَدَأَ
94cd01bee108	juⁿʃiʔ	1	يُنشِئُ
ee4b875b078d	wajarħam	1	وَيَرۡحَمُ
b994e2dde2e8	tuqᵊlabuːn	1	تُقۡلَبُونَ
40dfedd20ef1	raħmatiː	1	رَّحۡمَتِى
391cb27e0bd0	ʔuqᵊtuluːh	1	ٱقۡتُلُوهُ
534ed1055e49	faʔaⁿd͡ʒaːh	1	فَأَنجَـٰهُ
4c550a31e4db	wajalʕan	1	وَيَلۡعَنُ
7c4266171f94	muhaːd͡ʒir	1	مُهَاجِرٌ
307ea2746a14	ðurːijːatih	1	ذُرِّيَّتِهِ
9be8ebb9ef25	ʔad͡ʒᵊrahuː	1	أَجۡرَهُۥ
81dd9a9510db	wataqᵊtˤaʕuːn	1	وَتَقۡطَعُونَ
26a20ce22e2f	wataʔtuːn	1	وَتَأۡتُونَ
56672bca7631	naːdiːkum	1	نَادِيكُمُ
d76ff62579d2	muhlikuː	1	مُهۡلِكُوٓاۡ
f3cc5c7ec807	lanunad͡ʒːijanː̃ahuː	1	لَنُنَجِّيَنَّهُۥ
e2c39c684432	munad͡ʒːuːk	1	مُنَجُّوكَ
5e645840d52e	muⁿziluːn	1	مُنزِلُونَ
2e40f1c0da0b	taraknaː	1	تَّرَكۡنَا
ec7a78b5169a	bajːinahaː	1	بَيِّنَةً
1dd6f75b2051	ward͡ʒuː	1	وَٱرۡجُواۡ
a749a4175fb0	mustabᵊsˤiriːn	1	مُسۡتَبۡصِرِينَ
9f8ba33a8829	saːbiqiːn	1	سَـٰبِقِينَ
2d7ccf710a1a	fakulːaː	1	فَكُلاًّ
11f9b4ff755a	biðaᵐbihiː	1	بِذَنۢبِهِۦ
2eb44a4d0596	xasafnaː	1	خَسَفۡنَا
2c34a84ffcc2	ʔitːaxaðat	1	ٱتَّخَذَتۡ
390bc74c2f58	ʔawhan	1	أَوۡهَنَ
3e612c682cc3	labajt	1	لَبَيۡتُ
d49380c4c7c1	jaʕqiluhaː	1	يَعۡقِلُهَآ
0cf260e226d8	ʔalʕaːlimuːn	1	ٱلۡعَـٰلِمُونَ
da1ac0384edb	ʔutl	1	ٱتۡلُ
0cad1845e833	tanhaː	1	تَنۡهَىٰ
cbddfb67b0c8	walaðikr	1	وَلَذِكۡرُ
2bc96d53cd7a	tasˤnaʕuːn	1	تَصۡنَعُونَ
7e597035f935	tud͡ʒaːdiluː	1	تُجَـٰدِلُوٓاۡ
baac5a467ef3	waʔuⁿzil	1	وَأُنزِلَ
953a226da920	waʔilaːhunaː	1	وَإِلَـٰهُنَا
0a4e2fc372f4	taxutˤːuhuː	1	تَخُطُّهُۥ
35ce79471c70	lartaːbᵊ	1	لَّٱرۡتَابَ
8f5f6ff45d72	jakfihim	1	يَكۡفِهِمۡ
cc5ad390c1d9	laraħmahaː	1	لَرَحۡمَةً
d0b9fc365d45	lad͡ʒaːːʔahum	1	لَّجَآءَهُمُ
74290eb38325	walajaʔtijanː̃ahum	1	وَلَيَأۡتِيَنَّهُم
506289b1702e	jastaʕd͡ʒiluːnak	1	يَسۡتَعۡجِلُونَكَ
4cb91fe2d250	jaɣʃaːhum	1	يَغۡشَـٰهُمُ
03e0cfdf845b	ʔardˤiː	1	أَرۡضِى
694fd8beb238	ɣurafaː	1	غُرَفًا
3a572c8532eb	rizqahaː	1	رِزۡقَهَا
8eebdec160c6	jarzuquhaː	1	يَرۡزُقُهَا
0eff5eb5a6a5	walaʕibᵊ	1	وَلَعِبٌ
2ebc3bba95ef	lahiː	1	لَهِىَ
79696d46798f	ʔalħajawaːn	1	ٱلۡحَيَوَانُ
3f039d4cc6c2	rakibuː	1	رَكِبُواۡ
03c100c322f5	walijatamatːaʕuː	1	وَلِيَتَمَتَّعُواۡ
610a963c1743	wajutaxatˤːaf	1	وَيُتَخَطَّفُ
91f429391969	ħawlihim	1	حَوۡلِهِمۡ
a0f8718d6c64	wabiniʕmah	1	وَبِنِعۡمَةِ
f59acabb6a81	lanahdijanː̃ahum	1	لَنَهۡدِيَنَّهُمۡ
6b0bfe8609b7	lamaʕ	1	لَمَعَ
58cad2afe927	ɣulibat	1	غُلِبَتِ
e7edfec510a8	ʔarːuːm	1	ٱلرُّومُ
5a24f4ab92e9	ɣalabihim	1	غَلَبِهِمۡ
dbb2208b1435	sajaɣlibuːn	1	سَيَغۡلِبُونَ
3c863125fe60	wajawmaʔið	1	وَيَوۡمَئِذٍ
6d0f287eab59	jafraħ	1	يَفۡرَحُ
b977a57e4e7d	binasˤr	1	بِنَصۡرِ
c461b7ccfdbd	jaⁿsˤur	1	يَنصُرُ
37a87b309fcd	biliqaːʔ	1	بِلِقَآىِٕ
1129656616e7	lakaːfiruːn	1	لَكَـٰفِرُونَ
77cb222eb887	waʔaθaːruː	1	وَأَثَارُواۡ
c67bd08d29c2	waʕamaruːhaː	1	وَعَمَرُوهَآ
de59e0d9b053	ʕamaruːhaː	1	عَمَرُوهَا
c9967051c1ab	ʔasːuːːʔaː	1	ٱلسُّوٓأَىٰٓ
ee7a79e2f30d	jubᵊlis	1	يُبۡلِسُ
56cba04b7ccb	jatafarːaquːn	1	يَتَفَرَّقُونَ
861dcf1d0b59	rawdˤah	1	رَوۡضَةٍ
988507ae77a5	juħbaruːn	1	يُحۡبَرُونَ
75a6fcd83253	waliqaːʔ	1	وَلِقَآىِٕ
73bcf3b28db1	tumsuːn	1	تُمۡسُونَ
e45baa6989ca	tusˤbiħuːn	1	تُصۡبِحُونَ
22c672e3dcf1	tuðˤhiruːn	1	تُظۡهِرُونَ
98f702428639	wajuħj	1	وَيُحۡىِ
44d3961b2923	taⁿtaʃiruːn	1	تَنتَشِرُونَ
93fc896efa0d	ʔalsinatikum	1	أَلۡسِنَتِكُمۡ
1a7bf10ff110	waʔalwaːnikum	1	وَأَلۡوٰنِكُمۡ
1cac871cd64c	lilʕaːlimiːn	1	لِّلۡعَـٰلِمِينَ
01a3c8af2de8	manaːmukum	1	مَنَامُكُم
b4a7b0884439	wabᵊtiɣaːːʔukum	1	وَٱبۡتِغَآؤُكُم
c44e3a7d4b09	fajuħjiː	1	فَيُحۡىِۦ
49a92b417f5e	daʕwahaː	1	دَعۡوَةً
1900f4d2a0ad	taxrud͡ʒuːn	1	تَخۡرُجُونَ
8789f297f1ca	ʔahwan	1	أَهۡوَنُ
c96dec2328aa	faʔaⁿtum	1	فَأَنتُمۡ
ff3a2dfdd5fb	taxaːfuːnahum	1	تَخَافُونَهُمۡ
7c3702801084	kaxiːfatikum	1	كَخِيفَتِكُمۡ
ed8fea4fc6e7	fitˤᵊrat	1	فِطۡرَتَ
a1b1f666ea02	lixalqᵊ	1	لِخَلۡقِ
41c43ab4be50	ʔaðaːqahum	1	أَذَاقَهُم
93a022a2c4b0	jatakalːam	1	يَتَكَلَّمُ
20aaa774d92e	jaqᵊnatˤuːn	1	يَقۡنَطُونَ
a6b58d9fd501	faʔaːt	1	فَـَٔـاتِ
db3f964eacee	ribaː	1	رِّبًا
51f197410e17	lijarbuː	1	لِّيَرۡبُوَاۡ
cd0ed5a8073d	jarbuː	1	يَرۡبُواۡ
4ff95e1f1457	zakaːh	1	زَكَوٰةٍ
3868af714a64	ʔalmudˤʕifuːn	1	ٱلۡمُضۡعِفُونَ
fee1cd92efbe	lijuðiːqahum	1	لِيُذِيقَهُم
b40e03d30fbe	jasˤːadːaʕuːn	1	يَصَّدَّعُونَ
6681106939dc	faliʔaⁿfusihim	1	فَلِأَنفُسِهِمۡ
2c00bd92a8a0	jamhaduːn	1	يَمۡهَدُونَ
5e5c9dd516b5	mubaʃːiraːt	1	مُبَشِّرٰتٍ
688205d9164d	walijuðiːqakum	1	وَلِيُذِيقَكُم
8b536dca64ea	walitad͡ʒᵊriː	1	وَلِتَجۡرِىَ
05832fee2b90	fajabᵊsutˤuhuː	1	فَيَبۡسُطُهُۥ
9292b3665892	wajad͡ʒᵊʕaluhuː	1	وَيَجۡعَلُهُۥ
c880654e89d7	lamubᵊlisiːn	1	لَمُبۡلِسِينَ
422a34374a7b	ʔaːθaːr	1	ءَاثَـٰرِ
0cfa17c16ecf	faraʔawh	1	فَرَأَوۡهُ
8a47b4262162	laðˤalːuː	1	لَّظَلُّواۡ
6ae9187534a6	bihaːdᵊ	1	بِهَـٰدِ
79bc7bba21d3	waʃajbahaː	1	وَشَيۡبَةً
59e9876e0ddf	ʔalqadiːr	1	ٱلۡقَدِيرُ
3f11f3da2413	juqᵊsim	1	يُقۡسِمُ
d363fda4209f	fahaːðaː	1	فَهَـٰذَا
9121f5ba20c4	mubᵊtˤiluːn	1	مُبۡطِلُونَ
5ff4b48e861d	jastaxifːanː̃ak	1	يَسۡتَخِفَّنَّكَ
13916672d6d5	jaʃtariː	1	يَشۡتَرِى
78857f23eb56	wajatːaxiðahaː	1	وَيَتَّخِذَهَا
9f88c35ba3d8	kaʔanː̃	1	كَأَنَّ
099c58709b7a	ʔuðunajh	1	أُذُنَيۡهِ
61cb35b9e2ac	faʔaruːniː	1	فَأَرُونِى
c4ed5af85de1	libᵊnihiː	1	لِٱبۡنِهِۦ
70928f699e08	jaʕiðˤuhuː	1	يَعِظُهُۥ
76728498f14c	ʔaʃːirk	1	ٱلشِّرۡكَ
627830d754e3	laðˤulm	1	لَظُلۡمٌ
fe2dd0a0fbca	wahnaː	1	وَهۡنًا
6dfbd645f29b	wahn	1	وَهۡنٍ
afe9172ae990	ʕaːmajn	1	عَامَيۡنِ
e0d2f7d03a04	waliwaːlidajk	1	وَلِوٰلِدَيۡكَ
4fa5bee409dc	wasˤaːħibᵊhumaː	1	وَصَاحِبۡهُمَا
22d7632bab7d	fatakun	1	فَتَكُن
8834c7e20a96	sˤaxrah	1	صَخۡرَةٍ
c350d3ef122e	wanh	1	وَٱنۡهَ
2647f8d85bbb	tusˤaʕːir	1	تُصَعِّرۡ
d55121a4b4d8	xadːak	1	خَدَّكَ
c4c61b3ef2f4	waqᵊsˤidᵊ	1	وَٱقۡصِدۡ
d26cd906b1cb	maʃjik	1	مَشۡيِكَ
847a581354ae	waɣdˤudˤ	1	وَٱغۡضُضۡ
c52c59284138	sˤawtik	1	صَوۡتِكَ
a8a45ec60ca1	ʔaⁿkar	1	أَنكَرَ
39ede125d1c7	lasˤawt	1	لَصَوۡتُ
432869632a86	ʔalħamiːr	1	ٱلۡحَمِيرِ
a94609b14e94	waʔasbaɣ	1	وَأَسۡبَغَ
81b91c364991	niʕamahuː	1	نِعَمَهُۥ
0c7a2edca110	wabaːtˤinahaː	1	وَبَاطِنَةً
fec8e21fca85	jadᵊʕuːhum	1	يَدۡعُوهُمۡ
18c6f887b8a0	juslim	1	يُسۡلِمۡ
add4146fde72	fanunabːiʔuhum	1	فَنُنَبِّئُهُم
cf1cda9e76da	numatːiʕuhum	1	نُمَتِّعُهُمۡ
524d5ba62a62	nadˤtˤarːuhum	1	نَضۡطَرُّهُمۡ
b1593e074398	ʔaqᵊlaːm	1	أَقۡلَـٰمٌ
df9cdc598b8e	jamudːuhuː	1	يَمُدُّهُۥ
320b21557591	ʔabᵊħur	1	أَبۡحُرٍ
5d8b855f4908	nafidat	1	نَفِدَتۡ
d7c2508eb18d	xalqukum	1	خَلۡقُكُمۡ
86d57c645e56	baʕθukum	1	بَعۡثُكُمۡ
89bbdd6a7ce6	kanafs	1	كَنَفۡسٍ
5d9b2bf40a5d	lijurijakum	1	لِيُرِيَكُم
bb9a73f5110b	kaðˤːulal	1	كَٱلظُّلَلِ
896f6879233e	xatːaːr	1	خَتَّارٍ
6d2d2389c3ca	waxʃaw	1	وَٱخۡشَوۡاۡ
fbf9fc60b3f7	waːlidᵊ	1	وَالِدٌ
33a23c87da94	waladihiː	1	وَلَدِهِۦ
4b11559178c6	d͡ʒaːz	1	جَازٍ
a9c528a4ef23	waːlidihiː	1	وَالِدِهِۦ
2f45d724c37c	wabadaʔ	1	وَبَدَأَ
a43d591fdf5b	naslahuː	1	نَسۡلَهُۥ
7fe31485191e	sawːaːh	1	سَوَّٮٰهُ
f82cc5fef8d5	wanafax	1	وَنَفَخَ
567390c94182	ruːħihiː	1	رُّوحِهِۦ
7a4a6dea4ea2	dˤalalnaː	1	ضَلَلۡنَا
fb27f937a6e9	wukːil	1	وُكِّلَ
5d5fed87e635	naːkisuː	1	نَاكِسُواۡ
61e0d670d731	ʔabᵊsˤarnaː	1	أَبۡصَرۡنَا
b87d91ab0e7e	wasamiʕnaː	1	وَسَمِعۡنَا
96856880d534	fard͡ʒiʕnaː	1	فَٱرۡجِعۡنَا
10ed616f3c89	muːqinuːn	1	مُوقِنُونَ
9143eb22f5e6	laʔatajnaː	1	لَأَتَيۡنَا
08fba6dd132b	hudaːhaː	1	هُدَٮٰهَا
9c7e27677c69	nasiːnaːkum	1	نَسِينَـٰكُمۡ
17b41d2f24ca	wasabːaħuː	1	وَسَبَّحُواۡ
277d1d878f17	tatad͡ʒaːfaː	1	تَتَجَافَىٰ
f014d9acede6	d͡ʒunuːbuhum	1	جُنُوبُهُمۡ
78a21b11ab71	ʔuxfiː	1	أُخۡفِىَ
e6f64b8a5fd8	faːsiqaː	1	فَاسِقًا
2b604b9ae1ea	famaʔwaːhum	1	فَمَأۡوَٮٰهُمُ
518c2ba56080	liqaːːʔihiː	1	لِّقَآئِهِۦ
e92edef0a168	nasuːqᵊ	1	نَسُوقُ
fe09fba6b6af	ʔald͡ʒuruz	1	ٱلۡجُرُزِ
8854a877b8fc	fanuxrid͡ʒᵊ	1	فَنُخۡرِجُ
4edfba402ebc	ʔanʕaːmuhum	1	أَنۡعَـٰمُهُمۡ
e41285d84b0b	waʔaⁿfusuhum	1	وَأَنفُسُهُمۡ
395c103a0926	waⁿtaðˤir	1	وَٱنتَظِرۡ
c45bcea45a4d	qalbajn	1	قَلۡبَيۡنِ
27405a51f65b	d͡ʒawfihiː	1	جَوۡفِهِۦ
5c01fac01004	ʔazwaːd͡ʒakum	1	أَزۡوٰجَكُمُ
b906a37bb4b1	tuðˤaːhiruːn	1	تُظَـٰهِرُونَ
e71cab8273f3	ʔadᵊʕijaːːʔakum	1	أَدۡعِيَآءَكُمۡ
9fdf01ed55c0	qawlukum	1	قَوۡلُكُم
f088e0d4ff4c	ʔudᵊʕuːhum	1	ٱدۡعُوهُمۡ
45368a686977	wamawaːliːkum	1	وَمَوٰلِيكُمۡ
11c5019681d5	ʔaxtˤaʔtum	1	أَخۡطَأۡتُم
914a3b0a6e4b	taʕamː̃adat	1	تَعَمَّدَتۡ
feaacec5f4b1	waʔazwaːd͡ʒuhuː	1	وَأَزۡوٰجُهُۥٓ
e49fe24c274d	ʔawlijaːːʔikum	1	أَوۡلِيَآئِكُم
82712b83c700	wamiⁿk	1	وَمِنكَ
2342eed6a578	lijasʔal	1	لِّيَسۡــَٔلَ
6914a9ed2801	sˤidᵊqihim	1	صِدۡقِهِمۡ
a46a5b57259c	wad͡ʒunuːdaː	1	وَجُنُودًا
06d7dd28e769	wabalaɣat	1	وَبَلَغَتِ
79e5329845d8	ʔaðˤːunuːnaː	1	ٱلظُّنُونَاۡ
9c831a3a6809	ʔubᵊtuliː	1	ٱبۡتُلِىَ
465ee16d508b	zilzaːlaː	1	زِلۡزَالًا
24c83d9e98b2	jaθribᵊ	1	يَثۡرِبَ
1c2733525856	muqaːm	1	مُقَامَ
d89254feee36	wajastaʔðin	1	وَيَسۡتَــٔۡذِنُ
4a81fdbbf6c4	bujuːtanaː	1	بُيُوتَنَا
5e2d149c6f9e	ʕawrah	1	عَوۡرَةٌ
3fcf8535caf2	biʕawrah	1	بِعَوۡرَةٍ
9d683f8539ef	duxilat	1	دُخِلَتۡ
2ca5ae4639bb	ʔaqᵊtˤaːrihaː	1	أَقۡطَارِهَا
5c0857524d54	suʔiluː	1	سُئِلُواۡ
6dd8e76413da	laʔatawhaː	1	لَأَتَوۡهَا
75c6f19df1be	talabːaθuː	1	تَلَبَّثُواۡ
5ca87acdb70b	juwalːuːn	1	يُوَلُّونَ
e81532595325	ʔalfiraːr	1	ٱلۡفِرَارُ
48682883539f	farartum	1	فَرَرۡتُم
b98bf70a2dcf	tumatːaʕuːn	1	تُمَتَّعُونَ
69caa96b9f4d	jaʕsˤimukum	1	يَعۡصِمُكُم
fab1e6e02d1f	ʔalmuʕawːiqiːn	1	ٱلۡمُعَوِّقِينَ
a2b656821276	walqaːːʔiliːn	1	وَٱلۡقَآئِلِينَ
f7c841973009	taduːr	1	تَدُورُ
fe889037d16e	juɣʃaː	1	يُغۡشَىٰ
aeb50ed16d5f	salaquːkum	1	سَلَقُوكُم
2c8874bee0ee	biʔalsinah	1	بِأَلۡسِنَةٍ
eabfbeae2344	ħidaːdᵊ	1	حِدَادٍ
6e97be4ab4ba	jawadːuː	1	يَوَدُّواۡ
cfedafc33e3f	baːduːn	1	بَادُونَ
7e5460e62500	ʔaᵐbaːːʔikum	1	أَنۢبَآئِكُمۡ
653c5c52bbda	qaːtaluː	1	قَـٰتَلُوٓاۡ
4cc01d9f231c	watasliːmaː	1	وَتَسۡلِيمًا
5cea7df17fc8	naħbahuː	1	نَحۡبَهُۥ
323595710a33	jaⁿtaðˤir	1	يَنتَظِرُ
3a5cd71f6495	bisˤidᵊqihim	1	بِصِدۡقِهِمۡ
0e2cf2ad902e	waradːᵊ	1	وَرَدَّ
be20821138b8	biɣajðˤihim	1	بِغَيۡظِهِمۡ
9d486d639407	qawijːaː	1	قَوِيًّا
d7304224afd7	ðˤaːharuːhum	1	ظَـٰهَرُوهُم
4cad3d549934	sˤajaːsˤiːhim	1	صَيَاصِيهِمۡ
845639af7d2e	wataʔsiruːn	1	وَتَأۡسِرُونَ
bfb0ff78cb3d	waʔawraθakum	1	وَأَوۡرَثَكُمۡ
101ab2371c67	ʔardˤahum	1	أَرۡضَهُمۡ
147e173f922c	wadijaːrahum	1	وَدِيَـٰرَهُمۡ
9732c4fc3328	waʔardˤaː	1	وَأَرۡضًا
b786f577c716	tatˤaʔuːhaː	1	تَطَــُٔوهَا
db45eccfb3db	fataʕaːlajn	1	فَتَعَالَيۡنَ
9fe05b14bdbf	ʔumatːiʕkunː̃	1	أُمَتِّعۡكُنَّ
80e46744164d	waʔusarːiħkunː̃	1	وَأُسَرِّحۡكُنَّ
83140be7c8a9	lilmuħsinaːt	1	لِلۡمُحۡسِنَـٰتِ
979b69c77e2b	jaqᵊnut	1	يَقۡنُتۡ
ffb46d356bee	wataʕmal	1	وَتَعۡمَلۡ
93d7693983ee	nuʔtihaː	1	نُّؤۡتِهَآ
0d87dd555171	ʔad͡ʒᵊrahaː	1	أَجۡرَهَا
1f693b43076e	lastunː̃	1	لَسۡتُنَّ
d5a1db3bb0d0	kaʔaħadᵊ	1	كَأَحَدٍ
683a265a9ba5	ʔitːaqajtunː̃	1	ٱتَّقَيۡتُنَّ
cfd3bfeb9478	taxdˤaʕn	1	تَخۡضَعۡنَ
c0ceb1010539	fajatˤᵊmaʕ	1	فَيَطۡمَعَ
4f144ac4bae9	waqarn	1	وَقَرۡنَ
b2508ffaf7e6	tabarːad͡ʒᵊn	1	تَبَرَّجۡنَ
7177830ff854	tabarːud͡ʒᵊ	1	تَبَرُّجَ
8f3bc4419262	waʔaqimn	1	وَأَقِمۡنَ
91e9c1967daa	waʔaːtiːn	1	وَءَاتِينَ
0f5774004d12	waʔatˤiʕn	1	وَأَطِعۡنَ
7b4ed8c1f39a	lijuðhibᵊ	1	لِيُذۡهِبَ
6d60ffee1fb4	wajutˤahːirakum	1	وَيُطَهِّرَكُمۡ
88d2f60f6ab8	tatˤᵊhiːraː	1	تَطۡهِيرًا
f27183f881cf	waðkurn	1	وَٱذۡكُرۡنَ
3ff907c00b48	latˤiːfaː	1	لَطِيفًا
607fe6fa02f4	walmuslimaːt	1	وَٱلۡمُسۡلِمَـٰتِ
d434fc54e04e	walmuʔminiːn	1	وَٱلۡمُؤۡمِنِينَ
1f2920358770	walqaːnitaːt	1	وَٱلۡقَـٰنِتَـٰتِ
2e3ef03e3506	wasˤːaːdiqaːt	1	وَٱلصَّـٰدِقَـٰتِ
5c16fe194040	wasˤːaːbiraːt	1	وَٱلصَّـٰبِرٰتِ
1f37fbc43f4a	walxaːʃiʕiːn	1	وَٱلۡخَـٰشِعِينَ
5a47b220b6ce	walxaːʃiʕaːt	1	وَٱلۡخَـٰشِعَـٰتِ
12b7eb92adcb	walmutasˤadːiqiːn	1	وَٱلۡمُتَصَدِّقِينَ
32ec4c7b8cf3	walmutasˤadːiqaːt	1	وَٱلۡمُتَصَدِّقَـٰتِ
5818db04c255	wasˤːaːːʔimiːn	1	وَٱلصَّـٰٓئِمِينَ
a8e543cc6dc7	wasˤːaːːʔimaːt	1	وَٱلصَّـٰٓئِمَـٰتِ
697fed1fff54	walħaːfiðˤiːn	1	وَٱلۡحَـٰفِظِينَ
eaef2f1555e7	walħaːfiðˤaːt	1	وَٱلۡحَـٰفِظَـٰتِ
7399bf43d91b	waðːaːkiriːn	1	وَٱلذّٰكِرِينَ
486114449e94	waðːaːkiraːt	1	وَٱلذّٰكِرٰتِ
c9a43fd23121	waʔanʕamt	1	وَأَنۡعَمۡتَ
b1aa18cf7ba7	zawd͡ʒak	1	زَوۡجَكَ
ea6a9de5d1b9	watːaqᵊ	1	وَٱتَّقِ
3ca32939eab1	watuxfiː	1	وَتُخۡفِى
1258a2e7bd9d	mubᵊdiːh	1	مُبۡدِيهِ
283e7c6f0220	wataxʃaː	1	وَتَخۡشَى
76d4d81dd66b	taxʃaːh	1	تَخۡشَـٰهُ
42bd8d56642d	zajdᵊ	1	زَيۡدٌ
374b2611de4c	zawːad͡ʒᵊnaːkahaː	1	زَوَّجۡنَـٰكَهَا
c19153f3fde9	ʔadᵊʕijaːːʔihim	1	أَدۡعِيَآئِهِمۡ
6e28134f2dd3	qadˤaw	1	قَضَوۡاۡ
cb3bf006b507	qadaraː	1	قَدَرًا
42efa378bb1d	maqᵊduːraː	1	مَّقۡدُورًا
d4b8eaf42e1b	jubalːiɣuːn	1	يُبَلِّغُونَ
a4892e10de95	wajaxʃawnahuː	1	وَيَخۡشَوۡنَهُۥ
baf80a092197	waxaːtam	1	وَخَاتَمَ
3029d1d33343	wasabːiħuːh	1	وَسَبِّحُوهُ
54c9adaae197	wamalaːːʔikatuhuː	1	وَمَلَـٰٓئِكَتُهُۥ
f766f20a0036	wadaːʕijaː	1	وَدَاعِيًا
2936b89f396a	wasiraːd͡ʒaː	1	وَسِرَاجًا
2e27cc12d0b5	wadaʕ	1	وَدَعۡ
14cff6ba249f	ʔaðaːhum	1	أَذَٮٰهُمۡ
e55f0808f3ff	nakaħtum	1	نَكَحۡتُمُ
ead7c5d17ede	taʕtadːuːnahaː	1	تَعۡتَدُّونَهَا
3af995e92b34	famatːiʕuːhunː̃	1	فَمَتِّعُوهُنَّ
846063ce938d	wasarːiħuːhunː̃	1	وَسَرِّحُوهُنَّ
beb993ed55e7	ʔaħlalnaː	1	أَحۡلَلۡنَا
c74a152a8c6b	ʔazwaːd͡ʒak	1	أَزۡوٰجَكَ
2a772387328a	ʕamː̃ik	1	عَمِّكَ
1c10f07b75ae	ʕamː̃aːtik	1	عَمَّـٰتِكَ
996827c4017d	xaːlik	1	خَالِكَ
6dbe0b5fd60f	xaːlaːtik	1	خَـٰلَـٰتِكَ
d11f08d2b0f3	haːd͡ʒarn	1	هَاجَرۡنَ
517e470a698d	wamraʔahaː	1	وَٱمۡرَأَةً
03ffc45587af	muʔminahaː	1	مُّؤۡمِنَةً
a6908ccaac45	wahabat	1	وَهَبَتۡ
a998a6984318	nafsahaː	1	نَفۡسَهَا
373da10eea74	jastaⁿkiħahaː	1	يَسۡتَنكِحَهَا
8032e57211be	faradˤnaː	1	فَرَضۡنَا
c1bfafcb28af	turd͡ʒiː	1	تُرۡجِى
7bf28ec6b784	watuʔwiː	1	وَتُــٔۡوِىٓ
d1f177dc84d8	ʔibᵊtaɣajt	1	ٱبۡتَغَيۡتَ
bf8a06da2146	ʕazalt	1	عَزَلۡتَ
cab8f5cfcf65	ʔaʕjunuhunː̃	1	أَعۡيُنُهُنَّ
36a8b41a2e26	jaħzanː̃	1	يَحۡزَنَّ
d5c9eabdffa9	wajardˤajn	1	وَيَرۡضَيۡنَ
5365d7e288c8	ʔaːtajtahunː̃	1	ءَاتَيۡتَهُنَّ
77d9e9701a6b	kulːuhunː̃	1	كُلُّهُنَّ
07eae861e64a	tabadːal	1	تَبَدَّلَ
93f704a694ad	ħusnuhunː̃	1	حُسۡنُهُنَّ
aef2813c5491	naːðˤiriːn	1	نَـٰظِرِينَ
50cbb592ea6b	ʔinaːh	1	إِنَـٰهُ
6a2a1b73c154	duʕiːtum	1	دُعِيتُمۡ
ad6551b093e9	tˤaʕimtum	1	طَعِمۡتُمۡ
6159c54c5170	mustaʔnisiːn	1	مُسۡتَــٔۡنِسِينَ
4c69b15bf6b0	liħadiːθ	1	لِحَدِيثٍ
f55d11997d06	juʔðiː	1	يُؤۡذِى
39b283d4a153	fajastaħjiː	1	فَيَسۡتَحۡىِۦ
b332e0df69a9	saʔaltumuːhunː̃	1	سَأَلۡتُمُوهُنَّ
d12d4536acd3	fasʔaluːhunː̃	1	فَسۡــَٔلُوهُنَّ
a2acef85ac7e	liquluːbikum	1	لِقُلُوبِكُمۡ
9eec44a3a8a7	waquluːbihinː̃	1	وَقُلُوبِهِنَّ
81e0bdc9197e	tuʔðuː	1	تُؤۡذُواۡ
208dc72a6636	ʔazwaːd͡ʒahuː	1	أَزۡوٰجَهُۥ
9a87dd205674	watːaqiːn	1	وَٱتَّقِينَ
2fddfca71ebc	wamalaːːʔikatahuː	1	وَمَلَـٰٓئِكَتَهُۥ
a3872070ace1	jusˤalːuːn	1	يُصَلُّونَ
0058c1ce4601	sˤalːuː	1	صَلُّواۡ
55f8bd1772b8	wasalːimuː	1	وَسَلِّمُواۡ
75d3a35c791e	ʔiħtamaluː	1	ٱحۡتَمَلُواۡ
fbf65a1970b8	wabanaːtik	1	وَبَنَاتِكَ
9e808f003adc	judᵊniːn	1	يُدۡنِينَ
e3c4034ad4e6	d͡ʒalaːbiːbihinː̃	1	جَلَـٰبِيبِهِنَّ
92ce10ee06e0	juʕrafn	1	يُعۡرَفۡنَ
60f9ec8fe325	juʔðajn	1	يُؤۡذَيۡنَ
60486cbfc2c2	walmurd͡ʒifuːn	1	وَٱلۡمُرۡجِفُونَ
a5274209a756	lanuɣrijanː̃ak	1	لَنُغۡرِيَنَّكَ
644b6f9ec4dd	jud͡ʒaːwiruːnak	1	يُجَاوِرُونَكَ
d99da745720b	malʕuːniːn	1	مَّلۡعُونِينَ
f6865e3cc7b4	ʔuxiðuː	1	أُخِذُواۡ
dcad269020c8	waqutːiluː	1	وَقُتِّلُواۡ
c0746b7da222	taqᵊtiːlaː	1	تَقۡتِيلًا
f56663c084c3	laʕan	1	لَعَنَ
bd66a949da15	tuqalːabᵊ	1	تُقَلَّبُ
0b86b6b29e6c	ʔarːasuːlaː	1	ٱلرَّسُولَاۡ
5b993404f3c0	saːdatanaː	1	سَادَتَنَا
024ae79e2fec	wakubaraːːʔanaː	1	وَكُبَرَآءَنَا
2618520949eb	faʔadˤalːuːnaː	1	فَأَضَلُّونَا
1f1b036c9433	ʔasːabiːlaː	1	ٱلسَّبِيلَاۡ
024401efde0d	ʔaːtihim	1	ءَاتِهِمۡ
d899e450725e	walʕanhum	1	وَٱلۡعَنۡهُمۡ
bfc14ffdd4ff	laʕnaː	1	لَعۡنًا
c2dbe146c251	ʔaːðaw	1	ءَاذَوۡاۡ
3c91ca23d0cc	fabarːaʔah	1	فَبَرَّأَهُ
d069b8223f0f	ʕaradˤnaː	1	عَرَضۡنَا
4b907d3ca985	ʔalʔamaːnah	1	ٱلۡأَمَانَةَ
511e77ea4a64	faʔabajn	1	فَأَبَيۡنَ
cd2048765d3a	jaħmilnahaː	1	يَحۡمِلۡنَهَا
9a7378ab8def	waʔaʃfaqᵊn	1	وَأَشۡفَقۡنَ
407e2fb06f64	waħamalahaː	1	وَحَمَلَهَا
80aab00842aa	ðˤaluːmaː	1	ظَلُومًا
ec1fb397168c	d͡ʒahuːlaː	1	جَهُولًا
121ffb417dae	lijuʕaðːibᵊ	1	لِّيُعَذِّبَ
c3af123c15e1	lataʔtijanː̃akum	1	لَتَأۡتِيَنَّكُمۡ
e296b91be8ff	wajaraː	1	وَيَرَى
91c7d8d9395c	nadulːukum	1	نَدُلُّكُمۡ
28b1aa0a8670	muzːiqᵊtum	1	مُزِّقۡتُمۡ
fdfb4b896dd3	ʔaftaraː	1	أَفۡتَرَىٰ
a94d2000d4e8	wadˤːalaːl	1	وَٱلضَّلَـٰلِ
a5b71da8995f	naxsif	1	نَخۡسِفۡ
b2b346879d8f	nusqitˤᵊ	1	نُسۡقِطۡ
43deb366f172	jaːd͡ʒibaːl	1	يَـٰجِبَالُ
33567582ea11	ʔawːibiː	1	أَوِّبِى
1a56d116c615	waʔalanː̃aː	1	وَأَلَنَّا
8c48217db48e	ʔiʕmal	1	ٱعۡمَلۡ
5c9aa67218da	saːbiɣaːt	1	سَـٰبِغَـٰتٍ
73768cec5dda	waqadːir	1	وَقَدِّرۡ
9728541e3e68	ʔasːardᵊ	1	ٱلسَّرۡدِ
386caed03587	ɣuduwːuhaː	1	غُدُوُّهَا
406dbc568129	warawaːħuhaː	1	وَرَوَاحُهَا
e477f6422857	waʔasalnaː	1	وَأَسَلۡنَا
19fc7cbe6014	ʔalqitˤᵊr	1	ٱلۡقِطۡرِ
1a73e23e448c	jaziɣ	1	يَزِغۡ
512b8ed4adf7	maħaːriːbᵊ	1	مَّحَـٰرِيبَ
6a3a302477a6	watamaːθiːl	1	وَتَمَـٰثِيلَ
fb81db6ecfac	wad͡ʒifaːn	1	وَجِفَانٍ
161413066a32	kald͡ʒawaːbᵊ	1	كَٱلۡجَوَابِ
75f056e1546f	waquduːr	1	وَقُدُورٍ
18a1fdc85538	raːsijaːt	1	رَّاسِيَـٰتٍ
fe4833109485	ʃukraː	1	شُكۡرًا
dc6739ded480	ʔaʃːakuːr	1	ٱلشَّكُورُ
3a476ea6c9d2	dalːahum	1	دَلَّهُمۡ
6e8ba8d027c9	miⁿsaʔatahuː	1	مِنسَأَتَهُۥ
0afcf2bac805	tabajːanat	1	تَبَيَّنَتِ
1fa643d7fee6	lisabaʔ	1	لِسَبَإٍ
b6b05f9ff60a	maskanihim	1	مَسۡكَنِهِمۡ
461989d2f4e6	jamiːn	1	يَمِينٍ
64737f263ac7	waʃimaːl	1	وَشِمَالٍ
44b3c80bb6f7	baldah	1	بَلۡدَةٌ
99854e27386f	faʔaʕradˤuː	1	فَأَعۡرَضُواۡ
b40eaef07259	sajl	1	سَيۡلَ
a6b7752fcb38	ʔalʕarim	1	ٱلۡعَرِمِ
b5be9cab3e62	wabadːalnaːhum	1	وَبَدَّلۡنَـٰهُم
af11f5eb9bbd	bid͡ʒanː̃atajhim	1	بِجَنَّتَيۡهِمۡ
cdb7fb95b256	ʔukul	1	أُكُلٍ
4dbd2df83232	xamtˤᵊ	1	خَمۡطٍ
e1bec8d1fdb2	waʔaθl	1	وَأَثۡلٍ
4bb411bf1bca	waʃaːʔ	1	وَشَىۡءٍ
912d07bb6245	nud͡ʒaːziː	1	نُجَـٰزِىٓ
a4994c6ef988	ʔalkafuːr	1	ٱلۡكَفُورَ
af0921e1e39c	waqadːarnaː	1	وَقَدَّرۡنَا
01c9c195fece	ʔasːajr	1	ٱلسَّيۡرَ
88a35dcf1076	lajaːliː	1	لَيَالِىَ
e2ab2acb1696	waʔajːaːmaː	1	وَأَيَّامًا
7aa100ba548c	baːʕidᵊ	1	بَـٰعِدۡ
bacefab24c87	ʔasfaːrinaː	1	أَسۡفَارِنَا
70eb11cf8532	wamazːaqᵊnaːhum	1	وَمَزَّقۡنَـٰهُمۡ
15799560391b	ðˤanː̃ahuː	1	ظَنَّهُۥ
6861e88191fc	fatːabaʕuːh	1	فَٱتَّبَعُوهُ
913cc6acd113	fuzːiʕ	1	فُزِّعَ
83b2c24023cb	ʔad͡ʒᵊramnaː	1	أَجۡرَمۡنَا
5f46f1d84d8a	nusʔal	1	نُسۡــَٔلُ
b862dcf10b31	ʔalfatːaːħ	1	ٱلۡفَتَّاحُ
012a7e011c1a	ʔalħaqᵊtum	1	أَلۡحَقۡتُم
f858670ad4b3	miːʕaːdᵊ	1	مِّيعَادُ
980a182c6811	tastaʔxiruːn	1	تَسۡتَــٔۡخِرُونَ
ba4cc46c6e6a	tastaqᵊdimuːn	1	تَسۡتَقۡدِمُونَ
8a6485152dc0	mawquːfuːn	1	مَوۡقُوفُونَ
4294e9bad018	ʔanaħn	1	أَنَحۡنُ
ec106a1c2a90	sˤadadᵊnaːkum	1	صَدَدۡنَـٰكُمۡ
df8373146f3f	taʔmuruːnanaː	1	تَأۡمُرُونَنَآ
c48ab152b572	nakfur	1	نَّكۡفُرَ
b134043cf09d	ʔaʕnaːqᵊ	1	أَعۡنَاقِ
5faa58ca1b08	tuqarːibukum	1	تُقَرِّبُكُمۡ
9ab921328aa5	ʔadˤːiʕf	1	ٱلضِّعۡفِ
200b696e2f5f	ʔalɣurufaːt	1	ٱلۡغُرُفَـٰتِ
21f16f6930a0	jasʕawn	1	يَسۡعَوۡنَ
1da3770e7d11	juxlifuhuː	1	يُخۡلِفُهُۥ
bd4fc8561ba9	jasˤudːakum	1	يَصُدَّكُمۡ
23bd6d45a944	jadᵊrusuːnahaː	1	يَدۡرُسُونَهَا
d2f1ac7eeab5	miʕʃaːr	1	مِعۡشَارَ
a19bd728c1a6	rusuliː	1	رُسُلِى
625cac61c5d4	ʔaʕiðˤukum	1	أَعِظُكُم
13102856413d	biwaːħidah	1	بِوٰحِدَةٍ
a82cc3faea83	wafuraːdaː	1	وَفُرٰدَىٰ
8a493b4efee9	tatafakːaruː	1	تَتَفَكَّرُواۡ
d69124001bb1	bisˤaːħibikum	1	بِصَاحِبِكُم
9cefea4516f6	jaqᵊðif	1	يَقۡذِفُ
c9f7192ab877	juʕiːdᵊ	1	يُعِيدُ
b052d0e9dd13	ʔadˤilː	1	أَضِلُّ
a53eb9419a23	ʔihtadajt	1	ٱهۡتَدَيۡتُ
770644f8a691	faziʕuː	1	فَزِعُواۡ
1fd87cc8c3ba	fawt	1	فَوۡتَ
0dc5007e2c4e	waʔuxiðuː	1	وَأُخِذُواۡ
c96a319f6547	ʔatːanaːwuʃ	1	ٱلتَّنَاوُشُ
9a7e360075e5	wajaqᵊðifuːn	1	وَيَقۡذِفُونَ
d899408478ba	waħiːl	1	وَحِيلَ
f99ed64e4d18	fuʕil	1	فُعِلَ
cb8c340c4d3a	biʔaʃjaːʕihim	1	بِأَشۡيَاعِهِم
ecdb6219253f	ʔad͡ʒᵊniħah	1	أَجۡنِحَةٍ
93ac441dc0ee	mumsik	1	مُمۡسِكَ
d6dcb6e09f0a	mursil	1	مُرۡسِلَ
6b64e56ea3ec	fatːaxiðuːh	1	فَٱتَّخِذُوهُ
9776d6d8059d	ħizbahuː	1	حِزۡبَهُۥ
90ae94e7335c	taðhabᵊ	1	تَذۡهَبۡ
2585e63cbfac	nafsuk	1	نَفۡسُكَ
252e59be5026	fasuqᵊnaːh	1	فَسُقۡنَـٰهُ
3923201d7227	faʔaħjajnaː	1	فَأَحۡيَيۡنَا
e499f785529b	jasˤʕadᵊ	1	يَصۡعَدُ
de3fb94d0aa6	walʕamal	1	وَٱلۡعَمَلُ
ce3eac8b443c	ʔasˤːaːliħ	1	ٱلصَّـٰلِحُ
2271d3b19e5a	jarfaʕuhuː	1	يَرۡفَعُهُۥ
a3db50d6e67d	jabuːr	1	يَبُورُ
e65851b0aecf	muʕamː̃ar	1	مُّعَمَّرٍ
09ba0e3284a3	juⁿqasˤ	1	يُنقَصُ
8afbb35da96c	ʕumurihiː	1	عُمُرِهِۦٓ
8b0ec633273d	ʔalbaħraːn	1	ٱلۡبَحۡرَانِ
dedc3ec977ac	saːːʔiɣ	1	سَآئِغٌ
c1873c886229	ʃaraːbuhuː	1	شَرَابُهُۥ
1f2e20eaa92c	watastaxrid͡ʒuːn	1	وَتَسۡتَخۡرِجُونَ
5862d99d1b4d	qitˤᵊmiːr	1	قِطۡمِيرٍ
66c812bb5317	duʕaːːʔakum	1	دُعَآءَكُمۡ
bc5751614bb5	biʃirkikum	1	بِشِرۡكِكُمۡ
25d416090bc6	junabːiʔuk	1	يُنَبِّئُكَ
20b93df68360	muθqalah	1	مُثۡقَلَةٌ
66ea806f69f8	ħimlihaː	1	حِمۡلِهَا
65a20777c60c	juħmal	1	يُحۡمَلۡ
c615ff5a6cd8	ʔalħaruːr	1	ٱلۡحَرُورُ
0a032c1de91f	ʔalʔaħjaːːʔ	1	ٱلۡأَحۡيَآءُ
aef3a660dfa3	ʔalʔamwaːt	1	ٱلۡأَمۡوٰتُ
65612dce2606	jusmiʕ	1	يُسۡمِعُ
9fd4d86622ce	bimusmiʕ	1	بِمُسۡمِعٍ
0ca8d47dd96e	wabizːubur	1	وَبِٱلزُّبُرِ
bddf687d03b3	wabilkitaːbᵊ	1	وَبِٱلۡكِتَـٰبِ
62efc6db5d1d	ʔaxaðt	1	أَخَذۡتُ
eb0c2646a554	d͡ʒudadᵊ	1	جُدَدُۢ
ea40824e7057	biːdˤ	1	بِيضٌ
7dfe15e96c1a	waħumr	1	وَحُمۡرٌ
87d1e36115b2	waɣaraːbiːbᵊ	1	وَغَرَابِيبُ
eae679a8605d	suːdᵊ	1	سُودٌ
6a485ce8b5ee	ʔalʕulamaːːʔ	1	ٱلۡعُلَمَـٰٓؤُاۡ
39f5ef954a38	tabuːr	1	تَبُورَ
7bbddbd18ebd	lijuwafːijahum	1	لِيُوَفِّيَهُمۡ
cd9273413323	ʔawraθnaː	1	أَوۡرَثۡنَا
b7f2bd76f0da	ʔisˤtˤafajnaː	1	ٱصۡطَفَيۡنَا
eadabfffcfe8	bilxajraːt	1	بِٱلۡخَيۡرٰتِ
cd7181835718	ʔaðhabᵊ	1	أَذۡهَبَ
84dd195c9b15	ʔalħazan	1	ٱلۡحَزَنَ
6ed39f5f55c5	ʔaħalːanaː	1	أَحَلَّنَا
d13697f5267b	ʔalmuqaːmah	1	ٱلۡمُقَامَةِ
7dfe3596d3a8	fajamuːtuː	1	فَيَمُوتُواۡ
47231fc7dd2b	ʕaðaːbihaː	1	عَذَابِهَا
c01c631c18b9	jasˤtˤarixuːn	1	يَصۡطَرِخُونَ
3d02591f625e	nuʕamː̃irkum	1	نُعَمِّرۡكُم
6c7239ee53eb	taðakːar	1	تَذَكَّرَ
123865dde78f	wad͡ʒaːːʔakum	1	وَجَآءَكُمُ
7a8f954032a1	bajːinat	1	بَيِّنَتٍ
cb5390eba340	jaʕidᵊ	1	يَعِدُ
0219b912b87d	tazuːlaː	1	تَزُولَا
b762a05d07a5	zaːlataː	1	زَالَتَآ
40e2954491eb	ʔamsakahumaː	1	أَمۡسَكَهُمَا
41b2a785b63e	lajakuːnunː̃	1	لَّيَكُونُنَّ
16838438defa	ʔalʔumam	1	ٱلۡأُمَمِ
e47c326ce0e6	ʔasːajːiː	1	ٱلسَّيِّىِٕ
e64c703ae5f5	jaħiːqᵊ	1	يَحِيقُ
04f8a42904aa	ʔasːajːiʔ	1	ٱلسَّيِّئُ
88dca42697af	lijuʕd͡ʒizahuː	1	لِيُعۡجِزَهُۥ
e3adf8e33b93	ðˤahrihaː	1	ظَهۡرِهَا
5e2812f3d703	jaː siːːːn	1	يسٓ
d29f4daad512	ʔuⁿðir	1	أُنذِرَ
f94ef763b120	ʔakθarihim	1	أَكۡثَرِهِمۡ
7977cf0d140a	ʔaɣlaːlaː	1	أَغۡلَـٰلًا
1df542ff04ea	ʔalʔaðqaːn	1	ٱلۡأَذۡقَانِ
e34840e13a80	muqᵊmaħuːn	1	مُّقۡمَحُونَ
3376331048a9	faʔaɣʃajnaːhum	1	فَأَغۡشَيۡنَـٰهُمۡ
e46a3e6e49ad	wasawaːːʔ	1	وَسَوَآءٌ
b34e8d70bf9c	waxaʃiː	1	وَخَشِىَ
1a07ab16b85b	bimaɣfirah	1	بِمَغۡفِرَةٍ
53e99071bca5	nuħj	1	نُحۡىِ
be2fabbca255	wanaktubᵊ	1	وَنَكۡتُبُ
688c0ae37f3d	qadːamuː	1	قَدَّمُواۡ
36ce8c2ce9c1	waʔaːθaːrahum	1	وَءَاثَـٰرَهُمۡ
ce5a2fdd900e	ʔimaːm	1	إِمَامٍ
da3d41ce7cd4	faʕazːaznaː	1	فَعَزَّزۡنَا
f60e1a493c4b	biθaːliθ	1	بِثَالِثٍ
bd1cc858d8ff	mursaluːn	1	مُّرۡسَلُونَ
403d669f362a	takðibuːn	1	تَكۡذِبُونَ
c6743f43f0a1	lamursaluːn	1	لَمُرۡسَلُونَ
db66c67e3473	tatˤajːarnaː	1	تَطَيَّرۡنَا
0b2f877992cb	lanard͡ʒumanː̃akum	1	لَنَرۡجُمَنَّكُمۡ
de64a9ac68a4	walajamasːanː̃akum	1	وَلَيَمَسَّنَّكُم
1ee30377302e	ʔaʔin	1	أَئِن
fd55f0beecdb	ðukːirtum	1	ذُكِّرۡتُم
11da0beeccd3	jasʔalukum	1	يَسۡــَٔلُكُمۡ
842fda8334c2	ʔaʔatːaxið	1	ءَأَتَّخِذُ
533b88d3c17e	juridᵊn	1	يُرِدۡنِ
3d533a1003f8	juⁿqiðuːn	1	يُنقِذُونِ
2fa80c2ee6db	fasmaʕuːn	1	فَٱسۡمَعُونِ
b41d8494fe71	ʔudᵊxul	1	ٱدۡخُلِ
9a2668e75d61	ɣafar	1	غَفَرَ
f226132dadd3	muⁿziliːn	1	مُنزِلِينَ
af339ad5bf3e	xaːmiduːn	1	خَـٰمِدُونَ
73629bd4a7b8	jaːħasrahaː	1	يَـٰحَسۡرَةً
b7faeb5cad89	ʔaħjajnaːhaː	1	أَحۡيَيۡنَـٰهَا
6e692f7795fc	waʔaxrad͡ʒᵊnaː	1	وَأَخۡرَجۡنَا
6902414bc47e	faminh	1	فَمِنۡهُ
00f372397c2d	ʔalʕujuːn	1	ٱلۡعُيُونِ
8e68320d0dff	lijaʔkuluː	1	لِيَأۡكُلُواۡ
04281ebfd1b5	ʕamilath	1	عَمِلَتۡهُ
02db29ad1be2	naslax	1	نَسۡلَخُ
5c430a21fec6	muðˤlimuːn	1	مُّظۡلِمُونَ
1acc2a9f8100	limustaqarː	1	لِمُسۡتَقَرٍّ
55f734358b2f	qadːarnaːh	1	قَدَّرۡنَـٰهُ
3df0bb4f4af0	kalʕurd͡ʒuːn	1	كَٱلۡعُرۡجُونِ
79a7d3a56a6f	tudᵊrik	1	تُدۡرِكَ
45ff1d92d652	waxalaqᵊnaː	1	وَخَلَقۡنَا
0e2d06496d57	jarkabuːn	1	يَرۡكَبُونَ
ceeaa96bcbf9	nuɣriqᵊhum	1	نُغۡرِقۡهُمۡ
e65a7c9903dc	sˤariːx	1	صَرِيخَ
9f5b7f75e7f9	juⁿqaðuːn	1	يُنقَذُونَ
6ef57817dd1d	xalfakum	1	خَلۡفَكُمۡ
90b97a6defdc	ʔanutˤᵊʕim	1	أَنُطۡعِمُ
16b88147da58	ʔatˤᵊʕamahuː	1	أَطۡعَمَهُۥٓ
9ad3ba55f25f	taʔxuðuhum	1	تَأۡخُذُهُمۡ
6fface9cb4b7	jaxisˤːimuːn	1	يَخِصِّمُونَ
d096e7d21967	tawsˤijahaː	1	تَوۡصِيَةً
944e1ee71fbb	baʕaθanaː	1	بَعَثَنَا
0bea6d5d39ad	marqadinaː	1	مَّرۡقَدِنَا
a47348f6be9c	ʃuɣul	1	شُغُلٍ
47512796f82e	faːkihuːn	1	فَـٰكِهُونَ
54fbb29d7e75	waʔazwaːd͡ʒuhum	1	وَأَزۡوٰجُهُمۡ
e3d8a09b0e7a	mutːakiʔuːn	1	مُتَّكِــُٔونَ
d5ad0c2dda31	jadːaʕuːn	1	يَدَّعُونَ
bdf16d4caa17	wamtaːzuː	1	وَٱمۡتَـٰزُواۡ
7257a7029d24	ʔaʕhadᵊ	1	أَعۡهَدۡ
1e353687327b	ʔuʕbuduːniː	1	ٱعۡبُدُونِى
27333e796b16	d͡ʒibilːaː	1	جِبِلاًّ
83937496e8fe	naxtim	1	نَخۡتِمُ
41e01934faa1	watukalːimunaː	1	وَتُكَلِّمُنَآ
55f63b1ce07b	wataʃhadᵊ	1	وَتَشۡهَدُ
f8ea179da9f7	ʔard͡ʒuluhum	1	أَرۡجُلُهُم
105d8aae775e	latˤamasnaː	1	لَطَمَسۡنَا
652213095a60	fastabaquː	1	فَٱسۡتَبَقُواۡ
93d2d07a3068	lamasaxnaːhum	1	لَمَسَخۡنَـٰهُمۡ
62ee553627b2	makaːnatihim	1	مَكَانَتِهِمۡ
8235719d9073	mudˤijːaː	1	مُضِيًّا
44625000baf3	nuʕamː̃irh	1	نُّعَمِّرۡهُ
79beff9f02b2	nunakːish	1	نُنَكِّسۡهُ
df4e34023fb8	ʔaʃːiʕr	1	ٱلشِّعۡرَ
00cbcd42c7d8	wajaħiqːᵊ	1	وَيَحِقَّ
9b27dd61e2e2	maːlikuːn	1	مَـٰلِكُونَ
150602f6f279	waðalːalnaːhaː	1	وَذَلَّلۡنَـٰهَا
9428c9f16368	faminhaː	1	فَمِنۡهَا
55feaa9cee52	rakuːbuhum	1	رَكُوبُهُمۡ
9e6cb6026640	wamaʃaːribᵊ	1	وَمَشَارِبُ
2b377870c933	nasˤrahum	1	نَصۡرَهُمۡ
9fcb842c9835	ramiːm	1	رَمِيمٌ
827448f805bf	juħjiːhaː	1	يُحۡيِيهَا
6c2cb23f500f	ʔaⁿʃaʔahaː	1	أَنشَأَهَآ
43a30843f3db	ʔalʔaxdˤar	1	ٱلۡأَخۡضَرِ
0f0940770c0a	tuːqiduːn	1	تُوقِدُونَ
f19141b9c144	wasˤːaːːːfːaːt	1	وَٱلصَّـٰٓفَّـٰتِ
f9548cc65223	fazːaːd͡ʒiraːt	1	فَٱلزّٰجِرٰتِ
74bc1111c940	zad͡ʒᵊraː	1	زَجۡرًا
7d6fe622974d	fatːaːlijaːt	1	فَٱلتَّـٰلِيَـٰتِ
750e83522168	ʔilaːhakum	1	إِلَـٰهَكُمۡ
4e1cc8bdb150	lawaːħidᵊ	1	لَوٰحِدٌ
f0e7a8d4754b	maːridᵊ	1	مَّارِدٍ
149ac376c868	jasːamː̃aʕuːn	1	يَسَّمَّعُونَ
f7bdc8afe840	wajuqᵊðafuːn	1	وَيُقۡذَفُونَ
6537b6d5c48c	duħuːraː	1	دُحُورًا
c4881aa6ce10	waːsˤibᵊ	1	وَاصِبٌ
1a15eabaf231	xatˤif	1	خَطِفَ
0d03b2b988ab	ʔalxatˤᵊfah	1	ٱلۡخَطۡفَةَ
344fdc6893cc	θaːqibᵊ	1	ثَاقِبٌ
439ac9377e6b	laːzibᵊ	1	لَّازِبِۭ
a933e37c5dc3	ʕad͡ʒibᵊt	1	عَجِبۡتَ
ad6d44d38a53	jastasxiruːn	1	يَسۡتَسۡخِرُونَ
30e65c8820fe	ʔuħʃuruː	1	ٱحۡشُرُواۡ
ecb5aa02c166	waʔazwaːd͡ʒahum	1	وَأَزۡوٰجَهُمۡ
fb7a3115d6ba	fahduːhum	1	فَٱهۡدُوهُمۡ
ad08794d9753	waqifuːhum	1	وَقِفُوهُمۡ
67f6cbdd42e5	masʔuːluːn	1	مَّسۡــُٔولُونَ
ff721c9d20fe	tanaːsˤaruːn	1	تَنَاصَرُونَ
63e7aa696019	mustaslimuːn	1	مُسۡتَسۡلِمُونَ
eba677bae229	taʔtuːnanaː	1	تَأۡتُونَنَا
e7ed670079ef	laðaːːʔiquːn	1	لَذَآئِقُونَ
6c4a7f44fc0b	faʔaɣwajnaːkum	1	فَأَغۡوَيۡنَـٰكُمۡ
e3fe8fadfce6	ɣaːwiːn	1	غَـٰوِينَ
63e669fbe9f9	lataːrikuː	1	لَتَارِكُوٓاۡ
e01c13eb315c	liʃaːʕir	1	لِشَاعِرٍ
8eebd0d196a5	laðaːːʔiquː	1	لَذَآئِقُواۡ
36a58ef2f9d0	bikaʔs	1	بِكَأۡسٍ
9faf92b89b98	ɣawl	1	غَوۡلٌ
11cc3d4700bf	juⁿzafuːn	1	يُنزَفُونَ
a42be78ac025	bajdˤ	1	بَيۡضٌ
d21c86b3d034	ʔalmusˤadːiqiːn	1	ٱلۡمُصَدِّقِينَ
07176f520ba6	lamadiːnuːn	1	لَمَدِينُونَ
23230d7d106e	mutˤːaliʕuːn	1	مُّطَّلِعُونَ
e7d3847737b3	fatˤːalaʕ	1	فَٱطَّلَعَ
4d72949d1b81	laturdiːn	1	لَتُرۡدِينِ
e599cfed4af8	ʔafamaː	1	أَفَمَا
75681d5702ee	bimajːitiːn	1	بِمَيِّتِينَ
3bdfafb4c26a	mawtatanaː	1	مَوۡتَتَنَا
726a85a06e2a	limiθl	1	لِمِثۡلِ
c1a0b298a86e	ʔalʕaːmiluːn	1	ٱلۡعَـٰمِلُونَ
e0d27fa9c693	ʔasˤl	1	أَصۡلِ
038d1d601e62	laʃawbaː	1	لَشَوۡبًا
db8784d15e3b	mard͡ʒiʕahum	1	مَرۡجِعَهُمۡ
e7e59636f665	ʔalfaw	1	أَلۡفَوۡاۡ
c1b99ba380bd	naːdaːnaː	1	نَادَٮٰنَا
418a4797e781	falaniʕm	1	فَلَنِعۡمَ
0d28f280ff0c	ʔalmud͡ʒiːbuːn	1	ٱلۡمُجِيبُونَ
1bbd720c3c21	laʔibᵊraːhiːm	1	لَإِبۡرٰهِيمَ
e9b76ea48951	ʔaʔifkaː	1	أَئِفۡكًا
9e57b1b9331f	fanaðˤar	1	فَنَظَرَ
39583a0d0d9d	naðˤrahaː	1	نَظۡرَةً
405ffe65ea4a	fatawalːaw	1	فَتَوَلَّوۡاۡ
ec3ba0d7d766	ʔaːlihatihim	1	ءَالِهَتِهِمۡ
6bf89cfb1386	faʔaqᵊbaluː	1	فَأَقۡبَلُوٓاۡ
34d609955fd1	jazifːuːn	1	يَزِفُّونَ
0f1714de56a4	tanħituːn	1	تَنۡحِتُونَ
0e354aa0ae3d	faʔaraːduː	1	فَأَرَادُواۡ
c3df1cfbb87c	ðaːhibᵊ	1	ذَاهِبٌ
1d8515e36ce1	fabaʃːarnaːh	1	فَبَشَّرۡنَـٰهُ
1aeabd114e04	ʔasːaʕj	1	ٱلسَّعۡىَ
acb4a7fbfd46	ʔalmanaːm	1	ٱلۡمَنَامِ
e2b674112d06	ʔaðbaħuk	1	أَذۡبَحُكَ
60317fe67505	ʔifʕal	1	ٱفۡعَلۡ
5a2ec31dce37	ʔaslamaː	1	أَسۡلَمَا
a7ab02139ede	watalːahuː	1	وَتَلَّهُۥ
6df81d35766a	lild͡ʒabiːn	1	لِلۡجَبِينِ
bad0f0d96d6d	sˤadːaqᵊt	1	صَدَّقۡتَ
5433a6cdd56f	ʔalbalaːːʔ	1	ٱلۡبَلَـٰٓؤُاۡ
695eaa8a6e3c	wafadajnaːh	1	وَفَدَيۡنَـٰهُ
3a2c6fb6697d	biðibᵊħ	1	بِذِبۡحٍ
13380f49a8c5	wabaʃːarnaːh	1	وَبَشَّرۡنَـٰهُ
850adf8f3cda	wabaːraknaː	1	وَبَـٰرَكۡنَا
63ca6f54aa8a	waðˤaːlim	1	وَظَالِمٌ
37b439f00ffa	wanad͡ʒːajnaːhumaː	1	وَنَجَّيۡنَـٰهُمَا
51204f392eaa	waqawmahumaː	1	وَقَوۡمَهُمَا
32a1f6d557dd	wanasˤarnaːhum	1	وَنَصَرۡنَـٰهُمۡ
59db1f66ab7d	waʔaːtajnaːhumaː	1	وَءَاتَيۡنَـٰهُمَا
fa09648af22d	ʔalmustabiːn	1	ٱلۡمُسۡتَبِينَ
b7b69b6eccdd	wahadajnaːhumaː	1	وَهَدَيۡنَـٰهُمَا
610632ffeb33	ʔinː̃ahumaː	1	إِنَّهُمَا
a67f6d7906d8	ʔiljaːs	1	إِلۡيَاسَ
eb944bb15648	ʔatadᵊʕuːn	1	أَتَدۡعُونَ
19f0e33c2d32	baʕlaː	1	بَعۡلًا
eb05bd9b4245	ʔil	1	إِلۡ
039805072cca	jaːsiːn	1	يَاسِينَ
0fdbdd2286d3	nad͡ʒːajnaːh	1	نَجَّيۡنَـٰهُ
9f014420a790	latamurːuːn	1	لَتَمُرُّونَ
ea467e3ad297	wabilːajl	1	وَبِٱلَّيۡلِ
a61533e21000	ʔabaqᵊ	1	أَبَقَ
8be2a204774f	fasaːham	1	فَسَاهَمَ
1f231a8e7618	ʔalmudᵊħadˤiːn	1	ٱلۡمُدۡحَضِينَ
75f748017fef	faltaqamah	1	فَٱلۡتَقَمَهُ
46f4c1db6ba5	ʔalmusabːiħiːn	1	ٱلۡمُسَبِّحِينَ
d6626614b759	lalabiθ	1	لَلَبِثَ
29b1c3417640	fanabaðnaːh	1	فَنَبَذۡنَـٰهُ
33e7262a341d	jaqᵊtˤiːn	1	يَقۡطِينٍ
3359bb0926ae	waʔarsalnaːh	1	وَأَرۡسَلۡنَـٰهُ
56dddd3ae2ce	jaziːduːn	1	يَزِيدُونَ
2317df9dbbc0	faʔaːmanuː	1	فَـَٔـامَنُواۡ
d68f159108af	famatːaʕnaːhum	1	فَمَتَّعۡنَـٰهُمۡ
d2e7ddeea5b2	ʔalirabːik	1	أَلِرَبِّكَ
5816397d72fe	ʃaːhiduːn	1	شَـٰهِدُونَ
8c72b8ebe75f	ʔifkihim	1	إِفۡكِهِمۡ
a3c62ce46a71	ʔasˤtˤafaː	1	أَصۡطَفَى
520365f64e23	ʔalbaniːn	1	ٱلۡبَنِينَ
557eb903e4d8	bikitaːbikum	1	بِكِتَـٰبِكُمۡ
ffd3a29e806c	bifaːtiniːn	1	بِفَـٰتِنِينَ
5c1f40223e9d	sˤaːl	1	صَالِ
236b3daed304	ʔasˤːaːːːfːuːn	1	ٱلصَّآفُّونَ
8a78f5943c0e	ʔalmusabːiħuːn	1	ٱلۡمُسَبِّحُونَ
cdec7e0d9001	kalimatunaː	1	كَلِمَتُنَا
1167af735197	liʕibaːdinaː	1	لِعِبَادِنَا
105a8507f1bb	ʔalmaⁿsˤuːruːn	1	ٱلۡمَنصُورُونَ
24ab9832c316	d͡ʒuⁿdanaː	1	جُندَنَا
d3fbd4a4e6d1	waʔabᵊsˤirhum	1	وَأَبۡصِرۡهُمۡ
996197768433	bisaːħatihim	1	بِسَاحَتِهِمۡ
b96d274647e2	sˤabaːħ	1	صَبَاحُ
53bb7ae85fe4	watawalː	1	وَتَوَلَّ
7a77bc2914fe	sˤaːːːd	1	صٓ
fd88485453a9	ʕizːah	1	عِزَّةٍ
0b92d394fd6a	waʃiqaːqᵊ	1	وَشِقَاقٍ
8ef44114e228	walaːt	1	وَّلَاتَ
e9811588c65a	manaːsˤ	1	مَنَاصٍ
908613fd9024	waʕad͡ʒibuː	1	وَعَجِبُوٓاۡ
39c4c5ca2f32	ʔad͡ʒaʕal	1	أَجَعَلَ
a4296b38bdce	ʔalʔalihah	1	ٱلۡأَلِهَةَ
4153358091c7	ʕud͡ʒaːbᵊ	1	عُجَابٌ
86071dd7dcef	waⁿtˤalaqᵊ	1	وَٱنطَلَقَ
d494b36d2e89	ʔumʃuː	1	ٱمۡشُواۡ
313082015d1f	ʔaːlihatikum	1	ءَالِهَتِكُمۡ
791b8b9a7e4f	juraːdᵊ	1	يُرَادُ
d5d7bea5ebec	ʔalmilːah	1	ٱلۡمِلَّةِ
ec0503c9f455	ʔixtilaːqᵊ	1	ٱخۡتِلَـٰقٌ
7674b8c130b9	ʔaʔuⁿzil	1	أَءُنزِلَ
c14db9ae21fc	jaðuːquː	1	يَذُوقُواۡ
c235dee133e2	faljartaquː	1	فَلۡيَرۡتَقُواۡ
c8caca87229a	mahzuːm	1	مَهۡزُومٌ
da4fae0d4692	fawaːqᵊ	1	فَوَاقٍ
6809b0c63d67	ʕad͡ʒːil	1	عَجِّل
5b5e5f63844a	qitˤːanaː	1	قِطَّنَا
f5e88ee0ce10	ʔisˤbir	1	ٱصۡبِرۡ
1ee1d7abd6c1	ʔalʔajdᵊ	1	ٱلۡأَيۡدِ
9e7eca87f5da	saxːarnaː	1	سَخَّرۡنَا
b1e181d36d38	walʔiʃraːqᵊ	1	وَٱلۡإِشۡرَاقِ
13a92d0110f1	maħʃuːrahaː	1	مَحۡشُورَةً
e9f75fb7cf1c	wafasˤl	1	وَفَصۡلَ
fbdfefd406be	ʔalxasˤm	1	ٱلۡخَصۡمِ
1839fb2cb7bb	tasawːaruː	1	تَسَوَّرُواۡ
d4170357f0a3	baɣaː	1	بَغَىٰ
9ba272053d9d	tuʃtˤitˤᵊ	1	تُشۡطِطۡ
ca057ac52506	wahdinaː	1	وَٱهۡدِنَآ
5ce39d3a10b4	watisʕuːn	1	وَتِسۡعُونَ
826b48ed1b73	naʕd͡ʒahaː	1	نَعۡجَةً
f3e11ad9c1ba	naʕd͡ʒah	1	نَعۡجَةٌ
dc63a6dad970	ʔakfilniːhaː	1	أَكۡفِلۡنِيهَا
010228b1c2a8	waʕazːaniː	1	وَعَزَّنِى
6e6fd58ff79e	ðˤalamak	1	ظَلَمَكَ
d3b7fbef0e68	bisuʔaːl	1	بِسُؤَالِ
24d1e8e2163b	naʕd͡ʒatik	1	نَعۡجَتِكَ
b9564b1cc6f2	niʕaːd͡ʒihiː	1	نِعَاجِهِۦ
abec69accc96	ʔalxulatˤaːːʔ	1	ٱلۡخُلَطَآءِ
64d136f91c33	lajabᵊɣiː	1	لَيَبۡغِى
a31628eecbf7	fatanː̃aːh	1	فَتَنَّـٰهُ
4ec43106ff0f	fastaɣfar	1	فَٱسۡتَغۡفَرَ
a2b50aa61914	raːkiʕaː	1	رَاكِعًا
052b69eab88f	waʔanaːbᵊ	1	وَأَنَابَ
347d330a8714	faɣafarnaː	1	فَغَفَرۡنَا
85413e6c0b58	jaːdaːwuːdᵊ	1	يَـٰدَاوُۥدُ
8a8a103a78ae	fajudˤilːak	1	فَيُضِلَّكَ
3f3e5ebd5ee7	jadˤilːuːn	1	يَضِلُّونَ
2c50f6715f48	kalmufsidiːn	1	كَٱلۡمُفۡسِدِينَ
ee3c2094fdf5	kalfud͡ʒːaːr	1	كَٱلۡفُجَّارِ
59737ee9e1b8	lijadːabːaruː	1	لِّيَدَّبَّرُوٓاۡ
524554dacc59	walijataðakːar	1	وَلِيَتَذَكَّرَ
eb3b59a437be	lidaːwuːdᵊ	1	لِدَاوُۥدَ
264eeeb2502c	ʕuridˤ	1	عُرِضَ
113d4f72d5eb	ʔasˤːaːfinaːt	1	ٱلصَّـٰفِنَـٰتُ
309f1ef71805	ʔald͡ʒijaːdᵊ	1	ٱلۡجِيَادُ
b9f0adb22bac	tawaːrat	1	تَوَارَتۡ
5603ed6ca542	bilħid͡ʒaːbᵊ	1	بِٱلۡحِجَابِ
c89c111258b0	fatˤafiqᵊ	1	فَطَفِقَ
ea3394464fb0	masħaː	1	مَسۡحَۢا
4bc65ce69e23	bisːuːqᵊ	1	بِٱلسُّوقِ
f7ff762ca09c	walʔaʕnaːqᵊ	1	وَٱلۡأَعۡنَاقِ
f79463158cb0	kursijːihiː	1	كُرۡسِيِّهِۦ
a98a477fc982	fasaxːarnaː	1	فَسَخَّرۡنَا
e29b967e7360	ruxaːːʔaː	1	رُخَآءً
0e5c2d1a26e7	banː̃aːːʔ	1	بَنَّآءٍ
31341c7edd10	waɣawːaːsˤ	1	وَغَوَّاصٍ
bf9f827f5019	ʕatˤaːːʔunaː	1	عَطَآؤُنَا
b53bbf7e5716	famnun	1	فَٱمۡنُنۡ
84e363596619	ʔajːuːbᵊ	1	أَيُّوبَ
2df10f1fb5b2	binusˤbᵊ	1	بِنُصۡبٍ
bcc97a97028a	ʔurkudˤ	1	ٱرۡكُضۡ
6f482cd6166c	birid͡ʒᵊlik	1	بِرِجۡلِكَ
f5c94b364d0b	muɣtasal	1	مُغۡتَسَلُۢ
33115af70403	waxuð	1	وَخُذۡ
343fae974b82	dˤiɣθaː	1	ضِغۡثًا
82491fee690c	taħnaθ	1	تَحۡنَثۡ
4d122121d47d	wad͡ʒadᵊnaːh	1	وَجَدۡنَـٰهُ
50c9042aee2a	ʕibaːdanaː	1	عِبَـٰدَنَآ
eaed95d09bec	ʔalʔajdiː	1	ٱلۡأَيۡدِى
d21c06c77b69	ʔaxlasˤnaːhum	1	أَخۡلَصۡنَـٰهُم
2d4880a2f8fb	bixaːlisˤah	1	بِخَالِصَةٍ
173ecfdf4eb9	ʔalmusˤtˤafajn	1	ٱلۡمُصۡطَفَيۡنَ
1ff003e71685	laħusn	1	لَحُسۡنَ
25be26a81043	mufatːaħahaː	1	مُّفَتَّحَةً
5739335c2509	ʔatraːbᵊ	1	أَتۡرَابٌ
75b65363dcff	larizqunaː	1	لَرِزۡقُنَا
f059a68a8137	nafaːdᵊ	1	نَّفَادٍ
fe57c0d909d7	laʃarː	1	لَشَرَّ
6b768ccfef9e	faljaðuːquːh	1	فَلۡيَذُوقُوهُ
b94ac2994143	waɣasːaːqᵊ	1	وَغَسَّاقٌ
bfc5cc0b108a	ʃaklihiː	1	شَكۡلِهِۦٓ
ff584f774c9e	muqᵊtaħim	1	مُّقۡتَحِمٌ
3048a22622ec	sˤaːluː	1	صَالُواۡ
03def9f42b1a	qadːamtumuːh	1	قَدَّمۡتُمُوهُ
2bb7963e2e76	fazidᵊh	1	فَزِدۡهُ
47bd108595b1	naʕudːuhum	1	نَعُدُّهُم
efdede767221	ʔalʔaʃraːr	1	ٱلۡأَشۡرَارِ
ee4354f11a18	ʔatːaxaðnaːhum	1	أَتَّخَذۡنَـٰهُمۡ
baf8870aa851	taxaːsˤum	1	تَخَاصُمُ
be75de59fc2f	bilmalaʔ	1	بِٱلۡمَلَإِ
866a86aba9fa	ʔistakbar	1	ٱسۡتَكۡبَرَ
72dd040d29d2	bijadajː	1	بِيَدَىَّ
826e6c575f7b	ʔastakbart	1	أَسۡتَكۡبَرۡتَ
cde61bbb9c01	ʔalʕaːliːn	1	ٱلۡعَالِينَ
521fb319f421	laʕnatiː	1	لَعۡنَتِىٓ
bd6c49c382a3	fabiʕizːatik	1	فَبِعِزَّتِكَ
a900c7d58ebf	laʔuɣwijanː̃ahum	1	لَأُغۡوِيَنَّهُمۡ
2b696cbb9bfe	falħaqːᵊ	1	فَٱلۡحَقُّ
6b57d600eb5a	walħaqːᵊ	1	وَٱلۡحَقَّ
a5fbbd07e1d8	ʔalmutakalːifiːn	1	ٱلۡمُتَكَلِّفِينَ
212f29986267	nabaʔahuː	1	نَبَأَهُۥ
25ef1b878e13	ʔalxaːlisˤ	1	ٱلۡخَالِصُ
34cb1f1e884f	naʕbuduhum	1	نَعۡبُدُهُمۡ
f012c060c5e1	lijuqarːibuːnaː	1	لِيُقَرِّبُونَآ
f8952ab2b0c7	lasˤtˤafaː	1	لَّٱصۡطَفَىٰ
655551051bed	jukawːir	1	يُكَوِّرُ
92fb53dc6cf7	wajukawːir	1	وَيُكَوِّرُ
d60e93a4db57	jaxluqukum	1	يَخۡلُقُكُمۡ
7f1001bdcfe5	liʕibaːdih	1	لِعِبَادِهِ
58d798684979	taʃkuruː	1	تَشۡكُرُواۡ
b17e58cb0b3e	jardˤah	1	يَرۡضَهُ
187c8dd0ae10	muniːbaː	1	مُنِيبًا
b43d89c70c16	xawːalahuː	1	خَوَّلَهُۥ
3897c20f214d	nasiː	1	نَسِىَ
dc58cf82ad0d	bikufrik	1	بِكُفۡرِكَ
b74906b834d1	qaːnit	1	قَـٰنِتٌ
0cca20d43559	saːd͡ʒidaː	1	سَاجِدًا
03c3b710c304	waqaːːʔimaː	1	وَقَآئِمًا
f19e4a830c69	wajard͡ʒuː	1	وَيَرۡجُواۡ
611d76c9245a	waʔardˤ	1	وَأَرۡضُ
985a617034e0	juwafːaː	1	يُوَفَّى
62d95ca85266	liʔan	1	لِأَنۡ
1f05aaa3d465	faʕbuduː	1	فَٱعۡبُدُواۡ
b882c6a99cdb	ʔid͡ʒᵊtanabuː	1	ٱجۡتَنَبُواۡ
8af0a07b50f4	jaʕbuduːhaː	1	يَعۡبُدُوهَا
62b144a2ba67	waʔanaːbuː	1	وَأَنَابُوٓاۡ
85617736bff0	fabaʃːir	1	فَبَشِّرۡ
efccf32485c4	ʔaħsanahuː	1	أَحۡسَنَهُۥٓ
f540553e733e	tuⁿqið	1	تُنقِذُ
61e37f2f0654	mabᵊnijːah	1	مَّبۡنِيَّةٌ
2a27bfa20f1b	fasalakahuː	1	فَسَلَكَهُۥ
9a09cadb411b	janaːbiːʕ	1	يَنَـٰبِيعَ
ffab52274c55	lilqaːsijah	1	لِّلۡقَـٰسِيَةِ
f665fd13c1d1	maθaːniː	1	مَّثَانِىَ
553580efab6d	taqᵊʃaʕirː	1	تَقۡشَعِرُّ
3b9a041da66e	taliːn	1	تَلِينُ
90c1115549f7	jatːaqiː	1	يَتَّقِى
10abbd4989b2	biwad͡ʒᵊhihiː	1	بِوَجۡهِهِۦ
a8efa8f26044	faʔaðaːqahum	1	فَأَذَاقَهُمُ
b485927de322	mutaʃaːkisuːn	1	مُتَشَـٰكِسُونَ
77c7c3176fcf	warad͡ʒulaː	1	وَرَجُلًا
50a0db702f70	salamaː	1	سَلَمًا
7c1f6397ab8d	majːituːn	1	مَّيِّتُونَ
196643441752	taxtasˤimuːn	1	تَخۡتَصِمُونَ
c357247b3f5b	lijukafːir	1	لِيُكَفِّرَ
980c5bca1b8c	wajad͡ʒᵊzijahum	1	وَيَجۡزِيَهُمۡ
c33a64536771	bikaːf	1	بِكَافٍ
250e297fddba	wajuxawːifuːnak	1	وَيُخَوِّفُونَكَ
ef5ee3ca7d11	kaːʃifaːt	1	كَـٰشِفَـٰتُ
5d2daf80a7c7	dˤurːihiː	1	ضُرِّهِۦٓ
42ccd2e2d8e3	mumsikaːt	1	مُمۡسِكَـٰتُ
70ee6f1de432	tamut	1	تَمُتۡ
7ef3e0959527	manaːmihaː	1	مَنَامِهَا
f6a13c014b6b	fajumsik	1	فَيُمۡسِكُ
4a9d1830941c	waħdah	1	وَحۡدَهُ
3c8e8d4b44a8	ʔiʃmaʔazːat	1	ٱشۡمَأَزَّتۡ
0900254d7851	taħkum	1	تَحۡكُمُ
dd3bc4794140	jaħtasibuːn	1	يَحۡتَسِبُونَ
986a62d50b58	xawːalnaːh	1	خَوَّلۡنَـٰهُ
ceb931240499	qaːlahaː	1	قَالَهَا
1c25501835b2	sajusˤiːbuhum	1	سَيُصِيبُهُمۡ
2a5884837bc6	ʔasrafuː	1	أَسۡرَفُواۡ
5ed0c5ec778d	taqᵊnatˤuː	1	تَقۡنَطُواۡ
3ab5bc22a3e7	waʔaniːbuː	1	وَأَنِيبُوٓاۡ
ddeb2446ee6f	waʔaslimuː	1	وَأَسۡلِمُواۡ
3d169a4b5f4f	watːabiʕuː	1	وَٱتَّبِعُوٓاۡ
02770898ded4	jaːħasrataː	1	يَـٰحَسۡرَتَىٰ
971a41adad20	farːatˤt	1	فَرَّطتُ
9ca677f007f3	d͡ʒaᵐbᵊ	1	جَنۢبِ
f8ce818bbddb	ʔasːaːxiriːn	1	ٱلسَّـٰخِرِينَ
3e0e16263c57	faʔakuːn	1	فَأَكُونَ
0b632ac7362f	d͡ʒaːːʔatk	1	جَآءَتۡكَ
e9e71985c10a	fakaðːabᵊt	1	فَكَذَّبۡتَ
9d0701f1423c	wastakbart	1	وَٱسۡتَكۡبَرۡتَ
3816ab749234	muswadːah	1	مُّسۡوَدَّةٌ
1d88d40c11b3	lilmutakabːiriːn	1	لِّلۡمُتَكَبِّرِينَ
08c0ce0941b4	wajunad͡ʒːiː	1	وَيُنَجِّى
abbdcee174dd	bimafaːzatihim	1	بِمَفَازَتِهِمۡ
7d2985a32fb7	taʔmuruːːːnː̃iː	1	تَأۡمُرُوٓنِّىٓ
13b5db83ad87	ʔaʃrakt	1	أَشۡرَكۡتَ
6fefa102de3a	lajaħbatˤanː̃	1	لَيَحۡبَطَنَّ
25430832c174	ʕamaluk	1	عَمَلُكَ
872722807d42	walatakuːnanː̃	1	وَلَتَكُونَنَّ
42a55781f623	qabᵊdˤatuhuː	1	قَبۡضَتُهُۥ
407038a0afaa	matˤᵊwijːaːt	1	مَطۡوِيَّـٰتُۢ
e16640f65980	fasˤaʕiqᵊ	1	فَصَعِقَ
762ba21789f7	waʔaʃraqat	1	وَأَشۡرَقَتِ
f222946382ab	binuːr	1	بِنُورِ
5d6062ed24b6	binː̃abijːiːn	1	بِٱلنَّبِيِّــۧنَ
92a6e16bcc58	tˤibᵊtum	1	طِبۡتُمۡ
1a232bbf6b04	fadᵊxuluːhaː	1	فَٱدۡخُلُوهَا
65673b3fc488	sˤadaqanaː	1	صَدَقَنَا
dcdd911e0298	waʔawraθanaː	1	وَأَوۡرَثَنَا
3562841239d7	natabawːaʔ	1	نَتَبَوَّأُ
cfb8634394c3	ħaːːːfːiːn	1	حَآفِّينَ
ab9e3de0a037	ɣaːfir	1	غَافِرِ
3db11e205435	ʔaðːaᵐbᵊ	1	ٱلذَّنۢبِ
05bf5ba45734	waqaːbil	1	وَقَابِلِ
fa4e9210c3d2	ʔatːawbᵊ	1	ٱلتَّوۡبِ
a42d953a48b9	jaɣrurk	1	يَغۡرُرۡكَ
95554e880b8a	taqalːubuhum	1	تَقَلُّبُهُمۡ
847ddd49a745	walʔaħzaːbᵊ	1	وَٱلۡأَحۡزَابُ
0e45766e67c1	wahamː̃at	1	وَهَمَّتۡ
fcad618dfbaa	birasuːlihim	1	بِرَسُولِهِمۡ
f542572b181a	lijaʔxuðuːh	1	لِيَأۡخُذُوهُ
ab8d4fc07081	wad͡ʒaːdaluː	1	وَجَـٰدَلُواۡ
9d62c7706ffb	faʔaxaðtuhum	1	فَأَخَذۡتُهُمۡ
f709a6bc21a3	wajuʔminuːn	1	وَيُؤۡمِنُونَ
0a2183074868	wasiʕt	1	وَسِعۡتَ
b7582e09623f	sabiːlak	1	سَبِيلَكَ
a3dac631cd7e	waʔadᵊxilhum	1	وَأَدۡخِلۡهُمۡ
c840707be952	waʕatːahum	1	وَعَدتَّهُمۡ
09f5536ecb63	taqᵊ	1	تَقِ
b11ee642cba6	raħimtahuː	1	رَحِمۡتَهُۥ
39635583a1c7	lamaqᵊt	1	لَمَقۡتُ
3be8dc62d094	maqᵊtikum	1	مَّقۡتِكُمۡ
273465db6479	fatakfuruːn	1	فَتَكۡفُرُونَ
d15f4893256f	ʔamatːanaː	1	أَمَتَّنَا
8738e360b464	waʔaħjajtanaː	1	وَأَحۡيَيۡتَنَا
4c6afd13ba30	faʕtarafnaː	1	فَٱعۡتَرَفۡنَا
890a5f70bc0c	biðunuːbinaː	1	بِذُنُوبِنَا
668a86c675d8	xuruːd͡ʒᵊ	1	خُرُوجٍ
f3720887da1e	duʕiː	1	دُعِىَ
ba81d719dffe	falħukm	1	فَٱلۡحُكۡمُ
5b3c830d7e63	rafiːʕ	1	رَفِيعُ
6826661fef0c	ʔatːalaːqᵊ	1	ٱلتَّلَاقِ
68c36fc31a3a	baːrizuːn	1	بَـٰرِزُونَ
6c3a9f2d514e	ðˤulm	1	ظُلۡمَ
d8e2a7a6b7ad	kaːðˤimiːn	1	كَـٰظِمِينَ
c686c58773a1	jutˤaːʕ	1	يُطَاعُ
de00ae7f6e3f	jaqᵊdˤuːn	1	يَقۡضُونَ
8e6592d087d6	wastaħjuː	1	وَٱسۡتَحۡيُواۡ
240c15bdfb12	ðaruːniː	1	ذَرُونِىٓ
12f0a9152464	ʔaqᵊtul	1	أَقۡتُلۡ
26b4886b16ea	waljadᵊʕ	1	وَلۡيَدۡعُ
38c128d69ecf	jaktum	1	يَكۡتُمُ
03e1fde66dba	ʔiːmaːnahuː	1	إِيمَـٰنَهُۥٓ
7f27cbac6f0c	ʔataqᵊtuluːn	1	أَتَقۡتُلُونَ
877a2d8318f9	kaðibuhuː	1	كَذِبُهُۥ
1e7e44026417	sˤaːdiqaː	1	صَادِقًا
e85c8817531c	jusˤibᵊkum	1	يُصِبۡكُم
a5542abd8a9d	jaⁿsˤurunaː	1	يَنصُرُنَا
13a7ccee9637	ʔuriːkum	1	أُرِيكُمۡ
98088c70ff5d	ʔahdiːkum	1	أَهۡدِيكُمۡ
76578127a95f	daʔbᵊ	1	دَأۡبِ
95ec863e3f23	ʔatːanaːdᵊ	1	ٱلتَّنَادِ
e921b493be9d	tuwalːuːn	1	تُوَلُّونَ
a3faf367931a	ziltum	1	زِلۡتُمۡ
0aa95c832def	murtaːbᵊ	1	مُّرۡتَابٌ
bac16ef7780c	ʔasbaːbᵊ	1	أَسۡبَـٰبَ
29aa19780862	faʔatˤːaliʕ	1	فَأَطَّلِعَ
fb25723bff0e	wasˤudːᵊ	1	وَصُدَّ
3fc30cd0b27c	tabaːbᵊ	1	تَبَابٍ
ea0eb0072496	ʔitːabiʕuːn	1	ٱتَّبِعُونِ
ec61aa732bf1	ʔahdikum	1	أَهۡدِكُمۡ
8c48ac834735	ʔanː̃ad͡ʒaːh	1	ٱلنَّجَوٰةِ
1fe65a315cc6	watadᵊʕuːnaniː	1	وَتَدۡعُونَنِىٓ
afed8eb0587d	liʔakfur	1	لِأَكۡفُرَ
f58fd6350496	waʔuʃrik	1	وَأُشۡرِكَ
2a4d32a83732	maradːanaː	1	مَرَدَّنَآ
3bead7ff7a28	fasataðkuruːn	1	فَسَتَذۡكُرُونَ
d900f96f52a3	waʔufawːidˤ	1	وَأُفَوِّضُ
86c02ef3c00f	fawaqaːh	1	فَوَقَـٰهُ
29c84f5091b1	biʔaːl	1	بِـَٔـالِ
7643b3daad48	ɣuduwːaː	1	غُدُوًّا
68c8d759763b	ʔadᵊxiluː	1	أَدۡخِلُوٓاۡ
7cce4a00becb	jataħaːːːd͡ʒːuːn	1	يَتَحَآجُّونَ
0aa571685c7c	ħakam	1	حَكَمَ
dd7043c79c2f	lixazanah	1	لِخَزَنَةِ
f805e995c291	rusulukum	1	رُسُلُكُم
fccf3706b401	lanaⁿsˤur	1	لَنَنصُرُ
d5e0043a1e10	kibᵊr	1	كِبۡرٌ
7127134ef74c	bibaːliɣiːh	1	بِبَـٰلِغِيهِ
13f37156b2c1	laxalqᵊ	1	لَخَلۡقُ
bcedcd4f34a8	ʔalmusiːːʔ	1	ٱلۡمُسِىٓءُ
605174b6c8b0	ʔudᵊʕuːniː	1	ٱدۡعُونِىٓ
038f0c7f50a5	ʔastad͡ʒibᵊ	1	أَسۡتَجِبۡ
571d9414f4e3	ʕibaːdatiː	1	عِبَادَتِى
5d9f31bda099	sajadᵊxuluːn	1	سَيَدۡخُلُونَ
4cc463bba54f	ʔuslim	1	أُسۡلِمَ
db1522d5542a	juxrid͡ʒukum	1	يُخۡرِجُكُمۡ
34c9da6b9d15	ʃujuːxaː	1	شُيُوخًا
646efc720909	jusˤrafuːn	1	يُصۡرَفُونَ
86b45482d4f0	wasːalaːsil	1	وَٱلسَّلَـٰسِلُ
353ebcf97f0b	jusd͡ʒaruːn	1	يُسۡجَرُونَ
de0efe101146	tamraħuːn	1	تَمۡرَحُونَ
08ac4210e24e	naqᵊsˤusˤ	1	نَقۡصُصۡ
bdc136ac652a	litarkabuː	1	لِتَرۡكَبُواۡ
b2e8acd3f9e4	tuⁿkiruːn	1	تُنكِرُونَ
832dc3eb3d5e	wakafarnaː	1	وَكَفَرۡنَا
2a34e3e6b10d	ʔakinː̃ah	1	أَكِنَّةٍ
86603edfa45b	ʔaːðaːninaː	1	ءَاذَانِنَا
318eeba56deb	faʕmal	1	فَٱعۡمَلۡ
1361fb48cb08	wastaɣfiruːh	1	وَٱسۡتَغۡفِرُوهُ
403d96f97c02	latakfuruːn	1	لَتَكۡفُرُونَ
ed8ee6c0889e	wabaːrak	1	وَبَـٰرَكَ
0381399d96dd	ʔaqᵊwaːtahaː	1	أَقۡوٰتَهَا
088e7d653ad1	duxaːn	1	دُخَانٌ
544f9a3d7195	walilʔardˤ	1	وَلِلۡأَرۡضِ
9b80c3183bf3	ʔiʔtijaː	1	ٱئۡتِيَا
47a35cbdf4c8	tˤaːːʔiʕiːn	1	طَآئِعِينَ
d46678ad9e69	faqadˤaːhunː̃	1	فَقَضَـٰهُنَّ
6ececc645633	samaːːʔ	1	سَمَآءٍ
2679fff017ee	ʔamrahaː	1	أَمۡرَهَا
5b25db69b226	wazajːanː̃aː	1	وَزَيَّنَّا
567b60061856	ʔaⁿðartukum	1	أَنذَرۡتُكُمۡ
c7f8fcc338fc	sˤaːʕiqahaː	1	صَـٰعِقَةً
160281b73be0	naħisaːt	1	نَّحِسَاتٍ
facc842da53f	linuðiːqahum	1	لِّنُذِيقَهُمۡ
b276774b1f77	ʔaxzaː	1	أَخۡزَىٰ
92ab2c2792c7	fahadajnaːhum	1	فَهَدَيۡنَـٰهُمۡ
9d15cbbe63e2	fastaħabːuː	1	فَٱسۡتَحَبُّواۡ
674501779036	ʔalʕamaː	1	ٱلۡعَمَىٰ
be52c28d2b95	wanad͡ʒːajnaː	1	وَنَجَّيۡنَا
f409e1c338d7	waʔabᵊsˤaːruhum	1	وَأَبۡصَـٰرُهُمۡ
de02d6205fe0	wad͡ʒuluːduhum	1	وَجُلُودُهُم
5a2a5d671435	lid͡ʒuluːdihim	1	لِجُلُودِهِمۡ
37aad5549b45	ʃahitːum	1	شَهِدتُّمۡ
1be85a8747c3	ʔaⁿtˤaqanaː	1	أَنطَقَنَا
f143313749a8	ʔaⁿtˤaqᵊ	1	أَنطَقَ
4102784b645c	tastatiruːn	1	تَسۡتَتِرُونَ
4a0f47fa5b8c	samʕukum	1	سَمۡعُكُمۡ
c0b1512c920b	ʔabᵊsˤaːrukum	1	أَبۡصَـٰرُكُمۡ
cde2938c97d3	d͡ʒuluːdukum	1	جُلُودُكُمۡ
8e808ba58ceb	waðaːlikum	1	وَذٰلِكُمۡ
23d4c754c7ce	ʔardaːkum	1	أَرۡدَٮٰكُمۡ
b52f6f4b19da	jasˤbiruː	1	يَصۡبِرُواۡ
3e25a2120489	jastaʕtibuː	1	يَسۡتَعۡتِبُواۡ
adc26e57f060	ʔalmuʕtabiːn	1	ٱلۡمُعۡتَبِينَ
1edae0957223	waqajːadˤnaː	1	وَقَيَّضۡنَا
187f57058dd8	quranaːːʔ	1	قُرَنَآءَ
d0fac5c1f75e	fazajːanuː	1	فَزَيَّنُواۡ
33b50179da9e	waħaqːᵊ	1	وَحَقَّ
4596e4fa1a67	tasmaʕuː	1	تَسۡمَعُواۡ
381e02c70978	walɣaw	1	وَٱلۡغَوۡاۡ
fc328f419c18	taɣlibuːn	1	تَغۡلِبُونَ
fae9d2ae718f	falanuðiːqanː̃	1	فَلَنُذِيقَنَّ
8ea4b2d42043	ʔalːaðajn	1	ٱلَّذَيۡنِ
5f2846f443cc	ʔadˤalːaːnaː	1	أَضَلَّانَا
cc53acb1eddc	nad͡ʒᵊʕalhumaː	1	نَجۡعَلۡهُمَا
26fd3e3f4628	ʔaqᵊdaːminaː	1	أَقۡدَامِنَا
9b49488e8f48	lijakuːnaː	1	لِيَكُونَا
8a4f9ab8d39a	tatanazːal	1	تَتَنَزَّلُ
86590fbbeeb7	taxaːfuː	1	تَخَافُواۡ
78e6c5891afd	waʔabᵊʃiruː	1	وَأَبۡشِرُواۡ
dbe30954c1f5	bild͡ʒanː̃ah	1	بِٱلۡجَنَّةِ
df0fcc1734b8	ʔawlijaːːʔukum	1	أَوۡلِيَآؤُكُمۡ
610fdd47a514	taʃtahiː	1	تَشۡتَهِىٓ
627c14da2be0	ʕadaːwah	1	عَدٰوَةٌ
e7074ddb10d2	tasd͡ʒuduː	1	تَسۡجُدُواۡ
a6497f1986da	lilqamar	1	لِلۡقَمَرِ
95a5180ab131	jasʔamuːn	1	يَسۡــَٔمُونَ
2d01561c005e	jaxfawn	1	يَخۡفَوۡنَ
9a191abdde73	biðːikr	1	بِٱلذِّكۡرِ
435579229bbe	lakitaːbᵊ	1	لَكِتَـٰبٌ
9ef4a9ced8be	lilrːusul	1	لِلرُّسُلِ
831e85814c3d	waðuː	1	وَذُو
ff4721fcd58f	ʔaʕd͡ʒamijːaː	1	أَعۡجَمِيًّا
b921322d5cd1	ʔaːʕd͡ʒamijː	1	ءَاعۡجَمِىٌّ
f9b1550b6ed9	waʕarabijː	1	وَعَرَبِىٌّ
b8b6f2213f46	ʕamaː	1	عَمًى
1f5273c5b514	ʔakmaːmihaː	1	أَكۡمَامِهَا
5f5f5fdcf3f2	ʔaːðanː̃aːk	1	ءَاذَنَّـٰكَ
9cc0162461d0	jasʔam	1	يَسۡــَٔمُ
a1dc74807c83	fajaʔuːs	1	فَيَــُٔوسٌ
82810cef38d7	qanuːtˤᵊ	1	قَنُوطٌ
f4cd308ee9f5	rud͡ʒiʕt	1	رُّجِعۡتُ
c2f97c77fdf6	lalħusnaː	1	لَلۡحُسۡنَىٰ
faed304795c4	falanunabːiʔanː̃	1	فَلَنُنَبِّئَنَّ
59b1296328a8	faðuː	1	فَذُو
04e28b253ae6	ʕariːdˤ	1	عَرِيضٍ
b74d8273c41d	sanuriːhim	1	سَنُرِيهِمۡ
aef3ce8933ff	ʔalʔafaːqᵊ	1	ٱلۡأَفَاقِ
9395db312d2a	jakf	1	يَكۡفِ
000ffe8bd3dd	ʕsq	1	عٓسٓقٓ
b3f78be30305	fawqihinː̃	1	فَوۡقِهِنَّ
1b8af12e658b	wafariːqᵊ	1	وَفَرِيقٌ
dd33453ee5cd	lad͡ʒaʕalahum	1	لَجَعَلَهُمۡ
d1a562762389	waðˤːaːlimuːn	1	وَٱلظَّـٰلِمُونَ
ccd2ac48f91a	ʔixtalaftum	1	ٱخۡتَلَفۡتُمۡ
119470504fda	faħukmuhuː	1	فَحُكۡمُهُۥٓ
2a555f8fb3a2	jaðraʔukum	1	يَذۡرَؤُكُمۡ
15b8cd3903ea	kamiθlihiː	1	كَمِثۡلِهِۦ
1425d4b647b0	ʃaraʕ	1	شَرَعَ
1ef927b19423	wasˤːaː	1	وَصَّىٰ
005bb4f188f1	tatafarːaquː	1	تَتَفَرَّقُواۡ
82975784a05a	ʔuːriθuː	1	أُورِثُواۡ
8b375a585343	faliðaːlik	1	فَلِذٰلِكَ
6b1e1ff75b81	wastaqim	1	وَٱسۡتَقِمۡ
455e6459f822	liʔaʕdil	1	لِأَعۡدِلَ
8e23ab7ce608	juħaːːːd͡ʒːuːn	1	يُحَآجُّونَ
9a233d793b72	ʔustud͡ʒiːbᵊ	1	ٱسۡتُجِيبَ
77b7d1e2d108	ħud͡ʒːatuhum	1	حُجَّتُهُمۡ
73e814134f93	daːħidˤah	1	دَاحِضَةٌ
ba32e7b17b4b	waʕalajhim	1	وَعَلَيۡهِمۡ
52058d36743f	jumaːruːn	1	يُمَارُونَ
019dc0b14754	ħarθihiː	1	حَرۡثِهِۦ
923e19ed80f0	ʃaraʕuː	1	شَرَعُواۡ
8bc8d350149a	rawdˤaːt	1	رَوۡضَاتِ
96252ca54694	ʔald͡ʒanː̃aːt	1	ٱلۡجَنَّاتِ
dbecefc033ed	jubaʃːir	1	يُبَشِّرُ
98f223f41a2a	ʕibaːdah	1	عِبَادَهُ
359af74e8a5b	ʔalmawadːah	1	ٱلۡمَوَدَّةَ
58550382dfc9	jaqᵊtarif	1	يَقۡتَرِفۡ
6d3e54b4eecd	jaxtim	1	يَخۡتِمۡ
448bba83671d	wajamħ	1	وَيَمۡحُ
d5f4d20fd911	wajastad͡ʒiːbᵊ	1	وَيَسۡتَجِيبُ
63a749fb2a7e	basatˤᵊ	1	بَسَطَ
6e302632fb1a	labaɣaw	1	لَبَغَوۡاۡ
5d53a3eb5055	qanatˤuː	1	قَنَطُواۡ
5c8d41c44599	wajaⁿʃur	1	وَيَنشُرُ
4fa99f9c876a	baθː	1	بَثَّ
4713afcff042	d͡ʒamʕihim	1	جَمۡعِهِمۡ
1a875eeb2d6c	juskin	1	يُسۡكِنِ
61a883d2b993	fajaðˤlaln	1	فَيَظۡلَلۡنَ
0ffee0a87e9d	rawaːkidᵊ	1	رَوَاكِدَ
6e7a4249c69c	juːbiqᵊhunː̃	1	يُوبِقۡهُنَّ
d8e1ab5c9265	wajaʕf	1	وَيَعۡفُ
bb7df21be85e	ɣadˤibuː	1	غَضِبُواۡ
0632d91c43d0	jaɣfiruːn	1	يَغۡفِرُونَ
37e2db292809	waʔamruhum	1	وَأَمۡرُهُمۡ
b31c7b96595b	ʃuːraː	1	شُورَىٰ
05ce377e2c3e	ʔalbaɣj	1	ٱلۡبَغۡىُ
a8733fd05586	wad͡ʒazaːːʔ	1	وَجَزٰٓؤُاۡ
763095af4c4b	faʔad͡ʒᵊruhuː	1	فَأَجۡرُهُۥ
f1162ffe8ae6	ʔiⁿtasˤar	1	ٱنتَصَرَ
3d7bed61de75	wajabᵊɣuːn	1	وَيَبۡغُونَ
060c764a5768	waɣafar	1	وَغَفَرَ
98408f4c71cb	tˤarf	1	طَرۡفٍ
e2b303774307	xafijː	1	خَفِىٍّ
e44dee73a53d	lirabːikum	1	لِرَبِّكُم
7861f66f3e81	jahabᵊ	1	يَهَبُ
5ebcb455e5a9	wajahabᵊ	1	وَيَهَبُ
bd0c4a8bf899	ʔaðːukuːr	1	ٱلذُّكُورَ
24036ae088b7	juzawːid͡ʒuhum	1	يُزَوِّجُهُمۡ
7890bc131c1c	ðukraːnaː	1	ذُكۡرَانًا
2c4671deb11d	waʔinaːθaː	1	وَإِنَـٰثًا
d63e854efe90	ʕaqiːmaː	1	عَقِيمًا
9944e35e0b2f	jukalːimah	1	يُكَلِّمَهُ
a7709221d9c0	waħjaː	1	وَحۡيًا
9d0e068c7f22	waraːʔ	1	وَرَآىِٕ
ebb9944cfda6	fajuːħiː	1	فَيُوحِىَ
7a69dcc944d7	ʕalijː	1	عَلِىٌّ
6440ce8f0005	ruːħaː	1	رُوحًا
b8622d797df8	nahdiː	1	نَّهۡدِى
4540a63c22c9	latahdiː	1	لَتَهۡدِىٓ
3ee619ac108a	tasˤiːr	1	تَصِيرُ
c7e4a3ed3eda	laʕalijː	1	لَعَلِىٌّ
760f5fa51139	ʔafanadˤribᵊ	1	أَفَنَضۡرِبُ
6726a2276d4a	sˤafħaː	1	صَفۡحًا
dd0f8cc41566	musrifiːn	1	مُّسۡرِفِينَ
fbb1f4a6c970	faʔahlaknaː	1	فَأَهۡلَكۡنَآ
386273702392	wamadˤaː	1	وَمَضَىٰ
1a32a0dfdb5f	faʔaⁿʃarnaː	1	فَأَنشَرۡنَا
31766bffd73d	tarkabuːn	1	تَرۡكَبُونَ
49338254cb16	litastawuː	1	لِتَسۡتَوُۥاۡ
49b6772a57a1	ðˤuhuːrihiː	1	ظُهُورِهِۦ
f908602a9081	taðkuruː	1	تَذۡكُرُواۡ
433446c7ef87	ʔistawajtum	1	ٱسۡتَوَيۡتُمۡ
ece1eb7780ca	wataquːluː	1	وَتَقُولُواۡ
9253326b66c6	muqᵊriniːn	1	مُقۡرِنِينَ
82b95a01205c	lamuⁿqalibuːn	1	لَمُنقَلِبُونَ
881c488f639d	banaːt	1	بَنَاتٍ
046083961cdb	waʔasˤfaːkum	1	وَأَصۡفَـٰكُم
e8e83eec450d	junaʃːaʔ	1	يُنَشَّؤُاۡ
d9e0c9f018a4	ʔalħiljah	1	ٱلۡحِلۡيَةِ
15b8417f455d	ʔaʃahiduː	1	أَشَهِدُواۡ
f0cef04dd70b	xalqahum	1	خَلۡقَهُمۡ
280ca4557ebf	satuktabᵊ	1	سَتُكۡتَبُ
527d0cfa8d51	ʃahaːdatuhum	1	شَهَـٰدَتُهُمۡ
5f0a2291966a	wajusʔaluːn	1	وَيُسۡــَٔلُونَ
4ee27af4cc97	ʕabadᵊnaːhum	1	عَبَدۡنَـٰهُم
1db5aa9afc5e	mustamsikuːn	1	مُسۡتَمۡسِكُونَ
1e26751512c6	muqᵊtaduːn	1	مُّقۡتَدُونَ
3d0237d35cdb	biʔahdaː	1	بِأَهۡدَىٰ
709bf6c0e76b	baraːːʔ	1	بَرَآءٌ
0dae8c63a5bc	wad͡ʒaʕalahaː	1	وَجَعَلَهَا
d6b7d94fdb48	baːqijahaː	1	بَاقِيَةً
43c5fce816c0	ʕaqibihiː	1	عَقِبِهِۦ
86080cb02f7d	matːaʕt	1	مَتَّعۡتُ
944b794725ff	warasuːl	1	وَرَسُولٌ
95ca9467606f	ʔalqarjatajn	1	ٱلۡقَرۡيَتَيۡنِ
3eb8fabcce2c	jaqᵊsimuːn	1	يَقۡسِمُونَ
ec3e85f37b2b	qasamnaː	1	قَسَمۡنَا
ef51be230eff	maʕiːʃatahum	1	مَّعِيشَتَهُمۡ
ea951d169249	lijatːaxið	1	لِّيَتَّخِذَ
4aa1dd48bce3	suxrijːaː	1	سُخۡرِيًّا
dcc34d4be56d	waraħmat	1	وَرَحۡمَتُ
ba51e63a0eb3	libujuːtihim	1	لِبُيُوتِهِمۡ
4178b63b7ce1	suqufaː	1	سُقُفًا
516968433e76	wamaʕaːrid͡ʒᵊ	1	وَمَعَارِجَ
cdd6dc071be8	jaðˤharuːn	1	يَظۡهَرُونَ
3e49ed616bb1	walibujuːtihim	1	وَلِبُيُوتِهِمۡ
2df6890745a4	wasururaː	1	وَسُرُرًا
4cad313ad1ca	jatːakiʔuːn	1	يَتَّكِــُٔونَ
87838ac26ad4	wazuxrufaː	1	وَزُخۡرُفًا
a13ef36043bd	jaʕʃ	1	يَعۡشُ
bb4ce5345b3f	nuqajːidˤ	1	نُقَيِّضۡ
f6f5bc019091	lajasˤudːuːnahum	1	لَيَصُدُّونَهُمۡ
c8324a5a86ab	buʕdᵊ	1	بُعۡدَ
d7fb01cbaa99	ʔalqariːn	1	ٱلۡقَرِينُ
b8af51c5aaae	naðhabanː̃	1	نَذۡهَبَنَّ
32fb987fb473	waʕadᵊnaːhum	1	وَعَدۡنَـٰهُمۡ
c3e36d14a70d	muqᵊtadiruːn	1	مُّقۡتَدِرُونَ
dd2ccb29f232	fastamsik	1	فَٱسۡتَمۡسِكۡ
65c574522974	laðikr	1	لَذِكۡرٌ
21b05c60f976	waliqawmik	1	وَلِقَوۡمِكَ
8e1a6c98b392	ʔad͡ʒaʕalnaː	1	أَجَعَلۡنَا
cb7a051d54fc	juʕbaduːn	1	يُعۡبَدُونَ
9d10359b531d	nuriːhim	1	نُرِيهِم
78e773b9035f	ʔuxtihaː	1	أُخۡتِهَا
89c4cf255a80	waʔaxaðnaːhum	1	وَأَخَذۡنَـٰهُم
f149ab70ddb9	jaːːʔajːuh	1	يَـٰٓأَيُّهَ
ef620b2b6cf9	wahaːðih	1	وَهَـٰذِهِ
955fdbbf27d9	taħtiː	1	تَحۡتِىٓ
7bdafb2d2ae3	jubiːn	1	يُبِينُ
c3ddad1a0753	ʔaswirah	1	أَسۡوِرَةٌ
42562a657645	muqᵊtariniːn	1	مُقۡتَرِنِينَ
fd522a4dbc70	fastaxafː	1	فَٱسۡتَخَفَّ
4b2717513438	faʔatˤaːʕuːh	1	فَأَطَاعُوهُ
dedb3cb57bf5	ʔaːsafuːnaː	1	ءَاسَفُونَا
d751600c70fb	ʔiⁿtaqamnaː	1	ٱنتَقَمۡنَا
dc4076f62f8b	salafaː	1	سَلَفًا
19dc8b1b80e1	lilʔaxiriːn	1	لِّلۡأَخِرِينَ
b8080f357d77	jasˤidːuːn	1	يَصِدُّونَ
14789c6711f1	ʔaʔaːlihatunaː	1	ءَأٰلِهَتُنَا
efc149d17527	dˤarabuːh	1	ضَرَبُوهُ
49ea32377a3c	xasˤimuːn	1	خَصِمُونَ
1a17722d4212	jaxlufuːn	1	يَخۡلُفُونَ
3b43adea736d	laʕilm	1	لَعِلۡمٌ
96890ecbcf2e	lilsːaːʕah	1	لِّلسَّاعَةِ
a7006b36c693	tamtarunː̃	1	تَمۡتَرُنَّ
968d493db784	watːabiʕuːn	1	وَٱتَّبِعُونِ
de25a2541c28	jasˤudːanː̃akum	1	يَصُدَّنَّكُمُ
d1f0e5a2cb21	waliʔubajːin	1	وَلِأُبَيِّنَ
363366a61fcc	ʔalʔaxilːaːːʔ	1	ٱلۡأَخِلَّآءُ
da1091ddccaa	tuħbaruːn	1	تُحۡبَرُونَ
bbbef0eeb2a2	bisˤiħaːf	1	بِصِحَافٍ
f487032f8a6e	taʃtahiːh	1	تَشۡتَهِيهِ
30711f5aedf7	watalaðː	1	وَتَلَذُّ
cd2a8b9c68f9	jufatːar	1	يُفَتَّرُ
ed174efee60f	jaːmaːlik	1	يَـٰمَـٰلِكُ
635c177ebe29	lijaqᵊdˤ	1	لِيَقۡضِ
a7623a2daa51	maːkiθuːn	1	مَّـٰكِثُونَ
90c1dfca0bbf	d͡ʒiʔnaːkum	1	جِئۡنَـٰكُم
8726fcdbdfb7	ʔabᵊramuː	1	أَبۡرَمُوٓاۡ
7b68931c97c6	mubᵊrimuːn	1	مُبۡرِمُونَ
d26f3a3c6744	warusulunaː	1	وَرُسُلُنَا
5f29b23abe97	faʔanaː	1	فَأَنَاۡ
2cc73292fa6b	ʔalʕaːbidiːn	1	ٱلۡعَـٰبِدِينَ
b035bc30d298	watabaːrak	1	وَتَبَارَكَ
a63f0996b74b	waqiːlihiː	1	وَقِيلِهِۦ
277e3e506aba	jufraqᵊ	1	يُفۡرَقُ
a02ccd39f995	biduxaːn	1	بِدُخَانٍ
be60627c5e37	ʔikʃif	1	ٱكۡشِفۡ
e77dae5be9e9	muʕalːam	1	مُعَلَّمٌ
9f00a4793b63	kaːʃifuː	1	كَاشِفُواۡ
8e9d018c7b26	ʕaːːʔiduːn	1	عَآئِدُونَ
389a2b5af175	nabᵊtˤiʃ	1	نَبۡطِشُ
28586bbf5136	ʔalbatˤᵊʃah	1	ٱلۡبَطۡشَةَ
540563ce9ac6	ʔadːuː	1	أَدُّوٓاۡ
395c94a01ac2	tard͡ʒumuːn	1	تَرۡجُمُونِ
8dfaa645447c	faʕtaziluːn	1	فَٱعۡتَزِلُونِ
cf2c6b87de6f	watruk	1	وَٱتۡرُكِ
2486a2b0ea8c	rahwaː	1	رَهۡوًا
1d8608f6b30e	wanaʕmah	1	وَنَعۡمَةٍ
88a3bc3c7274	bakat	1	بَكَتۡ
881da216f14f	ʕaːlijaː	1	عَالِيًا
9d8ee6ae6634	ʔixtarnaːhum	1	ٱخۡتَرۡنَـٰهُمۡ
814254a8c517	mawtatunaː	1	مَوۡتَتُنَا
8d6f41486ab4	bimuⁿʃariːn	1	بِمُنشَرِينَ
3599fe808540	xalaqᵊnaːhumaː	1	خَلَقۡنَـٰهُمَآ
2314e6944e1a	miːqaːtuhum	1	مِيقَـٰتُهُمۡ
5da8090b927f	ʃad͡ʒarat	1	شَجَرَتَ
5c2d3f4df246	ʔalʔaθiːm	1	ٱلۡأَثِيمِ
cdc6a0598b07	jaɣliː	1	يَغۡلِى
520e9dc0d07c	kaɣalj	1	كَغَلۡىِ
0d263720d46e	faʕtiluːh	1	فَٱعۡتِلُوهُ
7d386190d8d3	sˤubːuː	1	صُبُّواۡ
d712c012b18b	ðuqᵊ	1	ذُقۡ
9cce165abd10	jalbasuːn	1	يَلۡبَسُونَ
5646f45beec2	ʔalmawtah	1	ٱلۡمَوۡتَةَ
6cb874b0a680	murtaqibuːn	1	مُّرۡتَقِبُونَ
331455e90157	xalqikum	1	خَلۡقِكُمۡ
431b7c2a20ab	jabuθː	1	يَبُثُّ
79ab2693e901	jusˤirː	1	يُصِرُّ
05bc42ca483c	ʔitːaxaðahaː	1	ٱتَّخَذَهَا
44b2f607c9d1	jaɣfiruː	1	يَغۡفِرُواۡ
e4fdd2529ede	ʃariːʕah	1	شَرِيعَةٍ
4abefeaaca33	fatːabiʕhaː	1	فَٱتَّبِعۡهَا
2d6a47f2df1e	juɣnuː	1	يُغۡنُواۡ
2bcbf29023a0	ʔid͡ʒᵊtaraħuː	1	ٱجۡتَرَحُواۡ
97f694adf72b	nad͡ʒᵊʕalahum	1	نَّجۡعَلَهُمۡ
ce7d3ca40927	maħjaːhum	1	مَّحۡيَاهُمۡ
262a6672555c	wamamaːtuhum	1	وَمَمَاتُهُمۡ
dc0ed6b1a889	walitud͡ʒᵊzaː	1	وَلِتُجۡزَىٰ
f6c376cd3c32	waʔadˤalːah	1	وَأَضَلَّهُ
1ff48f30a60b	samʕihiː	1	سَمۡعِهِۦ
3f3c3a0f2679	basˤarihiː	1	بَصَرِهِۦ
03066a599ef5	ɣiʃaːwahaː	1	غِشَـٰوَةً
57467591ceaf	jahdiːh	1	يَهۡدِيهِ
3f7a0ec12611	juhlikunaː	1	يُهۡلِكُنَآ
768cf6664cb1	ħud͡ʒːatahum	1	حُجَّتَهُمۡ
65327a331199	jaxsar	1	يَخۡسَرُ
07cfbbd0eeab	d͡ʒaːθijahaː	1	جَاثِيَةً
1c470058b4b5	tudᵊʕaː	1	تُدۡعَىٰٓ
8814632e0121	kitaːbihaː	1	كِتَـٰبِهَا
3177e0463534	kitaːbunaː	1	كِتَـٰبُنَا
afd4bdfb5d4c	nastaⁿsix	1	نَسۡتَنسِخُ
e8c65f09d0e6	fajudᵊxiluhum	1	فَيُدۡخِلُهُمۡ
ce1faffc3d00	fastakbartum	1	فَٱسۡتَكۡبَرۡتُمۡ
8bf2abafb1ce	naðˤunː̃	1	نَّظُنُّ
a2c4b4b01b21	bimustajqiniːn	1	بِمُسۡتَيۡقِنِينَ
3f01b314ca9f	naⁿsaːkum	1	نَنسَـٰكُمۡ
6aedd6ab7122	biʔanː̃akum	1	بِأَنَّكُمُ
aa597467a57a	juxrad͡ʒuːn	1	يُخۡرَجُونَ
e9cbfdbf2c29	ʔaθaːrah	1	أَثَـٰرَةٍ
b079f5329086	duʕaːːʔihim	1	دُعَآئِهِمۡ
13627be4ba18	ħuʃir	1	حُشِرَ
48ed37f55760	bidᵊʕaː	1	بِدۡعًا
0847159f8a20	wakafartum	1	وَكَفَرۡتُم
f0e42e74e932	wastakbartum	1	وَٱسۡتَكۡبَرۡتُمۡ
2b2feef2e10c	qadiːm	1	قَدِيمٌ
a31759838e56	wawadˤaʕath	1	وَوَضَعَتۡهُ
8bbea1cb5f0d	waħamluhuː	1	وَحَمۡلُهُۥ
85d2ba6068b9	θalaːθuːn	1	ثَلَـٰثُونَ
e73a9843363f	wabalaɣ	1	وَبَلَغَ
4d782e1edadc	nataqabːal	1	نَتَقَبَّلُ
1ea20dc28219	wanatad͡ʒaːwaz	1	وَنَتَجَاوَزُ
160d596f9bc7	ʔasˤːidᵊqᵊ	1	ٱلصِّدۡقِ
35722fd70d30	liwaːlidajh	1	لِوٰلِدَيۡهِ
43f0794cbaec	ʔataʕidaːniniː	1	أَتَعِدَانِنِىٓ
0fcf35a433f2	wahumaː	1	وَهُمَا
26b2542354ce	jastaɣiːθaːn	1	يَسۡتَغِيثَانِ
3101fb37ecf3	wajlak	1	وَيۡلَكَ
2104f4de169d	ʔaːmin	1	ءَامِنۡ
435b866531d2	walijuwafːijahum	1	وَلِيُوَفِّيَهُمۡ
4195b5b15feb	ʔaðhabᵊtum	1	أَذۡهَبۡتُمۡ
f89605227b37	tˤajːibaːtikum	1	طَيِّبَـٰتِكُمۡ
0b7ea6094866	ħajaːtikum	1	حَيَاتِكُمُ
073c6aa2a1c8	wastamtaʕtum	1	وَٱسۡتَمۡتَعۡتُم
11b2471eda54	tafsuquːn	1	تَفۡسُقُونَ
37069e332fa6	ʔaxaː	1	أَخَا
195f1b927ccd	ʔaⁿðar	1	أَنذَرَ
6f6909001474	bilʔaħqaːf	1	بِٱلۡأَحۡقَافِ
370bba1742f1	litaʔfikanaː	1	لِتَأۡفِكَنَا
4d84e5317f5a	waʔubalːiɣukum	1	وَأُبَلِّغُكُم
27cef09d91ec	ʕaːridˤaː	1	عَارِضًا
3be56e82bbd7	mustaqᵊbil	1	مُّسۡتَقۡبِلَ
6ea89844dc39	ʔawdijatihim	1	أَوۡدِيَتِهِمۡ
53fbdf58f2bd	ʕaːridˤ	1	عَارِضٌ
97eececba0a4	mumtˤirunaː	1	مُّمۡطِرُنَا
48686c64f567	ʔistaʕd͡ʒaltum	1	ٱسۡتَعۡجَلۡتُم
0e153fa28d6e	tudamː̃ir	1	تُدَمِّرُ
772c8fb41cbf	waʔabᵊsˤaːraː	1	وَأَبۡصَـٰرًا
7962ff438709	waʔafʔidahaː	1	وَأَفۡــِٔدَةً
4d686710562e	ʔafʔidatuhum	1	أَفۡــِٔدَتُهُم
90d87f95455d	nasˤarahum	1	نَصَرَهُمُ
e897bd6cb00d	ʔifkuhum	1	إِفۡكُهُمۡ
bc3e3f5f58c0	sˤarafnaː	1	صَرَفۡنَآ
6e69f97d804c	ħadˤaruːh	1	حَضَرُوهُ
ac67184e58a0	ʔaⁿsˤituː	1	أَنصِتُواۡ
1097e059a601	ʔad͡ʒiːbuː	1	أَجِيبُواۡ
23ab6e419f46	wajud͡ʒirkum	1	وَيُجِرۡكُم
d6b738a30857	jud͡ʒibᵊ	1	يُجِبۡ
63477a599e3b	bimuʕd͡ʒiz	1	بِمُعۡجِزٍ
9ecd1e5638ba	jaʕj	1	يَعۡىَ
6a2e662f13ca	bixalqihinː̃	1	بِخَلۡقِهِنَّ
edf0419c6177	ʔalʕazm	1	ٱلۡعَزۡمِ
373dc4b6674a	tastaʕd͡ʒil	1	تَسۡتَعۡجِل
6cac942c481e	nahaːr	1	نَّهَارِۭ
12c8d12a69ad	kafːar	1	كَفَّرَ
1d367cff495c	fadˤarbᵊ	1	فَضَرۡبَ
9d85836e4135	ʔaθxaⁿtumuːhum	1	أَثۡخَنتُمُوهُمۡ
10c46c786cea	faʃudːuː	1	فَشُدُّواۡ
8201b3fe221b	ʔalwaθaːqᵊ	1	ٱلۡوَثَاقَ
f42180c92e45	fidaːːʔaː	1	فِدَآءً
2a7e8e908f3d	ʔawzaːrahaː	1	أَوۡزَارَهَا
6ba20dcd2804	laⁿtasˤar	1	لَٱنتَصَرَ
2c02dbf9c0dc	lijabᵊluː	1	لِّيَبۡلُوَاۡ
ad0ef6d259a4	sajahdiːhim	1	سَيَهۡدِيهِمۡ
1f760aae6472	wajusˤliħ	1	وَيُصۡلِحُ
b0c0f4a6a415	ʕarːafahaː	1	عَرَّفَهَا
17902b7fb2a6	taⁿsˤuruː	1	تَنصُرُواۡ
b988ff3c0f11	ʔaqᵊdaːmakum	1	أَقۡدَامَكُمۡ
26fd9cd8a43d	fataʕsaː	1	فَتَعۡسًا
7b380310a678	damː̃ar	1	دَمَّرَ
8dd5b706cdec	ʔamθaːluhaː	1	أَمۡثَـٰلُهَا
0110c5ff3f8b	jatamatːaʕuːn	1	يَتَمَتَّعُونَ
59353f7eb0ae	wajaʔkuluːn	1	وَيَأۡكُلُونَ
00a2aebdcb28	wanː̃aːr	1	وَٱلنَّارُ
92fbf5b06ad0	qarjatik	1	قَرۡيَتِكَ
c7f0ba49106f	ʔaxrad͡ʒatk	1	أَخۡرَجَتۡكَ
d3df93fa6943	ʔanhaːr	1	أَنۡهَـٰرٌ
9f8c50123940	ʔaːsin	1	ءَاسِنٍ
a5a6f3abaccc	laban	1	لَّبَنٍ
605f09de479d	jataɣajːar	1	يَتَغَيَّرۡ
18fbb460a629	tˤaʕmuhuː	1	طَعۡمُهُۥ
fde5c0972cc0	xamr	1	خَمۡرٍ
27b36c38556b	ʕasal	1	عَسَلٍ
3e0a0311a952	musˤafːaː	1	مُّصَفًّى
962ea251f191	xaːlidᵊ	1	خَـٰلِدٌ
e44169d6f604	wasuquː	1	وَسُقُواۡ
8149d919d8b7	faqatˤːaʕ	1	فَقَطَّعَ
ba349b427ec6	ʔamʕaːːʔahum	1	أَمۡعَآءَهُمۡ
9d5f473b6525	ʔaːnifaː	1	ءَانِفًا
422cfdf322f2	waʔaːtaːhum	1	وَءَاتَـٰهُمۡ
945ea0e788da	taqᵊwaːhum	1	تَقۡوَٮٰهُمۡ
7841e1ba53de	ʔaʃraːtˤuhaː	1	أَشۡرَاطُهَا
4eeb40bae9c0	ðikraːhum	1	ذِكۡرَٮٰهُمۡ
a4ab7243cde5	mutaqalːabakum	1	مُتَقَلَّبَكُمۡ
f585f9ec8e12	wamaθwaːkum	1	وَمَثۡوَٮٰكُمۡ
3076b1fba802	nuzːilat	1	نُزِّلَتۡ
b852fbc38c8d	muħkamah	1	مُّحۡكَمَةٌ
c09e7822cbdf	waðukir	1	وَذُكِرَ
642c74242a94	ʔalmaɣʃijː	1	ٱلۡمَغۡشِىِّ
95bab0b2110e	waqawl	1	وَقَوۡلٌ
2208df74d42a	ʕazam	1	عَزَمَ
f8178608da2d	watuqatˤːiʕuː	1	وَتُقَطِّعُوٓاۡ
96533d0ead75	ʔarħaːmakum	1	أَرۡحَامَكُمۡ
7e5b1854d83b	faʔasˤamː̃ahum	1	فَأَصَمَّهُمۡ
e96ce926fe4b	waʔaʕmaː	1	وَأَعۡمَىٰٓ
b3b68dfef452	ʔaqᵊfaːluhaː	1	أَقۡفَالُهَآ
81ef2b885291	ʔirtadːuː	1	ٱرۡتَدُّواۡ
1ca217450cc1	sawːal	1	سَوَّلَ
c652b506c16b	waʔamlaː	1	وَأَمۡلَىٰ
f8c0e79f51fd	sanutˤiːʕukum	1	سَنُطِيعُكُمۡ
98c466b4c812	ʔisraːrahum	1	إِسۡرَارَهُمۡ
d0e1acabb30c	tawafːathum	1	تَوَفَّتۡهُمُ
78cae16772e4	ʔasxatˤᵊ	1	أَسۡخَطَ
864592375cb2	ʔadˤɣaːnahum	1	أَضۡغَـٰنَهُمۡ
3c34696fea0e	laʔarajnaːkahum	1	لَأَرَيۡنَـٰكَهُمۡ
e0c666e17bb4	falaʕaraftahum	1	فَلَعَرَفۡتَهُم
314c52b3c682	walataʕrifanː̃ahum	1	وَلَتَعۡرِفَنَّهُمۡ
b12cdda3839c	laħn	1	لَحۡنِ
c8ef6b32e965	wanabᵊluː	1	وَنَبۡلُوَاۡ
1a5695a2afc9	ʔaxbaːrakum	1	أَخۡبَارَكُمۡ
e909f255b738	waʃaːːːqːuː	1	وَشَآقُّواۡ
03fdc92b23f0	wasajuħbitˤᵊ	1	وَسَيُحۡبِطُ
2e9577339f85	watadᵊʕuː	1	وَتَدۡعُوٓاۡ
8e0e25b493f7	ʔasːalm	1	ٱلسَّلۡمِ
93a9fa1dd921	jatirakum	1	يَتِرَكُمۡ
cfc78a06cfae	jasʔalkum	1	يَسۡــَٔلۡكُمۡ
f5c692e9b4c4	jasʔalkumuːhaː	1	يَسۡــَٔلۡكُمُوهَا
889c6c3a0477	fajuħfikum	1	فَيُحۡفِكُمۡ
8a1e7dbcb24a	tabᵊxaluː	1	تَبۡخَلُواۡ
22e668df6bc2	ʔadˤɣaːnakum	1	أَضۡغَـٰنَكُمۡ
3d2f624fb50b	lituⁿfiquː	1	لِتُنفِقُواۡ
a7b0f5abd4f8	jastabᵊdil	1	يَسۡتَبۡدِلۡ
20383c229cc7	taqadːam	1	تَقَدَّمَ
2e67b40d645c	ðaᵐbik	1	ذَنۢبِكَ
ae8276a734db	wajahdijak	1	وَيَهۡدِيَكَ
a7244a67a03d	wajaⁿsˤurak	1	وَيَنصُرَكَ
81a086a5ea71	ʔaðˤːaːːːnː̃iːn	1	ٱلظَّآنِّينَ
9346beb5bec4	watuʕazːiruːh	1	وَتُعَزِّرُوهُ
0d8ee1677493	watuwaqːiruːh	1	وَتُوَقِّرُوهُ
bb5cc479817d	watusabːiħuːh	1	وَتُسَبِّحُوهُ
55c168a1754f	jubaːjiʕuːn	1	يُبَايِعُونَ
fa49e55156a4	nakaθ	1	نَّكَثَ
19233fecfbc2	jaⁿkuθ	1	يَنكُثُ
21dbd69dd3e6	fasajuʔtiːh	1	فَسَيُؤۡتِيهِ
4f36a24f05e8	ʃaɣalatnaː	1	شَغَلَتۡنَآ
545b11e33c28	ʔamwaːlunaː	1	أَمۡوٰلُنَا
101d91e4942c	waʔahluːnaː	1	وَأَهۡلُونَا
4f0c3b14fd65	fastaɣfir	1	فَٱسۡتَغۡفِرۡ
d7c412379431	ʔahliːhim	1	أَهۡلِيهِمۡ
936d1ef278e2	wazujːin	1	وَزُيِّنَ
8d8d59b1a8b0	waðˤanaⁿtum	1	وَظَنَنتُمۡ
f72473aa65d9	ʔiⁿtˤalaqᵊtum	1	ٱنطَلَقۡتُمۡ
459e5128f959	litaʔxuðuːhaː	1	لِتَأۡخُذُوهَا
cbddd7c23de1	ðaruːnaː	1	ذَرُونَا
d489e3e55e0a	natːabiʕkum	1	نَتَّبِعۡكُمۡ
07e5b6812cf6	jubadːiluː	1	يُبَدِّلُواۡ
5653ba655c43	tatːabiʕuːnaː	1	تَتَّبِعُونَا
c654f4cb0bf8	kaðaːlikum	1	كَذٰلِكُمۡ
0561223e95de	taħsuduːnanaː	1	تَحۡسُدُونَنَا
ff9bada4be15	lilmuxalːafiːn	1	لِّلۡمُخَلَّفِينَ
68ce7c9e76a6	satudᵊʕawn	1	سَتُدۡعَوۡنَ
98813328288e	tuqaːtiluːnahum	1	تُقَـٰتِلُونَهُمۡ
73cb40fdbf72	juslimuːn	1	يُسۡلِمُونَ
354ca6989c25	juʕaðːibᵊh	1	يُعَذِّبۡهُ
e3d97c0c373c	waʔaθaːbahum	1	وَأَثَـٰبَهُمۡ
a021740e1aa1	wamaɣaːnim	1	وَمَغَانِمَ
00981b5fa1f5	jaʔxuðuːnahaː	1	يَأۡخُذُونَهَا
49ba467e8f34	taʔxuðuːnahaː	1	تَأۡخُذُونَهَا
4de546ef303f	faʕad͡ʒːal	1	فَعَجَّلَ
64d31382353e	wakafː	1	وَكَفَّ
5b48e9a5130d	walitakuːn	1	وَلِتَكُونَ
70fa57b31199	qaːtalakum	1	قَـٰتَلَكُمُ
5cf3503e8e50	kafː	1	كَفَّ
6428ea22ff36	bibatˤᵊn	1	بِبَطۡنِ
a85102ee0c76	makːah	1	مَكَّةَ
697aa8a11f5d	ʔaðˤfarakum	1	أَظۡفَرَكُمۡ
74a0f4127ccc	wasˤadːuːkum	1	وَصَدُّوكُمۡ
7e5f0f725803	maʕkuːfaː	1	مَعۡكُوفًا
921acf84b7c9	taʕlamuːhum	1	تَعۡلَمُوهُمۡ
7ea670a8aa60	tatˤaʔuːhum	1	تَطَــُٔوهُمۡ
89b0fb0ccb92	fatusˤiːbakum	1	فَتُصِيبَكُم
4612d856d681	maʕarːah	1	مَّعَرَّةُۢ
a30e95396d2c	tazajːaluː	1	تَزَيَّلُواۡ
4c6ca9b7de04	laʕaðːabᵊnaː	1	لَعَذَّبۡنَا
b4102f93d046	ʔalħamijːah	1	ٱلۡحَمِيَّةَ
a97486e3305b	ħamijːah	1	حَمِيَّةَ
059e78048a92	waʔalzamahum	1	وَأَلۡزَمَهُمۡ
16982f3a1040	waʔahlahaː	1	وَأَهۡلَهَا
6974dcd7833d	rasuːlah	1	رَسُولَهُ
0cf02f128b73	latadᵊxulunː̃	1	لَتَدۡخُلُنَّ
630ddb14ba22	muħalːiqiːn	1	مُحَلِّقِينَ
564e5622897b	wamuqasˤːiriːn	1	وَمُقَصِّرِينَ
131b6f854229	ʔaʃidːaːːʔ	1	أَشِدَّآءُ
37c6b75119e3	ruħamaːːʔ	1	رُحَمَآءُ
9bcc48034d01	taraːhum	1	تَرَٮٰهُمۡ
83b7ca135cb3	rukːaʕaː	1	رُكَّعًا
ca17fd067b61	siːmaːhum	1	سِيمَاهُمۡ
784734af4e38	wamaθaluhum	1	وَمَثَلُهُمۡ
a23a5ae17022	kazarʕ	1	كَزَرۡعٍ
a819d0ef898d	ʃatˤᵊʔahuː	1	شَطۡــَٔهُۥ
066fbc6755ff	faʔaːzarahuː	1	فَـَٔـازَرَهُۥ
1b3cc29b6969	fastaɣlaðˤ	1	فَٱسۡتَغۡلَظَ
e36b077b325f	suːqihiː	1	سُوقِهِۦ
1e760a7be48c	juʕd͡ʒibᵊ	1	يُعۡجِبُ
9b0aec134066	ʔazːurːaːʕ	1	ٱلزُّرَّاعَ
61e5add9721a	lijaɣiːðˤ	1	لِيَغِيظَ
c5d2ed3003ff	jadaj	1	يَدَىِ
e5054e800eb7	tarfaʕuː	1	تَرۡفَعُوٓاۡ
8f676f43dcd5	ʔasˤwaːtakum	1	أَصۡوٰتَكُمۡ
8a83a1dbf4b4	sˤawt	1	صَوۡتِ
dedf6a4b00d7	tad͡ʒᵊharuː	1	تَجۡهَرُواۡ
cdac05590751	kad͡ʒahr	1	كَجَهۡرِ
7c077044a8bf	taħbatˤᵊ	1	تَحۡبَطَ
3dbdfe4d29bb	jaɣudˤːuːn	1	يَغُضُّونَ
cdfa39417871	ʔasˤwaːtahum	1	أَصۡوٰتَهُمۡ
2b9f214f12e6	ʔimtaħan	1	ٱمۡتَحَنَ
4021ba9addc7	junaːduːnak	1	يُنَادُونَكَ
30919bf34087	ʔalħud͡ʒuraːt	1	ٱلۡحُجُرٰتِ
304d36ed30a7	faːsiqᵊ	1	فَاسِقُۢ
797f51bb3597	tusˤiːbuː	1	تُصِيبُواۡ
c7b1509f4ca7	fatusˤbiħuː	1	فَتُصۡبِحُواۡ
fa15c9555733	jutˤiːʕukum	1	يُطِيعُكُمۡ
33f99a35d103	laʕanitːum	1	لَعَنِتُّمۡ
d80e35db1961	ħabːabᵊ	1	حَبَّبَ
a3aba479313b	wazajːanahuː	1	وَزَيَّنَهُۥ
d36592dac333	wakarːah	1	وَكَرَّهَ
a02498c6256b	walfusuːqᵊ	1	وَٱلۡفُسُوقَ
4a30f8499a26	walʕisˤjaːn	1	وَٱلۡعِصۡيَانَ
5fd429cd5ac7	ʔarːaːʃiduːn	1	ٱلرّٰشِدُونَ
4292f4897cfb	waniʕmahaː	1	وَنِعۡمَةً
b638ae0058ee	baɣat	1	بَغَتۡ
90eb5b095ac2	tabᵊɣiː	1	تَبۡغِى
bbdfcddbb73a	tafiːːʔ	1	تَفِىٓءَ
e6dbf9d95e55	faːːʔat	1	فَآءَتۡ
7153654a3865	waʔaqᵊsitˤuː	1	وَأَقۡسِطُوٓاۡ
419c0f6c631d	ʔaxawajkum	1	أَخَوَيۡكُمۡ
c923b6771dc3	jasxar	1	يَسۡخَرۡ
5b2175198eb2	jakunː̃	1	يَكُنَّ
863419ddbec3	talmizuː	1	تَلۡمِزُوٓاۡ
f4a8883b7381	tanaːbazuː	1	تَنَابَزُواۡ
afe1b9dea691	bilʔalqaːbᵊ	1	بِٱلۡأَلۡقَـٰبِ
cf2c4ccdaee4	ʔalism	1	ٱلِٱسۡمُ
ee54242184b2	ʔalfusuːqᵊ	1	ٱلۡفُسُوقُ
1791e7173885	jatubᵊ	1	يَتُبۡ
6a43b1a604c9	ʔid͡ʒᵊtanibuː	1	ٱجۡتَنِبُواۡ
cdae88d05db8	tad͡ʒasːasuː	1	تَجَسَّسُواۡ
2ab3ff2a7125	jaɣtabᵊ	1	يَغۡتَب
1cc12a58ab93	ʔajuħibːᵊ	1	أَيُحِبُّ
7c5374990cd9	fakarihtumuːh	1	فَكَرِهۡتُمُوهُ
d65577547267	waʔuⁿθaː	1	وَأُنثَىٰ
0bb6dca4e8e2	ʃuʕuːbaː	1	شُعُوبًا
5488c1853160	waqabaːːʔil	1	وَقَبَآئِلَ
ffc0b3e6417e	litaʕaːrafuː	1	لِتَعَارَفُوٓاۡ
1946b13b023e	ʔakramakum	1	أَكۡرَمَكُمۡ
03c3d28e7cdb	ʔatqaːkum	1	أَتۡقَـٰكُمۡ
1ef10a120cea	ʔaslamnaː	1	أَسۡلَمۡنَا
cb01cbd9dff0	jalitkum	1	يَلِتۡكُم
db80ee2774c7	ʔaʕmaːlikum	1	أَعۡمَـٰلِكُمۡ
83594855c2f1	jartaːbuː	1	يَرۡتَابُواۡ
8ad4cdff9a0d	ʔatuʕalːimuːn	1	أَتُعَلِّمُونَ
759effdfafd4	bidiːnikum	1	بِدِينِكُمۡ
b06403eb9036	jamunː̃uːn	1	يَمُنُّونَ
ef05ae7ebb0b	tamunː̃uː	1	تَمُنُّواۡ
dc92b8cd8bf0	ʔislaːmakum	1	إِسۡلَـٰمَكُم
ebcc08aa03fc	qaːːːf	1	قٓ
66773bfdae83	ʕad͡ʒibuː	1	عَجِبُوٓاۡ
62aef9b78b19	rad͡ʒᵊʕ	1	رَجۡعُۢ
ee353b64ed72	taⁿqusˤ	1	تَنقُصُ
c6e41ba182f6	waʕiⁿdanaː	1	وَعِندَنَا
483a4980770d	mariːd͡ʒᵊ	1	مَّرِيجٍ
fbe1bcab9b6a	furuːd͡ʒᵊ	1	فُرُوجٍ
5d899d2498f4	tabᵊsˤirahaː	1	تَبۡصِرَةً
90afe0574886	waħabːᵊ	1	وَحَبَّ
152bb9d1f825	ʔalħasˤiːdᵊ	1	ٱلۡحَصِيدِ
81cba8bc8f3c	baːsiqaːt	1	بَاسِقَـٰتٍ
78355bf78b90	tˤalʕ	1	طَلۡعٌ
e9d9cda988f9	nadˤiːdᵊ	1	نَّضِيدٌ
18f1cf151336	waʔaħjajnaː	1	وَأَحۡيَيۡنَا
7799ef67dff4	waʔixwaːn	1	وَإِخۡوٰنُ
3c773eac065c	ʔafaʕajiːnaː	1	أَفَعَيِينَا
a5fe4c535e3c	bilxalqᵊ	1	بِٱلۡخَلۡقِ
9c188419d0d9	labᵊs	1	لَبۡسٍ
b0d451cfc639	tuwaswis	1	تُوَسۡوِسُ
0abc2d87a962	ʔalwariːdᵊ	1	ٱلۡوَرِيدِ
ee0dd7d078d1	jatalaqːaː	1	يَتَلَقَّى
5f82f54c4fdf	ʔalmutalaqːijaːn	1	ٱلۡمُتَلَقِّيَانِ
72e3ea43aac3	qaʕiːdᵊ	1	قَعِيدٌ
ab301020a6d6	jalfiðˤ	1	يَلۡفِظُ
2814b7ae9c05	sakrah	1	سَكۡرَةُ
e38f814f6931	taħiːdᵊ	1	تَحِيدُ
c9f0438d4658	maʕahaː	1	مَّعَهَا
e626f68f55d3	saːːʔiqᵊ	1	سَآئِقٌ
263ba0003e3d	waʃahiːdᵊ	1	وَشَهِيدٌ
222df6cc7929	ɣitˤaːːʔak	1	غِطَآءَكَ
e54ae76d2779	fabasˤaruk	1	فَبَصَرُكَ
ecca3e738c1d	ʔalqijaː	1	أَلۡقِيَا
c4698652c670	faʔalqijaːh	1	فَأَلۡقِيَاهُ
e800c42fa446	ʔatˤᵊɣajtuhuː	1	أَطۡغَيۡتُهُۥ
177eb5fa796d	taxtasˤimuː	1	تَخۡتَصِمُواۡ
c28977145c87	bilwaʕiːdᵊ	1	بِٱلۡوَعِيدِ
0e2295299063	jubadːal	1	يُبَدَّلُ
828ed5841632	ʔimtalaʔt	1	ٱمۡتَلَأۡتِ
3122b4cb226d	wataquːl	1	وَتَقُولُ
f6360cc8fa63	ʔalxuluːdᵊ	1	ٱلۡخُلُودِ
6c8b22eb853b	fanaqːabuː	1	فَنَقَّبُواۡ
cd0ef48a3f6f	ʔalɣuruːbᵊ	1	ٱلۡغُرُوبِ
84fd4595fea5	waʔadᵊbaːr	1	وَأَدۡبَـٰرَ
775ea590b30e	wastamiʕ	1	وَٱسۡتَمِعۡ
4388baf1dc32	junaːdᵊ	1	يُنَادِ
7aef461ae505	ʔalmunaːdᵊ	1	ٱلۡمُنَادِ
710b960bfb55	ħaʃr	1	حَشۡرٌ
66e7c1a25119	bid͡ʒabːaːr	1	بِجَبَّارٍ
4f64340ed152	waðːaːrijaːt	1	وَٱلذّٰرِيَـٰتِ
6a47c07da52c	ðarwaː	1	ذَرۡوًا
dca8e8caa2cd	falħaːmilaːt	1	فَٱلۡحَـٰمِلَـٰتِ
9bd95cf3dc86	wiqᵊraː	1	وِقۡرًا
53806c55b5c0	fald͡ʒaːrijaːt	1	فَٱلۡجَـٰرِيَـٰتِ
377d9c364792	falmuqasːimaːt	1	فَٱلۡمُقَسِّمَـٰتِ
e8748eedb852	lasˤaːdiqᵊ	1	لَصَادِقٌ
e6add0e6f04b	ʔalħubuk	1	ٱلۡحُبُكِ
5c13d30802a2	ʔufik	1	أُفِكَ
4b9b97af97fd	ʔalxarːaːsˤuːn	1	ٱلۡخَرّٰصُونَ
12d6caaa712f	fitnatakum	1	فِتۡنَتَكُمۡ
4b1fa708a41e	ʔaːxiðiːn	1	ءَاخِذِينَ
ec9b8de784cb	muħsiniːn	1	مُحۡسِنِينَ
02413efb34cf	jahd͡ʒaʕuːn	1	يَهۡجَعُونَ
25dbd95e7c19	wabilʔasħaːr	1	وَبِٱلۡأَسۡحَارِ
72b296d0d761	lilmuːqiniːn	1	لِّلۡمُوقِنِينَ
2e989c33f7c7	rizqukum	1	رِزۡقُكُمۡ
20466d75b9d6	fawarabːᵊ	1	فَوَرَبِّ
82c5f00ad100	fad͡ʒaːːʔ	1	فَجَآءَ
a03a52906306	samiːn	1	سَمِينٍ
41d3f752f126	faqarːabahuː	1	فَقَرَّبَهُۥٓ
a25fa8719d93	wabaʃːaruːh	1	وَبَشَّرُوهُ
7fcdc49652e5	faʔaqᵊbalat	1	فَأَقۡبَلَتِ
b4b4b0e57fcd	ʔimraʔatuhuː	1	ٱمۡرَأَتُهُۥ
ac2a3a015b74	sˤarːah	1	صَرَّةٍ
feb4fd28b1ae	fasˤakːat	1	فَصَكَّتۡ
babd8d2826fc	wad͡ʒᵊhahaː	1	وَجۡهَهَا
346b214ad6a4	linursil	1	لِنُرۡسِلَ
35ee48ae8647	ʔarsalnaːh	1	أَرۡسَلۡنَـٰهُ
f8508e81337f	biruknihiː	1	بِرُكۡنِهِۦ
899861f4d38f	ʔalʕaqiːm	1	ٱلۡعَقِيمَ
ef54d90cd142	ʔatat	1	أَتَتۡ
6fe2388412a7	d͡ʒaʕalath	1	جَعَلَتۡهُ
6db4ea053c1e	karːamiːm	1	كَٱلرَّمِيمِ
175794a4420e	faʕataw	1	فَعَتَوۡاۡ
88eb8094700d	muⁿtasˤiriːn	1	مُنتَصِرِينَ
e15e02096e75	biʔajdᵊ	1	بِأَيۡيۡدٍ
9a0b1290c82d	lamuːsiʕuːn	1	لَمُوسِعُونَ
441c7a1e2578	faraʃnaːhaː	1	فَرَشۡنَـٰهَا
21432ae6523b	ʔalmaːhiduːn	1	ٱلۡمَـٰهِدُونَ
8e1232044a0c	fafirːuː	1	فَفِرُّوٓاۡ
8d1ad19b2cd9	ʔatawaːsˤaw	1	أَتَوَاصَوۡاۡ
0ea46e0a01f0	bimaluːm	1	بِمَلُومٍ
9f3b7d67df86	lijaʕbuduːn	1	لِيَعۡبُدُونِ
5772bfc0ff00	jutˤᵊʕimuːn	1	يُطۡعِمُونِ
776d78e30056	ʔarːazːaːqᵊ	1	ٱلرَّزَّاقُ
49ab0c33b3ee	ʔalmatiːn	1	ٱلۡمَتِينُ
ae03acfd75af	ðanuːbaː	1	ذَنُوبًا
a6377c7e4b54	ðanuːbᵊ	1	ذَنُوبِ
507a6c17606e	ʔasˤħaːbihim	1	أَصۡحَـٰبِهِمۡ
a4d096cc7f9b	watˤːuːr	1	وَٱلطُّورِ
797f1d192acd	mastˤuːr	1	مَّسۡطُورٍ
dfa92950459b	raqːᵊ	1	رَقٍّ
f11147646b89	maⁿʃuːr	1	مَّنشُورٍ
8bb06fc4b132	walbajt	1	وَٱلۡبَيۡتِ
25024e6c2fc6	ʔalmaʕmuːr	1	ٱلۡمَعۡمُورِ
c7f75a621420	wasːaqᵊf	1	وَٱلسَّقۡفِ
5f583a0d3dd0	ʔalmarfuːʕ	1	ٱلۡمَرۡفُوعِ
a4803fcedfb1	ʔalmasd͡ʒuːr	1	ٱلۡمَسۡجُورِ
d629ca9004c4	mawraː	1	مَوۡرًا
2ddf71febb27	watasiːr	1	وَتَسِيرُ
8c2762182174	sajraː	1	سَيۡرًا
51fa090f0bca	xawdˤ	1	خَوۡضٍ
e1c997401d2a	judaʕːuːn	1	يُدَعُّونَ
fb619185675e	daʕːaː	1	دَعًّا
c24fe0c36f54	ʔafasiħr	1	أَفَسِحۡرٌ
da4dd416e8ff	wanaʕiːm	1	وَنَعِيمٍ
492b6c5e5015	watːabaʕathum	1	وَٱتَّبَعَتۡهُمۡ
b5402eb58e57	ðurːijːatuhum	1	ذُرِّيَّتُهُم
93e0bbbec37b	biʔiːmaːn	1	بِإِيمَـٰنٍ
81001344a1f6	ʔalħaqᵊnaː	1	أَلۡحَقۡنَا
b46621bc5925	ʔalatnaːhum	1	أَلَتۡنَـٰهُم
d2b6a8c00199	ʕamalihim	1	عَمَلِهِم
6c166f970bbc	ʔimriː	1	ٱمۡرِىِٕۭ
684ab334efe1	rahiːn	1	رَهِينٌ
3f50667a358c	waʔamdadᵊnaːhum	1	وَأَمۡدَدۡنَـٰهُم
5caa4ada8263	laɣw	1	لَغۡوٌ
199928bd0895	taʔθiːm	1	تَأۡثِيمٌ
366e1b3193ce	ɣilmaːn	1	غِلۡمَانٌ
3f511abf0b13	luʔluʔ	1	لُؤۡلُؤٌ
7fb2df2eeccb	ʔahlinaː	1	أَهۡلِنَا
313f417de71e	wawaqaːnaː	1	وَوَقَـٰنَا
9d3047d2bf4b	nadᵊʕuːh	1	نَدۡعُوهُ
59b931031ba8	bikaːhin	1	بِكَاهِنٍ
ffc8d9936627	ʔalmanuːn	1	ٱلۡمَنُونِ
95f5dd274eaf	tarabːasˤuː	1	تَرَبَّصُواۡ
129c2d9f6099	ʔalmutarabːisˤiːn	1	ٱلۡمُتَرَبِّصِينَ
aae5a16953f1	taʔmuruhum	1	تَأۡمُرُهُمۡ
62d8cfb3f489	ʔaħlaːmuhum	1	أَحۡلَـٰمُهُم
10a7731b6b18	taqawːalahuː	1	تَقَوَّلَهُۥ
061459ecd567	biħadiːθ	1	بِحَدِيثٍ
5194cb9f63c6	xuliquː	1	خُلِقُواۡ
78b507de0b0a	ʔalmusˤajtˤiruːn	1	ٱلۡمُصَيۡطِرُونَ
920894b13dc6	sulːam	1	سُلَّمٌ
fb5288fabb8a	faljaʔt	1	فَلۡيَأۡتِ
c32a5a120c6f	mustamiʕuhum	1	مُسۡتَمِعُهُم
c31c7959d3f7	ʔalmakiːduːn	1	ٱلۡمَكِيدُونَ
c58172253a6a	kisfaː	1	كِسۡفًا
bf3c5dd9306b	saːqitˤaː	1	سَاقِطًا
4a3b8c4848cb	markuːm	1	مَّرۡكُومٌ
17da09b9fd39	jusˤʕaquːn	1	يُصۡعَقُونَ
5fa3d2c3fd7c	waʔidᵊbaːr	1	وَإِدۡبَـٰرَ
c394a9558ab6	ɣawaː	1	غَوَىٰ
cd7259e5a0eb	waħj	1	وَحۡىٌ
2a3f20eb23f4	ʕalːamahuː	1	عَلَّمَهُۥ
17e404754815	ʔalquwaː	1	ٱلۡقُوَىٰ
67ed1f3c8f20	mirːah	1	مِرَّةٍ
f54fca0975fc	danaː	1	دَنَا
0a99a277eb33	fatadalːaː	1	فَتَدَلَّىٰ
8e485b5e6cc4	qaːbᵊ	1	قَابَ
9676cfef7c06	qawsajn	1	قَوۡسَيۡنِ
ec3fd27a004c	ʔalfuʔaːdᵊ	1	ٱلۡفُؤَادُ
3d120812719f	ʔafatumaːruːnahuː	1	أَفَتُمَـٰرُونَهُۥ
a7c0016d8f0e	nazlahaː	1	نَزۡلَةً
b88f88a0c321	sidᵊrah	1	سِدۡرَةِ
34d48684fcf7	ʔasːidᵊrah	1	ٱلسِّدۡرَةَ
ec8d854ef3d3	zaːɣ	1	زَاغَ
a43d94f6e4f8	ʔalːaːt	1	ٱللَّـٰتَ
67564375bc51	walʕuzːaː	1	وَٱلۡعُزَّىٰ
6b95717ea694	wamanaːh	1	وَمَنَوٰةَ
702c8c6dcd22	ʔaθːaːliθah	1	ٱلثَّالِثَةَ
081763b7bb05	ʔalakum	1	أَلَكُمُ
460d8955a394	dˤiːzaː	1	ضِيزَىٰٓ
32451668df18	wajardˤaː	1	وَيَرۡضَىٰٓ
7b563d5b6d2b	lajusamː̃uːn	1	لَيُسَمُّونَ
078b4d0cb51c	tasmijah	1	تَسۡمِيَةَ
3ccf9c9e578c	mabᵊlaɣuhum	1	مَبۡلَغُهُم
e7cdbb0d4751	wajad͡ʒᵊziː	1	وَيَجۡزِىَ
1e7db873a256	ʔalːamam	1	ٱللَّمَمَ
2c98dd1dc55b	ʔad͡ʒinː̃ah	1	أَجِنَّةٌ
f46057be3cd3	tuzakːuː	1	تُزَكُّوٓاۡ
7dbe96880226	waʔaʕtˤaː	1	وَأَعۡطَىٰ
120ab555868e	waʔakdaː	1	وَأَكۡدَىٰٓ
dbcbdc3414f9	ʔaʕiⁿdahuː	1	أَعِندَهُۥ
7b6f974cc2af	wafːaː	1	وَفَّىٰٓ
f859aeae5b56	saʕjahuː	1	سَعۡيَهُۥ
cbf4d114bb3c	jud͡ʒᵊzaːh	1	يُجۡزَٮٰهُ
907b510b5317	ʔald͡ʒazaːːʔ	1	ٱلۡجَزَآءَ
eaea9195b939	ʔalʔawfaː	1	ٱلۡأَوۡفَىٰ
70637650ae2c	ʔadˤħak	1	أَضۡحَكَ
a8ebd1fec31e	waʔabᵊkaː	1	وَأَبۡكَىٰ
ffacdb1347d4	ʔamaːt	1	أَمَاتَ
d84d5f9119c6	waʔaħjaː	1	وَأَحۡيَا
7dea8aba681a	tumnaː	1	تُمۡنَىٰ
f09c7f2af755	waʔaqᵊnaː	1	وَأَقۡنَىٰ
e186c6f928d1	ʔaʃːiʕraː	1	ٱلشِّعۡرَىٰ
04f963151914	ʔabᵊqaː	1	أَبۡقَىٰ
2d4b48de6cfa	waʔatˤᵊɣaː	1	وَأَطۡغَىٰ
4a3fe357ef2d	walmuʔtafikah	1	وَٱلۡمُؤۡتَفِكَةَ
9f5ef4af50b8	ʔahwaː	1	أَهۡوَىٰ
777336034abf	faɣaʃːaːhaː	1	فَغَشَّـٰهَا
999839b4aee4	ɣaʃːaː	1	غَشَّىٰ
4c4eb2efbef0	tatamaːraː	1	تَتَمَارَىٰ
b975ff744668	ʔazifat	1	أَزِفَتِ
f559c36bad85	kaːʃifah	1	كَاشِفَةٌ
961bc8918bc6	ʔafamin	1	أَفَمِنۡ
cbf9786b342a	taʕd͡ʒabuːn	1	تَعۡجَبُونَ
de3c2ed8dd8f	watadˤħakuːn	1	وَتَضۡحَكُونَ
81dd67c7a5f0	tabᵊkuːn	1	تَبۡكُونَ
6c75bc5dc322	saːmiduːn	1	سَـٰمِدُونَ
82590d98c74e	fasd͡ʒuduː	1	فَٱسۡجُدُواۡ
74fb3dd1f887	ʔiqᵊtarabat	1	ٱقۡتَرَبَتِ
e1ba9d9a404a	waⁿʃaqːᵊ	1	وَٱنشَقَّ
701983e8ca80	juʕridˤuː	1	يُعۡرِضُواۡ
820af5d7f07e	wajaquːluː	1	وَيَقُولُواۡ
8043eeff7d18	muzdad͡ʒar	1	مُزۡدَجَرٌ
fc37993c3afa	ħikmah	1	حِكۡمَةُۢ
637c7e331146	nukur	1	نُّكُرٍ
7498264f111b	xuʃːaʕaː	1	خُشَّعًا
a7477f4c0565	d͡ʒaraːdᵊ	1	جَرَادٌ
22bc4399e5eb	muⁿtaʃir	1	مُّنتَشِرٌ
30da4fa38ac8	ʕasir	1	عَسِرٌ
7aeca66fbad3	wazdud͡ʒir	1	وَٱزۡدُجِرَ
c77fadf08b58	maɣluːbᵊ	1	مَغۡلُوبٌ
f3d503a4ad36	faⁿtasˤir	1	فَٱنتَصِرۡ
3aadf9370020	fafataħnaː	1	فَفَتَحۡنَآ
e1739ec92abc	munhamir	1	مُّنۡهَمِرٍ
6f48785d8889	ʕujuːnaː	1	عُيُونًا
6a865855e7af	faltaqaː	1	فَٱلۡتَقَى
d0b237b30e9f	waħamalnaːh	1	وَحَمَلۡنَـٰهُ
e78f2bb236ee	ʔalwaːħ	1	أَلۡوٰحٍ
d176c79a4bb0	wadusur	1	وَدُسُرٍ
5ed87d07d347	kufir	1	كُفِرَ
73644bd78f4b	taraknaːhaː	1	تَّرَكۡنَـٰهَآ
393b976d1a98	naħs	1	نَحۡسٍ
e98f30ac5204	taⁿziʕ	1	تَنزِعُ
ee2e1a5255a1	muⁿqaʕir	1	مُّنقَعِرٍ
78571f14b19b	ʔabaʃaraː	1	أَبَشَرًا
43b38c154984	natːabiʕuhuː	1	نَّتَّبِعُهُۥٓ
1fec0fb28dd7	ʔaʔulqiː	1	أَءُلۡقِىَ
83ac29a109d7	ʔaʃir	1	أَشِرٌ
1d64341e82e2	ʔalkaðːaːbᵊ	1	ٱلۡكَذَّابُ
1665cedb8736	ʔalʔaʃir	1	ٱلۡأَشِرُ
4a52ab5a9b1b	mursiluː	1	مُرۡسِلُواۡ
b843f9a9eced	fartaqibᵊhum	1	فَٱرۡتَقِبۡهُمۡ
f83e1556fc35	muħtadˤar	1	مُّحۡتَضَرٌ
aec05ef59cb6	sˤaːħibahum	1	صَاحِبَهُمۡ
bd20216b0eaf	fataʕaːtˤaː	1	فَتَعَاطَىٰ
094ce37139e1	faʕaqar	1	فَعَقَرَ
9f663abce7f8	kahaʃiːm	1	كَهَشِيمِ
fb6f3bbb2977	ʔalmuħtaðˤir	1	ٱلۡمُحۡتَظِرِ
6311e6320aa5	nad͡ʒːajnaːhum	1	نَّجَّيۡنَـٰهُم
a2cfde1693a8	bisaħar	1	بِسَحَرٍ
0ae73e77884e	ʔaⁿðarahum	1	أَنذَرَهُم
f8dcc4745b26	batˤᵊʃatanaː	1	بَطۡشَتَنَا
cec5d76f7688	fatamaːraw	1	فَتَمَارَوۡاۡ
6f5e81bc4c02	raːwaduːh	1	رٰوَدُوهُ
c263189b29d0	dˤajfihiː	1	ضَيۡفِهِۦ
50d873bef603	fatˤamasnaː	1	فَطَمَسۡنَآ
2fa0ed9c1743	sˤabːaħahum	1	صَبَّحَهُم
c9060706d50e	kulːihaː	1	كُلِّهَا
f4651803da16	ʔakufːaːrukum	1	أَكُفَّارُكُمۡ
2c5dc9b228fe	ʔulaːːʔikum	1	أُوۡلَـٰٓئِكُمۡ
f57ee22a3d3b	muⁿtasˤir	1	مُّنتَصِرٌ
813bb8c3bf14	sajuhzam	1	سَيُهۡزَمُ
10ae4717eec8	wajuwalːuːn	1	وَيُوَلُّونَ
a1cd580455f8	ʔadːubur	1	ٱلدُّبُرَ
663ff724bd0f	mawʕiduhum	1	مَوۡعِدُهُمۡ
77448369eaa5	ʔadᵊhaː	1	أَدۡهَىٰ
0571841ba698	waʔamarː	1	وَأَمَرُّ
939116296ea6	bilbasˤar	1	بِٱلۡبَصَرِ
dd4d4f43094d	ʔaʃjaːʕakum	1	أَشۡيَاعَكُمۡ
b3ce6be43f42	sˤaɣiːr	1	صَغِيرٍ
1f8f28e39c3d	wakabiːr	1	وَكَبِيرٍ
e13591e6434e	mustatˤar	1	مُّسۡتَطَرٌ
e4af6b7813f1	wanahar	1	وَنَهَرٍ
e0e589a98260	maqᵊʕadᵊ	1	مَقۡعَدِ
563c6e7a8f04	maliːk	1	مَلِيكٍ
c47ce36e845f	ʔalbajaːn	1	ٱلۡبَيَانَ
fa4546196d6d	biħusbaːn	1	بِحُسۡبَانٍ
7406f60c7132	jasd͡ʒudaːn	1	يَسۡجُدَانِ
b118327456b5	rafaʕahaː	1	رَفَعَهَا
4b4b045bbe6f	wawadˤaʕ	1	وَوَضَعَ
e3b8e807b179	ʔalwazn	1	ٱلۡوَزۡنَ
cbb87643ae5f	tuxsiruː	1	تُخۡسِرُواۡ
ba1b895a7b82	wadˤaʕahaː	1	وَضَعَهَا
8b1bfb47ea5d	lilʔanaːm	1	لِلۡأَنَامِ
4211bef6b0be	ʔalʔakmaːm	1	ٱلۡأَكۡمَامِ
377c00ae9c38	walħabːᵊ	1	وَٱلۡحَبُّ
138039cbac7f	ʔalʕasˤf	1	ٱلۡعَصۡفِ
e14a4e3a6f11	warːajħaːn	1	وَٱلرَّيۡحَانُ
157251784b2f	kalfaxːaːr	1	كَٱلۡفَخَّارِ
cf473413fedc	ʔald͡ʒaːːːnː̃	1	ٱلۡجَآنَّ
36121b12abec	maːrid͡ʒᵊ	1	مَّارِجٍ
f52f9b185b77	ʔalmaɣribajn	1	ٱلۡمَغۡرِبَيۡنِ
e52b435f581d	jaltaqijaːn	1	يَلۡتَقِيَانِ
a06a3ce6dd39	jabᵊɣijaːn	1	يَبۡغِيَانِ
7a3b4748c079	ʔalːuʔluʔ	1	ٱللُّؤۡلُؤُ
3e8edb4f4934	ʔalmuⁿʃaʔaːt	1	ٱلۡمُنشَـَٔـاتُ
4521afcf4c32	faːn	1	فَانٍ
e7347a2b2d13	wajabᵊqaː	1	وَيَبۡقَىٰ
afb12deec37d	jasʔaluhuː	1	يَسۡــَٔلُهُۥ
5790bb726ae5	sanafruɣ	1	سَنَفۡرُغُ
9239ac04fab8	ʔaθːaqalaːn	1	ٱلثَّقَلَانِ
06eda31716eb	taⁿfuðuː	1	تَنفُذُواۡ
fd2304cb0d0e	ʔaqᵊtˤaːr	1	أَقۡطَارِ
40632cbe00ab	faⁿfuðuː	1	فَٱنفُذُواۡ
6640c6eb8986	taⁿfuðuːn	1	تَنفُذُونَ
c1c1e935db94	jursal	1	يُرۡسَلُ
b354d602d559	ʕalajkumaː	1	عَلَيۡكُمَا
994f29d08f78	ʃuwaːðˤ	1	شُوَاظٌ
fc08005ebdf5	wanuħaːs	1	وَنُحَاسٌ
dca18499993f	taⁿtasˤiraːn	1	تَنتَصِرَانِ
288c03f69aee	wardahaː	1	وَرۡدَةً
c93e02fb18a0	kadːihaːn	1	كَٱلدِّهَانِ
ecaf64c44d43	ðaᵐbihiː	1	ذَنۢبِهِۦٓ
05a01ed8f7a7	juʕraf	1	يُعۡرَفُ
95c4e59e51ed	fajuʔxað	1	فَيُؤۡخَذُ
1f0d077a64f3	binː̃awaːsˤiː	1	بِٱلنَّوٰصِى
73a4429edc71	walʔaqᵊdaːm	1	وَٱلۡأَقۡدَامِ
0b6f69fe4cf4	jatˤuːfuːn	1	يَطُوفُونَ
a84792577656	ʔaːn	1	ءَانٍ
ecb9ceea9801	ʔafnaːn	1	أَفۡنَانٍ
164aa047717b	tad͡ʒᵊrijaːn	1	تَجۡرِيَانِ
e3ef0bd57507	zawd͡ʒaːn	1	زَوۡجَانِ
c05a754d8420	furuʃ	1	فُرُشِۭ
ccdaafbadf78	batˤaːːʔinuhaː	1	بَطَآئِنُهَا
3429956be4b2	ʔistabᵊraqᵊ	1	إِسۡتَبۡرَقٍ
5c518889d3f3	wad͡ʒanaː	1	وَجَنَى
2e6575f3da25	daːn	1	دَانٍ
74fd6498d2d6	ʔaljaːquːt	1	ٱلۡيَاقُوتُ
e67c927c937d	mudᵊhaːːːmː̃ataːn	1	مُدۡهَآمَّتَانِ
0ee257318fca	nadˤːaːxataːn	1	نَضَّاخَتَانِ
b5760669828c	warumː̃aːn	1	وَرُمَّانٌ
6a2fa7ebc85b	xajraːt	1	خَيۡرٰتٌ
bc9c38adf6ec	ħuːr	1	حُورٌ
c141d63d263a	maqᵊsˤuːraːt	1	مَّقۡصُورٰتٌ
e9998da67a8f	ʔalxijaːm	1	ٱلۡخِيَامِ
61b984587878	rafraf	1	رَفۡرَفٍ
fcf922cb0e75	waʕabᵊqarijː	1	وَعَبۡقَرِىٍّ
055a138a0809	liwaqᵊʕatihaː	1	لِوَقۡعَتِهَا
c25bae6f3851	xaːfidˤah	1	خَافِضَةٌ
ca96407aae56	raːfiʕah	1	رَّافِعَةٌ
51bbbfbc391e	rud͡ʒːat	1	رُجَّتِ
6220e6b903f3	rad͡ʒːaː	1	رَجًّا
6c61263b296e	wabusːat	1	وَبُسَّتِ
02e12390e69e	basːaː	1	بَسًّا
7d8a6fd1d039	muᵐbaθːaː	1	مُّنۢبَثًّا
0fda81fc3cc9	θalaːθahaː	1	ثَلَـٰثَةً
b256928938f4	faʔasˤħaːbᵊ	1	فَأَصۡحَـٰبُ
1799ebe3e214	ʔasːaːbiquːn	1	ٱلسَّـٰبِقُونَ
c0f2fde1cc1f	mawdˤuːnah	1	مَّوۡضُونَةٍ
f3c8154540c1	jatˤuːf	1	يَطُوفُ
c02769e5b0c9	biʔakwaːbᵊ	1	بِأَكۡوَابٍ
5b76659da69e	waʔabaːriːqᵊ	1	وَأَبَارِيقَ
fd596df1c9d0	wakaʔs	1	وَكَأۡسٍ
315b8121303d	jusˤadːaʕuːn	1	يُصَدَّعُونَ
ad061b00aaa8	juⁿzifuːn	1	يُنزِفُونَ
2907a7b4e12b	jataxajːaruːn	1	يَتَخَيَّرُونَ
560e1c4db0a8	tˤajr	1	طَيۡرٍ
eb06d6564267	waħuːr	1	وَحُورٌ
4516da2cb1c3	kaʔamθaːl	1	كَأَمۡثَـٰلِ
1adbd39232c6	ʔalːuʔluː	1	ٱللُّؤۡلُوِٕ
10f4fec2eee9	ʔalmaknuːn	1	ٱلۡمَكۡنُونِ
aa90c63d4713	taʔθiːmaː	1	تَأۡثِيمًا
794ffd269ca5	maxdˤuːdᵊ	1	مَّخۡضُودٍ
7e562136d537	watˤalħ	1	وَطَلۡحٍ
674d3639f439	mamduːdᵊ	1	مَّمۡدُودٍ
026faf762fb2	wamaːːʔ	1	وَمَآءٍ
4dbf78abd9f8	maskuːbᵊ	1	مَّسۡكُوبٍ
33b7cda79ecc	maqᵊtˤuːʕah	1	مَقۡطُوعَةٍ
398ffa4c969e	mamnuːʕah	1	مَمۡنُوعَةٍ
85c0ab5dd3e9	wafuruʃ	1	وَفُرُشٍ
c6311782d91e	ʔaⁿʃaʔnaːhunː̃	1	أَنشَأۡنَـٰهُنَّ
9becbfc69d96	ʔiⁿʃaːːʔaː	1	إِنشَآءً
9289a37572b1	fad͡ʒaʕalnaːhunː̃	1	فَجَعَلۡنَـٰهُنَّ
83ee14ae81f5	ʔabᵊkaːraː	1	أَبۡكَارًا
b9234b3106a4	ʕurubaː	1	عُرُبًا
017d77f9dd5f	waθulːah	1	وَثُلَّةٌ
372cbc556285	samuːm	1	سَمُومٍ
7a01ec557da8	waħamiːm	1	وَحَمِيمٍ
eb328f9aea7d	jaħmuːm	1	يَحۡمُومٍ
600daac81473	mutrafiːn	1	مُتۡرَفِينَ
2309f656cf43	jusˤirːuːn	1	يُصِرُّونَ
4ca7bc2644db	ʔalħiⁿθ	1	ٱلۡحِنثِ
5b9742b355f8	walʔaxiriːn	1	وَٱلۡأَخِرِينَ
50ace0798fdd	lamad͡ʒᵊmuːʕuːn	1	لَمَجۡمُوعُونَ
77bdd69e60e5	ʔalmukaðːibuːn	1	ٱلۡمُكَذِّبُونَ
3c45c4f58959	zaqːuːm	1	زَقُّومٍ
bbb52a4335b8	ʃurbᵊ	1	شُرۡبَ
ab609846ef73	ʔalhiːm	1	ٱلۡهِيمِ
60b57806fac5	nuzuluhum	1	نُزُلُهُمۡ
540f6c4aa26e	tusˤadːiquːn	1	تُصَدِّقُونَ
0b672d06e5d1	tumnuːn	1	تُمۡنُونَ
e46507d791fc	taxluquːnahuː	1	تَخۡلُقُونَهُۥٓ
ea7c295f2b3f	wanuⁿʃiʔakum	1	وَنُنشِئَكُمۡ
85fff2149829	taħruθuːn	1	تَحۡرُثُونَ
5b2bc9db973f	tazraʕuːnahuː	1	تَزۡرَعُونَهُۥٓ
ab18691fef68	ʔazːaːriʕuːn	1	ٱلزّٰرِعُونَ
c0dcb11835ef	faðˤaltum	1	فَظَلۡتُمۡ
b24f12236220	tafakːahuːn	1	تَفَكَّهُونَ
2ceb6f3bf887	lamuɣramuːn	1	لَمُغۡرَمُونَ
b96d01a4d712	ʔaⁿzaltumuːh	1	أَنزَلۡتُمُوهُ
75f4500d5147	ʔalmuzn	1	ٱلۡمُزۡنِ
4966e8d2e23b	ʔalmuⁿziluːn	1	ٱلۡمُنزِلُونَ
accef24008be	ʔud͡ʒaːd͡ʒaː	1	أُجَاجًا
961548ff9988	tuːruːn	1	تُورُونَ
7d3196cb8558	ʔaⁿʃaʔtum	1	أَنشَأۡتُمۡ
f57864427d21	ʃad͡ʒaratahaː	1	شَجَرَتَهَآ
dd93281c23a8	ʔalmuⁿʃiʔuːn	1	ٱلۡمُنشِــُٔونَ
f56047830870	lilmuqᵊwiːn	1	لِّلۡمُقۡوِينَ
6c0fc8dbad59	bimawaːqiʕ	1	بِمَوٰقِعِ
c631ba1bc25b	laqasam	1	لَقَسَمٌ
718e3fa74a97	laqurʔaːn	1	لَقُرۡءَانٌ
af8fe4fa9ddf	jamasːuhuː	1	يَمَسُّهُۥٓ
7557eead74b1	ʔalmutˤahːaruːn	1	ٱلۡمُطَهَّرُونَ
60d56190b94c	ʔafabihaːðaː	1	أَفَبِهَـٰذَا
ea93fe976200	mudᵊhinuːn	1	مُّدۡهِنُونَ
39bd4e1cbe61	rizqakum	1	رِزۡقَكُمۡ
55ab940be8db	ʔalħulquːm	1	ٱلۡحُلۡقُومَ
26fd377722a0	ħiːnaʔið	1	حِينَئِذٍ
ea01d8ebe8cd	madiːniːn	1	مَدِينِينَ
dbd9202381e0	tard͡ʒiʕuːnahaː	1	تَرۡجِعُونَهَآ
53cd8b127e00	farawħ	1	فَرَوۡحٌ
2e3bcbcbeccf	warajħaːn	1	وَرَيۡحَانٌ
9e2aa39603b4	wad͡ʒanː̃at	1	وَجَنَّتُ
889a200299fd	fasalaːm	1	فَسَلَـٰمٌ
f3367ef9547c	fanuzul	1	فَنُزُلٌ
77d69154cd93	watasˤlijah	1	وَتَصۡلِيَةُ
c18cd8eeda72	walʔaxir	1	وَٱلۡأَخِرُ
31ea6a9ae692	waðˤːaːhir	1	وَٱلظَّـٰهِرُ
06e6715bd08e	walbaːtˤin	1	وَٱلۡبَاطِنُ
4a54781c4097	mustaxlafiːn	1	مُّسۡتَخۡلَفِينَ
f1a58f49d151	waqaːtal	1	وَقَـٰتَلَ
555c87141ec7	buʃraːkum	1	بُشۡرَٮٰكُمُ
e5cee7153701	ʔuⁿðˤuruːnaː	1	ٱنظُرُونَا
9437c1e72573	naqᵊtabis	1	نَقۡتَبِسۡ
8bc68f82ceb5	nuːrikum	1	نُّورِكُمۡ
9f8faabe532b	faltamisuː	1	فَٱلۡتَمِسُواۡ
1ff9aebc134f	fadˤuribᵊ	1	فَضُرِبَ
8a76949b4f11	bisuːr	1	بِسُورٍ
de1ae815f2d7	baːtˤinuhuː	1	بَاطِنُهُۥ
5549b7ad1ad8	waðˤaːhiruhuː	1	وَظَـٰهِرُهُۥ
f65d4edd66d0	qibalih	1	قِبَلِهِ
e26969d5cfab	junaːduːnahum	1	يُنَادُونَهُمۡ
a45b00ec759e	fataⁿtum	1	فَتَنتُمۡ
64c1351c28a8	watarabːasˤtum	1	وَتَرَبَّصۡتُمۡ
284525f4c86b	wartabᵊtum	1	وَٱرۡتَبۡتُمۡ
c9f064ad6b79	ʔalʔamaːnijː	1	ٱلۡأَمَانِىُّ
92e36357c5b9	waɣarːakum	1	وَغَرَّكُم
9084b7339ac0	maʔwaːkum	1	مَأۡوَٮٰكُمُ
b260017586da	jaʔn	1	يَأۡنِ
36e8dfac8b49	taxʃaʕ	1	تَخۡشَعَ
fee71462b10f	liðikr	1	لِذِكۡرِ
43999613b1e6	fatˤaːl	1	فَطَالَ
c685d86773c5	ʔalʔamadᵊ	1	ٱلۡأَمَدُ
fb758e4a6cd2	faqasat	1	فَقَسَتۡ
b4a8b36ac671	ʔalmusˤːadːiqiːn	1	ٱلۡمُصَّدِّقِينَ
3abd09c7e617	walmusˤːadːiqaːt	1	وَٱلۡمُصَّدِّقَـٰتِ
60977c4b95ad	waʔaqᵊradˤuː	1	وَأَقۡرَضُواۡ
4ae8f4a54496	ʔasˤːidːiːquːn	1	ٱلصِّدِّيقُونَ
dc3d0621fa0e	wanuːruhum	1	وَنُورُهُمۡ
320cb46b76eb	waziːnah	1	وَزِينَةٌ
6efff15eab99	watafaːxur	1	وَتَفَاخُرُۢ
d3f015deb432	watakaːθur	1	وَتَكَاثُرٌ
0075b93ad7f3	ɣajθ	1	غَيۡثٍ
8f0a074693c4	ʔaʕd͡ʒabᵊ	1	أَعۡجَبَ
5787de6dacad	saːbiquː	1	سَابِقُوٓاۡ
92541c4be99a	kaʕardˤ	1	كَعَرۡضِ
e80c0e52fa25	nabᵊraʔahaː	1	نَّبۡرَأَهَآ
e6e7e8b237c9	taʔsaw	1	تَأۡسَوۡاۡ
52c448a242b7	tafraħuː	1	تَفۡرَحُواۡ
44abc9bd9868	lijaquːm	1	لِيَقُومَ
807d14a84e9c	warusulahuː	1	وَرُسُلَهُۥ
4a7bcabd6735	muhtadᵊ	1	مُّهۡتَدٍ
2d1385269823	qafːajnaː	1	قَفَّيۡنَا
48db72060e31	birusulinaː	1	بِرُسُلِنَا
fc2ca9477e48	raʔfahaː	1	رَأۡفَةً
75ed5aa5c66d	warahbaːnijːahaː	1	وَرَهۡبَانِيَّةً
2de91b096f46	ʔibᵊtadaʕuːhaː	1	ٱبۡتَدَعُوهَا
6f7401dc0642	katabᵊnaːhaː	1	كَتَبۡنَـٰهَا
a7c76bfda856	raʕawhaː	1	رَعَوۡهَا
a00b49add143	riʕaːjatihaː	1	رِعَايَتِهَا
e6d6a0b778c6	faʔaːtajnaː	1	فَـَٔـاتَيۡنَا
cac124134e7e	birasuːlihiː	1	بِرَسُولِهِۦ
8bc1bc020eef	kiflajn	1	كِفۡلَيۡنِ
ab216bd9cd14	tamʃuːn	1	تَمۡشُونَ
eab654996240	tud͡ʒaːdiluk	1	تُجَـٰدِلُكَ
413f38e0d3b7	zawd͡ʒihaː	1	زَوۡجِهَا
78fe92a1de44	wataʃtakiː	1	وَتَشۡتَكِىٓ
bc764b9840a3	taħaːwurakumaː	1	تَحَاوُرَكُمَآ
da2c19ae622c	ʔumː̃ahaːtihim	1	أُمَّهَـٰتِهِمۡ
1186875ab0a8	waladᵊnahum	1	وَلَدۡنَهُمۡ
1ea8887b091c	muⁿkaraː	1	مُنكَرًا
7b88c76ed825	tuːʕaðˤuːn	1	تُوعَظُونَ
65f326ad6b61	faʔitˤᵊʕaːm	1	فَإِطۡعَامُ
003c254d5778	sitːiːn	1	سِتِّينَ
c7a17090c683	kubituː	1	كُبِتُواۡ
0da63d012e43	kubit	1	كُبِتَ
4a66baca2b35	ʔaħsˤaːh	1	أَحۡصَـٰهُ
fa27b1338fd6	wanasuːh	1	وَنَسُوهُ
0bb78dbfd5e0	wajatanaːd͡ʒawn	1	وَيَتَنَـٰجَوۡنَ
2ad138b0b9cf	ħajːawk	1	حَيَّوۡكَ
2009e507109c	juħajːik	1	يُحَيِّكَ
bb22e372176a	juʕaðːibunaː	1	يُعَذِّبُنَا
1e367239fd99	tanaːd͡ʒajtum	1	تَنَـٰجَيۡتُمۡ
16266f87b5fb	tatanaːd͡ʒaw	1	تَتَنَـٰجَوۡاۡ
843276509c05	watanaːd͡ʒaw	1	وَتَنَـٰجَوۡاۡ
9e186d798bba	lijaħzun	1	لِيَحۡزُنَ
83fa11b2a751	bidˤaːːːrːihim	1	بِضَآرِّهِمۡ
c66a92d6ed86	tafasːaħuː	1	تَفَسَّحُواۡ
7c565f3aab42	ʔalmad͡ʒaːlis	1	ٱلۡمَجَـٰلِسِ
016bbff9dcf4	fafsaħuː	1	فَٱفۡسَحُواۡ
9e995e7759da	jafsaħ	1	يَفۡسَحِ
97b0ad3fd219	ʔuⁿʃuzuː	1	ٱنشُزُواۡ
41ddf1056f0f	faⁿʃuzuː	1	فَٱنشُزُواۡ
0be35b1fdcfb	naːd͡ʒajtum	1	نَـٰجَيۡتُمُ
c9077b8b576f	faqadːimuː	1	فَقَدِّمُواۡ
f02d88c0f334	ʔaʔaʃfaqᵊtum	1	ءَأَشۡفَقۡتُمۡ
1a2091e1c16a	sˤadaqaːt	1	صَدَقَـٰتٍ
4264c819b05c	wataːbᵊ	1	وَتَابَ
f83b59fd74ea	fajaħlifuːn	1	فَيَحۡلِفُونَ
fb9fdb15a145	ʔistaħwað	1	ٱسۡتَحۡوَذَ
ba94515b8e2f	ʔalʔaðalːiːn	1	ٱلۡأَذَلِّينَ
7585e137da16	laʔaɣlibanː̃	1	لَأَغۡلِبَنَّ
5a860d604ee2	juwaːːːdːuːn	1	يُوَآدُّونَ
995f38d479a9	ħaːːːdːᵊ	1	حَآدَّ
4354143061a0	ʔixwaːnahum	1	إِخۡوٰنَهُمۡ
725aad17b84d	ʕaʃiːratahum	1	عَشِيرَتَهُمۡ
eca0de36341a	waʔajːadahum	1	وَأَيَّدَهُم
78534d85a318	liʔawːal	1	لِأَوَّلِ
fd9281d9464d	ʔalħaʃr	1	ٱلۡحَشۡرِ
14ff1cd5075a	maːniʕatuhum	1	مَّانِعَتُهُمۡ
de1b8afabb4d	ħusˤuːnuhum	1	حُصُونُهُم
cc43250b9aa6	jaħtasibuː	1	يَحۡتَسِبُواۡ
bb6aac98248b	juxribuːn	1	يُخۡرِبُونَ
398c88e1f636	bujuːtahum	1	بُيُوتَهُم
9e64305ffdf6	waʔajdiː	1	وَأَيۡدِى
a68dfe295da1	faʕtabiruː	1	فَٱعۡتَبِرُواۡ
1cfb1fe1a473	ʔald͡ʒalaːːʔ	1	ٱلۡجَلَآءَ
aae4015425da	laʕaðːabahum	1	لَعَذَّبَهُمۡ
81e62b1f261d	juʃaːːːqːᵊ	1	يُشَآقِّ
c9a44db64baa	qatˤaʕtum	1	قَطَعۡتُم
3deed9aa8d97	liːnah	1	لِّينَةٍ
879746f3a252	taraktumuːhaː	1	تَرَكۡتُمُوهَا
5c4dd42b7440	ʔusˤuːlihaː	1	أُصُولِهَا
c89e61a0cc17	walijuxziː	1	وَلِيُخۡزِىَ
83c5b303f57b	ʔawd͡ʒaftum	1	أَوۡجَفۡتُمۡ
a4f0daa7c79b	xajl	1	خَيۡلٍ
acac8267297f	rikaːbᵊ	1	رِكَابٍ
c581ae5afe61	jusalːitˤᵊ	1	يُسَلِّطُ
261e165c8033	duːlahaː	1	دُولَةَۢ
468882f9225a	ʔalʔaɣnijaːːʔ	1	ٱلۡأَغۡنِيَآءِ
4a47cb26ce23	nahaːkum	1	نَهَـٰكُمۡ
39c9c6f6aac0	faⁿtahuː	1	فَٱنتَهُواۡ
1621421f57f4	waʔamwaːlihim	1	وَأَمۡوٰلِهِمۡ
a78af705ff71	wajaⁿsˤuruːn	1	وَيَنصُرُونَ
cba1157fd3ef	tabawːaʔuː	1	تَبَوَّءُو
357e50805dd3	haːd͡ʒar	1	هَاجَرَ
dd52cf91c4f8	wajuʔθiruːn	1	وَيُؤۡثِرُونَ
95b0c5aaeb1a	xasˤaːsˤah	1	خَصَاصَةٌ
5072b0fd108f	waliʔixwaːninaː	1	وَلِإِخۡوٰنِنَا
b8bd86c90bc1	quluːbinaː	1	قُلُوبِنَا
583c984e0cc7	ɣilːaː	1	غِلاًّ
932a5ee4602e	ʔuxrid͡ʒᵊtum	1	أُخۡرِجۡتُمۡ
28a55b083606	lanaxrud͡ʒanː̃	1	لَنَخۡرُجَنَّ
b8f393c74f85	nutˤiːʕ	1	نُطِيعُ
110a6b6b522c	quːtiltum	1	قُوتِلۡتُمۡ
c7f9b9b22201	lanaⁿsˤuranː̃akum	1	لَنَنصُرَنَّكُمۡ
fc6526098749	quːtiluː	1	قُوتِلُواۡ
fa1d1f4813cf	nasˤaruːhum	1	نَّصَرُوهُمۡ
0ccabc0b0e3c	lajuwalːunː̃	1	لَيُوَلُّنَّ
be3e29876b9b	laʔaⁿtum	1	لَأَنتُمۡ
66d98b393d4e	rahbahaː	1	رَهۡبَةً
41bfe00685c8	muħasˤːanah	1	مُّحَصَّنَةٍ
d1631d7910dd	d͡ʒudur	1	جُدُرِۭ
09713244daa3	baʔsuhum	1	بَأۡسُهُم
710e1f255a95	taħsabuhum	1	تَحۡسَبُهُمۡ
5b0ee007c8e7	ʔukfur	1	ٱكۡفُرۡ
7fa5ca1155c8	ʕaːqibatahumaː	1	عَـٰقِبَتَهُمَآ
7af6d2676047	xaːlidajn	1	خَـٰلِدَيۡنِ
18f5c2848b2d	waltaⁿðˤur	1	وَلۡتَنظُرۡ
bcd876a16fa2	liɣadᵊ	1	لِغَدٍ
c873eb3137d9	laraʔajtahuː	1	لَّرَأَيۡتَهُۥ
ef6f9284ae90	xaːʃiʕaː	1	خَـٰشِعًا
1603240d0743	mutasˤadːiʕaː	1	مُّتَصَدِّعًا
5b9bbb7e1c1f	ʔalmuʔmin	1	ٱلۡمُؤۡمِنُ
daa2c3c063a6	ʔalmuhajmin	1	ٱلۡمُهَيۡمِنُ
527921c613c6	ʔald͡ʒabːaːr	1	ٱلۡجَبَّارُ
26dc05c47fdf	ʔalmutakabːir	1	ٱلۡمُتَكَبِّرُ
3a972ce32042	ʔalxaːliqᵊ	1	ٱلۡخَـٰلِقُ
9364f8c30a6a	ʔalbaːriʔ	1	ٱلۡبَارِئُ
06a4bcc4a6b4	ʔalmusˤawːir	1	ٱلۡمُصَوِّرُ
2641ea35f6e4	ʕaduwːiː	1	عَدُوِّى
bd53d831e931	tulquːn	1	تُلۡقُونَ
f4fc1cf7143b	juxrid͡ʒuːn	1	يُخۡرِجُونَ
d3715cb9b256	xarad͡ʒᵊtum	1	خَرَجۡتُمۡ
57596afbd3c4	mardˤaːtiː	1	مَرۡضَاتِى
ce1d39c350df	ʔaxfajtum	1	أَخۡفَيۡتُمۡ
c49809a1308e	ʔaʕlaⁿtum	1	أَعۡلَنتُمۡ
103801574d02	jafʕalh	1	يَفۡعَلۡهُ
5fc245173044	jaθqafuːkum	1	يَثۡقَفُوكُمۡ
9999482fc298	wajabᵊsutˤuː	1	وَيَبۡسُطُوٓاۡ
8369070c6e31	waʔalsinatahum	1	وَأَلۡسِنَتَهُم
3670ba317ca9	wawadːuː	1	وَوَدُّواۡ
868a999f7e43	taⁿfaʕakum	1	تَنفَعَكُمۡ
e163aff7bd6e	ʔarħaːmukum	1	أَرۡحَامُكُمۡ
d84e361a0427	liqawmihim	1	لِقَوۡمِهِمۡ
c262b61bed1c	buraʔaːːʔ	1	بُرَءٰٓؤُاۡ
6e8d2d6de3f4	laʔastaɣfiranː̃	1	لَأَسۡتَغۡفِرَنَّ
9d42a3aba8d6	ʔanabᵊnaː	1	أَنَبۡنَا
ffcacc3a43e9	ʕaːdajtum	1	عَادَيۡتُم
08e506d639d3	juxrid͡ʒuːkum	1	يُخۡرِجُوكُم
fe5ac3b9a65a	tabarːuːhum	1	تَبَرُّوهُمۡ
a6a37230f245	watuqᵊsitˤuː	1	وَتُقۡسِطُوٓاۡ
4296c046d68c	waʔaxrad͡ʒuːkum	1	وَأَخۡرَجُوكُم
153e4ed5266f	waðˤaːharuː	1	وَظَـٰهَرُواۡ
529d0c99d9e7	ʔixraːd͡ʒikum	1	إِخۡرَاجِكُمۡ
18f52d4511c3	tawalːawhum	1	تَوَلَّوۡهُمۡ
754aa919c013	muhaːd͡ʒiraːt	1	مُهَـٰجِرٰتٍ
879740fc5d9b	famtaħinuːhunː̃	1	فَٱمۡتَحِنُوهُنَّ
c6ced388703c	biʔiːmaːnihinː̃	1	بِإِيمَـٰنِهِنَّ
8451a23e2fce	ʕalimtumuːhunː̃	1	عَلِمۡتُمُوهُنَّ
071b26e1ba55	tard͡ʒiʕuːhunː̃	1	تَرۡجِعُوهُنَّ
80621e38451c	jaħilːuːn	1	يَحِلُّونَ
99ec88b43e63	tumsikuː	1	تُمۡسِكُواۡ
5f0280479812	biʕisˤam	1	بِعِصَمِ
36423f5f723f	ʔalkawaːfir	1	ٱلۡكَوَافِرِ
57998ba13878	waljasʔaluː	1	وَلۡيَسۡــَٔلُواۡ
7c1bd3fa4bb3	faʕaːqabᵊtum	1	فَعَاقَبۡتُمۡ
a72c9abba1f9	faʔaːtuː	1	فَـَٔـاتُواۡ
af9b1e1d9126	ðahabat	1	ذَهَبَتۡ
176779f1f8bb	ʔazwaːd͡ʒuhum	1	أَزۡوٰجُهُم
4d5a877fc82a	jubaːjiʕnak	1	يُبَايِعۡنَكَ
73877a3703f3	juʃrikn	1	يُشۡرِكۡنَ
327797f78027	jasriqᵊn	1	يَسۡرِقۡنَ
275185cacd74	jazniːn	1	يَزۡنِينَ
eae57beb7039	jaqᵊtuln	1	يَقۡتُلۡنَ
899e52fd36ea	bibuhtaːn	1	بِبُهۡتَـٰنٍ
8b9a84a1d05f	jaftariːnahuː	1	يَفۡتَرِينَهُۥ
58b921f6d16b	ʔajdiːhinː̃	1	أَيۡدِيهِنَّ
cf7d50617194	waʔard͡ʒulihinː̃	1	وَأَرۡجُلِهِنَّ
d256d2bf0aca	jaʕsˤiːnak	1	يَعۡصِينَكَ
53d3eb23e991	fabaːjiʕhunː̃	1	فَبَايِعۡهُنَّ
0ddadde63f22	bunjaːn	1	بُنۡيَـٰنٌ
3aa9ceb034eb	marsˤuːsˤ	1	مَّرۡصُوصٌ
68c09faf2295	tuʔðuːnaniː	1	تُؤۡذُونَنِى
8bf9e410af7b	zaːɣuː	1	زَاغُوٓاۡ
a70f826a1b66	ʔazaːɣ	1	أَزَاغَ
cdb0a82604e3	birasuːl	1	بِرَسُولٍ
3d96a66ab9b0	ʔaħmadᵊ	1	أَحۡمَدُ
1a4c1a6e498c	judᵊʕaː	1	يُدۡعَىٰٓ
efe02163c1a9	lijutˤᵊfiʔuː	1	لِيُطۡفِــُٔواۡ
74728bb7e447	mutimː̃	1	مُتِمُّ
e54f1a8fbcab	tuⁿd͡ʒiːkum	1	تُنجِيكُم
5291432da396	watud͡ʒaːhiduːn	1	وَتُجَـٰهِدُونَ
d846d4440e7c	wajudᵊxilkum	1	وَيُدۡخِلۡكُمۡ
f6325329d11a	tuħibːuːnahaː	1	تُحِبُّونَهَا
4dbd31c1fc48	wafatħ	1	وَفَتۡحٌ
177026977c99	lilħawaːrijːiːn	1	لِلۡحَوَارِيِّــۧنَ
c8b8dcb64821	faʔaːmanat	1	فَـَٔـامَنَت
e6f514e2ba2b	wakafarat	1	وَكَفَرَت
cd812391f22e	faʔajːadᵊnaː	1	فَأَيَّدۡنَا
aaa6b5c0a7df	ʕaduwːihim	1	عَدُوِّهِمۡ
9eb2a3c7ffe5	ħumː̃iluː	1	حُمِّلُواۡ
d879744b4046	jaħmiluːhaː	1	يَحۡمِلُوهَا
60709556c2bc	ʔalħimaːr	1	ٱلۡحِمَارِ
baae4e6e45fa	ʔasfaːraː	1	أَسۡفَارَۢا
a7c67aa5442a	jatamanː̃awnahuː	1	يَتَمَنَّوۡنَهُۥٓ
9c8a651bb51a	tafirːuːn	1	تَفِرُّونَ
b4311e4f4896	mulaːqiːkum	1	مُلَـٰقِيكُمۡ
baa5b6e1fa53	lilsˤːalaːh	1	لِلصَّلَوٰةِ
5fe71450f330	ʔald͡ʒumuʕah	1	ٱلۡجُمُعَةِ
428ef064822b	fasʕaw	1	فَٱسۡعَوۡاۡ
066eb2983f19	qudˤijat	1	قُضِيَتِ
08ae7de206b9	ʔiⁿfadˤːuː	1	ٱنفَضُّوٓاۡ
5ca9baa729ae	watarakuːk	1	وَتَرَكُوكَ
31522b971f80	ʔalːahw	1	ٱللَّهۡوِ
274ac54f51d6	ʔatːid͡ʒaːrah	1	ٱلتِّجَـٰرَةِ
969276cc971a	naʃhadᵊ	1	نَشۡهَدُ
f4cef6fff84a	larasuːl	1	لَرَسُولُ
4caabd3281a1	larasuːluhuː	1	لَرَسُولُهُۥ
514ad7f14e41	fatˤubiʕ	1	فَطُبِعَ
4a55c994a8e1	tuʕd͡ʒibuk	1	تُعۡجِبُكَ
e07de83337ea	ʔad͡ʒᵊsaːmuhum	1	أَجۡسَامُهُمۡ
eee8485a5f39	liqawlihim	1	لِقَوۡلِهِمۡ
a5a4ccdcc92a	xuʃubᵊ	1	خُشُبٌ
6bcd51073915	musanː̃adah	1	مُّسَنَّدَةٌ
1f1dffaf0b91	sˤajħah	1	صَيۡحَةٍ
7f470a5fbcf8	ʔalʕaduwː	1	ٱلۡعَدُوُّ
ff4b30e04424	faħðarhum	1	فَٱحۡذَرۡهُمۡ
ef9dd60afab7	lawːaw	1	لَوَّوۡاۡ
ef9181876ca6	waraʔajtahum	1	وَرَأَيۡتَهُمۡ
10d600b96bab	ʔastaɣfart	1	أَسۡتَغۡفَرۡتَ
3fd8318152c3	jaⁿfadˤːuː	1	يَنفَضُّواۡ
13339c1a887d	rad͡ʒaʕnaː	1	رَّجَعۡنَآ
b41cd6a0eebd	lajuxrid͡ʒanː̃	1	لَيُخۡرِجَنَّ
eb04cb78b45a	ʔalʔaʕazː	1	ٱلۡأَعَزُّ
3f91d977ba0d	ʔalʔaðalː	1	ٱلۡأَذَلَّ
e2819378fccc	walirasuːlihiː	1	وَلِرَسُولِهِۦ
8af639a29266	tulhikum	1	تُلۡهِكُمۡ
9f1c05812927	ʔaxːartaniː	1	أَخَّرۡتَنِىٓ
f651cffe2583	faʔasˤːadːaqᵊ	1	فَأَصَّدَّقَ
cd225bcd0542	juʔaxːir	1	يُؤَخِّرَ
e60b0f8fc019	ʔad͡ʒaluhaː	1	أَجَلُهَا
61bfae44f115	faðaːquː	1	فَذَاقُواۡ
2d496435bee4	ʔabaʃar	1	أَبَشَرٌ
a3fa0b57d788	jahduːnanaː	1	يَهۡدُونَنَا
caae835ce90d	zaʕam	1	زَعَمَ
ee18585bf66f	jubᵊʕaθuː	1	يُبۡعَثُواۡ
7f50d02648e0	latubᵊʕaθunː̃	1	لَتُبۡعَثُنَّ
07c30c58c1c5	latunabːaʔunː̃	1	لَتُنَبَّؤُنَّ
9865f83567ff	ʕamiltum	1	عَمِلۡتُمۡ
f0931623d12c	ʔatːaɣaːbun	1	ٱلتَّغَابُنِ
4ca93ed5315a	wajudᵊxilh	1	وَيُدۡخِلۡهُ
26ce29b1fc41	waʔawlaːdikum	1	وَأَوۡلَـٰدِكُمۡ
c2f7c481891e	faħðaruːhum	1	فَٱحۡذَرُوهُمۡ
f3f7b60f2891	watasˤfaħuː	1	وَتَصۡفَحُواۡ
1f6698a991db	wataɣfiruː	1	وَتَغۡفِرُواۡ
6991ee6e974a	tuqᵊridˤuː	1	تُقۡرِضُواۡ
44942c2c22a7	judˤaːʕifh	1	يُضَـٰعِفۡهُ
ce8ed7a2e677	fatˤalːiquːhunː̃	1	فَطَلِّقُوهُنَّ
23edfd883327	liʕidːatihinː̃	1	لِعِدَّتِهِنَّ
fca04add7261	waʔaħsˤuː	1	وَأَحۡصُواۡ
e69855456b51	tuxrid͡ʒuːhunː̃	1	تُخۡرِجُوهُنَّ
37919cd434e8	bujuːtihinː̃	1	بُيُوتِهِنَّ
139f1d355d43	jaxrud͡ʒᵊn	1	يَخۡرُجۡنَ
9a7d44098761	faːriquːhunː̃	1	فَارِقُوهُنَّ
2810684333a6	maxrad͡ʒaː	1	مَخۡرَجًا
afc18024492a	wajarzuqᵊh	1	وَيَرۡزُقۡهُ
ed8141cb76b5	jaħtasibᵊ	1	يَحۡتَسِبُ
2c4210e4a32e	ħasbuhuː	1	حَسۡبُهُۥٓ
efcd2f126de3	qadᵊraː	1	قَدۡرًا
8f241bc2df10	jaʔisn	1	يَئِسۡنَ
01aaec9813d1	faʕidːatuhunː̃	1	فَعِدَّتُهُنَّ
2854393f7ceb	jaħidˤn	1	يَحِضۡنَ
0f817b35ea40	waʔulaːt	1	وَأُوۡلَـٰتُ
75cb22d23ae4	ʔalʔaħmaːl	1	ٱلۡأَحۡمَالِ
bceb48f88568	ʔad͡ʒaluhunː̃	1	أَجَلُهُنَّ
f1159a352ea9	wajuʕðˤim	1	وَيُعۡظِمۡ
6653a604c2e2	ʔaskinuːhunː̃	1	أَسۡكِنُوهُنَّ
f342df8138c9	sakaⁿtum	1	سَكَنتُم
4d4bf952140f	wud͡ʒᵊdikum	1	وُجۡدِكُمۡ
2b063540498a	tudˤaːːːrːuːhunː̃	1	تُضَآرُّوهُنَّ
ace863de6833	litudˤajːiquː	1	لِتُضَيِّقُواۡ
70c57e2059f2	ʔulaːt	1	أُوۡلَـٰتِ
d42484b1fe78	faʔaⁿfiquː	1	فَأَنفِقُواۡ
758dfa68e5b8	ʔardˤaʕn	1	أَرۡضَعۡنَ
430da0c49ac8	waʔtamiruː	1	وَأۡتَمِرُواۡ
898a93f7476c	taʕaːsartum	1	تَعَاسَرۡتُمۡ
f58ad1eaaac2	fasaturdˤiʕ	1	فَسَتُرۡضِعُ
44b6f2d77b2d	lijuⁿfiqᵊ	1	لِيُنفِقۡ
1d58bfeac403	saʕah	1	سَعَةٍ
dfde6496966e	rizquhuː	1	رِزۡقُهُۥ
ac5597a771e6	faljuⁿfiqᵊ	1	فَلۡيُنفِقۡ
feaf0463ba82	ʔaːtaːhaː	1	ءَاتَـٰهَا
24757c17a91b	ʕusr	1	عُسۡرٍ
90dd972ad8fa	ʕatat	1	عَتَتۡ
1400a23d8f33	faħaːsabᵊnaːhaː	1	فَحَاسَبۡنَـٰهَا
d4f77a593d07	waʕaðːabᵊnaːhaː	1	وَعَذَّبۡنَـٰهَا
712034489545	faðaːqat	1	فَذَاقَتۡ
099c1b43e0b3	xusraː	1	خُسۡرًا
1ec255171cce	lijuxrid͡ʒᵊ	1	لِّيُخۡرِجَ
66875ec6b5b3	miθlahunː̃	1	مِثۡلَهُنَّ
aa90f4008f39	jatanazːal	1	يَتَنَزَّلُ
930bac411101	bajnahunː̃	1	بَيۡنَهُنَّ
668614072e38	tuħarːim	1	تُحَرِّمُ
51c4eee2fe85	ʔazwaːd͡ʒik	1	أَزۡوٰجِكَ
e7594baed75a	taħilːah	1	تَحِلَّةَ
12eab92557f8	ʔazwaːd͡ʒihiː	1	أَزۡوٰجِهِۦ
461f7d845bd9	nabːaʔat	1	نَبَّأَتۡ
311bf1996972	waʔaðˤharah	1	وَأَظۡهَرَهُ
8907f8130020	ʕarːaf	1	عَرَّفَ
605312391866	waʔaʕradˤ	1	وَأَعۡرَضَ
8c0d9d78dfa5	nabːaʔahaː	1	نَبَّأَهَا
5ebe60ac6891	ʔaᵐbaʔak	1	أَنۢبَأَكَ
16bad99ff846	nabːaʔaniː	1	نَبَّأَنِىَ
1c34440a7dbd	tatuːbaː	1	تَتُوبَآ
dcd5f1c3bed3	sˤaɣat	1	صَغَتۡ
2b3d7690f61b	quluːbukumaː	1	قُلُوبُكُمَا
aed8bcf79ff1	wasˤaːliħ	1	وَصَـٰلِحُ
7661b81e3acf	tˤalːaqakunː̃	1	طَلَّقَكُنَّ
7e51c5bbb733	jubᵊdilahuː	1	يُبۡدِلَهُۥٓ
9eb8f92c46a5	muslimaːt	1	مُسۡلِمَـٰتٍ
5638cca6620c	taːːʔibaːt	1	تَـٰٓئِبَـٰتٍ
3e654d06b856	ʕaːbidaːt	1	عَـٰبِدٰتٍ
c575fa7d5b36	saːːʔiħaːt	1	سَـٰٓئِحَـٰتٍ
736a33c94aae	θajːibaːt	1	ثَيِّبَـٰتٍ
f2b80886bb35	waʔabᵊkaːraː	1	وَأَبۡكَارًا
b39aa15984cf	quː	1	قُوٓاۡ
74830f7ea12b	waʔahliːkum	1	وَأَهۡلِيكُمۡ
f5bf671b2d3e	ɣilaːðˤ	1	غِلَاظٌ
d1bc15c8082c	jaʕsˤuːn	1	يَعۡصُونَ
9f643a2724d2	nasˤuːħaː	1	نَّصُوحًا
4cef3ee3e1f9	wajudᵊxilakum	1	وَيُدۡخِلَكُمۡ
8bb18abcf1f0	juxziː	1	يُخۡزِى
d12d5cb5ccff	ʔatmim	1	أَتۡمِمۡ
6d34c0bfa90b	nuːranaː	1	نُورَنَا
2e112cbe650f	wamraʔat	1	وَٱمۡرَأَتَ
06b5250004ca	ʕabᵊdajn	1	عَبۡدَيۡنِ
a5fb5d1f24ed	sˤaːliħajn	1	صَـٰلِحَيۡنِ
8f4ee39a6e2b	faxaːnataːhumaː	1	فَخَانَتَاهُمَا
b032c0f3910b	juɣnijaː	1	يُغۡنِيَا
335b9d80ab94	ʔudᵊxulaː	1	ٱدۡخُلَا
a3ff693abb9c	ʔadːaːxiliːn	1	ٱلدّٰخِلِينَ
baf5cd356c45	waʕamalihiː	1	وَعَمَلِهِۦ
09a6fdacdc71	wamarjam	1	وَمَرۡيَمَ
0db23c908ae5	ʔibᵊnat	1	ٱبۡنَتَ
06d1d6bf4ab8	wasˤadːaqat	1	وَصَدَّقَتۡ
8f0299c654ad	ʔalqaːnitiːn	1	ٱلۡقَـٰنِتِينَ
850ef323d879	bijadih	1	بِيَدِهِ
4be35b8770e0	walħajaːh	1	وَٱلۡحَيَوٰةَ
ab6a240df3e5	tafaːwut	1	تَفَـٰوُتٍ
1bc6050ac634	fard͡ʒiʕ	1	فَٱرۡجِعِ
f0e5d9a4a9be	futˤuːr	1	فُطُورٍ
9ca350012c57	karːatajn	1	كَرَّتَيۡنِ
ad3e59a8fb94	xaːsiʔaː	1	خَاسِئًا
4e15864e9cd8	ħasiːr	1	حَسِيرٌ
2cc9df263589	rud͡ʒuːmaː	1	رُجُومًا
0ba1af3adf5d	lilʃːajaːtˤiːn	1	لِّلشَّيَـٰطِينِ
7172a4c1b11f	walilːaðiːn	1	وَلِلَّذِينَ
8c493f915991	ʃahiːqaː	1	شَهِيقًا
164c3682f675	tafuːr	1	تَفُورُ
dbca127455bc	tamajːaz	1	تَمَيَّزُ
0f441eba86fb	saʔalahum	1	سَأَلَهُمۡ
123732763dda	fakaðːabᵊnaː	1	فَكَذَّبۡنَا
acf42ae478f6	naʕqil	1	نَعۡقِلُ
46275344b288	faʕtarafuː	1	فَٱعۡتَرَفُواۡ
6dc2a6ce9976	fasuħqaː	1	فَسُحۡقًا
fcc37062fa14	waʔasirːuː	1	وَأَسِرُّواۡ
5fd112b5f399	qawlakum	1	قَوۡلَكُمۡ
77f7779881e2	ʔid͡ʒᵊharuː	1	ٱجۡهَرُواۡ
9d7a88241ca3	ðaluːlaː	1	ذَلُولًا
b4651a6e9129	famʃuː	1	فَٱمۡشُواۡ
52f002d859d2	manaːkibihaː	1	مَنَاكِبِهَا
f0ed1f5a9d34	rizqihiː	1	رِّزۡقِهِۦ
60e082cc3a84	ʔaʔamiⁿtum	1	ءَأَمِنتُم
8b116a47ee5b	wajaqᵊbidˤn	1	وَيَقۡبِضۡنَ
10acb03713d2	ɣuruːr	1	غُرُورٍ
7d66f7edcfbe	ʔamsak	1	أَمۡسَكَ
809fb8cdbc17	lad͡ʒːuː	1	لَّجُّواۡ
8ee37f753d36	ʕutuwː	1	عُتُوٍّ
bd7cf8e198c1	wanufuːr	1	وَنُفُورٍ
f3ecda19e29a	mukibːaː	1	مُكِبًّا
a54bc0680b64	zulfahaː	1	زُلۡفَةً
209fe4ff2100	siːːʔat	1	سِيٓــَٔتۡ
0cf165b8cddf	ʔahlakaniː	1	أَهۡلَكَنِىَ
440dbaf57cce	raħimanaː	1	رَحِمَنَا
336b6d7e376c	ʔasˤbaħ	1	أَصۡبَحَ
c7c81bfc08e7	maːːʔukum	1	مَآؤُكُمۡ
238e5e378eaf	nuːːːn	1	نٓ
bc36b413b7a7	walqalam	1	وَٱلۡقَلَمِ
6bbf017f85bf	jastˤuruːn	1	يَسۡطُرُونَ
801a33e2228b	fasatubᵊsˤir	1	فَسَتُبۡصِرُ
c5b892bb9834	wajubᵊsˤiruːn	1	وَيُبۡصِرُونَ
eeaab49a56b8	biʔajːikum	1	بِأَييِّكُمُ
cfd2eb05796d	ʔalmaftuːn	1	ٱلۡمَفۡتُونُ
69ec61234f2f	tudᵊhin	1	تُدۡهِنُ
a809691df191	fajudᵊhinuːn	1	فَيُدۡهِنُونَ
5315d33ea74c	ħalːaːf	1	حَلَّافٍ
932f99cf5dad	hamː̃aːz	1	هَمَّازٍ
e8e2cc5f26f3	maʃːaːːʔ	1	مَّشَّآءِۭ
f40ebe4464fd	binamiːm	1	بِنَمِيمٍ
8fb7d5dd34fb	ʕutulː	1	عُتُلِّۭ
56750e6e75f0	zaniːm	1	زَنِيمٍ
a3039960e8e5	sanasimuhuː	1	سَنَسِمُهُۥ
aeac1bc74a54	ʔalxurtˤuːm	1	ٱلۡخُرۡطُومِ
85fb97fd5115	balawnaːhum	1	بَلَوۡنَـٰهُمۡ
630f8c019f90	balawnaː	1	بَلَوۡنَآ
6ef2c5ab0ef9	lajasˤrimunː̃ahaː	1	لَيَصۡرِمُنَّهَا
6fb24acd6bca	jastaθnuːn	1	يَسۡتَثۡنُونَ
5c87d7d0b445	fatˤaːf	1	فَطَافَ
16f2734214d5	faʔasˤbaħat	1	فَأَصۡبَحَتۡ
9c33bc20ec0c	kasˤːariːm	1	كَٱلصَّرِيمِ
37e41558530c	fatanaːdaw	1	فَتَنَادَوۡاۡ
782d93296751	ʔuɣduː	1	ٱغۡدُواۡ
3e2d72a3e341	ħarθikum	1	حَرۡثِكُمۡ
962158087a4a	sˤaːrimiːn	1	صَـٰرِمِينَ
be69957227e9	faⁿtˤalaquː	1	فَٱنطَلَقُواۡ
844693b0cd29	jadᵊxulanː̃ahaː	1	يَدۡخُلَنَّهَا
33d792a2dcb1	waɣadaw	1	وَغَدَوۡاۡ
8080eba37f02	ħardᵊ	1	حَرۡدٍ
20817d3acb7f	raʔawhaː	1	رَأَوۡهَا
d73137abaebf	ʔawsatˤuhum	1	أَوۡسَطُهُمۡ
b41f3ce715a4	tusabːiħuːn	1	تُسَبِّحُونَ
64b35a5be4b1	jatalaːwamuːn	1	يَتَلَـٰوَمُونَ
907f558758d3	jubᵊdilanaː	1	يُبۡدِلَنَا
1e627b32d488	ʔafanad͡ʒᵊʕal	1	أَفَنَجۡعَلُ
a72c0f40d20d	kalmud͡ʒᵊrimiːn	1	كَٱلۡمُجۡرِمِينَ
b85153be3c2d	taxajːaruːn	1	تَخَيَّرُونَ
0bf3893c9699	salhum	1	سَلۡهُمۡ
37c5fa03f44f	jukʃaf	1	يُكۡشَفُ
c59d14604c09	saːqᵊ	1	سَاقٍ
a44617efffa0	wajudᵊʕawn	1	وَيُدۡعَوۡنَ
a59c32465d65	saːlimuːn	1	سَـٰلِمُونَ
23001ce6f032	faðarniː	1	فَذَرۡنِى
4ff6619a0b68	kasˤaːħibᵊ	1	كَصَاحِبِ
5d19cd50abc8	makðˤuːm	1	مَكۡظُومٌ
fc91f7e6ab2a	tadaːrakahuː	1	تَدٰرَكَهُۥ
aa861c24b992	lanubið	1	لَنُبِذَ
2c84bdd9d6d2	maðmuːm	1	مَذۡمُومٌ
5f31ce1feef0	fad͡ʒᵊtabaːh	1	فَٱجۡتَبَـٰهُ
c0ce7b99ead6	lajuzliquːnak	1	لَيُزۡلِقُونَكَ
982a95fa502f	biʔabᵊsˤaːrihim	1	بِأَبۡصَـٰرِهِمۡ
eced060b276c	bilqaːriʕah	1	بِٱلۡقَارِعَةِ
fdf9febcc8e3	bitˤːaːɣijah	1	بِٱلطَّاغِيَةِ
781ce6c6b60a	sˤarsˤar	1	صَرۡصَرٍ
02ed232d4842	ʕaːtijah	1	عَاتِيَةٍ
7ebcb9b06833	waθamaːnijah	1	وَثَمَـٰنِيَةَ
cfe9ee610870	ħusuːmaː	1	حُسُومًا
2a0c726dce74	sˤarʕaː	1	صَرۡعَىٰ
ffa5ba3371ba	baːqijah	1	بَاقِيَةٍ
55f3310b0eee	qabᵊlahuː	1	قَبۡلَهُۥ
34bb00c17f0d	bilxaːtˤiʔah	1	بِٱلۡخَاطِئَةِ
75d12132ad14	faʕasˤaw	1	فَعَصَوۡاۡ
83fa456e8c27	ʔaxðahaː	1	أَخۡذَةً
63dc652d41a7	raːbijahaː	1	رَّابِيَةً
aeb6663631e4	ħamalnaːkum	1	حَمَلۡنَـٰكُمۡ
f018841c761b	ʔald͡ʒaːrijah	1	ٱلۡجَارِيَةِ
9ee49ca21f3b	linad͡ʒᵊʕalahaː	1	لِنَجۡعَلَهَا
4590055a2b0f	wataʕijahaː	1	وَتَعِيَهَآ
c8f28ee09b6c	waːʕijah	1	وٰعِيَةٌ
ba1a02ae0e28	nafxah	1	نَفۡخَةٌ
d930ca1f80c0	waħumilat	1	وَحُمِلَتِ
86bd9894a502	fadukːataː	1	فَدُكَّتَا
c08255568c0e	dakːahaː	1	دَكَّةً
cd4e400ff64a	waⁿʃaqːat	1	وَٱنشَقَّتِ
93719dd8f747	waːhijah	1	وَاهِيَةٌ
0b6b99b95167	ʔard͡ʒaːːʔihaː	1	أَرۡجَآئِهَا
2f8a1857fce1	wajaħmil	1	وَيَحۡمِلُ
3627a3d6f8ad	tuʕradˤuːn	1	تُعۡرَضُونَ
e7001f0e2b54	taxfaː	1	تَخۡفَىٰ
ae799c95725e	xaːfijah	1	خَافِيَةٌ
8120842a669d	haːːʔum	1	هَآؤُمُ
03c819bdac7b	ʔiqᵊraʔuː	1	ٱقۡرَءُواۡ
362adfcaeb21	ðˤanaⁿt	1	ظَنَنتُ
6c88e632ee41	mulaːqᵊ	1	مُلَـٰقٍ
e90ec55c3942	ʔaslaftum	1	أَسۡلَفۡتُمۡ
69ba5ab5aea0	ʔalxaːlijah	1	ٱلۡخَالِيَةِ
6702a0833ff9	biʃimaːlihiː	1	بِشِمَالِهِۦ
a3957c9f1f9b	ʔuːt	1	أُوتَ
df552eb8cb6e	ʔadᵊr	1	أَدۡرِ
639f41991895	jaːlajtahaː	1	يَـٰلَيۡتَهَا
d0de54d1e6e0	ʔalqaːdˤijah	1	ٱلۡقَاضِيَةَ
df84d353acf9	maːlijah	1	مَالِيَهۡ
be558fef24fc	sultˤaːnijah	1	سُلۡطَـٰنِيَهۡ
3edeb8a41894	faɣulːuːh	1	فَغُلُّوهُ
e194d8ff078b	sˤalːuːh	1	صَلُّوهُ
859624ae0136	silsilah	1	سِلۡسِلَةٍ
8bb096c0c46b	ðarʕuhaː	1	ذَرۡعُهَا
67b005c4eab7	sabᵊʕuːn	1	سَبۡعُونَ
c9409191c52a	ðiraːʕaː	1	ذِرَاعًا
8cde72347045	faslukuːh	1	فَٱسۡلُكُوهُ
a2c328992f8f	ɣisliːn	1	غِسۡلِينٍ
a92f8186445e	jaʔkuluhuː	1	يَأۡكُلُهُۥٓ
820b14f5ca42	ʔalxaːtˤiʔuːn	1	ٱلۡخَـٰطِــُٔونَ
49e059b6f9f5	kaːhin	1	كَاهِنٍ
69dfd858f3c3	taqawːal	1	تَقَوَّلَ
7e4739f2f464	ʔalʔaqaːwiːl	1	ٱلۡأَقَاوِيلِ
1a572a68381a	laʔaxaðnaː	1	لَأَخَذۡنَا
0b7965c57fb7	laqatˤaʕnaː	1	لَقَطَعۡنَا
97e67bcca54a	ʔalwatiːn	1	ٱلۡوَتِينَ
feaa7403d778	ħaːd͡ʒiziːn	1	حَـٰجِزِينَ
98b62f07e938	lataðkirah	1	لَتَذۡكِرَةٌ
488ffa9613da	lanaʕlam	1	لَنَعۡلَمُ
5d886d44877d	mukaðːibiːn	1	مُّكَذِّبِينَ
4039fdaebc04	laħasrah	1	لَحَسۡرَةٌ
cbfd588dc3c9	saʔal	1	سَأَلَ
18dd9d6e09d7	saːːʔil	1	سَآئِلُۢ
0d0b72b5b185	ʔalmaʕaːrid͡ʒᵊ	1	ٱلۡمَعَارِجِ
72da87a1c21b	taʕrud͡ʒᵊ	1	تَعۡرُجُ
0c3cd77c5ce3	jarawnahuː	1	يَرَوۡنَهُۥ
6f3eab268a27	wanaraːh	1	وَنَرَٮٰهُ
d3e7c021f26d	jubasˤːaruːnahum	1	يُبَصَّرُونَهُمۡ
f61c0651606b	ʔalmud͡ʒᵊrim	1	ٱلۡمُجۡرِمُ
2c33b9eea3a9	jaftadiː	1	يَفۡتَدِى
47b56aea133f	bibaniːh	1	بِبَنِيهِ
24a74004b51e	wafasˤiːlatih	1	وَفَصِيلَتِهِ
c5c3aae66b82	tuʔwiːh	1	تُــٔۡوِيهِ
d8206476412c	juⁿd͡ʒiːh	1	يُنجِيهِ
aa3f8b9be3f0	laðˤaː	1	لَظَىٰ
d6d5058a5e65	nazːaːʕahaː	1	نَزَّاعَةً
bd20d87a295b	lilʃːawaː	1	لِّلشَّوَىٰ
13d9c70b5787	wad͡ʒamaʕ	1	وَجَمَعَ
b7c88e029ba0	faʔawʕaː	1	فَأَوۡعَىٰٓ
a7e578549507	haluːʕaː	1	هَلُوعًا
f1045ae52fe7	d͡ʒazuːʕaː	1	جَزُوعًا
92f98398f7df	manuːʕaː	1	مَنُوعًا
103eb82ae635	daːːʔimuːn	1	دَآئِمُونَ
0fa5bf44c899	jusˤadːiquːn	1	يُصَدِّقُونَ
2cb89fe0a265	maʔmuːn	1	مَأۡمُونٍ
e3bdcbd55f70	biʃahaːdaːtihim	1	بِشَهَـٰدٰتِهِمۡ
94627d3e57f9	qaːːʔimuːn	1	قَآئِمُونَ
c7dc78afebbf	qibalak	1	قِبَلَكَ
319216cddfd8	ʕiziːn	1	عِزِينَ
accce9964100	ʔajatˤᵊmaʕ	1	أَيَطۡمَعُ
1a0b1601f920	judᵊxal	1	يُدۡخَلَ
0455abf36413	walmaɣaːribᵊ	1	وَٱلۡمَغَـٰرِبِ
2d72509d27ae	nusˤubᵊ	1	نُصُبٍ
9afda3494f0b	juːfidˤuːn	1	يُوفِضُونَ
9a63c07a613b	wajuʔaxːirkum	1	وَيُؤَخِّرۡكُمۡ
44f2423f7e03	juʔaxːar	1	يُؤَخَّرُ
67b2812e46f0	daʕawt	1	دَعَوۡتُ
9a3a208a806f	wanahaːraː	1	وَنَهَارًا
11cf916539c9	jazidᵊhum	1	يَزِدۡهُمۡ
3407534a1f6f	duʕaːːʔiː	1	دُعَآءِىٓ
9316e5c2c5b0	litaɣfir	1	لِتَغۡفِرَ
879419caf583	wastaɣʃaw	1	وَٱسۡتَغۡشَوۡاۡ
09776293da17	waʔasˤarːuː	1	وَأَصَرُّواۡ
0603eca3663f	d͡ʒihaːraː	1	جِهَارًا
95f5274aa75e	ʔaʕlaⁿt	1	أَعۡلَنتُ
a3cb91022bf3	waʔasrart	1	وَأَسۡرَرۡتُ
a3a263d80a18	ʔisraːraː	1	إِسۡرَارًا
749459a34590	faqult	1	فَقُلۡتُ
9c2544272b32	ɣafːaːraː	1	غَفَّارًا
4e67e68cfd16	wajumdidᵊkum	1	وَيُمۡدِدۡكُم
6c66310a061c	tard͡ʒuːn	1	تَرۡجُونَ
84f2a6e43fb1	waqaːraː	1	وَقَارًا
7a097d24c10d	ʔatˤᵊwaːraː	1	أَطۡوَارًا
0361f1f1fe89	ʔaᵐbatakum	1	أَنۢبَتَكُم
f8064d48c3e0	juʕiːdukum	1	يُعِيدُكُمۡ
74ba88fccffa	wajuxrid͡ʒukum	1	وَيُخۡرِجُكُمۡ
716d9d3ff9f8	ʔixraːd͡ʒaː	1	إِخۡرَاجًا
4062cfd2cde8	bisaːtˤaː	1	بِسَاطًا
c509f6ebac80	litaslukuː	1	لِّتَسۡلُكُواۡ
a346ca291d71	ʕasˤawniː	1	عَصَوۡنِى
e3740f6f7aad	jazidᵊh	1	يَزِدۡهُ
9f72b5c09ccb	wawaladuhuː	1	وَوَلَدُهُۥٓ
5f6f3a12065b	kubːaːraː	1	كُبَّارًا
7e9cce90903b	wadːaː	1	وَدًّا
d2d7ba557e22	suwaːʕaː	1	سُوَاعًا
149f69487cf5	jaɣuːθ	1	يَغُوثَ
49055c598ca9	wajaʕuːqᵊ	1	وَيَعُوقَ
2c686e61d5ad	wanasraː	1	وَنَسۡرًا
f79faafd8f45	ʔadˤalːuː	1	أَضَلُّواۡ
4f5f54ac67de	xatˤiːːʔaːtihim	1	خَطِيٓـَٔـٰتِهِمۡ
57d47f73a2bc	ʔuɣriquː	1	أُغۡرِقُواۡ
2d8e06501264	faʔudᵊxiluː	1	فَأُدۡخِلُواۡ
3650f389cf92	ʔaⁿsˤaːraː	1	أَنصَارًا
686d65094b81	dajːaːraː	1	دَيَّارًا
ed88489d0d81	taðarhum	1	تَذَرۡهُمۡ
7b207b380358	judˤilːuː	1	يُضِلُّواۡ
cee43bfa4cdb	jaliduː	1	يَلِدُوٓاۡ
cf76a8723f6c	faːd͡ʒiraː	1	فَاجِرًا
f454d5b6f68e	kafːaːraː	1	كَفَّارًا
dc9fb1fffc9f	tabaːraː	1	تَبَارَۢا
ecc66fca7e2d	ʔistamaʕ	1	ٱسۡتَمَعَ
b45be81363fa	d͡ʒadːᵊ	1	جَدُّ
0d75afc059ac	sˤaːħibahaː	1	صَـٰحِبَةً
af2ca7627612	safiːhunaː	1	سَفِيهُنَا
f057868f0036	jaʕuːðuːn	1	يَعُوذُونَ
e563dcc60c98	birid͡ʒaːl	1	بِرِجَالٍ
4d78921b3b3c	fazaːduːhum	1	فَزَادُوهُمۡ
4deb8ff48c42	ðˤanː̃uː	1	ظَنُّواۡ
8477383aaf67	lamasnaː	1	لَمَسۡنَا
e9018c5e2fbf	fawad͡ʒadᵊnaːhaː	1	فَوَجَدۡنَـٰهَا
2b0e3c687f55	muliʔat	1	مُلِئَتۡ
e914109a2723	ħarasaː	1	حَرَسًا
868965d65df0	waʃuhubaː	1	وَشُهُبًا
3872c456926d	naqᵊʕudᵊ	1	نَقۡعُدُ
27b180846801	lilsːamʕ	1	لِلسَّمۡعِ
f8cccd9d9bff	ʔalʔan	1	ٱلۡأَنَ
2b1ab7568197	ʃihaːbaː	1	شِهَابًا
2d8b9e1e9019	ʔaʃarː	1	أَشَرٌّ
e55d05632522	qidadaː	1	قِدَدًا
20b5b1c37bba	nuʕd͡ʒiz	1	نُّعۡجِزَ
29b2c4f0b7b5	nuʕd͡ʒizahuː	1	نُّعۡجِزَهُۥ
2a7aa7ea8ebf	harabaː	1	هَرَبًا
3dd68f4784d4	birabːihiː	1	بِرَبِّهِۦ
33001c075e85	baxsaː	1	بَخۡسًا
dce5b35dcd6b	ʔalmuslimuːn	1	ٱلۡمُسۡلِمُونَ
ff243822a498	taħarːaw	1	تَحَرَّوۡاۡ
1aaaa27ac6d0	ħatˤabaː	1	حَطَبًا
f010f7ec8649	waʔalːaw	1	وَأَلَّوِ
fc978d8830bc	ʔatˤːariːqah	1	ٱلطَّرِيقَةِ
fecf4b7f1cda	laʔasqajnaːhum	1	لَأَسۡقَيۡنَـٰهُم
2a46e06b3d56	ɣadaqaː	1	غَدَقًا
cfe00cd5b3cc	juʕridˤ	1	يُعۡرِضۡ
9fc123b35206	jaslukh	1	يَسۡلُكۡهُ
ac8b1cb089f4	sˤaʕadaː	1	صَعَدًا
0fbc11dce1f4	qaːm	1	قَامَ
dc7810a01130	jadᵊʕuːh	1	يَدۡعُوهُ
c2bcc08807e7	jakuːnuːn	1	يَكُونُونَ
9a9297a3fa00	libadaː	1	لِبَدًا
fef834ac8130	jud͡ʒiːraniː	1	يُجِيرَنِى
747c0aac2c7a	balaːɣaː	1	بَلَـٰغًا
084bb6db1fef	warisaːlaːtihiː	1	وَرِسَـٰلَـٰتِهِۦ
133495b2de26	ʔadˤʕaf	1	أَضۡعَفُ
f104db721d36	naːsˤiraː	1	نَاصِرًا
cf1687ba96cc	waʔaqalː	1	وَأَقَلُّ
887406ae112b	ɣajbihiː	1	غَيۡبِهِۦٓ
22d01a5d5ab9	jasluk	1	يَسۡلُكُ
d4c563cbc289	ʔabᵊlaɣuː	1	أَبۡلَغُواۡ
f78ec12271b9	waʔaħaːtˤᵊ	1	وَأَحَاطَ
5e4e122af6ca	waʔaħsˤaː	1	وَأَحۡصَىٰ
8c6e6af8a926	ʔalmuzːamː̃il	1	ٱلۡمُزَّمِّلُ
3cdf49b205c1	nisˤfahuː	1	نِّصۡفَهُۥٓ
52579f6e956c	ʔuⁿqusˤ	1	ٱنقُصۡ
6d9ee12efb3a	zidᵊ	1	زِدۡ
015b1739203a	waratːil	1	وَرَتِّلِ
bd5c9ed6ac8f	naːʃiʔah	1	نَاشِئَةَ
00d584f8ff70	watˤᵊʔaː	1	وَطۡــًٔا
2d4cbc510c85	watabatːal	1	وَتَبَتَّلۡ
39296cf61627	tabᵊtiːlaː	1	تَبۡتِيلًا
b4b435e0bd9a	fatːaxiðh	1	فَٱتَّخِذۡهُ
f2d127293fd0	wahd͡ʒurhum	1	وَٱهۡجُرۡهُمۡ
4b24486d437f	had͡ʒᵊraː	1	هَجۡرًا
3d52b37c13db	waðarniː	1	وَذَرۡنِى
4804667041a5	walmukaðːibiːn	1	وَٱلۡمُكَذِّبِينَ
76a1a01fd9eb	ʔanː̃aʕmah	1	ٱلنَّعۡمَةِ
aaa7c387484c	wamahːilhum	1	وَمَهِّلۡهُمۡ
12fb466fbd95	ʔaⁿkaːlaː	1	أَنكَالًا
e7e0a07053a8	wad͡ʒaħiːmaː	1	وَجَحِيمًا
e3f679bf461e	watˤaʕaːmaː	1	وَطَعَامًا
c7f199e2bd78	ɣusˤːah	1	غُصَّةٍ
28dbbc20242f	waʕaðaːbaː	1	وَعَذَابًا
6d32a6a3bafc	kaθiːbaː	1	كَثِيبًا
b58f9cc49d48	mahiːlaː	1	مَّهِيلًا
b378f59a25e7	faʕasˤaː	1	فَعَصَىٰ
1cf44a6b89c5	ʔaxðaː	1	أَخۡذًا
ac82c149d92c	wabiːlaː	1	وَبِيلًا
792add759576	ʃiːbaː	1	شِيبًا
eb023f666784	muⁿfatˤir	1	مُنفَطِرُۢ
2555dbe3129a	θuluθaj	1	ثُلُثَىِ
72dd1a61c6e2	wanisˤfahuː	1	وَنِصۡفَهُۥ
332c4ba589e3	waθuluθahuː	1	وَثُلُثَهُۥ
3f213ae76dbc	juqadːir	1	يُقَدِّرُ
1e6d4b8fed37	tuħsˤuːh	1	تُحۡصُوهُ
27ee8d4ac8c9	sajakuːn	1	سَيَكُونُ
beef88186fa1	waʔaqᵊridˤuː	1	وَأَقۡرِضُواۡ
ed184c6901a1	waʔaʕðˤam	1	وَأَعۡظَمَ
ec7554d167dc	ʔalmudːaθːir	1	ٱلۡمُدَّثِّرُ
ef71aa5b879e	faʔaⁿðir	1	فَأَنذِرۡ
5a860e2441d4	warabːak	1	وَرَبَّكَ
26302d0a694d	fakabːir	1	فَكَبِّرۡ
0bf062e52976	waθijaːbak	1	وَثِيَابَكَ
9b2ac664c647	fatˤahːir	1	فَطَهِّرۡ
f43e7bd52033	warːud͡ʒᵊz	1	وَٱلرُّجۡزَ
3d795f8a7eb6	fahd͡ʒur	1	فَٱهۡجُرۡ
22cd913fcee2	tamnun	1	تَمۡنُن
4daba9bd69ca	tastakθir	1	تَسۡتَكۡثِرُ
8dd0e3982adc	walirabːik	1	وَلِرَبِّكَ
a851c9dee356	nuqir	1	نُقِرَ
283807afecd0	ʔanː̃aːquːr	1	ٱلنَّاقُورِ
07ede9dce590	ʕasiːr	1	عَسِيرٌ
07feb2c60823	ðarniː	1	ذَرۡنِى
a94e7250bf91	waħiːdaː	1	وَحِيدًا
dc7cd8aa7fb4	wad͡ʒaʕalt	1	وَجَعَلۡتُ
a787ab6c3e32	mamduːdaː	1	مَّمۡدُودًا
a15789e7941a	wamahːatː	1	وَمَهَّدتُّ
54bb35c8fb79	tamhiːdaː	1	تَمۡهِيدًا
9fe16bf5d112	jatˤᵊmaʕ	1	يَطۡمَعُ
41a8b99e567e	ʔaziːdᵊ	1	أَزِيدَ
d2194587a559	liʔajaːtinaː	1	لِأَيَـٰتِنَا
2150713b2435	ʕaniːdaː	1	عَنِيدًا
ddd0064d4aa8	saʔurhiquhuː	1	سَأُرۡهِقُهُۥ
bf5ef7de7683	sˤaʕuːdaː	1	صَعُودًا
b4af9cb06d31	fakːar	1	فَكَّرَ
09a98268d271	faqutil	1	فَقُتِلَ
f46355168348	wabasar	1	وَبَسَرَ
9c6df31d3067	juʔθar	1	يُؤۡثَرُ
9d7d184e8f81	saʔusˤliːh	1	سَأُصۡلِيهِ
7d42b539f4f4	tubᵊqiː	1	تُبۡقِى
110d5c867a7c	lawːaːħah	1	لَوَّاحَةٌ
898d1a2a4b8e	ʕidːatahum	1	عِدَّتَهُمۡ
b0f605cfd08e	lijastajqin	1	لِيَسۡتَيۡقِنَ
e99f42955008	wajazdaːdᵊ	1	وَيَزۡدَادَ
c33be980ae4a	jartaːbᵊ	1	يَرۡتَابَ
0c8e1a283e53	walijaquːl	1	وَلِيَقُولَ
fb4304a8c2cc	ʔasfar	1	أَسۡفَرَ
83e2ad9ca3d5	laʔiħdaː	1	لَإِحۡدَى
5232bab44c5b	ʔalkubar	1	ٱلۡكُبَرِ
cb8a076bcdc5	jataqadːam	1	يَتَقَدَّمَ
d42b3c32386f	jataʔaxːar	1	يَتَأَخَّرَ
5c3f17f65d9e	rahiːnah	1	رَهِينَةٌ
5cffae6aeb8b	salakakum	1	سَلَكَكُمۡ
f0e78abb44b0	nutˤᵊʕim	1	نُطۡعِمُ
46483692d2b6	ʔalxaːːʔidˤiːn	1	ٱلۡخَآئِضِينَ
c474f77bc15b	ʔataːnaː	1	أَتَـٰنَا
b8e5104865e8	taⁿfaʕuhum	1	تَنفَعُهُمۡ
48342db12130	ʔaʃːaːfiʕiːn	1	ٱلشَّـٰفِعِينَ
bd2863527cb1	ʔatːaðkirah	1	ٱلتَّذۡكِرَةِ
88ce57881c0f	ħumur	1	حُمُرٌ
aa184b5c1e6d	mustaⁿfirah	1	مُّسۡتَنفِرَةٌ
467b91e43520	farːat	1	فَرَّتۡ
4026d61dfa52	qaswarah	1	قَسۡوَرَةِۭ
f526d85675a6	munaʃːarahaː	1	مُّنَشَّرَةً
f212d95c9d16	waʔahl	1	وَأَهۡلُ
cf2a7b66a6cc	ʔalːawːaːmah	1	ٱللَّوَّامَةِ
53f066b77fca	nad͡ʒᵊmaʕ	1	نَّجۡمَعَ
2bbd37b49f01	ʕiðˤaːmahuː	1	عِظَامَهُۥ
e39a8e793f55	nusawːiː	1	نُّسَوِّىَ
15ab142d41df	banaːnahuː	1	بَنَانَهُۥ
78f74ef8dc54	lijafd͡ʒur	1	لِيَفۡجُرَ
4b5ab69b84fc	ʔamaːmahuː	1	أَمَامَهُۥ
9b70b4e1a238	bariqᵊ	1	بَرِقَ
f45e7750fd2f	waxasaf	1	وَخَسَفَ
a06bb0a501f3	wad͡ʒumiʕ	1	وَجُمِعَ
7303be4d24cb	ʔalmafarː	1	ٱلۡمَفَرُّ
255fbac7f1a7	wazar	1	وَزَرَ
d0d89542e982	ʔalmustaqarː	1	ٱلۡمُسۡتَقَرُّ
16ee89a0ee71	waʔaxːar	1	وَأَخَّرَ
c35bf12aa1d7	maʕaːðiːrahuː	1	مَعَاذِيرَهُۥ
e5ad30461fc2	tuħarːik	1	تُحَرِّكۡ
6ff0d03511fd	lisaːnak	1	لِسَانَكَ
ca4f0cadd8c0	litaʕd͡ʒal	1	لِتَعۡجَلَ
7232e7099b83	d͡ʒamʕahuː	1	جَمۡعَهُۥ
046a4bcea5d9	waqurʔaːnahuː	1	وَقُرۡءَانَهُۥ
b967e81dd324	qaraʔnaːh	1	قَرَأۡنَـٰهُ
44a63cd56a97	fatːabiʕ	1	فَٱتَّبِعۡ
7e605b27c1a2	qurʔaːnahuː	1	قُرۡءَانَهُۥ
ad14b9f9294d	bajaːnahuː	1	بَيَانَهُۥ
ace4429847c3	naːdˤirah	1	نَّاضِرَةٌ
f4b5d72302a7	naːðˤirah	1	نَاظِرَةٌ
da3e270ff2fa	baːsirah	1	بَاسِرَةٌ
29dab77753db	taðˤunː̃	1	تَظُنُّ
54c5dd53dfe5	faːqirah	1	فَاقِرَةٌ
aa718380bf8e	ʔatːaraːqiː	1	ٱلتَّرَاقِىَ
079a73a283ec	raːqᵊ	1	رَاقٍ
899ca37441b6	ʔalfiraːqᵊ	1	ٱلۡفِرَاقُ
3234bc4a22a2	waltafːat	1	وَٱلۡتَفَّتِ
25d77a66727b	ʔasːaːqᵊ	1	ٱلسَّاقُ
9d31ee00fa06	bisːaːqᵊ	1	بِٱلسَّاقِ
e9e95456268a	ʔalmasaːqᵊ	1	ٱلۡمَسَاقُ
81607e0da559	jatamatˤːaː	1	يَتَمَطَّىٰٓ
cdd0ecd2bcde	jutrak	1	يُتۡرَكَ
998443aca212	sudaː	1	سُدًى
e61d38f42909	manijː	1	مَّنِىٍّ
78de4d3d0b82	jumnaː	1	يُمۡنَىٰ
4eb262afb10e	faxalaqᵊ	1	فَخَلَقَ
cee25b4ff3af	maðkuːraː	1	مَّذۡكُورًا
cec5c08c5e02	ʔamʃaːd͡ʒᵊ	1	أَمۡشَاجٍ
cdbb20afa22f	nabᵊtaliːh	1	نَّبۡتَلِيهِ
d957056a3aed	hadajnaːh	1	هَدَيۡنَـٰهُ
ce88f81b7606	salaːsil	1	سَلَـٰسِلَاۡ
99e43ca87514	waʔaɣlaːlaː	1	وَأَغۡلَـٰلًا
b9f4cbf503e4	wasaʕiːraː	1	وَسَعِيرًا
80b1f6ba2fad	jaʃrabuːn	1	يَشۡرَبُونَ
dfc93153f398	kaʔs	1	كَأۡسٍ
2663873fb26d	kaːfuːraː	1	كَافُورًا
a13f12b124a3	jufad͡ʒːiruːnahaː	1	يُفَجِّرُونَهَا
c5ca75c159ad	binː̃aðr	1	بِٱلنَّذۡرِ
ab8e6e11882e	ʃarːuhuː	1	شَرُّهُۥ
28fc8cd0f0a5	mustatˤiːraː	1	مُسۡتَطِيرًا
efa25abac99a	wajutˤᵊʕimuːn	1	وَيُطۡعِمُونَ
ebe549835f47	wajatiːmaː	1	وَيَتِيمًا
7078c85c9887	waʔasiːraː	1	وَأَسِيرًا
64a8e1f88f87	nutˤᵊʕimukum	1	نُطۡعِمُكُمۡ
b772b30f938d	liwad͡ʒᵊh	1	لِوَجۡهِ
e89d39a48f18	ʕabuːsaː	1	عَبُوسًا
3a7aadde5d88	qamtˤariːraː	1	قَمۡطَرِيرًا
05ff2aed943f	fawaqaːhum	1	فَوَقَـٰهُمُ
443a3e612c4e	walaqːaːhum	1	وَلَقَّـٰهُمۡ
ae96f6033036	nadˤrahaː	1	نَضۡرَةً
ff6ca07c3571	wasuruːraː	1	وَسُرُورًا
b47d52162001	wad͡ʒazaːhum	1	وَجَزَٮٰهُم
56c6d7f1f42d	d͡ʒanː̃ahaː	1	جَنَّةً
131cc87a658f	waħariːraː	1	وَحَرِيرًا
641e8b23f9ab	ʃamsaː	1	شَمۡسًا
c7bb7ba551c2	zamhariːraː	1	زَمۡهَرِيرًا
b3e777b30954	wadaːnijahaː	1	وَدَانِيَةً
200212415a2e	ðˤilaːluhaː	1	ظِلَـٰلُهَا
995b8c517027	waðulːilat	1	وَذُلِّلَتۡ
68aa19eb635d	taðliːlaː	1	تَذۡلِيلًا
eb72ed1d6e77	wajutˤaːf	1	وَيُطَافُ
fe7486db5c37	biʔaːnijah	1	بِـَٔـانِيَةٍ
a257049fc9e1	qawaːriːraː	1	قَوَارِيرَاۡ
0027c77d9eda	qadːaruːhaː	1	قَدَّرُوهَا
8d8c9050bc09	wajusqawn	1	وَيُسۡقَوۡنَ
506876c38682	zaⁿd͡ʒabiːlaː	1	زَنجَبِيلًا
e6078963ed07	tusamː̃aː	1	تُسَمَّىٰ
e379be1947c2	salsabiːlaː	1	سَلۡسَبِيلًا
edf43d9a5896	ħasibᵊtahum	1	حَسِبۡتَهُمۡ
3ab1553bc1b7	luʔluʔaː	1	لُؤۡلُؤًا
187b669201f6	naʕiːmaː	1	نَعِيمًا
a1a67c5a919c	wamulkaː	1	وَمُلۡكًا
cd725879dffb	ʕaːlijahum	1	عَـٰلِيَهُمۡ
1056f1c00c6d	waħulːuː	1	وَحُلُّوٓاۡ
d1982b288adb	wasaqaːhum	1	وَسَقَـٰهُمۡ
d0cc2af0da38	saʕjukum	1	سَعۡيُكُم
55cb836d9289	ʔaːθimaː	1	ءَاثِمًا
d32e5c733aa8	fasd͡ʒudᵊ	1	فَٱسۡجُدۡ
011907e654b7	wasabːiħh	1	وَسَبِّحۡهُ
954e6104fdb8	ʔasrahum	1	أَسۡرَهُمۡ
35d901885328	waðˤːaːlimiːn	1	وَٱلظَّـٰلِمِينَ
bfc09ba5c9c3	walmursalaːt	1	وَٱلۡمُرۡسَلَـٰتِ
a4c5b525561b	ʕurfaː	1	عُرۡفًا
4db879129169	falʕaːsˤifaːt	1	فَٱلۡعَـٰصِفَـٰتِ
db76723e1fb1	ʕasˤfaː	1	عَصۡفًا
ebb8ae9295cd	wanː̃aːʃiraːt	1	وَٱلنَّـٰشِرٰتِ
d15461fb9835	naʃraː	1	نَشۡرًا
6789efe6077b	falfaːriqaːt	1	فَٱلۡفَـٰرِقَـٰتِ
8da4703f247b	farqaː	1	فَرۡقًا
a83b903d12ba	falmulqijaːt	1	فَٱلۡمُلۡقِيَـٰتِ
146e2b04951b	nuðraː	1	نُذۡرًا
98988c76d008	tˤumisat	1	طُمِسَتۡ
6e42668cef41	furid͡ʒat	1	فُرِجَتۡ
cfc906ebab09	nusifat	1	نُسِفَتۡ
f2a40417a545	ʔuqːitat	1	أُقِّتَتۡ
7b8d42f229a2	liʔajː	1	لِأَىِّ
79a94829e585	ʔud͡ʒːilat	1	أُجِّلَتۡ
ab092a06576d	nutbiʕuhum	1	نُتۡبِعُهُمُ
3902711a76d8	naxlukːum	1	نَخۡلُقكُّم
b1e04c595ecc	faqadarnaː	1	فَقَدَرۡنَا
d616bc5cfcb5	ʔalqaːdiruːn	1	ٱلۡقَـٰدِرُونَ
d4c431c27c5b	kifaːtaː	1	كِفَاتًا
ac5dce657982	ʔaħjaːːʔaː	1	أَحۡيَآءً
42475165531b	waʔamwaːtaː	1	وَأَمۡوٰتًا
d24061ee25bd	ʃaːmixaːt	1	شَـٰمِخَـٰتٍ
8bfa4807d458	waʔasqajnaːkum	1	وَأَسۡقَيۡنَـٰكُم
98ac912aae6b	furaːtaː	1	فُرَاتًا
3df7cedade85	ðˤilː	1	ظِلٍّ
b3006ec0ccab	ʃuʕabᵊ	1	شُعَبٍ
d5a10f5d9ef0	ðˤaliːl	1	ظَلِيلٍ
957d0ab36a39	ʔalːahabᵊ	1	ٱللَّهَبِ
ceab819382a3	tarmiː	1	تَرۡمِى
e430bd0b0c0d	biʃarar	1	بِشَرَرٍ
f4d1c0791dce	kalqasˤr	1	كَٱلۡقَصۡرِ
177173c837e9	d͡ʒimaːlat	1	جِمَـٰلَتٌ
3b02456df429	sˤufr	1	صُفۡرٌ
8fe11f0e81bd	fajaʕtaðiruːn	1	فَيَعۡتَذِرُونَ
b01f276d6c99	d͡ʒamaʕnaːkum	1	جَمَعۡنَـٰكُمۡ
b48d8bd19a5e	walʔawːaliːn	1	وَٱلۡأَوَّلِينَ
1dc8ec7a6cb1	fakiːduːn	1	فَكِيدُونِ
7a85b02e81ef	wafawaːkih	1	وَفَوٰكِهَ
db5df1c7dec9	watamatːaʕuː	1	وَتَمَتَّعُواۡ
a81c0cc1619e	jarkaʕuːn	1	يَرۡكَعُونَ
bb63d4c96461	ʕamː̃	1	عَمَّ
1749e40cea58	ʔanː̃abaʔ	1	ٱلنَّبَإِ
9ddbf14e3c06	muxtalifuːn	1	مُخۡتَلِفُونَ
4e9230730582	mihaːdaː	1	مِهَـٰدًا
59a7a9c8eba0	ʔawtaːdaː	1	أَوۡتَادًا
e6e30c23fa05	waxalaqᵊnaːkum	1	وَخَلَقۡنَـٰكُمۡ
83b987dcc189	nawmakum	1	نَوۡمَكُمۡ
84d08cf001dd	maʕaːʃaː	1	مَعَاشًا
22549f011c38	wabanajnaː	1	وَبَنَيۡنَا
7db7cedd529e	ʃidaːdaː	1	شِدَادًا
8543ac96aa61	wahːaːd͡ʒaː	1	وَهَّاجًا
308afc9958b2	ʔalmuʕsˤiraːt	1	ٱلۡمُعۡصِرٰتِ
c2f3f820d058	θad͡ʒːaːd͡ʒaː	1	ثَجَّاجًا
852f4a58ed9c	linuxrid͡ʒᵊ	1	لِّنُخۡرِجَ
e5ee80c2b751	wanabaːtaː	1	وَنَبَاتًا
614aa4900aff	ʔalfaːfaː	1	أَلۡفَافًا
81631c6258b5	miːqaːtaː	1	مِيقَـٰتًا
ec18e47f3ef8	fataʔtuːn	1	فَتَأۡتُونَ
a61254f32a28	wasujːirat	1	وَسُيِّرَتِ
27de96f1fa13	saraːbaː	1	سَرَابًا
bdad87a8bbd7	mirsˤaːdaː	1	مِرۡصَادًا
f517abf260f2	laːbiθiːn	1	لَّـٰبِثِينَ
950693606298	ʔaħqaːbaː	1	أَحۡقَابًا
e38688f397e8	waɣasːaːqaː	1	وَغَسَّاقًا
3da735d440f2	wifaːqaː	1	وِفَاقًا
f6c09477036a	naziːdakum	1	نَّزِيدَكُمۡ
ea26731d3076	mafaːzaː	1	مَفَازًا
9108027273f5	waʔaʕnaːbaː	1	وَأَعۡنَـٰبًا
6fd09cdb9afe	wakawaːʕibᵊ	1	وَكَوَاعِبَ
2a90a3130d40	wakaʔsaː	1	وَكَأۡسًا
1e3c95963bcd	dihaːqaː	1	دِهَاقًا
978bc83701f1	xitˤaːbaː	1	خِطَابًا
af20466b3930	jatakalːamuːn	1	يَتَكَلَّمُونَ
4de2b6f37d5e	sˤawaːbaː	1	صَوَابًا
4b614d585ea7	ʔaⁿðarnaːkum	1	أَنذَرۡنَـٰكُمۡ
bab9d993453a	wanː̃aːziʕaːt	1	وَٱلنَّـٰزِعَـٰتِ
917e72c1ed7e	ɣarqaː	1	غَرۡقًا
d4ad1332c323	wanː̃aːʃitˤaːt	1	وَٱلنَّـٰشِطَـٰتِ
1706eb04ae9b	naʃtˤaː	1	نَشۡطًا
6b3ec30d61df	wasːaːbiħaːt	1	وَٱلسَّـٰبِحَـٰتِ
e26d379670b2	fasːaːbiqaːt	1	فَٱلسَّـٰبِقَـٰتِ
239f66147ae8	sabᵊqaː	1	سَبۡقًا
31bdba7185c6	falmudabːiraːt	1	فَٱلۡمُدَبِّرٰتِ
b94bcff07f10	ʔarːaːd͡ʒifah	1	ٱلرَّاجِفَةُ
935e21b8e8d7	tatbaʕuhaː	1	تَتۡبَعُهَا
d360e28f806c	ʔarːaːdifah	1	ٱلرَّادِفَةُ
d82106ee94bc	waːd͡ʒifah	1	وَاجِفَةٌ
6d134d7046d5	ʔabᵊsˤaːruhaː	1	أَبۡصَـٰرُهَا
10ef5a13d208	lamarduːduːn	1	لَمَرۡدُودُونَ
55651425eac1	ʔalħaːfirah	1	ٱلۡحَافِرَةِ
43ed0c4a12b2	naxirahaː	1	نَّخِرَةً
e0843027fc57	karːah	1	كَرَّةٌ
095d0e28ce1f	xaːsirah	1	خَاسِرَةٌ
8c68b1ffefac	bisːaːhirah	1	بِٱلسَّاهِرَةِ
25c7fa92a62c	naːdaːh	1	نَادَٮٰهُ
411c1af45f48	waʔahdijak	1	وَأَهۡدِيَكَ
2daa1b89922a	fataxʃaː	1	فَتَخۡشَىٰ
f45d8073b30a	faʔaraːh	1	فَأَرَٮٰهُ
ade062da54aa	ʔalʔajah	1	ٱلۡأَيَةَ
b496e3318dd5	faħaʃar	1	فَحَشَرَ
61c738130204	faʔaxaðah	1	فَأَخَذَهُ
fe2101746319	nakaːl	1	نَكَالَ
437ad6526a8a	samkahaː	1	سَمۡكَهَا
45407f94a826	waʔaɣtˤaʃ	1	وَأَغۡطَشَ
220ac98ea6fd	waʔaxrad͡ʒᵊ	1	وَأَخۡرَجَ
516b263977d4	daħaːhaː	1	دَحَـٰهَآ
84d8d084fe48	maːːʔahaː	1	مَآءَهَا
76bc8a1c5856	wamarʕaːhaː	1	وَمَرۡعَـٰهَا
5b76d98c6385	ʔarsaːhaː	1	أَرۡسَـٰهَا
f12206e67811	ʔatˤːaːːːmː̃ah	1	ٱلطَّآمَّةُ
9fa5097e7e5e	waʔaːθar	1	وَءَاثَرَ
2171be1d44db	wanahaː	1	وَنَهَى
068874c7a776	ðikraːhaː	1	ذِكۡرَٮٰهَآ
e7001401d338	muⁿtahaːhaː	1	مُنتَهَـٰهَآ
fd90b64c0b15	jaxʃaːhaː	1	يَخۡشَـٰهَا
87ef79e67e71	ʕaʃijːahaː	1	عَشِيَّةً
a223a5e86752	fataⁿfaʕah	1	فَتَنفَعَهُ
9798c8dfb6d9	tasˤadːaː	1	تَصَدَّىٰ
dfc674e6a33c	talahːaː	1	تَلَهَّىٰ
aca114de6ad7	mukarːamah	1	مُّكَرَّمَةٍ
27fbdd366b02	biʔajdiː	1	بِأَيۡدِى
5c394af7ad65	safarah	1	سَفَرَةٍ
f09ea48bdca5	kiraːm	1	كِرَامِۭ
7e65f4ff3739	bararah	1	بَرَرَةٍ
42ba7fda6e67	ʔakfarahuː	1	أَكۡفَرَهُۥ
e59a4a96fc64	jasːarahuː	1	يَسَّرَهُۥ
fd9d5eb37447	ʔamaːtahuː	1	أَمَاتَهُۥ
0386919a3323	faʔaqᵊbarahuː	1	فَأَقۡبَرَهُۥ
bcb2b816cb1e	ʔaⁿʃarahuː	1	أَنشَرَهُۥ
b08bae96b5e6	jaqᵊdˤ	1	يَقۡضِ
09531309845c	ʔamarahuː	1	أَمَرَهُۥ
7c5abc565a1d	tˤaʕaːmihiː	1	طَعَامِهِۦٓ
51b59ca98075	sˤababᵊnaː	1	صَبَبۡنَا
bd5c44d81da7	sˤabːaː	1	صَبًّا
671ba6070493	ʃaqaqᵊnaː	1	شَقَقۡنَا
4c0cc6d8a3f1	ʃaqːaː	1	شَقًّا
6ec52e3ca8df	waʕinabaː	1	وَعِنَبًا
914534997e35	waqadˤbaː	1	وَقَضۡبًا
dddfd25abefc	wazajtuːnaː	1	وَزَيۡتُونًا
a515c9e41c04	wanaxlaː	1	وَنَخۡلًا
d330970edc12	waħadaːːʔiqᵊ	1	وَحَدَآئِقَ
8ef1dcc3846f	ɣulbaː	1	غُلۡبًا
770cbb847406	wafaːkihahaː	1	وَفَـٰكِهَةً
35ff98800dfb	waʔabːaː	1	وَأَبًّا
2ead9c4db1ed	ʔasˤːaːːːxːah	1	ٱلصَّآخَّةُ
c069f08636aa	jafirː	1	يَفِرُّ
04f98f1c70a7	waʔumː̃ihiː	1	وَأُمِّهِۦ
3badfa5801b5	waʔabiːh	1	وَأَبِيهِ
14cbf8544e5c	wabaniːh	1	وَبَنِيهِ
6d07b4f5f873	juɣniːh	1	يُغۡنِيهِ
fd36d2d2afc5	musfirah	1	مُّسۡفِرَةٌ
45f87a896a31	dˤaːħikah	1	ضَاحِكَةٌ
af6e1d7d25e6	mustabᵊʃirah	1	مُّسۡتَبۡشِرَةٌ
4218db6c9b6f	ɣabarah	1	غَبَرَةٌ
60356f516a6d	tarhaquhaː	1	تَرۡهَقُهَا
8e13070d2a45	qatarah	1	قَتَرَةٌ
d6878a00f4bd	ʔalkafarah	1	ٱلۡكَفَرَةُ
4c4efb535009	ʔalfad͡ʒarah	1	ٱلۡفَجَرَةُ
88c73e7db76b	kuwːirat	1	كُوِّرَتۡ
40ad4a531f98	ʔiⁿkadarat	1	ٱنكَدَرَتۡ
5d412c28ed2a	ʔalʕiʃaːr	1	ٱلۡعِشَارُ
cf90ae6a8ba0	ʕutˤːilat	1	عُطِّلَتۡ
b8c1ede323f5	ʔalwuħuːʃ	1	ٱلۡوُحُوشُ
f52bba8d1b08	ħuʃirat	1	حُشِرَتۡ
1addff6d9a15	sud͡ʒːirat	1	سُجِّرَتۡ
541af9828d06	ʔanː̃ufuːs	1	ٱلنُّفُوسُ
b1c347aca0fd	zuwːid͡ʒat	1	زُوِّجَتۡ
1c3dbb0d28d3	ʔalmawʔuːdah	1	ٱلۡمَوۡءُۥدَةُ
d0a79462c78b	suʔilat	1	سُئِلَتۡ
990c1671013e	qutilat	1	قُتِلَتۡ
939ea5145ae7	nuʃirat	1	نُشِرَتۡ
288ba830982c	kuʃitˤat	1	كُشِطَتۡ
64da01f9ae9a	suʕːirat	1	سُعِّرَتۡ
bf29d1edaec6	ʔuzlifat	1	أُزۡلِفَتۡ
a63eaba21055	ʔaħdˤarat	1	أَحۡضَرَتۡ
91354881e801	bilxunː̃as	1	بِٱلۡخُنَّسِ
b400163685e5	ʔalkunː̃as	1	ٱلۡكُنَّسِ
fcb7c6ee4602	ʕasʕas	1	عَسۡعَسَ
167b780b9b8d	tanafːas	1	تَنَفَّسَ
4a4ce823a88a	mutˤaːʕ	1	مُّطَاعٍ
b28f84c4b7ab	bidˤaniːn	1	بِضَنِينٍ
fe2e2ba69446	faʔajn	1	فَأَيۡنَ
4bb8316eb15c	taðhabuːn	1	تَذۡهَبُونَ
47abfed6fd3d	jastaqiːm	1	يَسۡتَقِيمَ
10283e0d8641	ʔiⁿfatˤarat	1	ٱنفَطَرَتۡ
e518bde92ace	ʔiⁿtaθarat	1	ٱنتَثَرَتۡ
389d578b48b4	fud͡ʒːirat	1	فُجِّرَتۡ
aff5316babdc	buʕθirat	1	بُعۡثِرَتۡ
33a8b8e59960	waʔaxːarat	1	وَأَخَّرَتۡ
2f0bbefd6a64	ɣarːak	1	غَرَّكَ
b93d00da0cd5	fasawːaːk	1	فَسَوَّٮٰكَ
5fe2886e00ac	faʕadalak	1	فَعَدَلَكَ
36ea3ce17975	sˤuːrah	1	صُورَةٍ
9dedd15a4851	rakːabak	1	رَكَّبَكَ
b06270b6f144	laħaːfiðˤiːn	1	لَحَـٰفِظِينَ
345a50f2be91	kaːtibiːn	1	كَـٰتِبِينَ
08a201e117c4	biɣaːːʔibiːn	1	بِغَآئِبِينَ
05179a22a7d0	lilmutˤafːifiːn	1	لِّلۡمُطَفِّفِينَ
b8f88d65c8ce	ʔiktaːluː	1	ٱكۡتَالُواۡ
22fb90bbc998	jastawfuːn	1	يَسۡتَوۡفُونَ
5966b94c7c56	kaːluːhum	1	كَالُوهُمۡ
776a32ce7cda	wazanuːhum	1	وَّزَنُوهُمۡ
d632f34efe3c	juxsiruːn	1	يُخۡسِرُونَ
907f49df4714	raːn	1	رَانَ
f675ff97e7d7	lamaħd͡ʒuːbuːn	1	لَّمَحۡجُوبُونَ
4cd3933ad560	lasˤaːluː	1	لَصَالُواۡ
320a38c4fe39	ʕilːijːiːn	1	عِلِّيِّينَ
cd66a1342522	ʕilːijːuːn	1	عِلِّيُّونَ
c20d666db265	jaʃhaduh	1	يَشۡهَدُهُ
5e955effa4e4	nadˤrah	1	نَضۡرَةَ
642080e7729e	jusqawn	1	يُسۡقَوۡنَ
e3f6389d2400	raħiːqᵊ	1	رَّحِيقٍ
30a2724d7c53	maxtuːm	1	مَّخۡتُومٍ
d9ed274c8963	xitaːmuhuː	1	خِتَـٰمُهُۥ
189f361de8a8	misk	1	مِسۡكٌ
4e8efa5087e5	faljatanaːfas	1	فَلۡيَتَنَافَسِ
b94139bd9460	ʔalmutanaːfisuːn	1	ٱلۡمُتَنَـٰفِسُونَ
2688c8053951	wamizaːd͡ʒuhuː	1	وَمِزَاجُهُۥ
625a5a5ce538	tasniːm	1	تَسۡنِيمٍ
1cdbe5261a05	jataɣaːmazuːn	1	يَتَغَامَزُونَ
31f1b5dda9e7	fakihiːn	1	فَكِهِينَ
3264558dff09	raʔawhum	1	رَأَوۡهُمۡ
875d4d0d3f33	ʔursiluː	1	أُرۡسِلُواۡ
807a77873af4	θuwːibᵊ	1	ثُوِّبَ
a7ca783d4151	mudːat	1	مُدَّتۡ
2119e7b69c31	waʔalqat	1	وَأَلۡقَتۡ
2b008007ecfd	wataxalːat	1	وَتَخَلَّتۡ
70be6820220f	kaːdiħ	1	كَادِحٌ
e213be722c91	kadᵊħaː	1	كَدۡحًا
70e1835200ae	famulaːqiːh	1	فَمُلَـٰقِيهِ
c57dd4c31f11	juħaːsabᵊ	1	يُحَاسَبُ
7639c3bc462a	wajaⁿqalibᵊ	1	وَيَنقَلِبُ
8daa1fbcda5c	wajasˤlaː	1	وَيَصۡلَىٰ
71604dcb54d1	jaħuːr	1	يَحُورَ
282a53a12b55	biʃːafaqᵊ	1	بِٱلشَّفَقِ
068df8ac498c	wasaqᵊ	1	وَسَقَ
d7dbabe25e7a	ʔitːasaqᵊ	1	ٱتَّسَقَ
cf252be9f276	latarkabunː̃	1	لَتَرۡكَبُنَّ
67f2dea89dea	tˤabaqaː	1	طَبَقًا
239da3049b5c	tˤabaqᵊ	1	طَبَقٍ
c3f6e9e9fb75	juːʕuːn	1	يُوعُونَ
e4dd2c3414aa	ʔalburuːd͡ʒᵊ	1	ٱلۡبُرُوجِ
ca44478cec3e	ʔalmawʕuːdᵊ	1	ٱلۡمَوۡعُودِ
28f8cf8c5773	waʃaːhidᵊ	1	وَشَاهِدٍ
7d98a9d7646e	wamaʃhuːdᵊ	1	وَمَشۡهُودٍ
f4995c45dc67	ʔalʔuxduːdᵊ	1	ٱلۡأُخۡدُودِ
81c96debe312	ʔalwaquːdᵊ	1	ٱلۡوَقُودِ
d99745526ca4	quʕuːdᵊ	1	قُعُودٌ
8ccb436ff1d2	ʃuhuːdᵊ	1	شُهُودٌ
0c82f689eb32	fatanuː	1	فَتَنُواۡ
8ffd264fa1ff	batˤᵊʃ	1	بَطۡشَ
de01d08b3278	wajuʕiːdᵊ	1	وَيُعِيدُ
fce31f9bc0af	ʔalwaduːdᵊ	1	ٱلۡوَدُودُ
1033a39ae6f0	ʔald͡ʒunuːdᵊ	1	ٱلۡجُنُودِ
0a6313336eaa	takðiːbᵊ	1	تَكۡذِيبٍ
0f4efcd8af9d	lawħ	1	لَوۡحٍ
ecbc5c72e756	maħfuːðˤ	1	مَّحۡفُوظِۭ
98aca6045cad	watˤːaːriqᵊ	1	وَٱلطَّارِقِ
b0e165315617	ʔatˤːaːriqᵊ	1	ٱلطَّارِقُ
0b9d4fae7f4c	ʔanː̃ad͡ʒᵊm	1	ٱلنَّجۡمُ
afa3f75fd31d	ʔaθːaːqibᵊ	1	ٱلثَّاقِبُ
e0b6cd2e6f6d	ħaːfiðˤ	1	حَافِظٌ
4d81f910be62	mimː̃	1	مِمَّ
9c508700607d	daːfiqᵊ	1	دَافِقٍ
e69b225a3937	ʔasˤːulbᵊ	1	ٱلصُّلۡبِ
e0e7feb1d856	watːaraːːʔibᵊ	1	وَٱلتَّرَآئِبِ
0cd8159f356f	rad͡ʒᵊʕihiː	1	رَجۡعِهِۦ
0422a210baec	laqaːdir	1	لَقَادِرٌ
30352f8abeda	tubᵊlaː	1	تُبۡلَى
b901eaea6c86	ʔasːaraːːʔir	1	ٱلسَّرَآئِرُ
c6451df3e3e1	ʔarːad͡ʒᵊʕ	1	ٱلرَّجۡعِ
fd847effc674	ʔasˤːadᵊʕ	1	ٱلصَّدۡعِ
26cd9b24732e	fasˤl	1	فَصۡلٌ
7aa2ce57e772	bilhazl	1	بِٱلۡهَزۡلِ
cba0a498128b	jakiːduːn	1	يَكِيدُونَ
f9a2d2654090	waʔakiːdᵊ	1	وَأَكِيدُ
61f800939ee8	famahːil	1	فَمَهِّلِ
d734c56adc55	ʔamhilhum	1	أَمۡهِلۡهُمۡ
fd3a96fb55d1	ruwajdaː	1	رُوَيۡدَۢا
0ba349e5bcfc	sabːiħ	1	سَبِّحِ
4dfe2ae85901	ʔalmarʕaː	1	ٱلۡمَرۡعَىٰ
8ed8d109ced5	ʔaħwaː	1	أَحۡوَىٰ
9ca92db00486	sanuqᵊriʔuk	1	سَنُقۡرِئُكَ
2e871f29efb3	taⁿsaː	1	تَنسَىٰٓ
eeb45c37f7e8	wanujasːiruk	1	وَنُيَسِّرُكَ
d386630a06f5	nafaʕat	1	نَّفَعَتِ
94e405f66d74	sajaðːakːar	1	سَيَذَّكَّرُ
27912c8dd724	wajatad͡ʒanː̃abuhaː	1	وَيَتَجَنَّبُهَا
ec26bdcf046f	jasˤlaː	1	يَصۡلَى
b6f5f0555f51	fasˤalːaː	1	فَصَلَّىٰ
94425d9ab1e9	tuʔθiruːn	1	تُؤۡثِرُونَ
bebffb8fb73d	ʔalɣaːʃijah	1	ٱلۡغَـٰشِيَةِ
8c5bd729341a	ʕaːmilah	1	عَامِلَةٌ
783ebfb1b590	naːsˤibah	1	نَّاصِبَةٌ
33de96e2a299	tasˤlaː	1	تَصۡلَىٰ
6edc0376aa33	ħaːmijahaː	1	حَامِيَةً
4e6457c8ba0a	tusqaː	1	تُسۡقَىٰ
01155a3256cd	ʔaːnijah	1	ءَانِيَةٍ
f4919bda3383	dˤariːʕ	1	ضَرِيعٍ
c1072ee5dd48	jusmin	1	يُسۡمِنُ
837667e7f002	naːʕimah	1	نَّاعِمَةٌ
7901e7893e19	lisaʕjihaː	1	لِّسَعۡيِهَا
ce6326b182fb	laːɣijahaː	1	لَـٰغِيَةً
ddb7e19c637c	d͡ʒaːrijah	1	جَارِيَةٌ
2533dd70dd01	mawdˤuːʕah	1	مَّوۡضُوعَةٌ
70da382a9bb1	wanamaːriqᵊ	1	وَنَمَارِقُ
f3e0c43d5c06	wazaraːbijː	1	وَزَرَابِىُّ
6f8edd4ffd1d	mabᵊθuːθah	1	مَبۡثُوثَةٌ
be7362711ef4	xuliqat	1	خُلِقَتۡ
0ca6c1d54c10	rufiʕat	1	رُفِعَتۡ
ecf03ca427c8	nusˤibat	1	نُصِبَتۡ
73d9a04d5174	sutˤiħat	1	سُطِحَتۡ
3b8e1171591f	muðakːir	1	مُذَكِّرٌ
bd284396b4b2	bimusˤajtˤir	1	بِمُصَيۡطِرٍ
dfd0fbfa83da	wakafar	1	وَكَفَرَ
6623ccec04ee	fajuʕaðːibuh	1	فَيُعَذِّبُهُ
75b84355be03	ʔijaːbahum	1	إِيَابَهُمۡ
803180088963	ħisaːbahum	1	حِسَابَهُم
f7d2d983f65b	walfad͡ʒᵊr	1	وَٱلۡفَجۡرِ
025a76846f08	walajaːl	1	وَلَيَالٍ
9488087e697c	waʃːafʕ	1	وَٱلشَّفۡعِ
ed5185d374cc	walwatr	1	وَٱلۡوَتۡرِ
4aaa863666c2	jasr	1	يَسۡرِ
61f97f6648b0	qasam	1	قَسَمٌ
71bd87a733f7	liðiː	1	لِّذِى
a9dfd4536c97	biʕaːdᵊ	1	بِعَادٍ
2fa9d79d17b6	ʔiram	1	إِرَمَ
b84485c05e2e	ʔalʕimaːdᵊ	1	ٱلۡعِمَادِ
593e7917936c	juxlaqᵊ	1	يُخۡلَقۡ
f5b1142e33e4	d͡ʒaːbuː	1	جَابُواۡ
f0bc969dbe69	ʔasˤːaxr	1	ٱلصَّخۡرَ
656a40aa825c	tˤaɣaw	1	طَغَوۡاۡ
0c4065a2869c	faʔakθaruː	1	فَأَكۡثَرُواۡ
2aeaf7d0f7a7	fasˤabːᵊ	1	فَصَبَّ
9169ac560f3f	sawtˤᵊ	1	سَوۡطَ
2168ce44bc24	labilmirsˤaːdᵊ	1	لَبِٱلۡمِرۡصَادِ
58faa6cf7300	faʔakramahuː	1	فَأَكۡرَمَهُۥ
a8b6ad1f039d	wanaʕːamahuː	1	وَنَعَّمَهُۥ
97cda60e5f56	ʔakraman	1	أَكۡرَمَنِ
60bfab016714	faqadar	1	فَقَدَرَ
715b49fbd8de	ʔahaːnan	1	أَهَـٰنَنِ
974741f23cb3	tukrimuːn	1	تُكۡرِمُونَ
2ab37c76b39b	taħaːːːdˤːuːn	1	تَحَـٰٓضُّونَ
b7b2bc2c52dc	wataʔkuluːn	1	وَتَأۡكُلُونَ
35f7f527691e	ʔatːuraːθ	1	ٱلتُّرَاثَ
791c83838b05	ʔaklaː	1	أَكۡلًا
7cf987de2027	watuħibːuːn	1	وَتُحِبُّونَ
5d709a1764e9	d͡ʒamː̃aː	1	جَمًّا
c90aa287385b	dukːat	1	دُكَّتِ
25b55c5e7901	liħajaːtiː	1	لِحَيَاتِى
f0885a6d0ef2	juːθiqᵊ	1	يُوثِقُ
36da33ce21f4	waθaːqahuː	1	وَثَاقَهُۥٓ
551473273598	jaːːʔajːatuhaː	1	يَـٰٓأَيَّتُهَا
65126a3d1a6f	ʔalmutˤᵊmaʔinː̃ah	1	ٱلۡمُطۡمَئِنَّةُ
167b88e059b2	ʔird͡ʒiʕiː	1	ٱرۡجِعِىٓ
d1ca0237e9f7	raːdˤijahaː	1	رَاضِيَةً
8b805eda9b78	mardˤijːahaː	1	مَّرۡضِيَّةً
97d52fb8af96	fadᵊxuliː	1	فَٱدۡخُلِى
cf9f86bb5d69	wadᵊxuliː	1	وَٱدۡخُلِى
daaa273af9ff	d͡ʒanː̃atiː	1	جَنَّتِى
0208341caec6	wawaːlidᵊ	1	وَوَالِدٍ
3d620f72a191	kabadᵊ	1	كَبَدٍ
a76b91f6337a	ʔahlakt	1	أَهۡلَكۡتُ
a9212b82880e	lubadaː	1	لُّبَدًا
c7ae920167b4	ʕajnajn	1	عَيۡنَيۡنِ
28d214cf55a2	walisaːnaː	1	وَلِسَانًا
431f862ecf67	waʃafatajn	1	وَشَفَتَيۡنِ
8ca799b1c3d4	wahadajnaːh	1	وَهَدَيۡنَـٰهُ
d155496b9b9b	ʔanː̃ad͡ʒᵊdajn	1	ٱلنَّجۡدَيۡنِ
0ac7b984b4af	ʔiqᵊtaħam	1	ٱقۡتَحَمَ
92ca1f35a8a0	fakː	1	فَكُّ
4b29245217c9	masɣabah	1	مَسۡغَبَةٍ
5a5e1212d28a	maqᵊrabah	1	مَقۡرَبَةٍ
ee077f434230	matrabah	1	مَتۡرَبَةٍ
ae8b79f1e50c	bilmarħamah	1	بِٱلۡمَرۡحَمَةِ
a7088742ca9c	wadˤuħaːhaː	1	وَضُحَـٰهَا
6072d7dff208	talaːhaː	1	تَلَـٰهَا
dbdd8d387e93	d͡ʒalːaːhaː	1	جَلَّـٰهَا
b97c511d72e8	jaɣʃaːhaː	1	يَغۡشَـٰهَا
acba3058c927	tˤaħaːhaː	1	طَحَـٰهَا
58ccdbda89c1	wanafs	1	وَنَفۡسٍ
acce94268cd0	sawːaːhaː	1	سَوَّٮٰهَا
7a34a108cd5c	faʔalhamahaː	1	فَأَلۡهَمَهَا
20fcfc813d5d	fud͡ʒuːrahaː	1	فُجُورَهَا
6ed24d307c08	wataqᵊwaːhaː	1	وَتَقۡوَٮٰهَا
f6c9b40a414d	zakːaːhaː	1	زَكَّـٰهَا
980697228d43	dasːaːhaː	1	دَسَّـٰهَا
d877a9c9ec29	bitˤaɣwaːhaː	1	بِطَغۡوَٮٰهَآ
5bcc3aba90a4	ʔiᵐbaʕaθ	1	ٱنۢبَعَثَ
ec7ff80654b0	ʔaʃqaːhaː	1	أَشۡقَـٰهَا
85237cae3fdc	wasuqᵊjaːhaː	1	وَسُقۡيَـٰهَا
58120c68b242	fadamdam	1	فَدَمۡدَمَ
361d1d23b0b9	ʕuqᵊbaːhaː	1	عُقۡبَـٰهَا
a71a765aaafe	saʕjakum	1	سَعۡيَكُمۡ
5eb7ab14de6c	laʃatːaː	1	لَشَتَّىٰ
32750773ad14	baxil	1	بَخِلَ
dd11bbab81f3	lilʕusraː	1	لِلۡعُسۡرَىٰ
ab01506faed6	taradːaː	1	تَرَدَّىٰٓ
01c1312ca806	lalhudaː	1	لَلۡهُدَىٰ
e331d4da6d44	lalʔaxirah	1	لَلۡأَخِرَةَ
21727f8fa577	faʔaⁿðartukum	1	فَأَنذَرۡتُكُمۡ
7baad8f5624b	talaðˤːaː	1	تَلَظَّىٰ
9cd9561dd200	wasajud͡ʒanː̃abuhaː	1	وَسَيُجَنَّبُهَا
7bd0ea18245f	ʔalʔatqaː	1	ٱلۡأَتۡقَى
875e31c4cf6d	wadˤːuħaː	1	وَٱلضُّحَىٰ
f250ca077eb7	sad͡ʒaː	1	سَجَىٰ
bafc583ee83b	wadːaʕak	1	وَدَّعَكَ
1413c966f2d2	qalaː	1	قَلَىٰ
5a3ff5a92033	juʕtˤiːk	1	يُعۡطِيكَ
bdbdd9c5b321	fatardˤaː	1	فَتَرۡضَىٰٓ
ef9b4dc5f6f1	jad͡ʒidᵊk	1	يَجِدۡكَ
a8955907ad1f	faʔaːwaː	1	فَـَٔـاوَىٰ
d0ce222a43a0	dˤaːlːaː	1	ضَآلاًّ
2d577616f2af	ʕaːːʔilaː	1	عَآئِلًا
56f50d8cd261	faʔaɣnaː	1	فَأَغۡنَىٰ
9c4fc53c68b8	taqᵊhar	1	تَقۡهَرۡ
c213fe41b728	ʔasːaːːʔil	1	ٱلسَّآئِلَ
fec3f75d740e	tanhar	1	تَنۡهَرۡ
17b00776e493	faħadːiθ	1	فَحَدِّثۡ
2a3045af9962	naʃraħ	1	نَشۡرَحۡ
fb4f11792b16	sˤadᵊrak	1	صَدۡرَكَ
7b48f0ebeef5	wawadˤaʕnaː	1	وَوَضَعۡنَا
ca572ecfe929	wizrak	1	وِزۡرَكَ
b75dac59a247	ʔaⁿqadˤ	1	أَنقَضَ
5ad92f7666e1	ðˤahrak	1	ظَهۡرَكَ
0b3c6e329551	ðikrak	1	ذِكۡرَكَ
eac3aca9ebde	faraɣt	1	فَرَغۡتَ
f9c22bc59182	faⁿsˤabᵊ	1	فَٱنصَبۡ
9caa854c37f0	farɣabᵊ	1	فَٱرۡغَب
73682f0e3bb4	watːiːn	1	وَٱلتِّينِ
d53ce0461e8e	watˤuːr	1	وَطُورِ
8d90e1e47465	siːniːn	1	سِينِينَ
23ba18070163	taqᵊwiːm	1	تَقۡوِيمٍ
b4183790e62e	radadᵊnaːh	1	رَدَدۡنَـٰهُ
084abd0f0d19	saːfiliːn	1	سَـٰفِلِينَ
052679fe25c4	jukaðːibuk	1	يُكَذِّبُكَ
d6d2b73541d6	biʔaħkam	1	بِأَحۡكَمِ
d551b2b0a72a	ʕalaqᵊ	1	عَلَقٍ
ce15e62f6a14	ʔalʔakram	1	ٱلۡأَكۡرَمُ
059c85c63e10	bilqalam	1	بِٱلۡقَلَمِ
f5a87a1b3327	lajatˤᵊɣaː	1	لَيَطۡغَىٰٓ
4ce26705e670	ʔarːud͡ʒᵊʕaː	1	ٱلرُّجۡعَىٰٓ
2ae5498fb050	janhaː	1	يَنۡهَىٰ
b1ae36b6de25	bitːaqᵊwaː	1	بِٱلتَّقۡوَىٰٓ
1b015ff042a1	lanasfaʕaː	1	لَنَسۡفَعَۢا
b119cdfeb948	binː̃aːsˤijah	1	بِٱلنَّاصِيَةِ
3a36262cbca3	naːsˤijah	1	نَاصِيَةٍ
b65ae77e148f	xaːtˤiʔah	1	خَاطِئَةٍ
b07476769925	faljadᵊʕ	1	فَلۡيَدۡعُ
f319ab1e7079	naːdijahuː	1	نَادِيَهُۥ
35e7f7554eb6	sanadᵊʕ	1	سَنَدۡعُ
42ce3140df50	ʔazːabaːnijah	1	ٱلزَّبَانِيَةَ
3f1dc86e2dce	tutˤiʕh	1	تُطِعۡهُ
59316ec4b7f3	wasd͡ʒudᵊ	1	وَٱسۡجُدۡ
150bc7192425	waqᵊtaribᵊ	1	وَٱقۡتَرِب
b8cc5aa6dc7f	matˤᵊlaʕ	1	مَطۡلَعِ
6eb1b8fb1717	muⁿfakːiːn	1	مُنفَكِّينَ
da48fc5abad3	mutˤahːarahaː	1	مُّطَهَّرَةً
d0e27fe516a4	qajːimah	1	قَيِّمَةٌ
d24bd30bd3fc	tafarːaqᵊ	1	تَفَرَّقَ
9487576c6274	wajuqiːmuː	1	وَيُقِيمُواۡ
7e3fced5c609	wajuʔtuː	1	وَيُؤۡتُواۡ
28caf0385b39	ʔalqajːimah	1	ٱلۡقَيِّمَةِ
110c67d2fe0e	zulzilat	1	زُلۡزِلَتِ
ac41134bfc1f	zilzaːlahaː	1	زِلۡزَالَهَا
289d14aea1a2	waʔaxrad͡ʒat	1	وَأَخۡرَجَتِ
48cb1798c233	ʔaθqaːlahaː	1	أَثۡقَالَهَا
53f612ea1c57	tuħadːiθ	1	تُحَدِّثُ
37bc92c04266	ʔaxbaːrahaː	1	أَخۡبَارَهَا
00126c721325	jasˤdur	1	يَصۡدُرُ
4b44a709c7ac	lijuraw	1	لِّيُرَوۡاۡ
6991a71705ac	walʕaːdijaːt	1	وَٱلۡعَـٰدِيَـٰتِ
4d39d6303f26	dˤabᵊħaː	1	ضَبۡحًا
73403b3f6c1a	falmuːrijaːt	1	فَٱلۡمُورِيَـٰتِ
a6fbffb547c6	qadᵊħaː	1	قَدۡحًا
ab299a19a5a6	falmuɣiːraːt	1	فَٱلۡمُغِيرٰتِ
a1ef5e0b4ec1	sˤubᵊħaː	1	صُبۡحًا
80cadf7afdde	faʔaθarn	1	فَأَثَرۡنَ
84917b695a08	naqᵊʕaː	1	نَقۡعًا
b507a74085de	fawasatˤᵊn	1	فَوَسَطۡنَ
3b7e87ef6f63	lakanuːdᵊ	1	لَكَنُودٌ
272ad21a2177	laʃahiːdᵊ	1	لَشَهِيدٌ
62b9b21b80e5	liħubːᵊ	1	لِحُبِّ
f061e1b37ab8	buʕθir	1	بُعۡثِرَ
e69083fde0cd	waħusˤːil	1	وَحُصِّلَ
5208fad59347	kalfaraːʃ	1	كَٱلۡفَرَاشِ
558a97680df4	ʔalmabᵊθuːθ	1	ٱلۡمَبۡثُوثِ
5da720208d4d	ʔalmaⁿfuːʃ	1	ٱلۡمَنفُوشِ
2aed566acb02	faʔumː̃uhuː	1	فَأُمُّهُۥ
277a49a13045	haːwijah	1	هَاوِيَةٌ
e19ff237d659	hijah	1	هِيَهۡ
cafad79525bb	ħaːmijah	1	حَامِيَةُۢ
7a2653eb019e	ʔalhaːkum	1	أَلۡهَـٰكُمُ
9a4893053967	ʔatːakaːθur	1	ٱلتَّكَاثُرُ
6e5064d5b7d0	zurtum	1	زُرۡتُمُ
6697a8739f47	ʔalmaqaːbir	1	ٱلۡمَقَابِرَ
597a493be3df	latarawunː̃	1	لَتَرَوُنَّ
14d7245cb21b	latarawunː̃ahaː	1	لَتَرَوُنَّهَا
0b215ecf2bcc	walʕasˤr	1	وَٱلۡعَصۡرِ
27e46b164598	xusr	1	خُسۡرٍ
d9e8c79c41d3	humazah	1	هُمَزَةٍ
fef8aff4ca31	lumazah	1	لُّمَزَةٍ
54d69a7d5178	d͡ʒamaʕ	1	جَمَعَ
9b3297dd60eb	waʕadːadahuː	1	وَعَدَّدَهُۥ
2ee135aff66b	jaħsabᵊ	1	يَحۡسَبُ
7accf018f73b	ʔaxladahuː	1	أَخۡلَدَهُۥ
760ca9e93bb3	lajuᵐbaðanː̃	1	لَيُنۢبَذَنَّ
d12f11641e25	ʔalmuːqadah	1	ٱلۡمُوقَدَةُ
56cd712309d2	ʔalʔafʔidah	1	ٱلۡأَفۡــِٔدَةِ
e8d6f6b9c06a	mumadːadah	1	مُّمَدَّدَةِۭ
d755aa7d7cae	biʔasˤħaːbᵊ	1	بِأَصۡحَـٰبِ
80f3ed36e58e	ʔalfiːl	1	ٱلۡفِيلِ
fccfe2120ec2	kajdahum	1	كَيۡدَهُمۡ
ee217ee9c2c1	tadˤliːl	1	تَضۡلِيلٍ
4b1267ef4fb3	waʔarsal	1	وَأَرۡسَلَ
991894205a70	ʔabaːbiːl	1	أَبَابِيلَ
76d8875b3973	tarmiːhim	1	تَرۡمِيهِم
475c8ac4a0b1	biħid͡ʒaːrah	1	بِحِجَارَةٍ
ae5a27347d24	kaʕasˤf	1	كَعَصۡفٍ
2e528ad0e242	maʔkuːl	1	مَّأۡكُولِۭ
1dc71a353913	liʔiːlaːf	1	لِإِيلَـٰفِ
fa164efb2d27	qurajʃ	1	قُرَيۡشٍ
c0ff797285a2	ʔiːlaːfihim	1	إِۦلَـٰفِهِمۡ
49d2abbd48cd	riħlah	1	رِحۡلَةَ
e7c3cd2c6343	ʔaʃːitaːːʔ	1	ٱلشِّتَآءِ
f0707ea161a3	wasˤːajf	1	وَٱلصَّيۡفِ
c278f41b6f0d	faljaʕbuduː	1	فَلۡيَعۡبُدُواۡ
c8c7831ad8b9	ʔatˤᵊʕamahum	1	أَطۡعَمَهُم
8dc4397a333f	waʔaːmanahum	1	وَءَامَنَهُم
773547eeb0f7	jaduʕː	1	يَدُعُّ
ce1a681bc73c	lilmusˤalːiːn	1	لِّلۡمُصَلِّينَ
771c36f7ba0f	wajamnaʕuːn	1	وَيَمۡنَعُونَ
cd7f521a2aae	ʔalmaːʕuːn	1	ٱلۡمَاعُونَ
62b365d569da	ʔaʕtˤajnaːk	1	أَعۡطَيۡنَـٰكَ
460b77be6c00	ʔalkawθar	1	ٱلۡكَوۡثَرَ
d2a4b4b47d65	fasˤalː	1	فَصَلِّ
457560cc9fa7	wanħar	1	وَٱنۡحَرۡ
9263ecae6b52	ʃaːniʔak	1	شَانِئَكَ
8486454383be	ʔalʔabᵊtar	1	ٱلۡأَبۡتَرُ
60f34d913683	ʕaːbidᵊ	1	عَابِدٌ
0be291798862	ʕabatːum	1	عَبَدتُّمۡ
cba274b3bb26	diːnukum	1	دِينُكُمۡ
ce9789233d99	walfatħ	1	وَٱلۡفَتۡحُ
9bfdd7462d79	waraʔajt	1	وَرَأَيۡتَ
eca306c61f84	wastaɣfirh	1	وَٱسۡتَغۡفِرۡهُ
2edf61652d56	tabːat	1	تَبَّتۡ
2e16a3251969	watabːᵊ	1	وَتَبَّ
f04a36d33783	sajasˤlaː	1	سَيَصۡلَىٰ
85c8989ee935	ħamː̃aːlah	1	حَمَّالَةَ
e51133de79af	ʔalħatˤabᵊ	1	ٱلۡحَطَبِ
b17b484d5c42	d͡ʒiːdihaː	1	جِيدِهَا
9b3b1fcfe8b5	masadᵊ	1	مَّسَدِۭ
b25390d9e820	ʔasˤːamadᵊ	1	ٱلصَّمَدُ
5d629ffd11a1	jalidᵊ	1	يَلِدۡ
8fc216013ee3	juːladᵊ	1	يُولَدۡ
03507a2a9cdc	kufuwaː	1	كُفُوًا
88f5136ad6d2	ʔalfalaqᵊ	1	ٱلۡفَلَقِ
6f1f5953755e	ɣaːsiqᵊ	1	غَاسِقٍ
54819fa19569	waqabᵊ	1	وَقَبَ
233e7d7adaf2	ʔanː̃afːaːθaːt	1	ٱلنَّفَّـٰثَـٰتِ
ad5e17f1eca6	ʔalʕuqadᵊ	1	ٱلۡعُقَدِ
ee3d773cfc31	ħaːsidᵊ	1	حَاسِدٍ
52df99c89716	ħasadᵊ	1	حَسَدَ
a30a30d6f488	ʔalwaswaːs	1	ٱلۡوَسۡوَاسِ
d257293e5717	ʔalxanː̃aːs	1	ٱلۡخَنَّاسِ
9105b26a5e30	juwaswis	1	يُوَسۡوِسُ
