key	bytes	sha256
1:1	42003	a378c40f13d5386c8ca1aa9cbb579003c8ffbdff1cb5b2e30245eb86d9549cce
1:2	50990	ac2ffcb70584d8a0461c9ff99a7388925fa4c8e44c19f73a42078839241354f4
1:3	36779	774444255818c225e78a7f4a179f526a382abc08fad73be63ee1bf222ce5d3c2
1:4	37824	40a2ef43171ca092b78f067591b0d02f63e6d0b0ae3aeefd7e3f5e5c5ddb222b
1:5	55587	329726d4d57848f1ce11b23db8a8e56cbdf23ee7e66b47a7b5d5b1ed438ff0e6
1:6	43675	202f38c0573d79b1c4b1766e53ce6c59949b5279e128956312427442a1b79031
1:7	120371	cd6d788fb0d840282e50774195a83f324688badf025ec6b58f3180915f0a9489
2:1	80038	d822f653090b8c637ddf415497ab7bf2983c51b0de8ce4ef9786bcc224964251
2:2	101354	b224f09d9f98d2a4f0e08c8c9f2629db74b89c1fa5bb5bc02a64ac93b81bb9a6
2:3	129357	904c74f3ca71fd39e424ea20cc478e224569c86dc215cad62153441483ce4f68
2:4	178049	39f84d236e98b0929c9dd6bac9e2960b2f4ba9120f99858eff4be1f0ec54cdf5
2:5	154434	fc5a0875ec551ab12f4551173a35c0b66e1880c85074c639be1a2a0f83cb4313
2:6	155688	26e3d73d1cad4758b3f951b9c150b0bcdfe23fab1d9b267ba5fac4881517c3a6
2:7	198111	37060119f53ab39043a839790ae36d8e8d46cb722c79dc34245284f5aaf368cf
2:8	142105	acc6b3f616f1c60a59fb7d98ebf69fd645808a23c4c1e2af47e365c43588ea10
2:9	158614	4f8428390cd4750a9f7fe9764754e0bd57925a55de0b2eda9e363544f25f5120
2:10	197484	6771c846c02d50715b0248a8212510843e968b6323f253755a9cbeed34b3ddf2
2:11	133954	b5b9463adc77eb4ca6926fbfbd79540aafc8b1dfd3ae24ed3ce6a95e5ba456fb
2:12	108041	ad749d62e35efd8a93832839ef49d978349b03b1c342d76240174466275f93ca
2:13	301974	6a7e968581eee8674494b4f727ddbe84d0f01df2ea264ed0cbe9e32a26959af4
2:14	256416	d0951fceb2db43efed8b95e54fad60fc83f3e4360f2ce3d854fc6c03b6501ddc
2:15	109295	369bdc4ab025aa89060dcc7bc14e2ea294f00c9387c065fd2886215c08068953
2:16	180975	01252db11745accdcb0525d6b14592c782e74cccfd36eef99a7e7f00af8cb569
2:17	242415	6dc884500478c88f5a1c6404af752b017edafa50fc54a7913745ba88b6c3cf2f
2:18	100100	d1edd7fd71286e02b9ef620e748a7cfce27d5761904f2ec62d95e391ab289bb8
2:19	318274	7aad04d34cbb444a3b7c1559c1761e5a8f7286e95e6558e8d0e4751f9a2296b6
2:20	399776	4336158f5a6ab415e59cf8edad1d4fb216eae593ca67defc648ebfb41f84466f
2:21	174705	7ee25b3dd1a91407dc90b37f74080b84968d2c77bcd5e325426c8d77c9f49a24
2:22	358190	5aa2ffd29b0fa3aa1c193aff499c6abb17526b451a16023d2f6acb92f8c87f05
2:23	417749	69b55598db9a09f0ea098fa944523c2319f7ce324cccb4683425f20d94c1acf4
2:24	194350	371facca93fee66592003dd235b26a4d646fa2a79adc977f001359b375cf0465
2:25	530389	80c3bc9e5dd3ce38152c34661480868be22e09062763186c2021d6de5baabcc1
2:26	585559	83447422e9c9cc29b73cd10ea944796c65eeb2be2b9e2777204b86848516e262
2:27	317856	19ec98918bc9555eef5ab4054c5cf508bc8c56326d87f4ac1c16ee0a704b8954
2:28	233220	df804dc9d42487aa56635e57a52516e5f4e25fb6f590c35435b609259339e386
2:29	267492	e63a8dc27e69a5041852afaba3e3e86b90c196d088d7a263d8518aee1f0d6c3e
2:30	445961	65e405300d3b9be99742773b5249c16b04ce8de9c2c91964fe086b10efbd353b
2:31	333112	d5c6dede777cc4c57b13b894f11eed07f1b1cdc662a7e78669956eec99a3f921
2:32	187453	b799ff33bf7582e7882a428ddba9dcbd9ae6d087d09b0c65eaf6badc42dae432
2:33	408763	9dbe935e85a8cc4103b244368d1f2f94c620925d9697f648ae6082d30f3da205
2:34	211904	c8571f925add1d9e3bb012b7970ec1cdf76d5d14943c265dd40082d8e9c0802b
2:35	331231	f0a35bbfbc6fe308095d6750117305ec5fc4f76a5bc5699612c58e06cbfea7f3
2:36	309915	c3598cd88ed09d0d0aae1b19794c9581d9b0c3ae828c73b5330b2ff33fbe8f97
2:37	203545	521ab4bb070ed677c6cadf20f414c8e704b0fb4814524f797fc39912f8a3ddae
2:38	241161	7d0844b8489d4a80733ee8fab1ec8f6d27a65546e43db106d7486ac80bac3bd8
2:39	195812	e1a4fb9ac0b7acae7d68e945b9462f83a7e105cb24bb8d2b9175acdc73ceeeb6
2:40	233220	b3fe3f013ff6d4167e114e1dbb38edc7f5c339695deaa221bd6d6a38bc93ca2b
2:41	300511	7d42dc82d9b325d10525ba0cf0772d9bff1d21892379cccfd6cb581e4c8c9c25
2:42	128521	e35655b1ffc1d680e37b882e5e38e05cad453ab3ea5a2d60ef4cce901effbf66
2:43	108459	898f6e61e090b99f07a7407f409db9e94a10dc62b476e3b20254b5af7f724566
2:44	204799	c9829dd1f4e8c1b9e84b77dbf833b701635d4b879d56ab9eb3b1cdae7648e030
2:45	160495	cc0ba7cb000236b727d72913b47493666561471934ecd99ab4bdfafa76acb88a
2:46	159450	338001de41c595409fd537df46b02cf3e02218b41e10a81fdc6851e6e486384d
2:47	201664	c1a00d48b427a5841cb3a872362554499a5b089cf10fd38ba46f342b2a8933a7
2:48	263104	7cec910370b6099af34b44ca51867281798599835d7a691b53a4adb6e2c5b603
2:49	319319	a7ede1856db5981125b193dadd6b2af4c340bf4907b5ef37b9c35206406b2e50
2:50	202500	69d59b9e705ce9d7736875d0b34c52ef06b099843d73df43209353fb878bad8c
2:51	192887	7cc8c2235ce61b81142d508eac4554e0cbe9f7138fdd84de2453a5cc3b62211b
2:52	135835	aae212e95fb5adf349c08206a852b9e6c7b180bc0d9c5dc6a133d8b363c1487c
2:53	118699	3bee4c011c5e344523d78c0d5f7b0a497fe67a87ddf1f15a44fcaa0477b222ad
2:54	431332	825ca47db357beb631e1f0eb6ac07e59b12f4c47e8a656939155e4611bac8c4c
2:55	206261	3f4a425c76b1246b4b70eb16173541dbd532058c74409694fa437a16f2eef747
2:56	119535	2c3cd6ad80317eef9b5aab61c52f50056937bf37a3d6614f278bc2bb11fc701f
2:57	322872	50d22c3c931bbb37215a45e051a17bb850fb866770cbf698932714cdf989eeb9
2:58	292152	3ab68b5b213a6b3fbdc2f99f31c9778c3d28e0c79f856ecc83a7f865fda265b0
2:59	226323	6c8c67b26472421b558b22fd5dc70712bc6d43258d2778071bbcc291a32c6536
2:60	343352	22f159027361f7da34ed3a25c0918ffa8baf06dc60307ee8007c0dee9159fa27
2:61	958797	d495b5e7d20bc78039349c9d4d18d8ac3e4ea7ac87d424fc8fca95f0e67d49f1
2:62	425063	d66e245c28ae1739cc02f3b0b004cb0dc5bd03231ef7de864148e65ed2d75a53
2:63	226741	6369bbc46afbfb63c491ebfa5d171d3a58ba8fce5c6197cbec9847464a5b061d
2:64	211277	eee097c425577123992aab902121004a3e21cbe1207402958d29aeba7a6017f0
2:65	161749	1990623469bb43619a929340c24706e9ed1ccc0975ae5e58bee58b2eb33377a6
2:66	149419	0461977416e073705fdf2c84d694832dec057398424b34e28fc35455fae3b366
2:67	299257	d7b43ab325a5b1c40ed9150ead0efc06ecab586831baa61f5a16716fb01aab52
2:68	280449	99595399d939c278f7140baaf885a45f2cc69a89a7314c1a6de3cdeddba9aadc
2:69	264776	33efe59ec531b9e00fba793ec18f692f2270cf2532981f1d2c42c350be2a5b48
2:70	313468	4d28d1bbf99fce35a464d0a312b8270d7b083596ff97cb26c9b9d3bdaa20e696
2:71	327470	8b9d6971384842566753e1c7ac8c5b17784408f5d1a178633c935410465b756f
2:72	168018	696568323fa8eb6e952443cdcdab73499febcade0354f0bf5818d03044f411d1
2:73	193096	aa0fb96dede0bca8f2a21bed43daf2e82b49eba8fa7d642afbbefc469cc8ccdf
2:74	501550	39586c8b6366c8777c3374a84b8fd30747f9fcd1827413ded93cb4a50e3b460d
2:75	241161	ba91b673e357013b3c806c606c23ce6ce4873122a1c100511df3201257519557
2:76	508655	fbb14a109eb483b95bf51e2bad5849810a186c31097e92fc8f736fade85bdaee
2:77	128312	ac79d10958ac0ce333032babf0cf9b3de8ac18526e18c75a73b62a834a272ac0
2:78	184319	fea5e843978615204ba9b1a6788b9b288e2e5713e96e4766a2d4ab62f56903cd
2:79	363205	9b6e3fc8bd54bbab91eea471505860f8e3956fe94946a7a7f0a84be68de77a3a
2:80	282748	e295227264a0ce472458cb5da6a882b8706593c6db4f78dc41f97dbe66a72df1
2:81	227995	b52e901ac9c23e187b4bbe84872ad24c4085ae99645e34d501f1758272fb150c
2:82	173243	05a41fd46f5a7417f1f0f80f720a7ad0189048d0af9fac973185f43265618308
2:83	436766	05fdf3843f5209b1af2e627bf5fc657c7543ccddcc99b16049505bbd1939b732
2:84	203754	111b68811dfd5163a7d4c522ec8402ff9b4d2186348ea1b573748e2fd4ff2d70
2:85	749817	064d4b0175e601f9b0b76807c0146a5ac423ce96a59b76164a622829fd37b9ac
2:86	183692	9f8e20d3c47c27d0ca59108ab47760d8f2f2bfce5e5e583f7e4a61c9ae1df7c8
2:87	414196	217d7dd8a84c3908c9cf7b9f5c09ca1e01287618b7405acb040e1f91c0dd495b
2:88	144821	c94b0a2ddfd40c71734939a38896e4c8b68b116a8390e073c03810a5525a7efe
2:89	352547	7a53ce5d2d981e8f12dc3198e2392c68707449300be036fa414197e96c1dae03
2:90	370937	fc65f087361caf773b26dcd4c4beccd5f7a343f957d3772774a06075b6260d54
2:91	386611	f787a3ba8855f607b20d421fcd6f85ec88ace98cfd553c970d2800ba6b8ba70c
2:92	173661	7cabf5c24ce5d84a37c7140b3ccc35018f2011781a4f4cc0b514a2be6c2c1190
2:93	417749	1620549ae50288095d5872ad5dcfe4204de792e086df72c440e52dc060bf6825
2:94	208142	5bf32e9edcd6f988595224d57454c3e74af13f8f89d670d16890306527ba6e28
2:95	166555	5aaf1f1388a904c7e2a59ff32fc9b90abc30255b1948da241685621be673128a
2:96	340635	7469f3bd970135d918a78c54e048e95cdc83987fe4fc1abe0c722996c3f69757
2:97	257252	ec331ab7d1194cf433ce05253216bf944a410411eb9cd689572fd97c7ca2d856
2:98	211068	a1d27d455d2200e32bfe1d9435084e55a5b8ae643e9f121a34630e2c1eb4f89e
2:99	162794	6d61fbd5672de0f37040f1cb9e2e2fbc1f1ed439dab04edfaa3b32f8710103af
2:100	173661	ae613aa56734a710c8fc9cafd88165d1edfaa1b6dd4b02cadf6264e702eca703
2:101	391835	024b7ea74346aa0859f4c202cbd73dad7867dd8dc5994a8bbe8cbe1e9d8e40e7
2:102	1076661	d615f143dc1ef34f8a3ed71c92db55b12b955389493039c512e72738203aa4d5
2:103	179512	217ee893f68ec25510057908705c57c761973c65651e7a9f012f89c64a5df249
2:104	208142	c04d24fe752060d9d5c511beea69705f5c5025324fb4e819e4a1d953882acdf9
2:105	320364	041fa1b94f4553f09f2e2941467a010868d5d4170a41b8a831f9f9794b10cfc0
2:106	235101	208754e1379cd396bc2e2a3a5f8ca1cc7c7762e2133b50429e26780dfcae46b7
2:107	224234	e0434750cf3d1356f358ecbd7721a728c5149231a8e964e6f08f783134a1938d
2:108	221308	d37b7281e8bd6154462135cc5020532fc03a8ec92978681ce00bf230e7221c0a
2:109	483995	498ddc839140c1e30898be194fd82e47b4ca126c5f9d142af2280a806c5feb62
2:110	294869	f966bb0a4553740af2a1521a545dc26900745e0f85cdcca7da8301f2be363cbf
2:111	257043	f5e815f9cedb8da3ec716c446cabcf0bf6372ed95920811f9360a91cb780ed39
2:112	221099	b5c83a3bbeeb538f138ef26d8f355a06433b82625875726965bab92df15ae8ad
2:113	443035	0e57e257930267667c9c01903ec4daa39696dc56759268bd64ae21157adde9d9
2:114	398105	c5852bbfa85b4771a47fadeec89be2285c8fc6e57be639ac8da75c1620e2e47c
2:115	202709	f30f5dc7e73eab04dd6634e2d51629a0e5e00f34da77c529fb636a7192b45899
2:116	202918	241484d6455aa26f9c95bd6195e501a695789e1628ff39270b6bb744bcd0247d
2:117	176586	ea197d05a4732d6796a923000e68925aad7787a766be67dc50f741b3495376bd
2:118	365504	7fe172d809ec9035d20786af058633a3abd2468cd3d93da7ead29dfee3e1f442
2:119	174496	2354affcab37226d56339dced163032639a9aa69b084d9c23ddc92a4c0fe4dc3
2:120	417122	dca65a603e347e306282545e6ca4a26fb69b33e23559e4d8fe3190ee6a55d857
2:121	262268	17cada377e69dcf6e394523631e00a51b9c63e4f3a54f0fa26c1ed8fe4477cfb
2:122	209396	6a959fd04d849b4a2fb66804b7e347f1c9a635d3f6b6bbbd9a740775ece8e2d4
2:123	237399	1f03fc8e8c17bdd5bad4d03dca914a79e7ef34db611d0411e1090bdef36ad667
2:124	319110	a36178157298e91ff38381777549618b4885d5a3a306bd1d14149676aa67e145
2:125	394343	ff95784976b8c3fd0bf2565e7f033561b08bffc09602ca89be68b62341bf3068
2:126	441154	65e272b517ca915eeedb7ac9a4f925fe138dc7b084d99dcb9bad6e5e389f8481
2:127	221935	12b66147c37934055d6f9b4a758b9c977580fdbe189bbe7e36f2107f59e93a7a
2:128	282121	64ae018bdaec4178cdda1878a17e9c99e542a3ead5bb40b4f55581d7cf8583cc
2:129	273971	1c9ce78ebb7ec9d2d680cb377ad5c97864aaa62b9472532c54b636b8c05df8b6
2:130	276270	e6a727d69d629bbfe1582d97251f905795b6750371ec002da68de6445d4495b7
2:131	129148	aab06ec728bada29147071f2da00e7b1a44eb6245712a9ae8f7c00a1437ff03a
2:132	355891	e5abac159e3144ec00eb21b36882a4a183759334baf025c28d1471663858b880
2:133	443035	286ff5d39b87e7969860d4919c2e0af4e7d0d3e9e5a3d4c9224e1016e5c2be99
2:134	230294	4bd5a3a0f1597fc9f6ac8e4af382ec4029a161cda1c0081dcc49903dc598c92a
2:135	218382	8d687a7f4141c36b30bfb13d7166dc4b471a0688136b3ce68b1a80e8b4eea9bf
2:136	588694	d76789ccaedd646915dedc559b9941ad154bf861f0a037f2109c5030cc234347
2:137	314931	76aca7c5de29330be640014e13e018c1332485679123527be2c2efcb2146e4dc
2:138	151509	d0e2bf7d055102c4a96c23cd19fda979f34a1a941f4e42a7b520b963f674e7b7
2:139	258715	4d9a626aa689c4d9da24c0677cd2960f0d293614585aa4631b798afc2289bd16
2:140	461008	6e0e986afcbe608f88e51ce0dab64bd57756c7d3c1af42fa5b7d97dcee0fed73
2:141	188289	b8dbc91bc04709d222e1027cf7801dce6347dfa8834ebb606364b9bdae29f37f
2:142	310333	bcbf88286b051effc8e56060c7e9a9316abfdc416abe3ae315edac49fcf6e20e
2:143	689213	58862c413e75fd152e91a87665edc1cd69350b9e6453c5786cd61fa26069b8f3
2:144	517014	f174e80b27784714fd7da3e09cdea62bc46dbfe10f89aba3656349e1cab9e7c9
2:145	385566	9c3f0225bb3af25237af60fc24ee342410a6ab3549fbb2d5bb2340c7319a6ece
2:146	193514	a4d8f7d8670e4d5deab666677737f192a625e9b8036a46df648723713a95300f
2:147	93203	8dd5cfb79ff6f8e6fc140023318b9451a5db4f22eff408989cc8250a56899660
2:148	252655	c3349c586a7c7800ef5daa7e460894261141e8c4c63309d1330c5347eca61b8e
2:149	196021	f54019961504333a94d510a5a3c1637881b1987c4616704d6bf6e4c50bd0b179
2:150	448678	7ef419f688f57ffc5221efa0e204964f334cd7cc6e541e93fac7d0c1bd061209
2:151	325589	8b5c13c654e11a0fd8445296336a7120b9f9349b73783dcafce9a4a838ff37f3
2:152	105533	261e09ab2a3cb977dd486e5e97e77f94aa9bd06bfd41ed6284e37092b2b189fe
2:153	174914	8b08de82caada6ce6418d649858a7b30e604ba9b827eb8dbbc695ad66b60122c
2:154	193932	cfbeb636be7c4234b6ea5e24c6855f31781e9d516204e8dc1a4c4bde5beed7a8
2:155	226114	bd00221f14fc69f27e6b85765363f59187ab71c7ef64ddb2f39e210026fceb17
2:156	196021	e6c86e8020542b93750397a78f7b9d61b32fa17707c7fd3177beea28973799db
2:157	168227	8f195fbce043b606fb92e2e2fa0dd11f0de60e65b3768b81daffa8a61626e1ef
2:158	323290	0a6ac3df2c749b9b0d774a67e4ed24ff5fef661bd1444198924a4f0c79ca50e2
2:159	323290	c4c4ee0ab2d5b4b46745382e9884eedf46798c67af2a895a0b3a4622e86f2613
2:160	186199	6494ffb3117bb05a6e9e04483e1e0d1f460eae24aa8525e5a20d56b2e9380181
2:161	198947	92ba4cf23ee3203232f205e3c6846d293247c4f4f5bd9575c4be7557353744a3
2:162	143568	431569037b493d04174e18c9a9bc5cb9e697fa3cc8fa66a89f7830993aa8afde
2:163	137089	4a3df744a331c81c644dca255851051d762425fd1d67ccf0268277f436f3b733
2:164	782836	89b52679ffa1edb6fa052a6d7b79920176f27e147401324e8cee930395cb42e3
2:165	453902	df6129a0b1dcd21cff119e6587317f3d7ed81325ba70c25bdc593212c28b86d3
2:166	156942	c38019b5a60f0edb5813712313f4fa428c73772ddaddd38ff506becb646ffbdf
2:167	340008	d2a715aae67f36a4ac674f80b4789e8dd39c718acd428f5ec3600f0446521d89
2:168	259760	f55350add2e26d79512a179627b5cfc7fa455f5458baecdc465ca00c8212a251
2:169	179930	2f76551ba7c3667fceadcd5389675dd6b7e973e5d771b77e9cdde739f71ad3c7
2:170	354219	b21dd343661d06807be2d19bed4c6dfdf10659e1f09c7998e9837eaac08bcb00
2:171	262477	e8530e0845b28256f7dba5d0df7f420cbaabc03033f32e74999a204a2ee2b3d5
2:172	222980	7f620f98a9fdf76facf2811c520dc250fcaf13842879b27e7087a7520e740498
2:173	364041	eccba985b46ff9a2b493c3c0e086a91e2437ba6486a2e623a73cbf4c53bffdd0
2:174	522239	0a1b4c923528e60389a216b2b2b2dba50e7ecfb55129a17a00620a185f55c98e
2:175	197484	f839ac1f6742c049f8b2e9b35e7c3f0565bb0e18dabd652221c8d9f173fd4390
2:176	206052	31d9000b7a2d070d7bb2c38374e93dd5fc9a5150b19b0127db1b8d9e02d8fb84
2:177	1082931	6643ce62b8e65cda94fd136ce2f237f803b149549332e34b5786a93c6e5b3f18
2:178	589530	28cece3a55b8bb61496a1d7dd9e403b130d52d473294318af8cbc35d31811fda
2:179	138343	afb0949517ec55c365331cb45d393eb18a3ff85ea561c85c7ccabd4d65759e14
2:180	248893	eee6685dc34f931b60fe34a3d0b1cef2d3da9307ed5ae2ebc4a7a92f9a0da735
2:181	225488	4366fb93f3370b4694ebd0dab9a0602186040fd0634c0c24829a118d8b5f414b
2:182	228622	50c664b42d02957cb853fba8f73f352c2c4e6a08dbeccea9a7af066d744860c5
2:183	210650	4c6930377b35f0094723e0cae204c51aab23f66bc86cf8aea5b89ee8ee39d35a
2:184	529971	c3236f0b06ae48ea8bfcda2cb51239772bc5eeaa3cb1fdf1ad9ae45522dbd282
2:185	622549	780b8ab7921263e8f35ebd2d4afa7399f94ab3caa3300f2d756ebb640a37e0f3
2:186	275643	b7c3ecea1509fe119082b4837b5c9ed3b7bb6875d54a8578a2839c5257a8cf02
2:187	998921	13506454e6dd8430747c79b858a6a3461c49d890931ff041c21fcd65ae218f57
2:188	270836	222012361c97ec18f206d63467fdf8f5091f36fc34100161dc655f92d265ca9b
2:189	391417	80be461aa5f3c2e2d3b064b1990861ea1bd272a7ff6815358710e58bf32bf61f
2:190	225279	9c981ec0545afe80af3a527c895dc4ceecc551503845cb7995ab61485f0206ff
2:191	445125	faa418d5861d3cd85ffd643ca0e437daef5b15347f47cf3490c33cfa6c9faa6a
2:192	90278	3d8826ef35143d4d2a00935beab8938f41b7318ca2b4c14ca574ee92c2e621a7
2:193	231130	c82683254723779bddf5b23a15764171069b886734b881c2ffed88ef975cd008
2:194	339799	d4c8bed5c3343e060ec03be8fdc9750b98396140e48b1a86f0a290a5ab3ef7ce
2:195	218800	7d47439a8afeedf696df18ad40a42c4a5b5579d35344058697948750c28cfcd2
2:196	1027969	b355855d1679a741a45dc499518e45de14ef100cccbf1fd809a00d073be47fbd
2:197	461634	3a4f373595dd7d9c92571f7ade59baad02e0f8c4f3076930fbb9837689a05085
2:198	540838	8823776e5959cf466de5c1da9059ebf5e7ae31bd478c6af6b5c2da7f450231ff
2:199	198320	39c5361bdfd8f1d050a21d672e3d95bd60cf366ce1ed2c4308dcc6ab7f70d7ab
2:200	349412	345a8ad842ea24005d10336c70f52b7f276d482aa88bff7c948ba326a8f0525d
2:201	223607	64a2dd1a1616a6fbd32937c384ed599e1d9f792d969af34e673a5c2cae8efb21
2:202	143568	4cc306858377308858a724396fff66d3cf883e7a8716fc4c0287c5ef998df3ac
2:203	386402	720c8c5b0c73acaa582493e6419133be76e118565f47651f85adad4d8c2e9949
2:204	211486	6e039cbc426d5aa58a16856efa12d6e5e6546cbad65eb7c74c0dc8cf4c28f34e
2:205	196230	226c5a8f2be66fa0340764df88704fb05125376227f16bea065a9cd5c7cc3bf5
2:206	185572	904f8e6f6d70d4b3a8b4c8011f04dbc386908580bac37d9194f24f6772243c68
2:207	190170	76ca5b27fbce0de85a098095106d441e42990332f1554f15a9da320766ef8718
2:208	288808	5265e8e96de3de5042e1d67037c63a6f743ce3a725838a1d5f7ff3a50e88281d
2:209	203545	564d2c17ebf1b4dd28a4c98a19cbc66c5b04492b2f29789d9f4801dc084d7f3e
2:210	292152	842f8f7e31c51d0ecac633743fb1efe41c40353723768af1777d77b15a5e6890
2:211	284838	47ddcaf67c8b0fcf5f73d77a1812dc64c5dd53884bc51f4f7823865a268c74df
2:212	254954	e691f60a3ccfc6afcae9aef82a0b703da47317fb82504ebeb51e3615eeae6014
2:213	692348	82c5a834a6403d5d69afaba259c724fe17b7b2804dee58be7e9065c3cd69beca
2:214	435512	ae0a3b262b652a08bf82587571f05cb5b91206dfc8bcbaaa145b48beb4c5bed4
2:215	347114	3ac268f8cf89acc48c3605314d04550a40f49902adfcca21311a50c6c3076394
2:216	336874	01fdadcaeb1b16822fc71e86ef2b93e988f5647df52ca08dc249ee6390940ba2
2:217	836753	4ea9243bc4f4ecd3b815462b58b058b578d951ff01147162b5b3507f38790b5a
2:218	245550	448bc7c4eb8e17d12fcd3ea6d64a074aabce1881b4769d59496ba4649c7382f4
2:219	455156	6b3ffea8f8abb8d001f1beab50a27d0eead61a2e684a8de305c59417739b980f
2:220	446797	8b746fdb4da46f44f635df905f3f8ca4f4038b572ebc0c0733c6e4f050ed0b58
2:221	718679	8620e17a005e4b9921928071b0ae93f424fc97909909952fc03ef0760d297788
2:222	439483	babf9cb60ac813b921c0e66d18ebc4d13812835baa3041731fca432e77bd5089
2:223	311169	0caaaf87971bb547f8ff0faffe81e3925509dce29de43ef8427d8aa0d3e9cb51
2:224	236563	43db8f3b33d7f695a7f8978c186309e87257dd993d52078d36ef1eb66d25c9ba
2:225	249520	cc0d52710d2ff3c05c2aa551de2e707c766fb42205fc5d39e165e8baaaa131d5
2:226	218382	493fc5e4dbe401bf6a8cabcec7100009a7e1ed9d09f6162b12722645a235736c
2:227	98428	2b82ac30aa31026e5c876af8c62e13f95d954721cc715cba4e6d61d7e6723aac
2:228	693811	aa42703aca09745564e22584a5e06d8fbb4fa96ae212134008c53c2f68a1986d
2:229	832155	539b8fcec40d1a7cf0e508634a8eb406ccaa23681224df6429355fb54f78f57b
2:230	503848	c8c9f07195bb270acf9422e76cdd23f5f4dcdfaadb44036a9bb5894edff09f6a
2:231	776149	b037e6f76e96f5346319575bef2f32611f2b3e4fe3cef15af9e01cab73cc388b
2:232	644701	e718aae10a8fa958c4a727d0714db4cf213fb841b13b5f47dd0c30027a051573
2:233	1118457	453d4792920352d9c96d6c440fe4dd9e38b787cf094cd294e442d005b1ad5de5
2:234	453484	f6fa4ec7806439ffdcaad56018df2e47aae1cd9a4dc5bae895669c7c07090e54
2:235	806451	11d089579b772d63af680ae3884b78ab26eacc988f451d59e3e757c94b32f4a6
2:236	402493	8311104a322a26209b6e75afbe83ad31353c2c0e5501ff340fb4aab8761efd8f
2:237	617951	eed6de4d71b85f84d62bb74b1def3e213a2fd9edcaf6f180f596f5b8c7fe771f
2:238	145448	4119dd334b7773501bb808188400550a965173b73d49d6abe7d82d7956cebe18
2:239	249102	1be7b55577405a3064744ec6e6eedf33b5024b6deac6c403768a9df3b11d116b
2:240	459336	c0a186d56bdee0e48bbc79c52adeb7114f4048b266e0c075670d77eae5d5c1aa
2:241	133536	8e818408c799c82082b5905363cbc1ed41ae25925b211e11ef60ea630d49585b
2:242	141478	e5dd1a49daa642bd0d25f113e2cb92e1096c005061fb9862329bd240bf33a1c4
2:243	365295	4f9d16f8d1c7c0c1568920efc6b68b737f14d162e3167045835c719499ed08db
2:244	142732	4aa94160003d28e5579e2f375c4af3f07eb01460d0b14eabb1916120f4f27115
2:245	262686	37e94209fb51bcc194e59ea1c56285610efe5cf22858da98bdb0bfe7b7910543
2:246	838843	f22135d4d43e3c5148f84fe34eb440387ff4874cbbc741e7413f708147d3aaee
2:247	629654	81f033989d6944509620ed6f15119bea7a3d349e7af72e7d803d3fedbeea37d8
2:248	508446	695953f23b1d4348c6ab3fd99fda9877ced4cdd95f67ef5130cc24da37e052f9
2:249	1131414	5e43c39b07983998426b29d624d4668234aa22f0d859f0c28b48af35e2411e45
2:250	261850	896578b6cd7c017bf828f94ac54c91466058eae70373db7dc6c3912f4d1d5120
2:251	441990	8ff73631fd4a2d4479ea1bde70a33bef260655e25480dab9eb5105021a22de5b
2:252	168436	1190b0e8600136d8b5837b3d40905d3f77b422e7c1f9d5bc4a1858415e5fee7a
2:253	821706	cd026d7ff8633e70015d080b431e50bbe4339106b61ba86d9788a46d01ddb08f
2:254	226532	69e41d26c2fbb8ca94550ba0122aba1ae7e72f2c08ed00620873eec9e4d1b0d1
2:255	486712	b94de899df4fd635b86af54d4fbf215ea33bddc7670b8643965289c2d7212893
2:256	246176	cdd9956f1c2025180dd8ec53dc97a2f229804acfabcaf4bf2c725ba2ed5e3cb6
2:257	303855	e8ba53d538a8812cf590a55918e77289394b96c14a5292ddac7f2773b6150526
2:258	424227	2e3b9a93f36282ffa13ffbc1b99b5ccf7dabc6ba62396a96a505a5ea0edbdd21
2:259	703842	6a8e8c03ef1d9855f7329a72a0fcd1ecc812ad66c2473e780fe588f1b21a1940
2:260	454320	b4987cdfc7fd50eab99fe3f8a26061f30fbfde4cccf57c0b476f04415c695fe5
2:261	312841	1cd0223ca398cdb963bacd0f5e43783b074fc7eb6f98aad49b16bfedaa0fd3a2
2:262	346487	119f067c38a9dc6b5b9561ae219176b2405a116fcf3fc3e0a89b901c0afaef01
2:263	188498	ae0e8521d674b2fe96513074b6c1983c05f17e0dfe823b0ebe2959b252fa15ee
2:264	703842	935374e00019db647a6c4b34acc4ba2df9e4c66d8282dad0ddc816431156f954
2:265	428616	6e207611ddc8d3ac6c0590acc37abf915fd4f941acfd0bb3b70d4d76097875e1
2:266	572603	4bff58a061cb702187bc30a66771a0b72d921c8d85c9d3ed717f0ab0c0c1a587
2:267	478562	ad380a8a01099ca872d590a135e901b8a48a25bdd368bf5853cef9f18af97c3e
2:268	248475	b5e23b2d4375ba3dab5f4540350eff766d5648528fd95c3054d772c1f516ade8
2:269	244087	84377fa177325bbb6116f71ae51c3702c6b5222a5a546de082c466ed8ec24f8c
2:270	264776	1f3666321ad5d11721800a44295edda50bde060cf9a41d8258e06945ccfacfee
2:271	307616	21c4335ae1a1473463146593f551239b43ff04fd7fcceddaafa2de5a51ba7033
2:272	431123	dc949f73caa6c1c886e3c0aaee18423c87c77e238cd2f46fecde2c653b4502ac
2:273	541674	6825811051035056d74d394098d673f3de8c8fccb822b909eefb874c77d0d015
2:274	270627	c58236cf60348cc8e8cc7a34117f7ac8211c22e70ad5a5f11e1db67600880686
2:275	670823	14edb1405a3b9f301af2e2250d02c5248017fa9d76d31c64000d60572a637747
2:276	175959	f03930ad7afae1ea9184ece27041a86a5eca91bebed74de15727030feea21f5a
2:277	276688	0c739eb0e3d8f5ff4f774c5ba20a4e4ee08a81cf63f39677b8319cf524f53179
2:278	190379	040b183ceac97cf9a43709e26552307c8c010aafd297bb3cb7c9f68eae2c053e
2:279	251610	16baf4733b32b3d87ceee00cc0623345e2364ef060d4b2fce292275e0a5daac2
2:280	245341	e8dbd4309053a77c11fa7f67ef5c7788882ad2ed39963402d9256714f1a813c5
2:281	213367	6e159c1e21ed4adf077320e82e987072715cd4f2b3ccf2f5189405b3c6bc374d
2:282	2080599	1afbcd1a82b8fd5fa5a7f0a573151677e7f1153eb895d0adcbdc9d2b2902dda8
2:283	507610	78b2beca281bd1cca2a85d369a277789faf15c8efde6b3d314221d5ae865a83c
2:284	415032	a756fbf9bda6baaefe69310ad252261e1a0277935003ed3012c84f2ecacadc09
2:285	434049	f87d992f6d3056f338850d483c420b507ed1ed43fc76e99e9e17a759f0918998
2:286	711365	40d64399a1a395d6ebe3264b8c3c28cd1bac2f59fdb27df77a332880ef40b1d5
3:1	84008	d717f0cf25b243c37aaf4ecb831d0ee688f9670ebd6afb7c369676cd41a1fc33
3:2	114728	b94c83fde2480a044d9b75d28aa3b40fff3c48bd48d2d68930ddfb9c3cb52203
3:3	172198	8e6b7d1fe9c814eaae242b59450968ae35fb0a5bd8b36de63110fdeeb5c178a2
3:4	304482	528e28be662c193acf19638154b1a29ab9e913cd0259b5c62b841684352a7c9a
3:5	128730	c7ec7803c19f56e7f2849d50f0d268dcfec1d8b580810b8573f4039a3debd716
3:6	202082	059f873cfe5857147ac1ab384cd29dfa655f37bc6d4c52208cea60759e846712
3:7	769043	e9ad6eb599bd57320bd1668becb5c57c41de374ef7e644b73657af022a04f5d4
3:8	201664	70944ac5a807123a70bd819919d22a0791c067c59b3eb80fade43f167c936d0b
3:9	201455	4fcbc96a503d11761281d14098e2a84c2ecad364824c67e02499351661c8abe4
3:10	268537	9160b768faa48aa1f7943429ce4828fefab98d8eeccd7efecb020e24de043a3e
3:11	233429	42daaa1e2c2acfa73dcbd55d408c18bf75b2dd8acdc98dc4050e8d0c4c1188dc
3:12	143985	7d3709760bc4087a8d6401f586427a682bae80db0ac4c41615ce8e178a3f83c7
3:13	443035	938609f0d70d4acea03028448537e1cefbaa2b7bf2c70031e662ce0b9cee88da
3:14	374281	c239f46691644e1d06971e8c34a8fd4f40789b37bad0236fe1ffa3bb480f09e3
3:15	468322	6cd612b92e07ddd9eea4d68bacc859af0b8bb5afc70b1bcada0751f550cdcf72
3:16	199365	f208b42bf11467ef2dafa56c998dbf965355a74b2fc67033695ceff34c0f9939
3:17	156315	2b9a1e65458221c677061bf5e012aea6661c7aa1de8758bc4f2935883896f4d1
3:18	266656	250158865934bcc4e1a7739d140f170b75007d15e5d04cae5746f551906f1612
3:19	368221	38c3fc68c0abe1a0400b032754f1379ad68ee52126ff90036a816b8cd616cc60
3:20	454738	e5c1ecf84afc34f21833b3dfa796a82ebbcc8f850072aa1d8827d207196b1551
3:21	406255	6cef8d582f1c98cb9d9c6fcc4dd07074d0626e9e6da2e3799d70a28dbbd7a779
3:22	182229	0c36c5730231ca63b1606359f43967b20001acf59c1d736b173fe9b68412269e
3:23	160495	3ceebb6693645b629d17985f15dced59d1146c9658acf8ea64ec472f8c5a59c6
3:24	189125	c5d237380c0decd7ffe0592ed5b8f94b0a2db354b5c9703f458f9bcb03485877
3:25	116400	0eec5870d0647208383db11d4b4d878c66d3075b4d0db6c7c0a794f0947cd88f
3:26	333739	62174a099cebd80deda040b491aa1748aed05937e080433afacbce9a87b2d52c
3:27	204590	c0df9665139f000960ca5778d7eb03dd709375b593ec555d9d5c5b3734b6d056
3:28	305109	ef7687c6b92ab3a801d7f415f8a0066f3023f73ac01373af11da01f4bf99b682
3:29	203127	60393515f5c926808df9cc7f17e6728ddde826bf544b29aaba7337b9c92da9da
3:30	332067	9762fb2398d595709551e38e0e38a492c4dd29b2a11ff84bd9eb2f65d6f3e42c
3:31	183901	9e41607555ff67de47c3e1c1fac67ee3e65690c24d578569884de2c6db8fac9b
3:32	142523	36f8596325e35927d907efb8ca66f7684664523487c3e360e5ffc721bfd3a387
3:33	157778	9fdb6c3f56047396436bbca94103645358a69bf9fa0c041c8c42716354a9afd1
3:34	116818	48d077a4177e5949c518b5154bf2af65496ad78a158c8c4b283afe7d3a04ee32
3:35	208351	1e18e16904f060849e4f8b3750e9afab8e9b49733e76aa2905c2ef7792f882ff
3:36	360279	4693c7b4c9d92491aec3745e178028877f0f65d3fdbda0b39a1ba67278519b15
3:37	464978	bd991670f3465e9f3883aec5cbf8d45395af41317e5fde99d8b1138aab17a0f3
3:38	192260	d241b5f32d6df29637a3de9b34b0a301dac21e33a1cf23e1d3d35a70ce564c37
3:39	348785	12388ac63f2591ea7aea9e2f4ff93be26cefe8f9989502c83af4bd05d2e83023
3:40	228831	9dcf2bf85f8f51a1889f6e6f0a0f45a911f764c02afca42081da483ead2b3dd2
3:41	297794	537bc5ebeb246641212da66d4f4605c8c0089408cf3fe44bde51b3e33381a4e9
3:42	201037	6c066705bb6a5159805790c0c741eb65b266d9edaabb05318a5bc9728e5322ed
3:43	115564	4f81744bd2194ea4132aa61ac33c7ed98922b5588f67e39f378ef3960b2fc85c
3:44	293406	4240b6c99176208f3aff6bab813fa449827f423683ad876a5cf906c71b67d5e9
3:45	338754	eddd87cad449c7ede4331194ce1632ed0d3c26958c4b282bde2ae3f68784bd56
3:46	120580	18ff3886dae6f3dc45045fe53e1f679c518464aae9a058404bdda61a4b56be9a
3:47	330395	7da0c3877cd35cae5aeaf5b57d928dcf9e84d49b3b4ffa476ac76d256258b38e
3:48	112848	6e5a15c604acb69faa141382ccef70df13601b1a1efe1254ac77e08388238665
3:49	685870	d39cb24d9ba6b71a2b34b6cab295d3da074aefc6187d4a7e51019d4a022f397c
3:50	297585	043f4cbef2d00828fc63feb2f69e7211e57600940f40c84f3dddb55fa7e2b91b
3:51	158614	d2f93064c6a4fb599276506f9bc4e37a1aed991bde057cb67a799298be968a6f
3:52	331440	dec586c46d12d8b61cdf18fcc9c546cf0f848b50835429264266a77d9c63cc8e
3:53	183274	814941651d4c3a0568ac8a734b914c826604c5d4af6710d706d26c1c695ce9b0
3:54	121416	e2113ad540ff706b4b50a81872dffdf1d778cd0ecd0726bdc9e3312fc51f2caf
3:55	515760	f5286fcf6efcfccd6b5d67ddd2f50ab3ddac274fa527ccc7263964c511742d75
3:56	195185	007c0acf355ba3d3b85630a3486f55627d0bde69689c9bba728f11cc3c6fb345
3:57	194976	6aea4ad7d38f0c59780150c463c7517593868b74d46a444efbe64d5877d48860
3:58	101145	182f0b496c7e2ccf430459d3ba6e22a0b4934d95ee7ad3e44cec8c1a8b2b9608
3:59	190170	51ad50c7687a66599e888d97e5999a2fd5fb7c46cf2ae35ba770105d89f60144
3:60	118072	f857821c64cc56e25c304efc8bd3d268862f77678961e388641c469fda945bfd
3:61	560691	b34e785458bc17bdce97f7fcbac7c0371593b4b8d9d4c6401a828412557faea0
3:62	224234	b6380a9b3a5f435903863a6c594388780d28fdf89874c3ce0012c33be9c262c3
3:63	120998	b133aaf9dd57ac7d98b66ce220c0a318d7686a955b5693c517b513bc20fe91f7
3:64	541256	8966ef08c1a92c1105d3eea847429306e05269ba4d8fffaa449566b0929b28d3
3:65	270209	fcae1f5129058c3f708f2ee75d82d681039361d73a674bc2eacf1ba6a42186d6
3:66	335620	6e5d1413689f6379483ac80628c553dcb9e5ac0f94016dcd13c6673f1bcc3212
3:67	208351	e9915250ea53e2d370843b6ba798818e87b58bc58057c16006fd98e9f56ebebd
3:68	225070	3644a9012c18d89644212b5fe13a072a425ba155b481967df181c5cf186b3dcd
3:69	221726	8c93d5ac909fd0611f10063197b71a5d88a73c57c55d774c384b2e8a7558adde
3:70	156942	90f951cd98416163195f59f3d28bd04c608e2677d6692f29f0ac359921d15aba
3:71	170944	fb043ba3d9584a7c2e20c3530bc9e2ead6a1595f65e7ab80b773c427e88609db
3:72	260805	565d823f3a3240a8f3585e83c8aa716ade12b5bccc2d0f65fd3c7495b99b9d85
3:73	445961	b324f447e87930939f5de679d353b5359e4e6fc8d2cde8b72ec96ad5af24042c
3:74	139179	bc7bbd6855fb1dee25b7140127571c14efc3206160b39ccdf15b2cfdd5b63575
3:75	503012	b49f06d72dc40b70077c29fde44cbfe0736203ecc8a4e573649cb2960a713bc0
3:76	138761	75ec8f0587854049f4bf95cdf3f6e6d09fc69c17bd35cbe71f202daacfd146d2
3:77	417540	543c91d3c844114baa99ef684257bdf7c124c26a59adc65cd9df232581e21d0a
3:78	433422	ac5cc7e43272e0994875584bed05e890e2a363b006d5bd069850adf5328b87c5
3:79	421301	bfebeda12215792711b2979c64a96f58400d0bd74d7a0b6d666fe04fd53b4fd7
3:80	258506	f49071ebf978520499a7739b2f3b1109eea7cc21a105f7d9688d75823158a472
3:81	565915	148f09cd02c2537e613968e9ceea0d78e3a40c58569edba86fca220752731df3
3:82	121625	9f940ffd2267bc5edacc1ff177d7966663dfb8f627b019e6967f79b8712e6e28
3:83	207097	bb690f2bf0ec33bc6b70a028a4eb9de90fa124d3d066359cfe3bdbe1f3bc6199
3:84	540629	883571ff96e348ec5d07a6651b85768ffaacd4fa79b65bad33dba4753bf4d032
3:85	178885	1a04d6f63e42a050ad5dde2165917f44891e9aea5c94feb4e4133c974539a787
3:86	310751	8b65a25243ddfe6f1bafe5d024bdb8806256a934d3568661c50fd7319f38a985
3:87	180975	903d0348fbc371ad023db81ec5190e11d97e20f48d54c0b509327eea0fc5d745
3:88	138134	4d1f40366d424538b1ae8a3bc62d63c877bbf07e9a354fc4e61c544216e35390
3:89	152554	6f4d6588d6620989c3798599892049bf844aa39844796475d8c2809ed81b9b86
3:90	248475	7948cefb6b524306a6d81369c457a09cc0d197712b364d7c1338d095df4eec24
3:91	325171	5810c661488c9e2c3a6b03f47f292e2f43ee536f4f940b85c2507eac1e27a79c
3:92	243042	3a90673059ae431dea938315828f76e703acb43972a29a5cf95cffb805e3db85
3:93	390999	ccee024824a348e679fa7aa6f60019cf33bc14705c08a441b9cf1d09ef2644c8
3:94	150673	b271c402f68be4ede87b28e2d31ba4aa842c09c8b84c7e4a9414d524224af931
3:95	198947	40d2c27ff68d99c807a87f06e04b8fc1bd5199a397ec7c6c90a69bc5d20dd246
3:96	166346	b54bff6ad54039d43d969249db194ddcc0d81c173080a16f10740abf323d3181
3:97	403538	fcd4a5581b528258438be9e1b988bbb3dc1f95ab0138f55ec4dc0e450ab6ac27
3:98	180975	9c74969086efa7175e9dbf2ed59d06eda83768dd4b82443579fd7c44a6d4a27a
3:99	312632	34d80e2d1029e00face3c53ac83194c47c8599c3677e1e97e7521a83a38287a4
3:100	183065	ae9519e34436419233d9357420a89850cc5cc0034b26b9ccf7c26f4d1e397c08
3:101	220890	c7487f176134d6895bb299c3bb7d1b232420302d1c3abb475f018f1471802d1a
3:102	169481	7d5a4753255ba85dd4deeca01bfda843799cbfb96d86b72aaa7de7b984e31467
3:103	503430	fb57cde8c3a48bbc01f5c416566b95d848b78c14aa3fc7a08619d10974134208
3:104	231339	ee59690d5357728b792fff59ea3af94b41023fee7d02c6f868499503e73dc00e
3:105	221517	dbcf566e3b79fb6d511315ec6e18c07698b2246f6ffe23b241e69874eacc168d
3:106	274807	26770f12dc11ba291283aee3327aa625f64653287ed24ab9e9eed752203dab91
3:107	149001	4fa514c3a2f65f0b716cfd04fcd4ee24dd0914cdaf4cfdbf92c20e34cfc1f15e
3:108	164883	1b19380032dfdd726323b95ee16db0da1d0a4976ef41206b325dcd15d8903201
3:109	139388	294be86849824d8edbbb5c444fc3dc2abbd7760fc2a7251eebb459298420485a
3:110	343979	a5b3a5a80f02ca369105250a972c69c98120d07da83f763599ce5252d8f9eb58
3:111	194350	77f95a367434af81c30baf320135f2cdd9b02616f613400db34b7dbc0d128586
3:112	491728	dcfc072abee7a5d0910c7deb444ee90d7bc5190f390cd692e7a58986aac135da
3:113	273762	1683520ac61eac9d91d02c896314c1e1d2e0dc9fa4af92ff7dd7b211dc2e32e3
3:114	260596	35849d2ab5a405f598394bd8b40e3eb11edf0c401d7090aaf5629fbb43890581
3:115	170944	7d8871d09b7d4a71f7b1f2aec4b243d4dd665f06b4943f7d33a7352a13bfc52d
3:116	274598	fbf2cedddd35d2dd18b6224e6b20d0e4d47ea0c4ef5a8a0ddc6a3060b45ef806
3:117	329977	34a09291120e8732c2ac1dd876ecdc5a71c36879c5419a5639a5ec0501097f79
3:118	516178	56a062177c1ff0dadf1225af40ea5640907f4f455e522165c3d85d9613e700e9
3:119	545226	987526f331b1a698894e76002d850b73c49b8e6982ffd5c1405cdfae339a4f77
3:120	331231	31cccff457f14da5a915b9262000422b199f819cc82f494f87a583d7b6e5284d
3:121	169690	2c3eea2fbd4454d0c8a408e648bafafbd6eb13dd1ee42594e9b1a8a890ee40b6
3:122	217755	fd1b7caec075a68d01b8e22fc71fc1fb089e5a75de6887ce812b7540f9915078
3:123	186617	187ba3b9b78d48c08c35d29a3abedadc6e6116ac73b0423a13c86cf3df6f4926
3:124	209605	0d17986fb3b32951e77c7d37cd02007b16e81cd4e4891f57480300375d33b01b
3:125	278568	f9db71d599b3bddf575aa764eb19c4315c47d842561403864af88ae8c5dcae48
3:126	236981	d107a6ef8a2294a1fd1836264b3e75e277460e5fd62b377a2c1ce7d9be8b2a35
3:127	154225	5e6a1f37016861681181698edcdbb19c4c45c96003c47b0dcc0d92ee5667a527
3:128	150046	a514d711e8d464964785544441c848f1049404140842619451dff8721100f20d
3:129	250983	9a9243b90dffb4c4937d87734e37f39b1566a5b5b5fbc5e23d06dc8ea43335a5
3:130	214621	0d7d5b356d80a52268133d27f3044eaf7f9a33826dc610a84164e1eaeb54a14c
3:131	97801	dfbfb7206d1577858212fef0ff4df24ac0b93cab7bf6ced397cfd8739080a88e
3:132	98010	27b0f3f0d08f50136be76b8ca0fd40b722bc5ea7e8d172db151570be32f0a51e
3:133	217128	39cd7737a1ac4d3b4b58bbd87d9000f8fdcbc0515f05587109a87c5f11fd2860
3:134	262895	716572ff83efc6c997aad11bc608fbe91975d3b399b03469fe014752c9e630c7
3:135	390999	fc109e03e78954544ed0392e454c5700fe2ae9cd50f7a744820149dbf018e657
3:136	280867	e45609de0272a8877c8fac6aafe363ecb275e5a27ada56dfe91df275d814c2e6
3:137	180139	a02aacc048f74121dfcfa6b6b2e27aadbb895c83c00c55fc80053b11734f6639
3:138	123296	31e7fe8fb6920eb69f5eac142d991ce8aabfe9f626d4488c0b6ba577e59a1862
3:139	162376	68ac3d5c620927820da098d1ba99ecc91a951da5b016046282070871f5e845f6
3:140	370519	d1f4eaad3923734759ca483645c54a11aaa4ea9b7db589d07d5c3bb713ea0168
3:141	117654	d0bc0bd57aaeae5adbcf32a5bf4053ec66e8df0cfe89fbad80c878f42ce0f121
3:142	186826	2bf8d1ba7c35dd87cd8b5a80663468b598a08fd049f7e0ef0df5dca9c2fb93d7
3:143	211695	37336e5cc527755408ee881cee86f7d4fecb9ae459d916ac77557668f3fe6ca9
3:144	388910	310faa8a7fad264adf079a9df4f497da6ef9e62dd68bd752cec1d12821c666f6
3:145	370937	423bce4ebd12d49795b425884e7a3f514939130cd7aff7b8c62b1c996b887e5d
3:146	334575	ada84be5a888e91de62de924586e7a0f4b2dbfdb221dc374353a721972769146
3:147	283375	3a594fb09aeaaad88199a1b20ccdd667fe42d9b0b3aec0919e859c39e6e6e21f
3:148	191424	7ac040718030e009db90410905c0efa5021c6b840f838fea4ad317bd8107b73d
3:149	229040	c8ea5cdce37f63941f79ceb64d23bdd4c42e56c96122d9accc26085544130f94
3:150	102399	e4a59d146876693862c6d40445029e775efa682257cd73e0d3bb969f52c41000
3:151	299884	e3e6d5f2674f5c9d3c2d49deeebfd0aa830b1489ea997e483c23a5095091065a
3:152	641148	6d0274d5ad5e8b16935b02200782466978c2acfb5cd58e9ddc5ab335cf93f435
3:153	448887	0ba36b8c2c4efe649ff65d0de3d3c69210c5ec6fd894a42b55e1d3c0dfe89c2f
3:154	1151476	28fa206f9c10fb558f2bd1c8e8e67603f7632d20fb5404d712fc93eb1b3fbdf2
3:155	317021	0b0e33da1b86fdbed4cd7f055b05dcfb5ea00b8603431c1a56eef86167998408
3:156	616488	0973b720983003792a7a2e9b13b00d5813ab136a94fd95a845c8168e9153d108
3:157	203127	80f94342fb69c0a2289c89329b177040456685c36997f71cee0683ad88c5ca00
3:158	107623	d2078cf151ff0cb5aac60661a9a89613f8d7ae7519af97413116be56fc0fbd12
3:159	441154	0237eb2cc1692108520051ea6f32550d4b8e60f8469b5bad6dc3cb4e91d7a243
3:160	273344	3de2bb54687036bc6e4100ac3139cdee0254fafcb78e9011ed072b4c6cb81948
3:161	267074	f275a11ded7fba2c90b6afedef50e3ae102f17b7b0074d619d9f2c8b8139d373
3:162	211904	ab35c9f4143232f633b31a26caf8b0423bbcb2d16ef9526510a6d437331f9a79
3:163	166764	cee829e509a28a8f56bf0af0017cea5a7412039d91cc8006995be7db94bd0734
3:164	456201	6bce4148b921efef60cd4724c0146f9b786a8a36ddcbad96725aaebd037f0210
3:165	327261	8fa535e0e1f3e432eca7372c8702e196f7f7817deb5fcccd0ac6c59d8d431411
3:166	166555	db051d49f9a8de05dec90ef6530bcb981e6e828528f8788bb6dc08a9d01102c0
3:167	525791	beb334c69b36bb16dd3c58cebf2e873c05a0db265794eee1847ed5f5337d4d77
3:168	249729	e0a5f958f03a2b601f1023aa3eb40862eff633abd5f193294f354ff05bdea196
3:169	211068	d67277775c4de136cb1b409ea4ddd31c5a7603f2fd480b5b0fee72f6a0eddd10
3:170	287972	774ba3330cb0cd377a2f3f6f557c68939687e3bbbe91f91cdd92d7b14680f46a
3:171	191215	2a2f8cec063a216cab82689c44b9b5d05faef96228046225ca2bb087ef94c3aa
3:172	187035	76ac30e8d82f3f8cdf6b62e634f1252e70290f7613b4f83681c92f49e9c4fd3a
3:173	201873	d88b09bc0fae5dc2549b78dc30f26c0c7a3521fce98e12f0dfb7966a3893a205
3:174	213785	92f413f147019afe3848a27f818feaefce466d8c9228a4f0c18ebacc7396482e
3:175	192051	491560da4b42e89b841b7f0cae26c2269d5428f09f695e347e592a3d8d50a4c7
3:176	293615	54b92c9e765b270703114f157ebf2f077678e60630540f2c6ef8804624b308d0
3:177	152345	a260d5831b9d389e29451a311729efe18e42cde62992a92d9fe47a8116f20f85
3:178	290898	f232a44118357231f746d152ee1544097d668e2d3bb96d1d3263d6a7a45b9d99
3:179	493190	1bea9afb0531132e97da98b6a4f438c018bc0ad43799e4110414aafbafe53555
3:180	444916	96b0fdbbd9d08586191e679237a2b6db9cf890c0b07fe289f97d55cf12e08751
3:181	318483	6c5492d7a5e270bf93772446e9bb8c643cf04447e4ec741bbcf154cf66fcc127
3:182	156315	07fd0e290c6b661cd1ce39497560f028f7ab2d21a4c881a6ee2ee1dae7ee1c57
3:183	450559	754016df0c16f01208ec7e2332dafad467cfc8d5dc8878a7c3cfea3fae068dfe
3:184	189961	ec781c71f4627f8dff43bf3128e76f4dbd72d2b0912b667c7914fefdee662550
3:185	374072	15e0aab58732c1d4f9e7f5774a0ab67954bcceb3ea719b1104f05b77b6a72a59
3:186	383476	03490903cc7eac64618378734935a5c57b5f82c0a2e59664f95963b7d73c50d5
3:187	403329	0914d095c3c37e364ee8bf8b2410943c75faf194d153ef8a40ba0ba8ce32bdfc
3:188	368430	3bc9129483c9cf28d21d80966a78f0f13b54ab12e3cccac709c077e8b83c6146
3:189	147747	65351555eee2c9c69836d440244236ed0a6790d513cfa84ef44d1eb17e16f8ba
3:190	184110	799bc233d8b8c3fd973e4ad1cba0187c18d939302e9118250f5107a2e4aa906b
3:191	425899	a862e5c3fa6999c495d3580a2ce9876fea0e834a04b106ce69fd12fcd705e606
3:192	198529	5b7745eb3b4e8a0ea250b58eb8fa0c56b940a3edf4afb10a1c4a9d11033e1598
3:193	385148	8bd7a5a9a0ca50dce46d385877fdc0ec6030c5a0155b4bd46187083511cb4c20
3:194	209187	cb10670599e60da627ba2804c211b6074c57c35a655365eee516d3aab61ebb22
3:195	770297	59cc31523cde83164246ceedca04a7d6575e202427b5b6f8eca9be413d8f3236
3:196	108459	2d35d0365572a443a09c6738e7f24b16da58ee992dc8208127c087bd48237be8
3:197	151718	713cbe1521c61e0a5e4958baf7f6e611ed39284bbaed2da981744a53dac37009
3:198	316603	df18467316ddfcf33ffd837881f9d111b7d2da24f65d209b1bc3915ba26df6b6
3:199	453484	65d8844f2a4ed3923c12751d4809e3d518739c21e3df7ca77407c64d1aa15834
3:200	169063	8f0a5954a0ade03495a1dbf3ed8d2814282bb17e5575de3abeb65b5fe212af27
4:1	531852	f26eb780be297e128c307ee3d43bca0491705dd8ed8578fd00de12b2b664015b
4:2	304273	1a73adac23da30c798e3043e29eaf419e869561907efd8784a74577e3c6963df
4:3	415450	32a89468a9e7d6b10d9ba612d04aec133592b057831c4697c1f0e9b8bffe4581
4:4	248266	22366f66691d21d393d4cb69ed270a4d1558be2a73366c9b5b6c50a69e3f0755
4:5	254536	4a9ef7db969f7319d53f6496a26e18ebd45867bab724a1278d15e6afdeb54f74
4:6	691303	fadaee4511bb863a919b6a9791d5f7051bed41a4c501c06e5d274c1d77508d1b
4:7	320991	9a25c6d4d6581375a209305159d79feb2fbfb847aa45e3730a4186d1fab0508d
4:8	199992	122683a624005486ceabf077c48e1b8cf1ce2ccf3fb7eac4c621a15543033659
4:9	250983	3aa24cba835cfe64f9c8afc47ca52cc03428a69743f388caa69cb1b15eb28316
4:10	226323	acfc12abf772d586c6aa49dca9b54039d27fc406b40d5cddb1991d68d672fd04
4:11	1158790	eb87d0f5aff369468bc2232243164e126c77827a683e36ae8da17f71363ad92b
4:12	1258265	5d0d0cb50350ce2d8643047ed88d5d79f1f227db3b1a09d1fec5d6666bcf4e94
4:13	316603	5bd492da60119654f1ab11bef88d7b29146e521a946debfbeef233a153719b33
4:14	212113	fafa814ffab1a9a94eb873bdff2c867d07470455a2af42f663cdaa5dc79c8c02
4:15	390163	5b54719b2f915fad6914580f148b53adc5ca6c6c291f38fbde584e0650df57a9
4:16	278568	0c6bef87c60fe13ebc182c7f4dc3394bd7146570443e9d156bcc0d8c5cdb704c
4:17	338128	bedffe380f85c738e710a78fd589687b820524be913294f33029ccac018ff159
4:18	369056	ae2bb473733d7286eb4b8c69cc2c7e80a71c0df6b7e669a1d77870e965d092b7
4:19	633625	548b6686abce56e98ea8b43fa3c3877c554f63faa873ae501f94c156fc0f05b3
4:20	338754	4992b1b3180a476e52743c78e7072d3283c0c440c4f29cf6cd26f24c3fed5279
4:21	177631	b263d67fab6d8d2ee6ab9d1b389f34991c0e0fcb304bb2f223e9f70f02fe5511
4:22	305527	d85cb19a44652b8812b55de928459ff79f6bde4f46fea8f678b96401f94036a8
4:23	1246980	88247b0f6d649d3ce6573f5af65d1bfad118b613abf00018e625a539be60a5ee
4:24	706141	e9fab1fc13d9df29d29b1499489161ab17c14dc640e8c9da7670aabedcb962b1
4:25	626101	8dd01fe2a52ba266cde4470ecd0f15bda980ed9bedf05427891ef6b6d828e642
4:26	134581	8ecac52954cfd87b18402d75688fc8b3789e22850604ca1bcf04299085213d0a
4:27	123505	98472d64d9579f630fb31dcbc70e9ded121ad3f4090830db0b330aebaf1ec66e
4:28	89024	712edfb813f2a13efb2c27021d0cf1e5eb7e96897646868b800acaf68cc52b04
4:29	296959	f9fb8d3265d10095e54c53c14adb0e890cdd7c8708bcd78747e15a807db844a2
4:30	134163	63d4761c7885c85bb1a68b77de09a0289da85aabc3cfd3fcdaeb6f1c8945126e
4:31	151718	089126287e183474b1a0fab640a40d8c04a9b1886ca68ca5bcb55ef3af4844de
4:32	280867	a288311cd05e572c8e40bcd9e3165cceca78c1cf22514a81a0316c2567ce07a6
4:33	228204	7b5fc5741b7595fe4f1803b058cf313fcb0ac07c8f1062bc09060dbbc7a2a6b0
4:34	481905	ef8ece5f7aeaf1686ed56a01dfb1b5814ea151f28d1224da8915dbd2669736c7
4:35	247639	41955ec3b7134874565ff4fd5185380a8e44f638a3a7350058054ab942079205
4:36	338128	9bfea195c13c799ef7537c6e6e96a044cfa16af686e51efe5f38da70936d2639
4:37	191006	675d137e35768a1b609128d271f5195540877f585d7720acefc9f809744a0179
4:38	211904	d7881d75e3f1066ad8fc3a984a796a5061ca71637beb4cc582aeaa4d4fb6244a
4:39	169481	44922be2e7d162988fe9e6e374f1ad8bb824a1d95aaa6eec58d1e2cf28e34083
4:40	153599	8f6783c0d45e896270458f04f06c8a41e13ee64ec28cb387aeba93c69fd4de91
4:41	157360	2d8372ffe1e15795a1639aa4f270aa85a0aa98839c4b7a833706150cb526d9c0
4:42	139597	0b1757efd88900d6e824c73a423b9f20c731908eea50696f04c4c9d0e892c80b
4:43	615861	e964a1ec01dbf152995af087350b67a8323b44a78a99e75a2b9753e7a8c8198d
4:44	142732	15da50d1e5c1622528da21fb60f1ddf0dcbdb770fdbeaa64e80eb712b3b66c25
4:45	130820	ce5c11de29d61287febc128927d144b4ff358f2aeb370cf8c511fe2310123553
4:46	422973	c4641301e9f73e3f8fb9bc4d54f254aa06a0791f47dac31e33e7e03f8725e829
4:47	371355	546f0fb1614f34b4cf12a82bc5bcc15f1e461e2ed064cc59a78ef211829f67a9
4:48	203963	0ff48832fb11a9daa605ec2031eef2fd7ec9db884435951af36205453ebcb2f5
4:49	160913	59528d5796af3574722ac41233e9b760dbc2692a3b7f0e3686e83e77d0dc98a7
4:50	132283	a22f1e04d28e628c8d90820b2feb5e6545583301de2ed38a4258623de8acbc83
4:51	208769	bc543c4eccb2f4a02510b858da32ee0eb8f321eed0509af44dcd3f55ee39cc05
4:52	127267	6e59cbbf542ae4eb5a92741bacdb3826da178b829b2d81ec224bf57600b4daff
4:53	92994	7402b3b8e02a3b1e798028d98658f30b5b6c98c798c1f1288713fe31f5c5b008
4:54	236354	0d00f5081472460284183e689f8a2005ec035fe135b22f3277535719ccd719db
4:55	133119	7a7ea4fdc7df81486ec6d4b1b0178db201420499c3227e476f235d8ac3e47b72
4:56	250147	ddf0e56a2754f349ef60b96300fe87d9e2e56b41d6fe57592d319af22e1e1b46
4:57	300929	27706d33a77b0e53894c29c6b4d1e61bbdd503e25a3b900d6dcea55f8e9b91dc
4:58	325589	e2cb8fc3aec0560b18528db6e490295ef0a80f71abc22505202f120b10e1ba7b
4:59	374699	97b9e0c1b5130045ec41adb02a2c5c3aac8c496b5d5e27e1f8513b573185cc96
4:60	416704	08e4afa0a2463e43ce7bd90304f51da6fcdc87fc45033f48a7a988b0adadb685
4:61	173243	0540ffff03713461057184d8abe048e56b0fbd13a15785f491fda7173daca6de
4:62	268537	19d1606613aeb7247f8b2dae579d38968dc289af2550cfe35408b99345962530
4:63	192051	18b6eb57704a023c397be4af8fda31a2c68f5f12f4512c9faba525e4ec721827
4:64	313886	1db1c08349808df6c30d2eb02cede216b2f710162f20013034496a0cd2ae93d0
4:65	254327	74ac523e91b184773c67addf0e15d37aab3c2424f1f16629d075c1567770e5a2
4:66	315349	c509f402a70741f0c103939e490549fae2373b6df7d5d223c4677a66b905a843
4:67	106369	5de2f3412478400e49f62cff71dc3c0fe1db7d862ca7dd784dd36155ee5f2047
4:68	71679	b5d72e895b2966ccaf2a340d4a30b1174df0dd775635b73a015c3924af50a2ff
4:69	300511	916753d58cda6acca28c2c75044f21c8b11b3750314984125e0b5556822beab4
4:70	131865	bb33fe99ae2ee9aa6285e83c536806a2337e50e0bb5a113a6d99cf240333c160
4:71	145866	74b280204cf8ca95e727df41dae952c6e6c175ff2c0bda39bb04cbbaf7a85d2d
4:72	195394	c87cf6ebb7a27164e6b7eeaf4481af6b44e45b1c13590fdb2144d4b835cd21b0
4:73	255999	bdabf9c941c7121124ed2af1ea8c77e2fca5193d1b8a2d4354bcfc1d3b43b7e0
4:74	265821	e3d224d64f7e58f5e7b998c2d2fab65208de11d9be32be1b87f353d4a4936303
4:75	416286	a022c47dbbaa09f3b4a7a60df812153d76a93a8d576f764b9c86ae4135ca2b31
4:76	356309	07b16b716e4db9e2cc3efc4376673734e16de22e6fa979ae4a36e1fdcfbbc6cc
4:77	734980	7af5f94491e951dfaff3f2de4331db0f14e68647e83cd993b4441911e81c6ddc
4:78	515760	3a7d7a5c5cbe3f5026f2877916ee91b854c199c1edf5b2b47980fae6b0a16837
4:79	300511	dd8e9caece99a8d06e6b03613e17620cd7cbab87e7cb53d9846024100aa234e1
4:80	197275	b8a28bac3e6abe436c5e4a12473df5cb33803557a1593216ffa7ea43bf0f5d02
4:81	365086	fb6111f9e4a1f57ca5414c82f230e4927279bb68fcfb968e9f5cdeb9d38574d6
4:82	179512	6285d6d102709c91686c07a7cd65a379193efb42c2aa1eb98e8b9fe30a8bcac8
4:83	403956	4b74dddea216f35f902c460b0ecf1c2b36a0c4e53c834283198cfc6e50beff07
4:84	290271	125c4e788e79453401fdc3ff2cd2ab071bbf3ce5e41c1e6d62046a94d56d3892
4:85	300093	85976fe4208c92578ee191533ff3a59550f2ea0cfc2871952f4c485b108bff04
4:86	224234	5b70daa443004605044307279b395cd1f2ada92c8cbf10eeb1df3a480a7da8d3
4:87	234265	73da376e1528b0f9b3283299e3fc48b45d323736e6f7aabe0c096b07ea070911
4:88	281494	61df03fcd60fc7ea7040ffb61557c8bd67dfaa11850b866b71e730c93d184c53
4:89	441572	fd47806b31ee3d0964263a19f7064208339ddf169b69939d1a9c60c2329177ec
4:90	560482	f1f0d59be81f11fb1d7919f4af3552668dc11eee8d9072c103b2fecbb9c89e44
4:91	524537	d208e77cdd80fd22b2c480bf73213f5f373f9eb0cf35f0c31ffd6263eda5956e
4:92	903417	701bb6124394a8d8e23be79ffb27ccac22252e3aa06c89f756a7999d1d229eb5
4:93	262268	388967735da07666300501977260f6ac0bd24c1f445f516a03689e244f8ddcf3
4:94	716799	9b011eaec39db3cdaa699f1fcadad4d2d65cc8043ebb87bc883a418cac170aee
4:95	541883	7ccdb9c394abdaa81c1fddaa3bb3a427712a423f1951ffbec913a282b529ee6d
4:96	148583	1ba12e37d09fd10ed40459acfdb7ed48e2cd6277ba63232dd6459442d4d20267
4:97	412733	a3869264ec46e26917a6b60e029d8c25821f239496083e76b78f65e81ad3d5cc
4:98	154852	1df563c4fd01ae3c52ef32db516308b8974dca85a01361afbd8ba054f2bdd3ac
4:99	141269	1797c10b6db9f6a65a5e94728c05474b8566c6b40ab7dbb5d5205447d04750ff
4:100	353592	75994802a6632b57d4a7eff74511c56faa94211df56f4166c5254e19cfbb68d6
4:101	244923	d022ddb4be857e753b1df5e4d1e39e760882cb364db0be94ebf4be961efd6f69
4:102	872906	dce70582445e4fae917e851b863f3c1d8fe90352861f08513a741e24c68d56a3
4:103	282748	b982e2ffe55f4fb7de4455f0906c20ba0eb22cd4da7b5962710d8a1d9aab29a1
4:104	289017	7680a99d2e5ab1eb3de51338c3914dad055266516b0d9ee5f360e15090b61128
4:105	257461	4a303f71e96cf5424fedc3a08ff12ca9cb9d53912860849b082e9bf2d28a0e4d
4:106	124132	1539af39b67520b225c8e995bf386512fe9e1e94eb3f4eeaa7c3eb0b11a2fbcc
4:107	184110	f2a3836db3cee3c5e3cc8dfdb0d09b4975b525a02270baf84d1f5e73ed21c45f
4:108	249938	eea9cb32641ea04bb5b47ba06b152f2dc0a40607e1da171dc24b9ee6cbcb9465
4:109	359861	bd277048b4c1528bd9b01e84b070f2360d18718e23c300c5978e4f9ef7729f6a
4:110	196021	2e01a7d14c096ba2a2feddcf39836825ead900157318797e52dde853ec84cff1
4:111	157151	326df60afa21f8aa086a6120942c12a9e519679ef01e02bc8ed04cac5a632ba5
4:112	209187	584f5c9e9024fddd539351eb7002b7de3e60e072c7251107e6a31fd2b4f1701c
4:113	499878	a204ed6f151c83b77fe469932e7c8f2442743ccf3afe1eb12b44e20af55d4a9a
4:114	350457	61d3747bfa219a09c274ae65b2b3248eb9e59c1cf9c4f07849d63ffef9bb8b95
4:115	301765	1499fd9e3602c427c09e333b3fe00a18c7f702b3ad0dacff078984d502cd1743
4:116	243878	ef4872ba609a2774e5ce32999f2a9668a1e7d24f2f55130862cbf465bf147b9f
4:117	183483	a5bd27854ce7cb00572f41afce30dcdbd416b06d1ca575e09dd144a8353ac582
4:118	159032	6d58e1f550ea5214106e80a9c3427304fe587cbf1b61727b67156d75da9fa2b2
4:119	412106	7c24156bddf5884ac1afb3306090092afa164e660dd6826e35616886e31364d3
4:120	141269	265448c5eb12d7abd51af611677a024901560843ad7e9765762005763695751d
4:121	124341	e534d8acac1c8fe70bc81de1f45688b1be2e67dcb99070bfc084ffb89c39195f
4:122	327679	61067d2285d82d01426b04470cda6cc531a08ea9ec89e1961aa62d4a4cfb3b13
4:123	291943	788b89cd62cb5781806798b5a6d8b15f9207203e1832e8b5be89f9ccb513b3fd
4:124	221935	639352fe18854cd61de77b656000af5c64b3805ff846ed0fd1a0e410107ea0cb
4:125	257879	dde5b4142168f1fb6d1e500c8adfb2ef48a9429a2a241456436bfdcc1e426fe4
4:126	165092	f4ce0759217eec8e6ec1554e1138801b18f096c8a5f60f58519ed523c7be847f
4:127	645954	8663b2561a2fbf135da0e2c35d6a5a779dfbac3e5081bc2e60932471f6d7d241
4:128	459754	2779b6ae7121051b2170122ec25c68409679c1d2e37df726992cde11c437eb66
4:129	369265	ab85e6ed5d52379c7472cb90ee87bf9039d44a34f57b56d41e58a52ab2ad87a5
4:130	177004	b80bc98c1b53da4cfb412385905f5f80884ac475b60ee18c30a3e0f027957ef8
4:131	417749	4924afe78ac860ecad144ab9d0b98a56d104e4a743ea30ed5da3127a7d7fb398
4:132	132074	88dc54799062c663a2317778bd69e5016fda4f066f48e6af95b4e22982a77652
4:133	182229	37b3aa7ce0e8397c2e2862d40ee657f3950fe9d57678b226b2acebc151e76dd3
4:134	219845	e3b4cc08fee678bdcb25b1f37cde7511ce07dd51c0118bf8c4b440d448c7a51c
4:135	606039	d431310453201bcf3864537076cd85554a68baf03a49c674975a94f10ff81407
4:136	470412	a3d3b8075a92ef256dd3aeac857e1729621861bbe17e515b45e1784d9e98479b
4:137	269164	c877203610eeb2b035286c4caa63e7ee173913e5d2179498b9e90d00efdfb677
4:138	95920	f599ba99defa96c196fdf2e074e0eb187406e3400e74b0cb2ae126ce6b078f6f
4:139	272926	9ad9a6e4eb77ee6ce2b4ed1b746af59d30df9028ab2ca6c22aef8b930b6a3646
4:140	471874	96740ab5f56b09e5d722c08f3baa5a7a8dac4daa02c96ba8c4c129543b255e6e
4:141	626101	23b55c97659f7cc1bfd283ab034e046e3bfb8adc73e15844d9c26bb874047bb2
4:142	457246	2fcc110f6c3e08e7ccd9c9e7bbd350ee190dc544730c59af290cf24713b184ea
4:143	262895	da59bef00b349dbf827a8bb3e43a9ce24818893c41e915ba2ae7f69c237ee350
4:144	308870	6ea5eb885408d4b09b37f62cc81797d5e2a202962e9862de0bf006fb7b9a7786
4:145	138552	0dbc2255b178003cec195e227ab633f94aa402d3fa23c01085217dce67443bf5
4:146	295496	32d22a54d89d9e82e6e22b39a83e84253e59b1ea0da371311495e754e0fc208a
4:147	189125	2b563652753d2a1022362dc0d478c99ce06ee09d207bf00f07639577b401aada
4:148	188498	32bc6c1c27d6b70c159084d4d3e45a47ac3c9e35d428503c08f162fd2a86f5b0
4:149	197902	73eb6a7ab157cab30d72ed01ad193c444da2302d640709514503167cb56c67c5
4:150	399985	9958abdc7c17806c3349f966362c0078bc6f1690571fff09ed466ce72c8c3239
4:151	182438	5f370f3b01cde9f83f312d42c5286349f9cbd80b994777a56ea029457773a4f1
4:152	270418	8cac9f7cbd56dc90b8ff6c92a5a12d52c32e2996dab773446e2b6d5429f3d2ee
4:153	561109	12b73170426379f4e5974714df41d4cdfd75663b644e9e5948de3505b8f4e152
4:154	263731	bed796a8277d0e9844adaff6932cc46d569f779412eaf0fc3fe57956c1e67f14
4:155	344815	e2543ed29d0f462e8ad00e6b9cc9afae5fbafab7056b7c5dd471c92c32378bca
4:156	107414	2bfd7e58b859d526fdb4e9509ab8a3a337f7acad7cedadc47dfbfc0e5f8b0320
4:157	435930	8415cf3d2c48466d34d142fa955d66bd1d2620755fc9ac8600361e5bc60083b1
4:158	126849	8bdcc5004862f4eeea2ebc5782b670667be986340791595208c0bc1a40dcef62
4:159	192678	6851c2e74f0147c49a4d057ffdcf412deec5705d04fddd639c435bc6de441a71
4:160	227368	e912c054268229e45bbd596bf6e9d1e21534590e53e4c303001176c13091bf68
4:161	227159	9d27c8555ac6848d9ea2a9ea12c1b049b88639b6577b07e1390b11f89a4f3065
4:162	471039	38274d01e860571d0a51dfd0e7e7d4c578ef5ecd9010879451b05ce8ef611c29
4:163	407091	a8b5adab0bdf36bda8266338e63a7269e63f226b4acfc64c389f7e095724a224
4:164	163212	f5bb77b887423c744e37b264241bbadbc3a6efeff30e5dc157f85427b2196db1
4:165	186199	556050c12c401f4f91a394f47af18ce58734c3de59d9f04fc01392206e388bb9
4:166	205425	db8647a138d9a4aabece7af5163b08655f140484ca2040bc952bf6bf62cd82b4
4:167	113056	d26c799a13b340d9633784da27383d66f390a0a2f97cf61e9da00e424998d2e9
4:168	117027	7e003b7117f84ef0f91fcdc423cbf20266ce32d662fc11daa7cae00581904253
4:169	146075	b473bab997a19e925e53c6c55378cfb7fec1f2134447aa18819748bd23ef1a4b
4:170	303437	77973859b311736c53d3266f07441646767e93bc09331fed8469cea990620230
4:171	681899	ac6e526679c8ee7284f032538e976326fe8c984e4009b5d604fb9eb32f1aacc0
4:172	265612	9267ab29e0cb9a63802474f2a146045630485f5b2bcf862fc4030daabf8cdc41
4:173	365922	984d35245dca280adca3ad8a7869c678a91d6a0b82d7ff755b4d18b963f6c322
4:174	195812	d9e6ef75eac684cb46d6089a8e1837a38f715c6012bdb5373b5046f700c690dc
4:175	212322	5d7703a7710a2c320b53521f520b5dfc46acd2d5a4a486d7bdd508fc570e4011
4:176	622549	b6a7e975cf2a63ae23eaa478b75f89b446bc5890bae78861b060873cc9e29d46
5:1	317856	f1b7ded6a9c323cb5d6d3c8d422f94868ec9e57066e50af4400823980292d7cc
5:2	887535	d5ab31e54e51d0f68722976e3ee817cf1e102f5caeddc90185c0888374a8b5e9
5:3	878340	ff2ed5d132a5ddddc9e03101b0457e37d6c1bf43d8047379b4d2479068384f3b
5:4	476681	4f1977849e4a6d21cd125223eb52380a139cbe82e2f192b9d442ac8ff38007a2
5:5	779910	cb9bc179be52c15129d484bd43bea5ae8d3b1b7b6f30cebff1a27f6a12471848
5:6	991189	a33818cc8e085999d05c4e53a7984935ace69dc54e20543764f59e171a232409
5:7	301347	04d6036343838f59e165663ec7c81c2015c69b96fee6ec76fa30c054b6da2589
5:8	442826	b8935bc3800de91d297b5fc23d60287bc2c3a090d2d5e3ddb18099387fd00240
5:9	146702	da7c9ce825f6a92d6ae433e7df785de723dcda53b743d0a76d50062ab5548049
5:10	155061	bdc2b59c7b0d735e72b4a0f35337b09c6137be8f04ded53ad3308f1c642c600b
5:11	361115	3bca30be8cd4e44bf1987d6e6a145b1cf52457bc3ef599392ac0953c30a68925
5:12	780328	4fa7cf6581867e74e5aaec7ce02312186414a1c948bcff88bcd6523530be9fc9
5:13	507819	635271e92c51454a49446f9052956eed38e726679d7772b4d242cd97b2936061
5:14	477099	7b937e4c648f7aab0e40d107aa822533b87e8abb79ac88108481b995371d9af6
5:15	365922	b3961e80dfdc163f3913927b377662c342d740a51b84fbcde8466239ed114afe
5:16	296750	ec40ec9580379f2dfc287033ebea79cbc92de3428b26ae5bc4616344a77fbffe
5:17	523910	61e190694539691a75a66be28e10cdf57ff2dd4e3871361ec496ea56a1cf5764
5:18	510536	c0fe55ba2502ce33bac004fcc80736e53a4ae6428c843d2a2c8dcc17357d99ae
5:19	483159	cdf6397ae73b3172da989c203426fca7874d5096dec64b63df7901dd47613469
5:20	417540	b29e652a4121741aa04458afae870fbbcda3a67e5bba109df4f23f1c36ee518f
5:21	210023	72460e381fd08a5dd4d0a323ee17730b97a6efc78cfe083780e523c16f0b8172
5:22	376162	abf55bad8abe04dd741189d6c5f68c357222a49480de769c91823d97cbc5f4c0
5:23	335202	7bd0909f67c2a2af1a9bcac02f22bbb5519c19147ddfd761a671963fbb60abf3
5:24	338545	750d99711d2301e7972d2726d9fd36735b389fc6d9546b9553e4f08eb8f52743
5:25	203127	ed190049b06a92186621675dbc601a3618d437d538095b78b38493a0a22656ab
5:26	247221	ce88951d3a9da9e368781ec79431b9cbb38b55ec9808c7365a08d1788f4e264a
5:27	339590	a24851ae4372744eee3996f9822867e65cd214d828308daaf5e1d0083e958ea2
5:28	258506	417ceb2927efe71caade9e9a0aa223b551160a46f773cf475cbaa30541f1418d
5:29	252028	0bdca969688585aabc285ef317f144f81f65c5aa126f18edaeae2758e5f487c3
5:30	169272	77fbc56c352f1046d7701b9a8392cc77eca31359d8331194b66b37ce62319ad3
5:31	371564	e2227eac2897f7394c4b04951a5c5b1ece97cddb6eef7f2a97ffd074c43833de
5:32	769461	04c52b4f014db6cea2a4d6ad0ae90f12cef0168aadb57e2c66081503eb9bacfc
5:33	534359	df483c8eb9e7c32af2a620d4ba4a132f33c969b78c674e97c06c4ca105c03fe1
5:34	180348	820ade7153cf34775fa0fa6fed4420ed08d56b6dc3d0b22b8995f4405e1c7cc9
5:35	213785	b0cd75a6a49450e42236ee9b1ce22b411af9e7b4bd9f02980c16b28d604b7ea7
5:36	311796	25515d0dcf23e2c4b6e8a8fa5aa2456ea74f4b5ce303e07bc6171ecd5a3fdb48
5:37	194141	aff2e4f9de13cd444319c38cadecc201877f636d757e5310d0cc57e32c29b75c
5:38	259133	a03fc2db3bd10c63b2c6e01d08fe4ed202d8f5e27534e0cb1a227c3c4308ee6e
5:39	226323	1f6f11aa7c2b41a7b09804fce50849ab1e2c2feceea300d6ff198d850cf017a2
5:40	318065	54b609dc89abd2917c8984dd9feb66b05998880c16d22481b2799ce7dbe8e3e8
5:41	758803	04706cb60cc341933ae5d1d3afd39fe93387f435c4ef4cdfafa12a16406dfb66
5:42	402702	2dc23701c8b3741a031e12bb13b52feee9c5878afc43d576e652db361994401b
5:43	242833	27b27adf6fbe45ac10abdee08e3e5606cdd2b312a5f126e879696338ec7b7afd
5:44	690258	5913b58357168335bf6ff27eb719dd4d30c951660345e9308aa995d4608fc033
5:45	483368	347a978dcb741aa68ec5b8501443cf99681bad29e29a3cf201e384dc69015d63
5:46	379296	c4acd8bf0e5dc8c5e89ca7359a2c10ddd7dfeecea8263f619a4917391903b09b
5:47	252655	47cd28b540ba4be9859a04fa2ab5d218659b7666cc06b2a622b08699bb30bfc0
5:48	867473	185fccc96672b39d2289503378737b86448744d1ff4b252b3ee998d0cbe73c7c
5:49	523283	7e2d2783e369ca22f8ce3b14c2bfed9c60fa18597987c8d87d2ea3234c2b0c15
5:50	165719	c571907fa6d722bf2f0537ed20a49e0e585c2484926b1e0b36d8f4a88bfb8f4e
5:51	403956	2b39d2fc9b7c3fea4271ab91709523afa2ad30707627e4743d4eefbcfa1724c1
5:52	391626	5c29411c1da2596e801ed64c8a08f73b821963b09928ba47039b0d01a7c18cd7
5:53	281912	cf6c8cbd82caca497997dc44c45972d95550124f28f49e9b1bff10721a0b710f
5:54	608129	6043ca70d7cad8cc4582d0e30840b8fd2c08bcb002063887809e1bea2dc96a1b
5:55	213576	698d6dfb592642223f1c6c1ca83b9e7f1f496681158c01c7f45ade0ff38c8c72
5:56	163630	9632c739f9e6626d9ff1cc12ec670a0e3156651cfce78bdf5514c455ddb2a441
5:57	353592	913b1983c07c5506a121758188a4602b5e549fbd585a0a8b665bf64b47c90dd2
5:58	192678	740e9dcf2a8d3b148c1ec8d8bcc553b4a598fce5fa6ceb281711655656a0ab08
5:59	305945	0c6bb69cbc82cb2d5d6982861aa05adbc32f8f0158953720b540cdbae9f2a9cf
5:60	434467	707d6eea88bd2cda5930763b79b36f55d5fe02b6c109e0523704f9d6ce418c0d
5:61	239698	22d3dc6a895829afe8aa31c62764aad11424f024fd7a31eb398e19d9d71ab0ea
5:62	194768	b395b0f9b6a54540aed038f319cc320b8f08799d71955aa75d6a0fbedaa02fea
5:63	210232	d1ea25dcac2c1a41207395dc5fa81bef6784b6ac9778002ac6574c1cdb0fdb01
5:64	780119	95ab6a7ea3ae7542590f827d52a5c9506a2c96e0c1ded7c6964b8d922c784e7e
5:65	207724	d8bc3d338de460dd4c8329ec984b03898151966af5453ba592621ba9824a15ed
5:66	404374	d793a3c59d0846704a3b0c3b51f23727a39363171e98a0cee2d68d4bfdf19fef
5:67	366131	ae3106e0eb8908f6c9e6d37816676510f0c5c67157b695ba06287c2d18551a33
5:68	465396	3cb89c5cbb9e725e5ec5ec542980629ac06166cdbdff0d76921e23ead2f3c099
5:69	434676	d56eacd9454890565224fbe592f8e29554dbe220fb05bf25af7abc9c02f7b475
5:70	382222	8ff7aae2b9b81c2ae13502c9f4eab029cf2582115bf0bf5f4c79bf229a0d0999
5:71	312632	9992cc671564c833fe8901e9cfd98f2b1a6ef160b5fde82fecb998ab8513cad5
5:72	529344	528f22b1612b87fb6824bb283ef01bac48f6bcc5c03865e5bc08f8a4348ee901
5:73	393298	d3e339252c8b1f5e3ab7f2e3b20c0faa33609dbf68f068b8721cb32337af33ac
5:74	146911	f074175b399cf150d0b75c385b1fc49927583b2f96df3a5ae10f397b2f54959a
5:75	373654	7b93763c0c29141fd052244306702c37a54ac52d846e0fa9ed80b2cb30804cb2
5:76	201246	f448e2e4f704a3177b27398d549edecf2c4c2dada84c65a0676b849340bbdc11
5:77	501968	2acca90c27745f35fbf92df2c5ae2c88775ccfd3b00bed30887e8a8f5e6dce3e
5:78	251192	fac3f292167a8d00a15cc8f127495abda2c6fb04b4ba8708724f377ea81212ac
5:79	167809	dc58383b982b20252fbc026decd4cf1d5ef23abf8cd02100be10fd1d10f76610
5:80	294869	1421a3bc62b4ed066a96b1dbc10d999a5a9c6d55e731de41f7e1a7915703ca2a
5:81	261014	dc4bb4db0c19ef3b852943e3966aac592e33cfa521ff6ff45d362dfce4368cf2
5:82	486294	0486a4beff4f1e257aab10e07a38dc27f27457819a7bb6dd45273db4d89dd828
5:83	312005	994ed5fe7bcc3bc19c2cfee1c9b8978b1af0216ae245cdd2ecf1455bbc08c681
5:84	219218	42fbd4d19d50c3a9db14c389807169705b5c7886acb6b1575dae3f3f2c344b62
5:85	254327	5a1a77be1f5300300751d6e8d5e84312b3dadc4ef082edbeb1ef90e3a47f4639
5:86	145030	36f8ddb561d2071b12cce893ab71f07d739fed73ebae023eb8ae6b40e434f3d7
5:87	255163	62d445bedf1fbe57df77af30fdfaf462571a1b285bf3fa674c86062a2d050c6d
5:88	214621	e58973d75fd744ce09e2fe56b4869535c0820127c761edacb40c12cb89f39d5e
5:89	740622	826f50292c396c37182b6837c1ddbe404ac9da750934f6a26b19715cb943f182
5:90	294451	366069144479245bcab20f48d3043fdc5e730bd878429c91247c4434faea596a
5:91	320782	e546f0b9679e8d96240fc67bcb84a8bae5f0b93eed8fbdd88de25187255f3318
5:92	240743	2b72d5c8be71d5893d53a8b79ac0a62a0d56eb11eb569f805e1ab2d315b9de1e
5:93	411270	5d28afc2664c902cf068c74beb7b519ab51475eb9d0c624c0b665e6a0900b43a
5:94	538121	ce92d7fc76fcfcfe7fc2e931799c9cd9feddb6f9493308d6c7e67f9aca58fab4
5:95	675630	58a711bb7695fa86c16cf05d68efc5d11ed3aac91517e1ef00c36e0fa15c254f
5:96	262686	7e4c9d7ac24aad63d5de004a387fa7c71a8a93575fe939972c2c1adfe8cc1d47
5:97	325380	771d7a0cc34d96a56b74d73787586f28805f22ac425a8f1e312c5ee6a0b2544c
5:98	128939	f5a2b8a194533fd3375136abd53270a2c07574bcaa3109681aed985d6c5fdb7f
5:99	141060	d254af32b9c46adf3f1fea314b34c170e3ee3141516592dfffb732b35fe1f10e
5:100	223816	a1e89e2db7139409c614c55f2d489d40af33a896e1c33a6ebb59bb3777414075
5:101	289644	53e9a1e3fab9db226a0822185b67e1b5e6dbb3cba98b1caf24a65283c464516e
5:102	123923	eeb3314dde7961c6adaff8da70aa11c3adf88ecea34387dd7a3cd0e706c1fd28
5:103	360488	b6070bc2c6925fd7d3ef5c45e65977b3a7144929628c36a437bee2ea75961375
5:104	316185	f2efb8c85682aadfa51d4b5e139caa73d88f9b7b812fa060c2891fc768f79d6d
5:105	303019	3e052e337dd82b9e134e9d424ba36eff9bded4fca0bcd5bf9dcd7368f9120656
5:106	665390	a5404c14c511278570c087042ceec92ee45085bca2f0adb0a5a66634dece84ac
5:107	453693	7be90eebee7115990dc8c9349e8075a4c9a7d61359ee17af22b3bcded442d283
5:108	339381	3737d16bec6f52b8e823d3c3945852db7a127d1f50c561a5f8cfac58a720a17b
5:109	203754	13236dbe07afcb76449be08fde4b79281ff0cb31b3b90d4887442fd2186f4f38
5:110	834663	29d8a3a8db465d318e43d62d209c7a81000bc64cef5d5354564b5826ddf81508
5:111	191842	dec77ec83696c2a6b23942a663fe39bb8545695195fdc299fb2bca78c55a6ca2
5:112	286092	74039e9517573a8a690581e8a8f5f24dbee2c2a3b13d89a54673dd8cd088c75a
5:113	193305	4045f282c3fd141373df947eec92d8dd990d47b651bca8a2eac34a4a5c011d1a
5:114	351293	de6c65cdb04029485326f57c562c35e661a682ca18e8326f900d840509327eaa
5:115	280658	d26a5abf60067241d44bce650d1ceb4673f1c0d0341ae524aa9756c40fc347b4
5:116	535822	570db578b3b59728dd9eb5cee23fc101373d818f6171935dd5a398b80dd8a0dd
5:117	412524	bacd9c35f328264d4df98368f2c9a32358db40ec1b8466698121442c1adc38df
5:118	184319	db5ddf859fe677e823999ff01b84ad5739d7d7064f418d026aca3d31dcb925ec
5:119	370728	a06c96b843aa69f6c87fee244f0fd3f2a3c1088d6e92a43e9d264ae9f7359379
5:120	161122	ee42e64c3fe723442cffc72a74cacadc7080ae28151396c801370f16000936ee
6:1	232802	a48ab6409d02ce426bbd85119fa3c3250b5727f28745112843ada57d4c979ea1
6:2	248893	c4594eb53df9418965640c5a7efafb98686be831b3db5958c1a615392220a88b
6:3	149837	4cc5eb3de033e0bdded0f5244c2c20325131741aa10ae1668c53988b821f2274
6:4	166555	c1e1912bd995b941bc4fab99d4bd241d71ded07a806f3e6991c43d9b59e6dcd0
6:5	220263	5aa88f218480869cc8782f0cdc1ea707e06438f39045d38936806bb00c259917
6:6	544181	c9e5814920840e764b311b2e356d73b4471d994fc3a19648a1635f7dd60a8411
6:7	253700	fcc2c9ead3a7cc1372e631447c602cc7886c3afca4185f5148205ac46e641387
6:8	196021	f3b1f56ab5f2b5cc77e73e08dd2f927fc0f04849cb3968bcf239aaa81ec85701
6:9	153390	fc23d29e22f7e2ef1558c5332c52eab1b0c8f1c1946de59644f954db87f838f3
6:10	194976	dcec36722bd7b0e6b7aa3d5147177147af6c9e83a90bd462b9d03944b3ae1909
6:11	145239	7275576a49fce4f65fc6ca8d98f1408a94100f305a85c238b44ed63772b19793
6:12	366340	b2fecfe3a4322e6493b150003f22c9db6ee92b217be824f2d8945422fc6b5037
6:13	140015	cad68f837eede00e7ae4ded6648f3d0e77e0e9bcc84d809ebd671806c5a2003b
6:14	312423	4a5bd73e1be5f54ef0302fe0ec2d6382cc11f4a3baeeb942151b20aa985d0cd8
6:15	125595	9551ecc4e0795b49f32201b92601480721cba6e61b53a4d6af3826428f33fd96
6:16	140433	48961b9bb0415a223fc9d36d1d5b5c1922cd4e6e09a643ce283c9cc157176b7f
6:17	229040	be9292eda3ac719f01e2949e824123f78cad6c2deab1506198c9a967106fac86
6:18	135835	0f612e50f895f710b553fca3cab11d70e898e9ab7e4abe60af59c84488afd89b
6:19	603950	bfc6f544689be6f19ebcfee955f8422af58aea2a60546e785bf75a72868829cc
6:20	285465	50af2c114069cd5ad77f8f42457f9726b142f3dafe744ca49efad8451f7293d8
6:21	185363	710f8f4617ccb457362e0e41db633903ba6f92bf59224df7625dca40498de406
6:22	207097	d21d8e2508ffff46682e786a705218df134befca18fc405c211895cb564aed02
6:23	180975	a5263a1c57dc1be447e69329ee7a9fb0256c5ec8169c00a461a6432a4b204973
6:24	171362	5d87fdfaf27aab03d7ea1b903a7e61a486cb383ae09f09afa39b80ee6fdab440
6:25	575737	06e6ee2b6a9d8397085dc63a18438a36523aabfa7959c08d8059a24b67ea01b3
6:26	163630	1ac6244d76ced082097df2ad1d8d6aa8b25149045d3319b7611e125a332b34b9
6:27	226741	3e4fb197563f5948f2e2997c5f5d39739cb66b51177b03b52153d27400852a0f
6:28	207515	52faab1871cae31b6ea4b180752a74901f777a4dab097feecb034904f914b9a2
6:29	147747	51ee6c07f813109776588bfc3dbe7188c07f4bdf889089840d47cbb1a092f744
6:30	298839	50ac06916b4d597f81c97fa07dc9d0bd7fd29b69e5a06004aa139951415950b1
6:31	432586	7b5c7e3846938bae296ec5da51c2e9372cc4e763ec21006fe156e57f821bb846
6:32	249729	dbf6b503b2d99f1d298b1127402be4fe66eb47ff04de9ab584a119595d883397
6:33	264985	9e39a28c244ea4688b25a53f193fd13b2c91233553358b7a54f037aa66162769
6:34	347114	0589b9d77feccb806b294810243e861ef663a65d2a9a87fb37d1e08812e29460
6:35	408763	b21cc82eb4272e69aacf22c0fba56de8d40c09a9d58768f0b841c6e19063df39
6:36	194976	218bcbe89b55c9528afcb28628985267551a7558ea0b6cd75019ca975b4e7c71
6:37	284420	22db6524569e9a3d3c5bb252197535eca04a9402d2faa9c1b907ad337c5aef9a
6:38	366758	2c91e3e8428ef6b39048590a2312ce921a5f36fbc6bd1b24a3ec96d679c975e4
6:39	280031	f9e0f168c62a4f80ac2960554fe272037b191165f903118ee1d2d788848c2031
6:40	211486	d3c5e16fe2679892465abf8e6fa97e1dc664545829a190df8a9677101f62369f
6:41	176377	6c60034f80df67698ae6f3e6ae75c11efa2aa68aa5c80ded5fa9d24243080669
6:42	230712	11c3aeba461e7d09d182dfae0191310ed529a14edbd2ae5d019f28b4fe3c456c
6:43	238444	468ac615832ab0e514d97adda3f0927b90fafdbf6908232c11ae505ea050413f
6:44	409599	3c857395f1d518036098e318fc1407f5f6009e11f0cd24dff98013620e9c343b
6:45	149001	7b589375af150a74bbe4b8d98e80511f37f42836aa25936aed28d84256a56d88
6:46	274180	aa6075820dbc8394f1cdd1cb7898f9f7855feca9f40f134572473a115ee873ad
6:47	152554	592c20da3616eead18ccd1aad2f7860fe26ad4fd4392af80af07f98550b72116
6:48	197275	d262cf821dcfe1241b5985f396be4d1e213340a9d0761e2caa4520870410fc1e
6:49	134581	73b5ea0a0fd671c0da8752d9afc486df843cbb60daf27cf3ca8963abab6bb159
6:50	396851	df9b3248028d54b5154dd7af5a4df9857829ba1b5e83d927a6153cedfa8b2ff4
6:51	236772	de38d2586d4d3105e3a02eda87cf0315634e68dd7ff46a34b761e443e9418e21
6:52	486294	b16856a5b4ad381f95e26f62e01bcfda69d70521b04bcb130b6a7feb76c9e1a1
6:53	282748	3bc5f86cdb3448ec1745a18651c4567703ad81bf063631a7c2ab2d412d790075
6:54	406255	06f1345af72e279b245c41f96c2958cc7afe8a65a25b759b11eb3bcd4feac8c9
6:55	112012	77d0acb2e2c79af26680b348dfdd7e4c01fbcd14360dd298728559c80f80c1fd
6:56	286719	b60daed94ac87f876f3c55d5a595c82f4a16e00c7b5a0653f5389d38e2876f5b
6:57	332276	5de0bc083db280f8e798fb98c2a3da568bc698bba151e2628ac3bc418836ebd0
6:58	201873	ba8a68a830a9707a84d3b52b59931c58032c01f8b47b93b783c6212603754c00
6:59	419003	155ec21c3ddee4cd116ce08cc72b506b8fc92ed14d5d0f95db01a130289c19ec
6:60	379296	e46c10f58f3209009e3e4fc8e6c0252360524d5524cda69ac8f10540284f7165
6:61	285256	176ffc8153d1d2d715b43dbbf86b676f31eb73e1586d8dc858a7e0779f6a048c
6:62	189543	16a38775062f02c311239de2c6865038b19a53686fc121653a0dd637a499659d
6:63	274807	35a8761901ec76f1f680b4d8df00221418c69b095c37ea21cf99ce33cde29ba7
6:64	156315	4c09252afd8b8dc4e92de45b2d6c8acd4dfc81d0457ec09e193d409ce2efd0d3
6:65	379296	da44d44086da073a10ee84f73ac25b52b2c408099c3eb2ae0386c3c61d64a938
6:66	133954	97b593006cf6a9ab0c3d598de77be12eb296a4e7c4e891b5ee74303e58ebe1f7
6:67	108041	2a5e11b5313c4ef7835d2b335700f749cddd5fd8c8e67b124e2bab7edf1c7ebb
6:68	346905	0d7f5997b9bba0a876ffb76185a407e593f905b318f5732c1ae474c1dbb901cd
6:69	189334	8b24eefb97c935bbc22b4a25a09921e08d6892be1ba1841f52f71b2293fd02dc
6:70	697990	e131c588817a605eaa8171ce3bff6ac441dab7bd4ff8e3ee19d0f2b1d4842e2b
6:71	590993	04e4f187a0d205e1db8851ebf23e18bdbfd42382aafc9ea8d44fd9cfd651aab9
6:72	143985	13036f04ebbaa3884d15103755b4b790ce4d8ab47b185124a28d83ead851461e
6:73	376162	3b76e7878232a3b41051105fab9608c9eddd217f4f1062abb873349763f9748b
6:74	220472	f16e3f3827d60e57abb7529f79490ca7adb5f470f06ffc583f31e3624b268dd3
6:75	162585	0cc2f6e4b830b7e4173ec5aff5fc0c4b5129ce2474b214f95dc51a661f0710f3
6:76	231757	ede8c2d5a9d79585586ea309a4fceae79e6e99bb7d2e9b817a943dee4c34a6e8
6:77	287345	2780b345e71312fe6b3e2770987bd4405e95ed301e32e8aacdf9cfb1e3644287
6:78	296123	98a127f31215c79d95a51d7a8af23e5b336bceb74b25360fb94094d1d399da7a
6:79	186617	c2c52dbf82964c21cb947510397ece5498fece80ad13f52833021dd872daa629
6:80	487966	ade044b3c5f7777e62ced781e42539c97a0587fd851dd998abfda9af8b64dfbd
6:81	364041	254e3a22ea264529b510d1dfe035c9d15f07ad62628615bc0f712eea5dfdcf4a
6:82	198320	177bb91cbcaf9e68bd83fd374f9e4036c472173f975ae2057b3fe6f1223ef9f6
6:83	269164	b4acb2f15be830be35864f100dbaaafa1d56c1e2025524e8444e6e279c5efe63
6:84	399359	a1f9f354cf0fdbcac8acb8ddaa1be2c8fb7228f0b1a9685c5f4a3724121d9a29
6:85	145657	1def6e9cb0d30b0e29cd65d8e46a92f31791bc3438835df5f7bc8f34409138af
6:86	154225	080f2ccc8a554cc65222b74b2f3080b523bccc1cfe355f51e5dbc133097f68fc
6:87	224652	d237c8713b68cfa6907c91d494b650265319aff2cae899af74c1025bbb844285
6:88	214830	d523c427816cf86b8244283386daa451d60a6228093d5fe3e3c3a0ec388292fd
6:89	314722	84ae0f1aed93bb66eb1ea8c986fab44b545d0631f323b98b9653f67802ebe09f
6:90	269582	1dbb8c0e5d7fa383e90e5a2532460ea5e923130cd786baa224625176d2ebc302
6:91	696319	443e23948a4db53f8ce08ba9b1e2989537cac69d6ed06748aa1865c8674fc1c6
6:92	375953	8ea25235432b3c023bc9fa91d04852ad48208f982fdf0cef0e8dff69a5e81b84
6:93	719933	8c670529193e6c7b2270a1389c586b433fc89cd093e9e06211a9738f0625ce1e
6:94	513879	fafec7851b14fb50c8010e9bcbb906dc28876251d41aea3eab1532ec9a6a8fdd
6:95	289853	d38d83d3025396d9e022ff0da4b2e395b595fa0bd44a774236834eb534aa266d
6:96	202291	8bfea5dce25842d10ecfd8a72ce03dd2191157cd973a09289be1c2d3744c9f33
6:97	239280	d5c2dc7916dc29f69f3c0725968ea38448dc91b09a30b582d4fdee1f0a8f6425
6:98	262059	a0253f21253088ade8daf01244b9aad8fd441b492b3cb06b00f7b7aae62d8549
6:99	923061	508eb0232544d99df9b8a87f7a4e088e0b38399027c1cffd46f63f409eaa0adc
6:100	287554	3e9c0950baba88d88074e3f9c9a47c2df7f5bc3bb30940bd5470c32aeff4dbd9
6:101	273553	7d4dc3446dff17e14cb279aaa3e8cc4fb163f984d1f0759d3501166b37fcf8a9
6:102	268955	2154de9ed9e6bf9ca5979a5352b0dd0eeef7963eacc783cdc0a5d1a75f1143c0
6:103	146493	7f2dfd96d1b46a2957db2e7508aedd3233e38352baad13f654f37f724e72801b
6:104	263940	2865ae2e1905f73e43e3d93a94f936ddc3b62fb8d7f1d0b2e843a9f1acedd6bf
6:105	153808	2ecb537aa2f10a4be7ecf15cb3ff6a1b687e471b1c9e9bb9ba9f6391bb218f9d
6:106	212113	733f9716d2ee18fcb93c62286d3cd896dcb560488c15b66f74ac6cb117556261
6:107	259551	34cd78f744c166fecc15c8e9e510fcb80bb5b0ba04dd14aec50fdd55b3f86f86
6:108	386193	d144d002ff08c1297d4b385808c61024391817b80f6e5619e7f30d76a70037b5
6:109	370519	33d17f0c3ef79f1e081447953f84e52eb92fd636f89510b289ee36fb8b82b608
6:110	252446	ad33bb29bda9b553778cf8eb20a7a0e9e82472b7ecc80432cc989428385347f1
6:111	384730	764f6b3242cd5e5c0393c45dbdff59399f0478dc5a18926380cc09aa7021f0a8
6:112	345860	a732cd08cee8ff8845dc6b7adc81024acec90e9a1714030e09132c01163ef898
6:113	193932	f38b4fb6ed525ca3f0e5b271c3963e598ff26b12f41a4fe1f1e70e1067de21f4
6:114	367594	facc96ed494e52cdc4a98cdf0a4901edff53a80eba896ded1f564f1c1f8573c4
6:115	171989	2b95800a8a75ec4d1ad18a6181255e41e6eb6c2603772f2877782073ccf75e9b
6:116	244714	34d0a57284c8d9e2758aec01919cf8d3d4573ba020c88e3868893fa9b72fad41
6:117	163421	29d3771e2490088553c7e27828102b58aa70b71d6becc85e719870f4446a3c2d
6:118	149210	a4da781a76bc4b9432ddfd8da905cee51166dd46a241890becdfce364f945f6e
6:119	413987	c3682361df6e63a8962520f2a2956451a5ad9091abd6408979ef9692c1f10c65
6:120	215456	3ed78c01d9f2887bdbfaafa6ea6d5fc3cd6b75bdcec9ad90844f5b764013f003
6:121	356100	1dc745afec489735f33adef7518e9e7dc6495ffa9b7a12da903f582b3854d282
6:122	327261	2f9fe26978164d510bb6f45a398f06c457bf747aba2bc552ccde1dffe781259d
6:123	239489	dc8b5978dd1224d66d3f6244e1592607a08b2092e757f66b20e63b0f0461c335
6:124	440319	58d3008f5e36c9bc91bab70e5fff23df5e930575118d9cb3ee038500d5abc87c
6:125	398105	4455507624a41a321b1459e46c7a1ed4d9bd059f56072390fe3fccf1010f7747
6:126	175332	d20860aa794c07554b8a211815d330660399fca68efbfa6baf64fd8031951b67
6:127	155688	d068a2c56501ef97e0a66f39d7a2800786d4bd4f46876de290432c58fc4cbcd8
6:128	590366	188b2d59b829195a648304ffdc089ab6f1c030ce19bbb3561cbabbb33450242b
6:129	142523	a259f35e2ac39dba371a7fe3e1f01d5be5c0ec6c1be04e2c3c9d4f10f3bc0294
6:130	539793	eae90c7082d459700981439e6521cf6f134d7a8ba396c2918e79910b25818636
6:131	149001	6a5771c63034d486a85a398cab6b06b82028ca49a7f7075d06ce8d9cd83eb3e4
6:132	172616	381c45301082dbde3fcb0aeaad805fb79091ce39b01be754739f67f872b36a5f
6:133	297794	3ef525a87eb1a89ccc215ff4a19e15772221f254ce9cc8b6feb31fe7a3f22d42
6:134	301524	4ef211c6ebde707260a37c46b6edecfa32039542277e67dac3d2bb8dd132c4fa
6:135	286510	3137aa4af7a8ab9daaea7592fcf455586f51a2c44e9cbc81898b59175a8da76b
6:136	505938	d856dd5886b474a93445ee3fd4264ea1745e42e78a1fdfac8fb64acff9617ea1
6:137	354219	37f30c7f22fa155e3c811e4f94c3d6fe79d4703fc0dd8dac57e1367f3667637e
6:138	519940	d8cef0d943fd24184fc03d29fcac57fe076e638655581563073be63100cbfb68
6:139	384103	30fda455d57eb74350ee132b7aab8bf4db930bd2ba04cb80e0d0ba8e4af426bc
6:140	325798	eb81704f64132b3b658b2e26faab64c55c014bd52a2ab193c64f32156e44c12e
6:141	649716	a938f9b0b1d6c68b67dbab4e918c8de4298fea1a44a4b538ac83958f693408bc
6:142	287345	e8e0582a6452f0658b4f3eb5bed88c02b993d23df654f7f49ecd996f731cbd6a
6:143	434049	7dc8e1dfc59c9ebf20e3f3b79b37510f7767472c097b647a425b2606b754bd5b
6:144	634461	b42d5bc9be376005c3d3943aa17c801bd60b2766753c70aec6d4c596bbfa9047
6:145	608129	58637afb9302dbfa47de3d2056888a8e9dfdef7bb233879c0fda485c0f0c965a
6:146	451603	e0fe3f732969ee844673a195708380f60b7d2a38a1562ebd8d07793bcbfd82fa
6:147	204590	c8d4cdfc24be17ab208833ff859dc7d9a8a98d647ea70a616aa50d28893c91f2
6:148	582634	ece57c1b6808a93992fc080e3d05d1a240766e0bcced632196259e37aff09ce6
6:149	143776	83fce30f6527a049ff98d7fc9db60c0d06a577dcbdf22a3fb4de043fb48c7dba
6:150	464769	72220c4806bc2adbc04abe77d6a50332f58fc9dec4846ca9fe7e2785a22d5101
6:151	699035	2d2e1a4e4b12f41c801c241c460b58ead3cd4e3a817953f9fc97ed1d407e887a
6:152	551496	101ad52b50b753c17f7976a61b7cf9a4929a1d6e88b799788bc7ca9b2023114d
6:153	296123	3eace62c63da40f6f1ad5e76043739edc02e181fd141e7818551405149f6e836
6:154	333321	32675b5d358d565d465c08fb764c439d7d78f7e8aa49221a9b0581ec7b923353
6:155	165301	9cdb4c26cc81d38a9e491bd7540a52aac168813576308b4944fa455927e568dd
6:156	261223	6d87563ed0b1fa9b149588e03a4393c24220a71b55b834ef34ab415bd4bb345b
6:157	569886	e3e817fe7eace40d4faae7e223736b6fb2dd8a0b13df46c1a8e82ceb5bb4ad99
6:158	1081854	74b8ddae23709948bb17072dd3318d6ad96be0d267034aacc3c3498b1063d52c
6:159	314513	e4d3935e4331f704b06e40711aad8bd37b2b60dfa170c22ea482f3e778535f2e
6:160	294242	3d2ab481353eed00ea0cff9d9039986c10207f2490b6a9205009f36d9878197e
6:161	282121	063aee1135d89b80fc9b90d1495229084468fa5b1e2be31a4b2e795618f2eef1
6:162	145657	230b00a1a5915d07823e8580a3daf11a0b8b9915f31a8ddf822e6769ed0cd645
6:163	141060	63fbadb42d6ff3b3d58fae5bfa9bbe0521892ea6d22e4b0d55b7a552a1aa6b4f
6:164	446797	7cd78653d5f6a55c72314ca664d89b9631b542fc80fcc461dd30f859afdfaaf5
6:165	463515	7bee74520923a0b82e8e4fe83efd7c21b970610cb8ab15177f90a7b65d69e5a8
7:1	114937	acae6e3d053e5e7e9b99e42b16611a5f51354e60ec9d01ad8ecc54a96720cbf7
7:2	183065	687d1d13de543966310928650b5d55be3fb87db556ac46c10861c41b4550c96f
7:3	245759	a1553e9cb6bb62e879daaa905234060841880117e617221ce611960bcf2ee5f3
7:4	169481	bf905f05461757ceb66b466ecf4b0bb553c728c090a445189cdf298488cea461
7:5	211486	7d746996d4c2fac845d0b8b0a93f2838c63918d1cd8447506a31181eaa2b64d3
7:6	146284	a75d5f57d739af301f5ae72326fa1cc46f45ffad45b07f60161b5d385767769d
7:7	141060	a97f342f76366e49178c6e016f7210eafe63bd580d8f2e2edce5cebafbcc80a5
7:8	183274	49d944ca7fb3aefe3d74f89024602f198a7f226c631d45c80479ab256449e335
7:9	210859	c8035eea31e7bdf781ebd77e69a871161f05294d61cdfe0388e8ea9f1a76235c
7:10	155061	9f52ba61707b58220a78c033326eb9820e87a5ab0970416eede81fdc255db767
7:11	312423	854927319f1a617eebd2e3ef9cc44bb37ae2b4a347c4f991a6f784d5afe87dc7
7:12	188707	50022bf9666030f10b378ae110ce368c283f7e52a49b25f34df36e9d294b584b
7:13	141269	876c468723a928370ccf9f760e1a9aa2b3e0214bc4f8c62ca136b0c5b2ec880e
7:14	87770	e6e2225b49464873e89b6d7ba9f2555110ccb0e9f0d5ea8dd2d50b6dcf947bde
7:15	75858	0782dc5d86d32f60fd62e2d887768d3668ae3bb54185f8e2c88301046a736e74
7:16	118699	e0db330e2e98fa56bb5eb928544cfb291d12d83131f9784058b873bf3673f0ba
7:17	221517	cd7f818b67e646df926e16a2984d9e58885d83ef8c68ef4c2e4641b5bcb2d510
7:18	214203	e171fccc2109dea8e327b3f0d859a1ac18b53d4ed831adf7f0ae797748fd0cf7
7:19	241161	0f19b9c3244642fec65b7a87e69c477763f672ff3fe6f34ac2d8682f90b39116
7:20	422555	e5501004498415b5c14d2664eece5369453168ff314b276bda32b0816006558b
7:21	117654	4b7a7f885bb7c86d5a1de2d14057c369bb26139fdfdead037cf306910119af8d
7:22	499251	b6ea3390c21cba66e0e38819abb11eb709c89dc06b142c84d7f112b7da9d24ea
7:23	215665	6c10757431af39d8cb6caf062411848e288d1ab7414574f46eeb821f2274b861
7:24	180766	fa08f48391933a35abe8a7c5f9d2ced3ff862374a85f7c0eeb5dfaab5bfbaee1
7:25	129357	67886f0f2243d88002e6d121b68032618b547aa2779106dd745cae7a6bd87621
7:26	345651	b718005ea40d0c1ee7fb5773e72ff159e1667452ac281adc56c4c546a7604518
7:27	626937	bdc0ffb5fd6ef61148faa6f1ea0eeec94b2a15e95efb2f4983d3a89ab8bb10a5
7:28	374490	472ddb9df2ecdba19045b196091044e34bcec6a63a1e8b0cc68930f36ba43a87
7:29	268537	1a7ff1c807f559598621430da70b556d9bf1505c0bc58ff280a6d3efa0baf8c2
7:30	317230	e4abd9b87cf660a9293d13602a164d7c3e48f5f9ae9c6ac21117bc601225c315
7:31	260178	f26886283da049cbf422a3d0424e57a5367a01b4a3b950bda46f81402a1c1527
7:32	389745	9f2032c2bd02d8b929b0f694536d375ce7c46dc7aef8ec2ce49db41cd843b9ca
7:33	281494	160e4129a656753ec69f7d29f87759f19d3a8519333f3b953bf03c13fb129695
7:34	181602	5be21ea594e846e34d9f24f0ffef7ee0a2029461845f55107174fbe7e66f269e
7:35	257461	8dd9b2781546d4babdbb538043c15250f8572598fb5caf3306fa8214c81b70d8
7:36	196648	2732bd1c78ec04c3ac8f3b6b602dcd0061ac82776428b81adea00647eb15c695
7:37	559855	379571ab46e7968ab1fcd24ad11612e0169bd5a309fbd733c19c2b972fab88a5
7:38	620668	c621780cad24d8d3a1aa5707b84e75b1e5398f01f95880b819166f9b881f7f27
7:39	189334	34552bea5cc302d6aa8308961ebf113c4a8b7488a774e9ee54fe517d19417a6c
7:40	331649	66cfa3f25156b57b7057e8d8df6c9be7da2ab23bfd535051806e94eb4514a1fd
7:41	182229	6f6a58d477a72a92c3fb697d6a0f67549260f002fd5bffd564720c1f076e9788
7:42	227368	0bdb44a70898e1274aa3991e412f4c890dcbf3cb743c18d6266cf46677cca0a4
7:43	563199	ad69a67c44a4a11176617a9312265ab488bb4beef26ae2646c27dd48acde8c98
7:44	399776	57a8438fc3969ec3e57337843f91b8b180c2d817ca5c6d4557f732173c884e85
7:45	165510	bdf182ce8760b4cc5b518c26f68efa5c994d2aacc14c10648cee146596e67fa6
7:46	339172	3fbe246cfb6fa77ed01f8f8ad2dab9d7a1a2d8241e6e353b55f9e28b948c7e56
7:47	198111	674432a67b366c1343883cd0b4c87121901b9bf1a2595c4b5269cb9abf0c58b9
7:48	282748	6e46a99269ba63bc47ea43bb91291e907edef00c4df47f381fb8657d50b492cd
7:49	289226	2a8784d44a9b8a732827780c8b6dff896dd62a3b0d340732bb5617b4912f8c07
7:50	321409	20681a93e2458398c2f639aaed9f77c3c1bcc23715bc4124b02fa04cc29e6d03
7:51	331231	38f2e3e8b03897ef8390e492954190f973dab0799ca8c9df25d0c1cabdc834e6
7:52	182438	fdf0ec07216090e38a13e711ee644b6f161a5f840c39e4e8df2c3dd6b117ed90
7:53	643029	8235df8976ca6068af50156b50d9660338dd4f51c016fe953aec4d737c149e87
7:54	569050	7d731d975913266e33a05ea833d1611d4c5b2c071ad81ed168416b293f379a04
7:55	158196	4ad566048457e6a6ec3e0c15ad9994509874fb6812913fbae2e8097d61f32008
7:56	222353	0b8724c41fb505963dd5205393be079ed7c9ad165713647981dd32457f6bc888
7:57	480025	e9eb3adb92d14a420ed077c8171215567b1a06132a60d19386a2a2db9f9c43ac
7:58	255790	f2e444bd98e1b3d7cff87b905cbaf6457d51d9d196a3d100589a550e7a3994b1
7:59	262059	12c545f1f5cfc9a60068db4a2c8df6dd6782b07ee6d3a80048131fbde74baa8b
7:60	150046	ceb0fb3dc3064483deab97afa71c255baf0cbdde81dbc22c7d8a4032a2d6206c
7:61	155479	f275a84f7b3e8ae5185b028f6c6f5bc8af2561fe2f7f0b1bfb9a55fc0d0316a2
7:62	153599	f2c3531d4d154225f86abb8defc70123cbb7ca455669f5a428ddfaefd6c3dde7
7:63	234056	9e35c3742d160499c87895d4cdb32bcd95a106b0d7b6d70a11d7d1f1b4507706
7:64	243669	ce80294cb4b3a10be8b6c4b4577afadda45614e0b9bb0fede873dc38cc851d84
7:65	204799	a6ab0ef6880fb5dfc6d18280b8175049c3afdef78c05030c9dccd6841a62a200
7:66	217128	57950e5c0e54ff1b357bec4d3647a2e214820e6e59612f8ed627fda1759b7096
7:67	152136	c73ea1e1e4b65eae1df1378bcab51f0d9f5a2d82111357657f258bba79465b79
7:68	102608	adae4e919cc45f3ab4f147f762611f3cdd3ec3ad0a57d57474911b3ed9bff3f0
7:69	433422	66df777bb4c12b959bbe85509717db19a16cf9953ca81f0c0ae4fa81edcd8bd9
7:70	279195	0fcb8ff393090ae2b7a01f4070ed6735cad8809de5460a7490648112d3c9d3e8
7:71	447424	8fb35c5d7e4cabdfe699653d190bffea925c106ae2931a72163b99494233ce71
7:72	220681	f2e570d0145bd35558d4d373b521d411247a2555b19481b3b64eb0bd6a4a33a3
7:73	533314	d04f77c82659925583831b48eb50999edc671bee0380786477ee671bca7c4c7a
7:74	379714	a2a6c9f489aa83caf9a4fc0d8ec80f4b5d67e84abdb2a7dc5647a412ebc58b72
7:75	346696	bd0741cd7e61da2bf41f7c367777db6b72f120de9048d8c89466eaa0c0ab255c
7:76	160913	93cb768882f62e762c74737e2eb1918ae364a30bb11db7502d86419036c2403b
7:77	206679	4646f2839a321cdb14010e438fea253b27a517f2171cda2be88c93fb991e5ca1
7:78	109295	70131e8e6d6ebe323dd05b434706c83cebb768fba87ac914fbd39bfacf5de2e5
7:79	208560	58cb318238226a094ab300bb4f941b8bd3c5c8af739848e399800d20209e9516
7:80	187871	98fd5f61bbe6194e2a4534c2928826aef2b0600dc8cf5d2fd356f83660770b7c
7:81	192887	e409d2a8505d673639b917da7cb53de1697d25beaae05904777c9adfbed9c252
7:82	229876	fe6b6b2277e14bd467d4e9dc9555e1874a838b85566bbb909fb6afa40867f651
7:83	124132	9ff23acb15209f9a9251fcb9a1b54ce5c797253f9248af19b79d50740eea7383
7:84	150255	e612a44ce96dae05785d75e6e8e2a87fa65e156981c0df1bd5a01d2055e1fe29
7:85	466232	ff4f7f06fdc137fef7d440f2575a46e3d3f31fe94383ae5bbf845ea61c9daaa6
7:86	286928	068d427996fb810228301097f7b183f42b2b8b7019d7f5b8ab899527c6cc2fbc
7:87	263731	31fe6724e2104e40ba8f373a66666730f34c278c886a3e9ba0dc372f5c8b582e
7:88	263313	fe4ecacf25a07a8f933f9e6e488affb08a0d1b469d65bf911f6af6fe95297bc9
7:89	442826	6218f475588fa72a66aaf207f5d0c315ad46ae4fec6a60b2b4198c8d773cf12c
7:90	143150	00227b296fcfc6d3d8c45d862e46c871783602374805919aaa29c4586687f965
7:91	84426	10c22c244a6d3cc4ff49938ad361f7ee62d70f761e58480b91b317b7ceeb871c
7:92	173870	b3605fd51499ce1d671a2ba37509b7efcfd07042249f1973eaac0efb3d615144
7:93	178467	43e9139aefb1fbfa34266778e78df570318d21183e04de99f913297cf5b178b6
7:94	215248	120c252d2e28c2d00a6ea323e85afca911e3416eee9178772079c5333d4a0a98
7:95	273762	36fde9e2921c8b4aebfc28f218ebba1fbfdb66c9dc5d2492ea666c3c970ccafd
7:96	294660	b76d5fed18ffd179620b1731590b768fc9ae653260d7b4fc9c4efa520c7b2059
7:97	166973	cc0e9b106f7d5d60c4f2d1dbf0b14aad0c852c5be42f7d7a9648443b79e90cd3
7:98	122461	5a6fe005dd73bbaecbb1a4e7641b0b4ad0c0fbd6bada0249470c0b5f98794bdc
7:99	148583	063a0c31d2b93b89eabcbf0a33a036dfd2fa127b3094ff5ac282349e9bbda6c1
7:100	268955	99a01520e6f6cc87f30ab2cb02d59c0f3580191f9c2180498aa23638ef31c047
7:101	308034	db24bd4e61c0fcd26d7fab7ec1c4ded208427348537a6a9d82803e45ae23a6a9
7:102	151091	334509b1d86e78879890b3f2f54f682686dc12ab6b0d39a450bab997cd5dfce7
7:103	236772	0edd11bff64d7ac71710ed0cc3ddf85a6ed594df45019bf18cc5b40caf7a09f5
7:104	113474	b3caaa69d14ed3836da9b55ae18387a18494561900977ee0ad2ab0b7d2b57fa7
7:105	248057	b136d13a20be175780259752ca09f7ca7878e43e9be72b922206db5520e2fa46
7:106	149837	b2baec7fcb4688873525dc71888f4abb121ed30ed983552b5bc1454bf1f66c7a
7:107	95920	53a6cc79872cef9ce89a154bb7a260b61012a82b1b050950c00c82247feecc0a
7:108	114101	8155157c332ce5586be15b2ca8071b0b94ef060e44637b51d2f1497f8b256186
7:109	109295	d31ddf8796ffc772a285fd50408932becb99ca985c612a81ee62c9ae61d3d214
7:110	129984	3193e479f8690e3c7f5f1821b9396e45eb7a4448c677004ad29654a58926729c
7:111	114937	ff325a3d06e90a4041016e6cc96f68427dcb3c0cdfd984a38b96d5c2f1304ecc
7:112	64364	b7e0f306bdb7b548cfd55e022d659364505da1ff437854282a3010d1bf937f32
7:113	174288	fe23361a95c60b1b737cf393edd06e2250d80e695a334fb5a9c297cb762ac69f
7:114	90278	7bd3ea2ecc8eff1dd84e170159b2e3faf54b2ac77bae37abf697e112d2063f7f
7:115	196648	835b7fa8488a3aeaa70f4c50eda3d2e826dca13998508496ae0313de8d8f8d2c
7:116	217337	56e1dd080c67c6e6d9630fd2d0be6d78a6abc4a8af71be42bcbc5a0c25e4ec9b
7:117	148792	98e89315bee9904595436b7f5cfebddce2404d9e9657cedc15fbcf32e9eda622
7:118	91741	e23bdb2068246647b75b0c58c45aeef5b81d4cf52c0f1eb45293e9cc0c437bd4
7:119	88397	70f9ea9ec9f0b3885d4b96367fdc32dcb3d7ae63db39ee1648b7c8cd89f40f61
7:120	68753	d6594614424493da8225ed79df0fb039b0c4950b996a332e672253e7de5474e1
7:121	100309	3a3e93903aef40c46ee0074e30bf52eb33c1e135042a90b19cc7540e345bf915
7:122	68544	6601ab481d00ef7300f3d66cd0ba060478dacd3d3405f9a46d5129286be9cec2
7:123	277105	52ffad79894fffe376ef5bdc649c5955a1e70dd4d83673b874879f7371441266
7:124	171780	6cc1c7933e1309c07c819fe754215614f9f7935fb4535212e5dc923ff5221e59
7:125	121207	4d2d01d4dff8620ba1bd81234d65ed05b7af2b0bc94fc3d941ab9a890f33188c
7:126	317230	83d1de38a8d168ed41c8ba9970cc8981d3727759fb13f5877c2a8eb5a0dbdf44
7:127	352965	e9ad0d6c4b5524ab484cb6562e4fc2b2c3d533c42dce5da0d0e1aa5de2adf6fc
7:128	292779	c00c12bc10255aa813986bd8e6fc2d4af219ec3a2a20557bea24f9997b1cac3f
7:129	330186	0fcc6e8ab892986b1971b23eb74f5864617411a502c6b3786dda1c7d8ea8b2e6
7:130	194350	6839712d1d0e2f37fe5afc9ef49d9af948c5a93da22fb5dab0b13453e907d723
7:131	405628	e1cf6f909449279dcf8790689522d3b800507bc393f8d7702c6670dc5e7ed05e
7:132	159659	b5fbe550bd23f2de3149bb485e28eeebca2dcf542dcbd7ede857c8e59307b0e2
7:133	284629	cc6115098a0fe42d83b0e57be3944d9508b1bb82485734a5f5492dcb10c95e89
7:134	346487	0fbf05a451938a3ebd10adcfe9f3099e810bdfa876761343e764b066ee7c0e23
7:135	164048	1954ad485ae6cc5ae756a43f0752327b203a49ed81d2df051b9e9cca49e9a641
7:136	211486	c017bd37f7e1fa9dee136e98d977b0741c35a2b24edb67122c83a720a08df516
7:137	464142	5a1f5716d0944443d0351c3eb1874028958a740ff671e6a1297e65fbc7e82ebf
7:138	400403	8f54266d8906365b8b8e17ab67d0a76ed25ba4f1251f8c7db10e34efa70972a3
7:139	168645	0165d519bb352e7c0bac7e12c9907ead344f330b9ace2d7c9a9aaf5b28f3bb2e
7:140	174496	6d89979b00b64109c73f3c5713a70da0f8d840dcee42258bc2c9a652d9b1bc11
7:141	352547	c2fa4127612a8736ce79a0ec3757c329d87b97d424d21837324cd9bd373be8e1
7:142	412106	56513c18f7977ed6ed018eebc5b6404fb74052d844439de86d9068e23ac811e5
7:143	662046	0e97e8493fdd2ade9a821b39655445613eea513caffbad80ed65937011e7b303
7:144	244505	bb669057e96ccb5616e907b7a87d77b66f46da76570ba2742a08d4753fb26e6a
7:145	366549	84f5432faf186ba246aef4b0d4b1a599996eaa6d27f458b369370497537c4e14
7:146	605203	a822e0ac1ca2a8cd0b3251d47819643fbca5fab425a00364412d8d8ca4ac3550
7:147	232802	70f5b4447a81341c93076e16bdd90d1d68ebbf13d2f76e5455d22f062695fee3
7:148	348994	4023be6c1fb13ac85cb6f150f56d3d0664852ee3ffe9154c1c00f7c3a00b3654
7:149	273135	a09bcb084403dd5d552945c50acad367f6cac3991b97e585846a791c9dece328
7:150	629027	61273c97cd5f00cdd2ed1ccdbd5684cfeb19a60660dbf283485e7f271736299a
7:151	172825	99937bf9eb9c7d2c9a40a31b427982b6b6e55e1b0c4a5f30e4db63ac2372efab
7:152	226532	55c404d310a1b312896c1160dd4fdfadc2dc6ccf96a5196260d48e1fee0a99bd
7:153	226323	f2b31fa915a684702c361826db4b471135709f0f01e9e97b09c7d741b2bc8a70
7:154	212740	aefe2088431af6d3b0735a5378b72c54e54404480b6f40fd97c5f4d23e5aac67
7:155	658702	664fac35b6c20776c82539a42024bb5e5c9080a2c856f7c7d3ac85935d553554
7:156	479607	b7b5185686882cc6e7569e917e70b809b082044479d4909262528bd1f26da26e
7:157	849501	dacaf059294de8f68eddecb32535226490b98aa74aa9715b3d0a7d1cc90064cd
7:158	546480	a416892493f37726a49a425c4c0525ff47609307dae8e93b734f05218c1928da
7:159	140433	cad24f030aafc370cc05785b2d14305f1561dcf7e68676f3b3941a8f1b1c934c
7:160	754833	952d4a6e7c0af5d528deb654518bb9f1d31e3ec11fe0cc6f7b60316ba2e35b3e
7:161	298212	06a075998e19e2b49e67a89663e3944045aff196c7c88997715ea49e6b4bfb5b
7:162	306990	1c599e813de7deafa99ceefd053859c118d1a3d26a19d3479a15e71c7b72f319
7:163	225070	dfb6d4bd8f5ded85824053a4e048e528e6540acb2e14f0cc257b06af9faffaff
7:164	197275	6d40e1dc8671a132601068790c92b3d47fd1fca62dbaffc4a6d0db9fc62699cd
7:165	206261	92bf2b55263190c7d09898133d122e0d9e164498ff2cba31feffa54e6173cd63
7:166	96756	24776148f27758a55cf3aebb8bb77020c06f96e2898730aa6a92c104f677e824
7:167	221099	e211c5190877e0ea253f7380b2539f1b994b1c77252093045894013c3fb357c9
7:168	204590	5e2dc2884176e27aae3f366f176759aae28cb8e2933f41682673df57055447f5
7:169	412733	ae0b9d9c8369e9733b29b39a4e0b36681cacf69f6e74dd3e53cbf5ffcff528c3
7:170	147538	d3bcc06025f28b3196e56bd805db248596ae2d2d89a93502877ae305ea563109
7:171	306363	5f703ca7301e1c23be748fa43f775152aa814152b377a2ff93fb76d99bb1a52f
7:172	324126	85620d3be84aeb20b1c6cc3c6d485b462dfd7744186f66c3535e184b12b9d369
7:173	225070	1afb7193782faa6efd272388964f279ebb8bf057feee534968bb4c5b25c9cdcb
7:174	86725	6b33d87ffc0483b668d4e5e1545c459cb90539061a628edbab2fffee4da37b51
7:175	169690	7e6f5d46e6f1626741fcd54c030ad4325e66a233c541bd23507273eee3d104db
7:176	368221	2dad4dc7ffce6f024cd9a02699159797d96adc38716581ea61db4e3d1dd74c95
7:177	135417	9086c811a1edd1b6a45efe3b45c70d61ba43e8a6c403038f20b43ad10be30c6d
7:178	144403	1aeec346c397746b6aa51e2a64336e70c1e3271820bd9251a744c0977483f7cd
7:179	370310	0dd9e042cd2ab3b004e7f7bc1e22faf5fc63388113cf5c24f4ec7c955e7e243d
7:180	236145	9d27be5cfed86a2891c803af7ccef6f1a2291ee8c8729a8b8828f02b51fef982
7:181	114519	e0dc0c3d409adf354505c4d2f6cad791968f2fdfd1636fe145f3e922905f88ba
7:182	110549	855cef8089295f6f7f20c367864e81c9e7cffb9f55d9b11dfcdb372027942430
7:183	80874	7efda67711e8c9a61849387f3d4fc62c174123adab66b8b87d9cd0628496b772
7:184	157778	ea5c59b41afbe5d843317cbc02bebb3a200c52479737179d1f80ec44f1b240eb
7:185	278986	bcb61051ad4b05099ec8ddb9f3624694b6e19a426ffc291174f070f07a480d4b
7:186	131029	3d68a7eb01e8c50710ec8b5e99a7d187f2af1395eeff07b614dcb80e56a730e6
7:187	506147	e88fa49d5d1c9d7ac3faa5149ae2482c2c015862aeef0faeb7efb0f741c9d12e
7:188	338754	0ddba222b1d63dca45c1e2d8ca9e0fbf542493e2967061b4d698abb13da8e958
7:189	393925	e822707b07c154b336290d426c1699c02f1432da71d4d6b93cd34fe84c16f771
7:190	248684	3b7319707605acbccf092f60199d3cce9a22879e9a3852938e1c02ec0b178925
7:191	89651	65a1b7296dcb44f2d24962b75d7f37a60c0657fac93bc5687c531f0ad0e04e85
7:192	126013	7ec5a806c660409f6a8c5d5e9b0fa8a4db0c358d8cd8265c8fe90f91e5d31416
7:193	191215	361cbf58e07d927316ce5a526a9ef0231d88007012cb420238e256d8d82acfa6
7:194	201873	5baca809ba2befb13777d13c1379ab65e53c543a2bee57b70c6dcebc1160003c
7:195	333948	4299010f9d0960999febac2037b13420cb7f1cc27515da014bd577655309cc45
7:196	127476	2552585bcefbe71eeb8c440de7511a7b9ccfe996169bde7a0cfd5919cf6cbf7d
7:197	151718	7e6164b08b348e6b1f5ff8def5f8d8f0dc29ee79dc2d19dba2019e0f0f07bcdd
7:198	161331	1722bf038088a0491360ac41a1c1da85b460c9c97f4b9fc9ec79bafc6795896e
7:199	96129	8df1f9f61a272704d6f157c62b12f0f41c2a565898af9edfea33a30b13f2ffdb
7:200	187662	ff44829dacc5cadebe4c493a8d557c734843f4d77cb6fd36e782ed2191296ce7
7:201	159032	6658099c5ce86688a4ee3e41ee6a02ac950382ac0338f60c76ee59f0a902e376
7:202	104279	730daa223e5711b4338c0c7a3f7cb660336156a684fa80bd3f60767c8f7e7532
7:203	314513	b75fe4da7ee28ce57291ef116ecba7c7e0fd475920c2487d5c8552839c6eca51
7:204	124550	bb696930bfdb5f67c02a2598da5981cf88683ef613ad454320a748fb1e1118ce
7:205	205843	3818121bf02939560721fb3d883365d541005e7c1ff6eb32275885c0d969f02b
7:206	159659	989d48c2d0d34158aaec5778db512c0bf56b84cfc4f115fa316867450e4cea60
8:1	307408	6d689c145c04fb57e1cae4646bc542849ecfc6d3d5e8e1f15981239cc7cb158a
8:2	250983	47bd727815281b998aa92fdcdc41192cf0e56cd736b88db8dc75fdf465a053a9
8:3	113056	358c12ee25edb465953a6fb68704036b0b44544eee685e7296759efacc101442
8:4	191842	ae92b974ae79d3858e4b29087477486d0270240639fa9abd0bd5ed6d23a99ac1
8:5	167182	3a3434a3bd98bf60ebfdbbba15a46e8848c555652a4b36114d8deb970bae8621
8:6	165719	c658d4f137943a7ec699ae1acc31ebc52fe49920a4535045bed7cfc9e993487e
8:7	391417	e46d97e3566919dcae44d6abdd0e2d48edbae36c5213910bc26a80b503fcdf7e
8:8	102399	f437299305b190afecc70ededa3ad29275147a36a2f95fbf8275cabf83f55168
8:9	194976	f18b389346b4abaf7021723fac41bbbd178b2f2861c5f7508b2082b86f902289
8:10	269164	1d5f6af7f1677efadaef6f8a0377926be3d94e97aa2507a98ce3aebf6af09736
8:11	378879	bf8baa11600792bb4320752af263649f8d9fa97f177355d535c51b7c72aeca8d
8:12	300302	11101c4f018ddb8180f00a743cfa41747a8f73dfe1d5d78ecf67888a9cc38edb
8:13	237608	4b532daa139dcdbcc455af3b1305ceb772ef2221735d3578c7a5ff4d072f5c9c
8:14	114310	b5b7e85c52f3ffe99a0cf3dfee22d9f20ba6113e62bb93416b07c783ecc7bb03
8:15	188916	7e1534ba2e559bb5d3b29d4ecdff1868b400c742294fff281b3d7d877a397c26
8:16	323708	e0e2ecd3d61813f5b0019d298a674ea1597e478d4b942233e819c94399f195e0
8:17	320155	60ea5449bc51d47e4db897c303306355376ff339bf4166f7ca2b8352313c44ee
8:18	99682	10a01ef766ee6133cee761989de2351f4ff2f592eff26178d63ea7607c968e6c
8:19	342307	6ab11b3f8e4b42328d3eef311ee4dc109b81c9b2694281684a18b01979c3a544
8:20	210441	81b870878438907c22bf15a93ab1cba2831e2d53e191f0ac7935cafdf3611e56
8:21	113265	05dd2910c702d47be96f75edee6de61ca9b3654471f12d9dad10b80d646d79a4
8:22	159032	fc2cc756670f973f18cf9f11bc98d413628910dfb1f91e89847b44c99713cfe6
8:23	170944	1635626cf8d7cdfd07a768113e215688a62c22d45b0389a3c0975975e9422fba
8:24	334993	ee23d48831dd8b321fa519c2c02b98bba0e86f423b2f74ede84aac90a97c59f9
8:25	228622	594a22eb5afc833d89f4503d54a36d934203722afefe6ff056ebee51381de851
8:26	407091	6edcd92e022033b1bf77bf4e80b7b6b131864c4b606b96ec4d7a66624bf625d7
8:27	197902	0010b76541a1d563ff56faa08205bf6778e147b9761becebaab6ccc26f2b9bdc
8:28	212113	faf68220feafcdf6f05517ab993ff5b178f595a9f1c26a52cf129aa9a57a3506
8:29	304900	609eb488ab43f2775e0a2f276a6aeb998af15dcb746c4285cc2121783ae6b628
8:30	240743	86b47293ae7556ff976cb0add60354720ab43fdd6991f5ecce8b414c3eb90f39
8:31	265821	4ffeacb8073e1eae8404d99f83c605e8943861419573fcbddfe2eeef727d3242
8:32	237817	dd13b66c9ac835e8ba15b47beea8610903043920a41597d0f4eacaa524170bae
8:33	175123	a4cfec3c82e5918eb3bed1d162ea4e1c0b11ade69995f39b0b1ef6fadb3781fa
8:34	351920	389f471fd31d5b2f875b0f45389054df3caff1ffe950b1b2ddf0f2e2a6337f13
8:35	214203	e92eb3567ef3058c33bda647fb8df89710d513254033967bfa61fb48918cca7e
8:36	375326	31945aed4c1078e4eec28252bff2a5a3fbfde1e7ae54854d20463da2d068e880
8:37	296959	f8dfa46ba8d7ca7e898ac824d8eb6bafdd50b7287117ada909b4c24b13f9c941
8:38	204799	58734c01f0a35350c481a3f2077e3eab33389a3eaf82b2c627f9ffd2d55b3934
8:39	252655	dfcd95a0246695ad34724011c63021ed6528a6167c905f4c930abf5eca549b5c
8:40	200410	89e737e4dbd7cbbe50a76d9aff37b336bbc0440e2818c351761b1685e041452c
8:41	698408	e20828f799b436067799447bd418ecd534418ef4e4709af63ab1e1d3d061d78a
8:42	519731	0c4c270a4816d15e6d7bfc0519671afd629121270c46ebf2a27ce17ce9c35ff0
8:43	291525	610f8b3e930cf657d7387bdb5a930ff585a1fa88d3ff93634ce296970d86f012
8:44	337919	b0463100b9e434f6eb02c4e6613dd02d2cdc9086b987853f5d4638bdcf704784
8:45	168018	f28f3119a6f3f6f16c1f63e775adacc2e887d7b4b6e7fdbbd64c8ba2e97f3f55
8:46	185781	37dad5c28efeed0f4db0cbdcfed3ab50269f940bc836c9b5b854b351d938bf8b
8:47	243669	81b1b96f11b56dab50684df9a15f93ef20e9e327cba3099ce87a0b556e72e9c0
8:48	588903	8a3062ff8c5ba96aaee787049870d3546f0b08de2b6dea8f0ed398c9effcefb4
8:49	252655	78e15757deb65d04a42751069924181b4b1f86371604bc0f55bb0ecef2f9b35f
8:50	221517	52bd2c50d58f485812fa6b465b90e0120e8fd1617bff7ec641453026b9248a85
8:51	137298	ecdf027a9ef36198d94107233a5946f34ae28d915cf2be67d01856a68f6fa130
8:52	263731	76144148eff27a7367feaf2a8ec0b7ff4f17adb6ef422d1ba8e5ce80e61349da
8:53	252237	0401f3f4c75c39dd94877d7d26452692b088cb18e685200b0765e7cf5c3496a1
8:54	308661	961a20bee4a8ece6e68cf441da148ea34eea3852f7923392e629611b99667cd4
8:55	142732	768aa540eef7d222260d8e5084c74bf901a87d7c10a06e8b33a5da2e569f3dd7
8:56	171989	b82fc65e7d8166341e173cd344e98b8cdaa993b91118514165db5a5aac380d85
8:57	155061	2d396d2ef7b2dc3cfd76b6bf08311ada4cd1ad2f280c64e839209626397f529f
8:58	241997	5597cadb7b05467e6d9689465ccb0511847b607ba04992c5bff8014dfb32504b
8:59	140015	28b0774a615995ab3987d54f628f7eed0bdd642726a85360e6c988fcf31ff4f0
8:60	459336	b6d7e7f0e73166a4d1729a785c28e03df94e80eb77b157c7491a1ff5f007b7cf
8:61	170944	3dbc7e2faeaefbadd29998b44ce5cb5ae4a5814f82ebbe9866b12593c447d0f6
8:62	215874	8368ecbb1956e032e29927e714afa42e8bb00fdb5d88de644c007f1d03117b63
8:63	312841	a87689abc1d511432d3f75ce9e422a1ec7c2d52f14878cb86479773ce8595394
8:64	127267	527f700875d08e3276f0a94ea6be3963d7ec65e2079d5c1dfc34542ba59f824d
8:65	437184	c7bd36b3a5ec795c91ddc80d9b2675013d4d3d64306993d19541733019c24e0f
8:66	436348	07e10a17130f3fb3666e4f4820baff05b0542e716476a414e71c5e64cc651915
8:67	276688	ada4963a3db74d76b7fbe0ffd6711f78ccb49a2cbbb6c0e1856d6668e6d8a0b8
8:68	159241	cb4fafa825d5165f87b75eef18f99e58dcdbf0cfd62a3f1f9f3a4e3cc70dc810
8:69	192887	080f42143cb1043e5808825823e7aeb1a29c98aac26a0a635658d57d84cdf650
8:70	492145	a62c61835a4be238b4da0d546d9853f26b9cc8c23ee9163114461dfe76bb17ad
8:71	193932	4fcf37b443eba7c594ee050137905022f4336de23359d9add6dbb6fe542a7d63
8:72	712619	b9e074915057d704c785b47b7526fb78562a894375b55b8fc57b35f354a76533
8:73	219218	e944778a30fe06d66a1f12a38efaa27976f74783b8acf11f74748c78bc5fe9e1
8:74	308661	d3e822e467836175f166e768177a0f58d4f8e02594b0fb1f1a32ed137f0df40a
8:75	328514	83f456b71e3a50579f417d9464126211705750742b7a9b466ca7b9994587c69f
9:1	157778	9ac10042d9a8a154416233b15e2c9ba412ca907324c289c5597a6010545320d9
9:2	200410	7a0ad432d1901c217b4d1a373bfa7b4b4b56b51406b52f895329b356d542a578
9:3	485249	75ec85fc2a225f7fa6a26b901f110f98eec91112b9d9108188d27a8e432d567b
9:4	393925	4907fc78ece3cd5c860ac63317d7fe1dab1ab69ff9a19b75ae64651041f4a356
9:5	414823	5193a635a2aad3cad75eb7cdda9a87e08b9efdd05be9da5e5ae0d3d7e7a057d6
9:6	269791	848e56572b3486bf08d40639e7fe16c296db6de5d539fea242b9af50362ce2d8
9:7	407718	86ed22fb889cef5c21de56fc6cb4f1d18ae1aff7197f9d3775e902b5e6d50e94
9:8	265612	b252c0ceee48ab4e1cbdffb22120be021620516d349d903d896cc0326fe3bb0b
9:9	227786	519c5ad7586b241f8b3e33725fb87b18bfa42454f6da303324e38b2d47c3b930
9:10	166973	76769bdd40be009a760df7bb516a0fefe83a34213fbca1e57f231b57ed7eb178
9:11	254745	cdce85ca8614eb022461641645ae7f99b2fd7d827ac3ee8a2627e57611d5659f
9:12	420465	0b7695d34c954ba76cea8ab505a8355e265747e559d562e585b89077a280f3c6
9:13	379088	fbc9a33290f9e5dfcbfe230ab8d8b522d749bf80bad14393802b442ecfb5f6a9
9:14	204590	9d76bca3e6c8eedfb01bf4b14ec11b43a53645a563bdb1be90a95595e585e08c
9:15	207306	ffed0afff08a540b3c334841a6823165dc4bfa6bbcd4f22230592ea980e5caa4
9:16	389328	2fbb7cd3560e6a56fd5ed33a473b4742c5d31788f54261331b4640cb80953a92
9:17	334993	6293afa1c8d31a10096b238e7f6bca8ec9fb68ec53b074c72615f8fc63985d8a
9:18	522030	85fc298ca62c1b26e10a6e0266a5bb6beab0f22b3992106294a0da7b8d8931c0
9:19	429661	5ddd92fe6060db4fe73cf64aae3671872db851045a21017b55e6f9c22adc76bc
9:20	317230	024c0825f46ea7b9df30da9892aeba334cdeb70bdde803a30e6f5ff15b7a5458
9:21	195603	0a7635447a609d87d8d253c1de719b894622a8a5e1802ee477a9e9a7cf65e37d
9:22	179303	e76803d376bd7a9c76fed7bd37be7f5a296e9f6296bd9378c01bd3cdcccf06b4
9:23	412942	721125866b640778f132b480d9f39f93336c88b2a84c3be337cce51116e5f300
9:24	783254	ffd3d316293f9510492fec1c7f9cc84109973e394728e164a8f2f49940f2484a
9:25	393716	876f7f545194a20a24d8e32f38ed83bac3bffa2a0d554a977a4f52ae15c5d487
9:26	322245	27efab4258a7c87553f5d841e2ed926e5afb6a3e15567fe4188494aca0f32999
9:27	181393	cdda1bed450dbe0cf1a47aa41a4d62917cd53b30dd13cb799d5aada2d55f8248
9:28	462679	d1d476b676da8f7b89bd05b2a7053240d2f0efa88f6b8a3e0f9076e768a7b681
9:29	449514	f3e70bd53b87fccccb3a8c54206d5e310964b8a408105698d14009b27c6596cb
9:30	430079	5f1395ed85cf7f9dd48a9a48e7872f46f38a028f2486f6f93f9b13ff31e37160
9:31	461216	c2b6315e84238655446cf19913901aeff770cc5778534b657c648a89cd995b84
9:32	230921	090862a2a2fa57990615d62f864460cd2b9825a45e494e4dcd2662a617e8fa3b
9:33	226741	7a4e319516c0336fd7715a899515499cf178e3a79f4c8187195d6495c15005ef
9:34	385566	b9adb207199f96f8f8a25ddfefe485235f94564175123bc5da19e92af6ec8489
9:35	287763	767d3711b9bcb7a907d166d0b9392511de3bea5293e53e3cfe9c6a5e1fd68681
9:36	577618	572b8f5ea26a027030e21db01a61292f5adb91ccc9ac7bbe7e01ac8dbac50d77
9:37	499251	ac09e04310fd5bf213b2e9e3c85aa08d29b917e280d1bd9d8a74dc42cfcc4967
9:38	381595	0c96c313c26d088bac4816a6c5eeac42a4d60227c66724f6c99c7f15f8a37c4c
9:39	250774	b931d6bd560c3fff09a6c77411b3088a1136fd8b2fe64db07d5503f5a40a83f5
9:40	565706	5ba4cf9a0f9145602d0223ca14ce988ad94115fd2457f8693ad5606f10b2b6f4
9:41	275016	a6dd776d75d39ec5b618fc396037b987fb2d9d84ceb415f52b07c7b494feb7f3
9:42	385775	3737508aa9dfb5abaabd2414c0307405d007a8da8b26bb1fab6c1b61a7f99eaa
9:43	193932	b0069cb541e2ce43a6d554243d70845b46c249f130d2e7162312fa409bc0988b
9:44	263940	bfee347e003205495fe5f38dd48f1fd39ff9f54e1b28aee79475884362339ec8
9:45	217546	d468428ac7cb6e2429860f925c5c8203cbdadde48ec0720650a605d71e7bdf99
9:46	227159	23945149e21a97e049ca1783b6e90722d36d4849f5e7b36432ec8e230b73d12b
9:47	298421	cec5d80bbff2a40f54c837c491f8cd863a8c25f7cd16a47c7459a865e5993316
9:48	223816	4ed2c658eec477365835ad1e6ff97b41ccaa7e325844e59d2a5b290cd9b7787b
9:49	254745	450723351d7660c9167676ee386106f8f945ea0bc4eb4380eb3b811e37e5e4ed
9:50	259969	bf9275030659dec59c37778e96dea6a469c249eb48fa129deddcc3e3b484f7c7
9:51	219845	0b30d00efc52783ecb0fe8c1afa943864383e31436390fc2eb9d58b521880a29
9:52	395597	a835786107c5b9e0dbfda7b64c344234d3c9a6e75008e0bfc28943b28332936c
9:53	203336	fe3219a3de9b2d3cfaf2bb251bd243c6706b0b4b306ed7ee22f4fcf86058cf9f
9:54	429452	04f1bfa1a16f16cc416776a2dfe1bd9961c90860a26cfcb24a4a40ae288b3690
9:55	289226	970bcdaac9862573af41f826832157e6bb4be7d51f8790affb5cc8bfd92890f7
9:56	203963	45adc89d82e1e80d56b1d1bedf2f1ce60ab4d95e9798abe926794547c81183b9
9:57	157151	b329f03cc7130463429f87226dcd326c1e299d74f5e62f86f6d8b02a31e6b35e
9:58	212740	c1524fd3426b541551db4222c7f13b50a87f1e8820cff8a4c669713321cf16bc
9:59	389745	6db991b52f583d99145c36eeb638e8ba2e22c382a3e16f5cb0041c406dd1c470
9:60	525373	d766cfe9e62c804382bf4ecd49b713bc59c4f2961ffac768ab98f8831e700af8
9:61	400403	85c2c72a9aa78f94401db105381de59f9bbcc695a61b01568bca0c27b50cece0
9:62	216083	29dc204859735b3d34ea5ee350b7100ce35eccb0dc533ec0e27b7d5bec81d035
9:63	269582	a6780b6656c4a8258b75b6c1ed8a2811ebdfc4197509ac5d006b1d35c08b6e13
9:64	289644	44d523df1fcbeabdd7e08d494f69334ef12dc7d11b7025d273ade6e06cce0178
9:65	272926	ea55cd25d99bc35a00d8fad0f0296004b6569274210ea9952dac9a3cc460cb09
9:66	307408	43f0fdedca316397bb75c52689043e058457469c548927f217a5c6b7c88b5ce8
9:67	375535	da795acab08829e4c0333d6d5673366298256d012c861d66c12878d95280f822
9:68	313677	04465e7337d32a6947bbe61fb677880408423c67b4b0d8794b63d312a798420e
9:69	647626	43c17b1e1b5252706822504a331a9c82b034cb7eccd1b4ca6e035e9fc3e5d55c
9:70	452857	4d93683d3451cd7d4eaade87dcca3ac58f79a44584d049157af7652c0786ef29
9:71	478144	7397616cd0489ba15fc133ea0f65d6e2c808b6464c17896c21c317a3600274cb
9:72	411061	02b609a025ee81be30493b22fdd83dbc6199fcfc4bc3f38016b6f874fe99e952
9:73	254118	5d795aec49a31285bf92d731afbbcc91272911db94aa4d3c932e549afea5a8d2
9:74	671241	504bcb8b7b0bbb737b33871507240233d79dffa1f1e063b70edfb1a67105d2bc
9:75	197693	f358333bdba7d563309958fe48bd018c33e84cc33f6526b5fe1ed013d4581140
9:76	161122	dbe4ac10e99c1bddd32a70895734d3f68765a18e432d3c0e27c2d743b27a73c9
9:77	219636	dd01b06a05e820656a3675c729542caf4d11bd00f7cadb12acabcec2b7caed06
9:78	185781	de74d62be8caa1364020ee6cb21d3a06a4375784f12fcac4f97d199587ae5582
9:79	346278	5072d528dca97dbc6d74df5b814790d3a501a033f83516bca0be4499b92211e7
9:80	362996	82168906bc4648eadacc2e8d72ea2801666aa27c40a2d5261bade732c6279b98
9:81	447633	035256feec532fd73a9f321e4e06a27bb117a379e8a34c84ec87b855f396d6c4
9:82	152554	a4dded14d553b815f4c8747a0e9e5b48bdca10ec8f23599e78c861dfe9109de0
9:83	403329	e4582d67ac47b1f0ca9b52194daccd5aa08c280bf0cc418d6c33a19dd39ff44e
9:84	266239	ba158aa09ebb614da666c7c8e33fcd37566c4b60920ff0a848af2b599dd7fe95
9:85	245132	80a4c979c788cf5ea3d810fac8a875b052bbc58e1c32774d78f4af3058d10f68
9:86	246594	e240eda93a271692c02276d135239fc25fa5a0eef2ead071f1a97666b3753a9d
9:87	150882	d378a63de821716731262cba02fcad647c2aca49876599aa2f360767a7ec9dbf
9:88	292988	b36be3a5549aeda782b5e0ce3b3a5662603975aacb155feaf43feab1141719a5
9:89	210650	4da2cdfd3e09b96b63d51f7679b9ea3749eea641863f012c867185aea864e576
9:90	293406	7dd01c98d7a7198a78484c779eb31ee936703f1ce37251e00515ca571d9fab53
9:91	367385	e3742af4395c546ec92841fe3a1b637ca4684603fbde8f114ad1284aa4e2ee54
9:92	389119	105c9755375c365d6784e149b1e4a0cac1fdffa75ddc196979fe254cc14ba09d
9:93	294242	64887df0e74c543390e28cc326d1a2f9f601ebac656512d97f065aa9287cd526
9:94	447215	4f5248644ce7f52dcb8137700ed6bc0b2421f8f7e1e8b4ebce95700784116909
9:95	335620	f2fec6aee6bc8e474f9a0da22a2b20357fae5536ad8428e73c9c2a1bcc408102
9:96	212322	e32bcb34f583f635a63c75938a21f261d193d6b4d2d914367d6315f1100cd9ec
9:97	251401	829872d641d41dd70f610ce0b5f3733a592bea99eb5b77df1032881c2add8a7e
9:98	301765	e53df0e7676413388c61bb595f8b4b0f0eac60566c9508cf2b9c7f007bf32ec9
9:99	321618	e377917ec3296d41e13f7f3a2e79ca10faec6983b1724f97ce4010c87668f1be
9:100	425899	dc5daa1ab3aa6d04f9e0cf038e1e4be854fc5a0b92d72f6e794349c42a0e2e2c
9:101	299884	f37b50324de62e830a8b182543c12b6e03aaad1e6243958a3891243be6347814
9:102	243251	75f0bb9a585eb5b5ea608b952e3fc6a1309d6fa42cb9edb4a5535c846a22b3c1
9:103	235936	090277a10d7ec6cdc2b052405756e83708b7f5d5cea22db088dca00a0c78cf06
9:104	207515	3a093605ebdf4f8529a8804d069c0224767d480e13acabec5e6616f72a12abbc
9:105	267492	509eacfcc8933aeb0d7d40a7a6fa738e58821b86b429d9f81ef0cf2d3ef448c8
9:106	186199	db451bf036905b0684cd26c9d0d7cff464889954d8196e59518c76c494c82f45
9:107	402911	3fdd847019fdf57faee4f453eac851c4612d00fdfe3a7648199f8cc10ff794c2
9:108	322036	903b2303916d3ed38ca2c5faad4920bd7a89b009a8553f3cd348d8fdc91e5ac0
9:109	316185	c5b679e9d542a12a1575099066eac3eb0c66f904517a909abed3d6c9eac744fa
9:110	231548	3797381abf6eb2b427ae9d27265bf505d5836ad95d9932d3fd3685f3e2bb6d5b
9:111	603323	8ab5673a901bb08dba484383f2ee1dfc6a86da295a825fa5eb9414b75d176bf9
9:112	323499	9db3ef93abbe8cab09cd46d24f62952cf6a37cfb582f838bf4b95d57db60636a
9:113	271463	0ead9ebd9d47fdfce92654775efe4a02a42a216f1a041ca02d3ecf17dcf76c40
9:114	341053	26a610af04a540a5f001604c717531b237f36d44aa5e4a904bd881d4f2f789df
9:115	233220	521ded1f043026e927097af48bc815a0385dbc7657976bd6155a3051587b1df8
9:116	249938	4408738c9514c319d110dfc732d6047c5b706097d71e9f09ff6ea4644966103c
9:117	443662	ffcc5e12cbc783d5d727f93fe8802ad574b381eb9fc36f2f5bf23ed199dd43b3
9:118	506774	876b0e290bd5574005ad62839a605546b44d8d325430d59e7caf302c0463e3ab
9:119	141060	a0ec42cb18694173f5f3f888f135d6e23d5cb772b3bd29a41b1dffa32e22c414
9:120	722441	e048625b7da5ca80d9ac5c6973128cb50fc72a666d9b9312b580855bc976285b
9:121	251819	d50aefa88e9ff5cebfc824e498ca581c0850cb174eeaac889ea3c03c0c7380f6
9:122	388492	34081782efd2d47e076816c514b479f2664920275aed676f5a9311230e16e827
9:123	270627	068e5138181574416a894c01fcfdfd9ea7bc42f016a142dcf236fc4cede8a7c6
9:124	322454	2f997c95d62c46780b85da6e62caa73da66b470d3f97a3b711d200e7c437cedc
9:125	176377	15578e38c1e8da104a545eb9fe0596027f0a3fea9ae7eeb7a24b2b49942524ad
9:126	217755	9be286db953fe7a21c8e31f95ec5ab1271f292d193c2f67f9438d0169b4e1ac9
9:127	296541	9d1668990678788c23cf91470bc05f964df082ffb6aa3888e4c163bf0148cdf3
9:128	212740	eeb594f94a932216f1c989c14bddd1e22af90fcf70d8d72d7da87f473438a8a7
9:129	206052	f5d89d6f867b081af6dffce4c1d243b6fed34bd4a5ae2e39572ceaca847ba18a
10:1	135835	3ade27f0565e2ffb860aa9c24d353523fe7086a1f5070f0f13627ac0fa36a4e6
10:2	367385	ab60774f5d5d0b11c8fd2cf224961a560d53f93eac7ec573a66f7eb5b249b786
10:3	406046	c422dd37ba0b55f7557031c738f46ec27193e902df9623d25ab01e807d6bfdc7
10:4	422764	17094ecb12de07c643caa7d8cfd3738447946485a932eac52fb2d00fb713ac14
10:5	361742	bd88df809607aadc7d314967ba3242b6cfeb9f06b7ad9865b23e15436d3b26e7
10:6	201455	c57d57dbc3e69efa6a4a7fa7ccb738298590d26fd7341970a84b16ae34ec48fa
10:7	244296	a1382d9e46ebd870d79fb8278cafd095359de99bc6ca473093e7bc96067285b0
10:8	107414	353d43c5fa4cf71bcc87256dc9277ccccf9a97bab3e036c5dd2fe18bbf457b3d
10:9	262059	40b0b1b06bc41d00fcaa0141bebd852acd4efa2bcd56e010d3701460d11f49a7
10:10	262059	29e2e3a42901674931b628237f9c6898912a24cd6a42777a0cc91a3c75f11aff
10:11	272717	991dcfa125048ca92dc345c007f8b37d1a750dc5227c7f786ef314949bcb48c0
10:12	509700	b2c69581eed5352b22a5e772817e9d6aee2ce6f2b2fd60de386885dd0cad20fd
10:13	283166	3434c7df275ac785f5659aef041db8fb384bb205db40c7e62b7dc09f1c7758ad
10:14	166137	f3b62a1e13194b7ead38c52449fea860bb7785ef5a19916f6490a9e4a89dcbb8
10:15	541883	3e69b1fbdf25e05202defcc1a4e48846dc84b1183099d9f8566fee560400de12
10:16	281494	9a334c5fc274058b73117d8057d241b0e60ca7655a9e2ed6e1556ae5b75d827a
10:17	196230	02ed98e1528455c3270b365daab74e6ef6d512931cd09aa686761fa112ec671c
10:18	449096	14e98ae41d302ed7a1deea660fa7db4f572e1dc2125ff01103b0ea40841a14d8
10:19	278568	17d529549bc88f3eb68db8ae8b00d78012fa53a46425574724e64a6d9f75345e
10:20	293197	5cc44378cc9eb080cce85fc6869ac10742d42ef79b214046bdff5f1e0d8d3922
10:21	355682	44410853672731bd1d898365d837af6a4b1589a8d8379107c80f151fd8510461
10:22	818990	5b46e5b505494e568fefeff09afc89ff54645e02f9125bd6fd03341b669f31a6
10:23	445334	5f08a9c993f98219f6ffff8eda4fa85cf55ccfa0eb8a0f9f77056c673f21372d
10:24	926196	3354baafbe416378dfde9b9543ba678bc9309c71c1b810a69d2806a6a9cb5a58
10:25	171362	f87c4e8f837041745a23ad3c81e7d314849d8e3ec9e1c7b07ddd5fabf8880c13
10:26	277523	2b4e9771277f19b2a33ceccf5d73bae269b839e497328d713cffb0738b6f8a87
10:27	435930	c35a9b0d5fa6c3c010bc83dcf3495227e503a1184e051e9bb92188dace6d64cc
10:28	340008	a8cfa5f4b7bee581bdef0d2fbb07951951cb2c219b33cf2b9175c1de970670ce
10:29	170108	928fe7cf0c63adf3bb732a6078cb25e379b1432cf09ee6d8e9c61e3c4d1062ae
10:30	270627	08ede32a940d8ff7274578e11a71712b4abe70c2957c6559818eb8428caca568
10:31	369056	8250cd1d1812b6181854fe8d2519ebe175fc8e7d8f9fc99b949bf1561d46cbe7
10:32	176586	fd1d88be93ae60c18715f9ead7a0a6969b08cbaae467985a5f44d7df652f8e47
10:33	119953	36c094d2e4d331b27dde2f019d951fa17c3a547ce2e77ef58eed154ff137044a
10:34	213367	57a14698edbb545d18589beaf8ee3b0f8b176e8b92010cbb503502de90c6eda2
10:35	368012	356b71fc62622b15b18db3670e7d32d235f56ebeeb79cdd8ee0545ff77d092ca
10:36	213994	15a8c2a04f8252cd96cdf0266b2c5eb50d79946c3e5811c5e91251a08f7a2312
10:37	203545	75ce590c00ddb0a3e01eade875506542128dc6eeeb42301d8fd136b197f9bd71
10:38	207933	1d2f01bfdbb5baf384d8ffb6cefb02ad78ee43aa49c1ac024dc5c47b1178aa28
10:39	235728	43c0098e35c5f38d484cca10a40fc541eb3e104669e10d99a370ff44ec4cf0c8
10:40	160495	7aa7cabbac1efb4f1aff65507ac3c567cb632350c4e03daf3736ab171f12c986
10:41	207515	9eb2615230e83699026b94576352b57cb4c292773426e1e8e9479b58e04c4cda
10:42	159868	b27c9c68164234fb8df68f8cd755180f5ae9cc2511b1714ab628a5b5d35ebc1b
10:43	154225	664f3423f59fee9ef4cdce44544fdcc8aa1598cd67d73d0b8ec5b1ac38a92f68
10:44	141896	d754f54062958246986d70421d5b61fa8f4e4653f3e7ce98572a1b7a69e1d153
10:45	265403	acb38b106ae13906d8746dcc4dad526ae446954c0a360ed350b309ead6a4e0ae
10:46	189543	c662012a79e92c92cb4e69f50bfbd001e13da9bd4b76781f7521e5a6502c2532
10:47	188080	ef250e91531bcf564916c5953cc0d25dc3e03af022b8640eb4d899e29778b3d3
10:48	101981	5ba04ec41e7b4519b977a1ec4cf08d6161b8767edc2ebe7e2c5f89a2f9357a41
10:49	323917	a706a39ad036d2f2a4c72d385de220c588b2bd21009dd813c53bb78be4d6552c
10:50	152554	4a0a9fddf564a1822f2b8542ea28fd9e5f99f6504ccb97d133846374b14a85b4
10:51	201455	4b934b5baaeeae88d79ad53b8c57ca197f81340e9897276fe30505450e36b9ca
10:52	155270	988d755ac3bde477d6dd5c75fbbee3ce9512d8802c91731b0c6de9e766763b65
10:53	215248	74236439ff03bc36a3fa0042cacfb96fa34562ca52931d962d7249d8f819be35
10:54	271463	17b43c5cba27ca3eec5af2a85fda23f4736e6ff27687b4735eaf0a70f8b15fa8
10:55	230503	07b9a49aa6978cf7e232d2241bc336961753dbb51544bd29a763ba150bdbddea
10:56	74813	5b22d3c4c50f79520b8ab98c19ef0bfa699647ffef9969ea4e1899d1a6fb29e1
10:57	243042	65aa65efd158a68129618d4f36ce3cc7996d80b380c7b1bce08ec176efb21c6e
10:58	141060	f88db78c29c3a29f2e5ca5ff5a0083859d65778670f66edbe89aa68c229d79e6
10:59	291734	be639938d47de4aadc8da9e5ee500ca8b102f0ae3b95d8032c2a3b6a04d51f28
10:60	274807	0fde17938e1d022ca4f1b2602b8b49cb922e67263db501e1914b45d5c1bf13f0
10:61	511163	65335c8257884f77c23576d52dfc555d274182eff3d925fa93077cf9a7fd14dc
10:62	142105	d9735bf07978a2b3d761c3d2122a4128b2a85c790cbbbb4f065ab701ec20534c
10:63	76276	399d9a208238bef9f1a1650fec3dac445b6cdd889b74d58a8f6ed39b454bddb3
10:64	215665	03a74d9e779bc069bda45e893e74e39d59d0ef08fbc99244ac89738df05b7201
10:65	170526	a882aa7e48080b69f95deb2e4d5a7012c75e3c489d217cf9bbe301589b83e89d
10:66	332694	f3d0d816eeb5bb905f6123af3be0bdf6ffd29e849e434af0cb9b4296879f378c
10:67	222562	dabbc42150e461ed6e77099152b66800b497a6c813b0d311b550eab3c9df6319
10:68	342934	faa83eca9641424a911f725c38384a06fa2b74884d53b91f3178f59791d11dba
10:69	114728	062544196b5bade9710f11e62346b470254d9fe17d01585ab939a24dc4e5491e
10:70	196439	a334fe437551841ffaf27b2d1eba17dce52657570a0a4224fa1cf7880697d44e
10:71	483368	4087f777f301860b7fc9f1fabfd88369cab7e96754fc3948e05c326b0b5cbf90
10:72	204799	22fbe4964b0a675221e2fb572e8ff510d747cc3bde01538490d66f33d8107da9
10:73	288808	8a2ca73be03c0504be3e5cef9e8c7c156128c6c7df1c35d9963a7f5dcde67583
10:74	335411	045a53e43a6058777e9d73b4d8d59dc1e9fdefd9d114524123e59e95374b2d4f
10:75	234474	2430752af6e5b4b39d2b4bc59296bb68273d38bfb0770dc9efa520d779ee3108
10:76	181393	796bd72d9c23819db293e1669e5ad765453fbfc5553e719b32ab36e4ecdc697f
10:77	187662	980136b3dd8a8bde7541ee835f725fa710a10d3eb30a44125bf2c71c67adbcd3
10:78	255163	0a032d4adb5a9068258e8851492d3182bc510d384547c55368bf52072acb94ca
10:79	102816	6bdf7245c343cd14203ddbf6045019aa639186be68ea0225a2adf05e528be290
10:80	178258	64d6f842f48cd96c502a5a91009cbbab49bacdefccfee8bef541c617e7e2c1bc
10:81	248266	560581441bcdf0c4836e9f93e5157f29b9e34285d686f267fc9c0b6e57b7005c
10:82	108250	37a3ba3a208a75205ae2b568dfe89f4e7861d75be8824bdf6665509ab9f0abea
10:83	345651	9398d906f97a3c465d0ae5d84485d4bb46d5d9eb7a130923244112d12b5dfb45
10:84	196648	dcb93c179f27a955572f0dcde5b088e4777ef850fe6876db5446626c657b5b4f
10:85	183065	156b12f66b97a4a7608fd1d610ee850c82d1c173caadda72b909727154678e89
10:86	105533	363b3f15ec84003da10355cca8d1fe90616976656f2675fe7a7455e5a0f6f962
10:87	273762	0835de8aeaac6d4d4b9eae13d5b69ac421a247cfd221cc5e6d01d0b98d25cb10
10:88	433004	5e5317c80429a9d88cfbf6c6ddccd75fd503558fcc414a5377939c6307269f50
10:89	208769	774cf60cf0c9b1520b6aaa536c9f65e5cccaf6b1d2f8f69bda079183381ccd52
10:90	467904	109758af6a771c8ad0943932d93868c72924ccb28c2682ace2e4a7a3d9623f3c
10:91	134163	5102e0c051f11bdb50e552471f3bd30009cd836523237f3628ab5b3748a13008
10:92	222771	e77653a123dce5d633803d30f78803e0b22b5ec3693bcb6ac5523abb938d0048
10:93	379505	43efba9eec579c01dca5095950fbbe14f28e685a117260737659b58539b5a80f
10:94	323917	1edbb4f9d037e35bd139c0edaccdf82f216f28c8cb564ffb304fc69d347389b6
10:95	163421	0e4c86e9a4c542e97e980bfc948af7beb59fd9a9bee6d1b7e63c177ec8041ed2
10:96	109295	b121b40a7f2fe3c46fe197df0e6f22a3768ad5afdc3a8265e46a86e3ecefc38c
10:97	136462	eedfba397b7106db73862683a4343f3fb0878064854a4c5c072ed3b2d311f3a3
10:98	492772	51b9b18b8ea0da1faadebe82aa5c32c7473a59c87dc0efc08cac4bb3fd43a4e3
10:99	220681	6c0cc4d1fac45f269324e8dc939ac97c333b089f3ba2926ebbc519928ea81976
10:100	210650	abbeec2396bdbbe3d64305790206ebd9337c6e678f80597be63e91f6562cc52b
10:101	193932	ac2e7994fe2df41e52e07446f37486c8f16ad482139bb144f9d7bda1ea114942
10:102	242833	8549225e74687f3f0ea237018af326a5e147aebd0819b56410201d46ca9035fe
10:103	195394	2fe23f5bef3b35838a3b1017a219abec3441c16ead66941ba44c656bf9f060b6
10:104	372191	91a22476474bc0b84692a88adc60e6f42e758774519e37574e451296d96d560a
10:105	136044	5d34fe7ae6bfe8d02c9923efe76467614b886f8476d55b800cb97f0d16e42121
10:106	204799	ad25c1ad7f671db88c5359adb80c7f4f3955dafa528354b04d31eae55b4232e2
10:107	355682	dfa02583f0985c16b372768e32eed5209cda6143414fae1ba80749497dcb1f3d
10:108	361533	2ef55b88b0025d8382ced201427f5c839051722f0531944b6be38fcb8cf0303f
10:109	182020	dd4867db0e2b3ac77bcc2565d3254013ef030bc9b0124097a4bd89f967e4e435
11:1	180766	f7d5e356f6227f9789c65b69a607c287b2d5aeee3af3de0d2a83c3bb3c9ec589
11:2	163421	f3645ec5318c7e2e79ab05cc83e19f7464473a349e8ce258cca26d7b5125e3a2
11:3	511163	cd27ed3ba946e511f8f3d93e4494d138d546f5da93d1fbce63f6b85c5b0e03e9
11:4	123714	f6f0b02ea7d7e4ecfdb68b6eee597b8d9c2ffb762e3afafb60288ccd391f61e5
11:5	353383	9fd172898faeb4e686a4136e7395df06a2b9e3c7c6f0889069ed0154332b43b9
11:6	195812	e5acbf9345dbc9a18ae7d6a8fc7b699ef5ea8552e2bbc0216777a48e06f07235
11:7	330395	41bee1bb0ccd175cacb1f82109675181a8a6156cfb979f0697f95b817fd0bbb0
11:8	214830	99153881bce091db72b33f3ace61cca48d91ea2e953041eee95f962c6d4ed6b6
11:9	123923	c60520b6ffa400f5e93f59c8e1d1e8f6206b608ec8db5a04a8caad07fcad26a3
11:10	195394	e59ee9986fad1d3dcd24e7f209918ef3b869364eedac80e8bcd54f00ae6a1dfa
11:11	118699	1a896288df3398d9463c09328bf4ae638a521a69a7f61131fb5cc58d9eae146f
11:12	327888	84bdb8de6323baf3b55256f4360a7fa7dfb44d2badeab2f53f4d7e90e61bf423
11:13	171780	bb95a7155450bd0d311a3b78e6e8867a19a30708321364be7a0ccb47e674f61c
11:14	177422	778957a1c13f696cb2e22d6dbdda6acc710015f418d552da409d4334a507e511
11:15	121834	3cc9dba29f59960eab79e00b9469a52cdfc2ec8718a41a54d88e84ccb36edd87
11:16	147538	6449ae3431a867db186b3737b7c1bc8f0914c2c06d876ca62da0f06c4f96760a
11:17	392880	da77ec0c33449cc69b1603ba85b7b51d7c68ce0449ddf6aea5e45a559d119dab
11:18	244087	71d0db9d91821476bd108a55f389ef02d4f926ddcdb5c5f7152e54c30076ed17
11:19	114101	781a7c8bca75bb35d3e2734c015d683dcc702d08c3ff70de8b088d81815a9610
11:20	263522	d4a13f5372f48f3daee5ed1e6649e7c8ec271e64753ae075aa2a3ac814448441
11:21	122252	c49c7f761d8ee9942ea4e30b4f8d40c89b82114129615654faabc2152da3df6a
11:22	68544	29daeb06e6f738e46ce983381626c5924f00268ccf24ca5123af6b2f51d66347
11:23	168436	8e752231ff243e9015d55cbfaaf9ecf98bb16d0cd06bf4f2e168a8b6d5ed8765
11:24	153808	f33d3a6eb31cb821e9760045e4b0dbb60f842afb4eb410108043822698b5600e
11:25	108877	c55ec1e2a95911a4754e4e07c151b0192d50b40d44c10267311e2f0d27a617a3
11:26	149837	58af88387df13e44df94f98ee91945ca37f14ee72d9ce6ce08c3b5f2e48f29a4
11:27	260596	d688b4ac38eeebddd6724a39167059cce0b047637569b77413e3c66603787ac5
11:28	221308	7c43dac0aeeb732205e796fcb0c1f7c2c2aa1d9320e0250ed512abf1b9b8ff48
11:29	301138	7a8ca24b2bd8096ebeef65fe56806b66aa4f0d8646c361cdd95218742001bb62
11:30	143985	aad35806b513b997c1f6e62424bb98e94d560a48161e6dcbe501df4b13c25d16
11:31	463306	2b3ac1c1fee9f60ecd0e9846710d27d53fed640a12cd5a015cbfbb01145808cd
11:32	160704	c4fe51b2d7a98b9ada4a712bded1ad8b18a0262573d80335845c9d32e7d76483
11:33	143568	17086e7849311a05640e3611473a8ad5c24c512a41d84c5144eabec74b139b82
11:34	205425	773bba4418585c9e04b1bc532363250a8fe9165bf730be44e95171ba34733e15
11:35	162794	ce0fe1cccf2a90476e8dcd0bd4a90638074f6a82f8720ac34a87ea6b6b6b99f8
11:36	172616	4bd3be35e488a91aab49b6be2f646b4bf006ca9e02fe5e30ae0594436e5693c6
11:37	145866	8b8ea164cc0f18b4267e8bbe1c3da55cd1fc48ee8e84d275f41608a87dc7362a
11:38	212113	343bc329cd062c8d76745f91e53847e1d16d39e0aeb779a815b1f8188e35765a
11:39	134790	ec132e69764483e6044db6bf738a806b81431244f411e3f953a3d9ca18a0e305
11:40	308034	a8e4999da6ae21ec552d30fb2702ae7259a0ba4dacb1914351600b3e90fedcd4
11:41	155688	7e6d3ec7f1ed25b6579ef265362dccbaf5548743a8b085b0a817b13d96cdcd17
11:42	191842	45c8b77fe4a480d5ec510db33d7318249eaf60443bbcf79b739bf87307ca58ac
11:43	254327	7d567dac47565efbe9eaaefbcb73f8e58aa49d5e4f64f0580c54259773c64966
11:44	292779	579c2775b3a2a1e462adfcb365ac1ad6ca8ce7ed42eb647bb56cf8627a82eb6c
11:45	170944	01214e3f1d33b0ebbb8d91398e76b38310fe8b34b02df50e4db7d257a70ca24c
11:46	248475	72e955b16171bb63060374f31a5c6f4e7b97d99c6feee57d94b0d645f771d7f1
11:47	209187	a5fcd7514dfc0e8d0c565c5e8e1578ffb46f25b442b2ade018eaaba784a6c022
11:48	276270	983d1e3b320a0a35f13f7d05803a49ac3e00fb2233912d3ac448f5525cd31dd3
11:49	261223	7017168329a8fe894dd006f2e27ab4f9a6a61a84806b778c75ffeb26738b404c
11:50	212113	be5bcf6af5f7b1e8fd8595dec10ee83c746d963336992e8f21c9794d5622bb2b
11:51	171571	bc1ccab8e79044f124dedc8b3ab851292d33124576c96980aa63fd23574815b6
11:52	310124	9bf94905976032dffd12373814a9dd70d6f6f1789da0c2869ee4bc971b0e54b0
11:53	182856	7a0eae6f4292f35cf5ef0cce9b5e563d975159c98d53c44eff5dafe4dfdf353d
11:54	243251	7fdba9f8812ccd14e10d5a682b409af6c0a9c5cdeda93e44da84d8d5c896943c
11:55	110131	022b9962f70c0ecd33461c789a64a46638a4bf720af59101d893f4f00442d0c7
11:56	279613	9652f487645ff337adb720967494ef3b535bb960081ee9d6b7eef6be510b045a
11:57	306572	ff478c561934cd4d9f73bda4320b4c10cfd0f74e8121cca50fca4f20080d768b
11:58	201246	81f01daba742d539660055156732cdfc038f073ec6a5a05d2288184d765dd36c
11:59	180139	612aea19e7bc3637aa52caa813ee3a6dba44f82614b003a4dbac20d317c4ffc1
11:60	270000	53ce7643224d1bfd523e1faafe8e0b1d0e6558b11591baf4d6a1d8061f320683
11:61	368848	474f9f5866d1943df5b34727773ecb1d4dad984e8af69b91fffe6eb03e982def
11:62	307825	c71996229926f316cc304dd6a785d9d194fbd92f90cf489ba351f3a5dfde53db
11:63	270000	578ed2a961b4e6085ca950bf623e2b7270592c1021c213cd37c0896aa7b6fac2
11:64	234892	b52a04463fb313cd7b12baa5aa70e43dacf77c2594e1400ef6e37fa17941acd4
11:65	162167	5dcb2ba0a9ce67a5523ea1b5659d994c535630f2bd6f422479a1a6cd0e4b8f1b
11:66	247639	d1451bf348cc212c69de0bf47bd9028131be123dd05cf0474bc4f00138c4af14
11:67	101354	81e653e07250f0dac9f2d526220f0445309a8ff484b2652e081e9b2ca0131b65
11:68	160286	19650146a4d824b24faf28699babc0d061fafe3769a5e54135c4cfbca18e4060
11:69	232384	9769d3659bd34f93e2ecaec6485e1b64bf0f55a17f8f79685c792fe6ac9f102c
11:70	264358	df74a7e95049b2988d24f7dcd8c5e2732c92906a78dc345ad22cafc57d308acd
11:71	168436	0120e73e3f692bbfe3bb86dadf054ca2ba269c8000005deecfc315db9711d3cd
11:72	189543	b99a261f11aebc446a73100c23ae67dd55ff7ab096911c0bd262d63abbce1b7f
11:73	226323	baefdd6bcc706e560aa8d39b2701bf3fc122929072dda4f2bc7b3e1383523770
11:74	143776	e26bfa45f4c9e14e56aba96639a1717f52c54a19ccd9598978fdd85882ab834e
11:75	108459	5b02a25069ee782e950817b6f2a2c291882c2a1baf717ed3df4ac668ed36948f
11:76	230712	50d7f724fef9297c0b77e241d4f58f1a346523213be9d45feb9a886c409abcc6
11:77	188707	d7bebd3db11799981b435754ee939ea5228cd1c67ca10eb516bebbbfbfdd13d1
11:78	393716	aed83eeffd37f31f58a77fcd03f9a29338e25412120debbdf3dcd40ba2372fed
11:79	155270	9fb0d9231845a1a1323e015fb4e1f66d729f2a416ae041bcfdabb6c67a52a826
11:80	151718	a375f134c6ca31eb9e99cdb40fbcf28c50fe969983f5463ba769a6a4f491bfd4
11:81	417331	6fecc6790581d4e95f5bc38c1cb615702b25f37550a355fc5eadacda971981ee
11:82	207097	96d64143a35ecd060635a5e9e5b18963fd5649cc18c3b1929a9cf65dfb21f081
11:83	121416	7eedca0a13b5bfb96a8ceea012b0eb1ff8c1415683c48355d53e7e63813741ad
11:84	386820	022f54b14367613eebeaabfbf66bd296cdc888e7b30d9760c170193112f2272b
11:85	207306	a6830e9092fa59f726160d58040d7e018653cbc59263e0d4401465284023f776
11:86	182647	cce0d33d80c781b49a88b95c05d632e9ae3c28ab599558f78aed6fb3a5673a99
11:87	297168	1c695efc97442b6e03412dab0a08c0b56279064f7820a6b18fce0d473d464a9a
11:88	454738	c4ba39e9e02e5c464d246f624f7d13f97f68ee6bdcf0b78989c3e5d7b81fdfa1
11:89	300093	71b113f1a9ec7349189c7f91d843ed300312493a803f7091c7d228b4c319cfcf
11:90	180139	9ece75aec1bfbd03379ce16bba2f2401920f6ca2d9a445af4d287a2a21aab821
11:91	275852	0822de723935042dc17437374cc532dd8cfbfedd408b97469062f0c0d7a36d79
11:92	260805	d3fec95faf99029e1866c0f727e0aeb7fc9b8c488f86cf4f202701fa7fd290b3
11:93	276270	c75f454c42b8686af7445d6dc56444256c97687df17b7d07b623d00033099e1c
11:94	316185	b9e1341f170bfefaaf383c01fd89a58f4dc5695b63df48fc2dcac50e5988b50c
11:95	132074	54c590d6ebeeaa893b846a99b32b5208c15e0e6240bbbff140ac3c451a1dbe79
11:96	106578	ccb574f8dc926ac7d40a83e8190fd253720c9fba8f28059e06b7576950a6886e
11:97	145239	32bf233a1209c7473e87d53881a0f7c1827141e1f0eeb75df78c7c2537ec2328
11:98	145657	319e04471509e6a7f68de8cc877ffc22760c663382d2abb898268627ed1223d9
11:99	155897	7e96880a109ad49285ca374d0577571cbe19a6ebe1e191aa7e7769e1b3f34908
11:100	169690	f7030cc5ef0e91a2bdec33484a0a99f1de668a9eff76de43da9d2ddc042222f8
11:101	330186	1c15c77252afe0280cee34308940188a3a3a7bce697277ed416d829656b7d057
11:102	171362	edb5a2b83de42f79b0c56e7f5cdfad7f2c9f31a2eaa386787591c085f1598044
11:103	212113	6f3da6d795fce43d6590dd9f0fb48f084f8f26101ba551dcc6a11bc60419409d
11:104	89860	49a058576d3fcca9acfb75a68eecb9617852f4554ff03d88c29ecbdc266bbb63
11:105	130193	01b3dd2bf48d3e424f4488e45a136448d5d986ae28e2b68c8640290e7b5efb78
11:106	121207	545f61933d81ae245536a7a1e9c12c2c26431e9cea7576a4ecbdf3c64a9301e5
11:107	199156	6aa335f7bca59bf72e94fad49ae8ca5f23a5263c0645070f1182b39fa32fbed4
11:108	228413	d2ea3ef2c7667c0ccf5f6606d974ab2a6d5a87a7d206012812134570b80d26a2
11:109	303437	84f92732e1719b09e02a3602ff2ceb5133d91ba2362ced0f32eccaa4504ef48c
11:110	260178	236118001ae710c875d08ef12b434bfcd42f797a83ff03676971ed8da90c2a47
11:111	172616	ee5ae85d43d81d1bdbb15a7b37166a6ca740bee544a476da7b52868432594d6e
11:112	170526	24a939ad94454eae22fb346f02c22ffddc15ffbe150a3006fbca10e65de68bf8
11:113	218800	d5e71268b78ec871f4506b93be7f7bbb77b537c5585135f9aa85c6dc25c40fee
11:114	240743	db80661eed76e22e880162f59b501344b4a29da26674bfac14823713840fd1bb
11:115	106787	74d2318759b12b95ee421ef741f42b0a2aa5d681b6918ceade5945d5f7088a66
11:116	328932	5413df4a391ab15f9b7ea8380d91ff3e87894339c2c8ac09aac8546e705a6221
11:117	118490	f817a60051e7f9ea5c52ac266af4479496b947e292bf191bf64f067fa88efc2a
11:118	174914	d88d55122761598dceec31c093da33edee7bdf0195e3c347346e7c66973b70af
11:119	238026	3f18555c9f4b4dfe9ee6d6a189bf148f3c7da8e5473b65ee6a53f2e4c2ba83c3
11:120	269164	09108222862340ccfd7a8d4ee0fd5001f564cec98a805203036ab2cc51608537
11:121	127685	a9ab0ed5cdec3a170fafba894223a87ffe3ae5ff1840317ab3c52f82949310d3
11:122	86516	388ceb97d04bfa4540b580c86177dbbb27037b525a367782d7fb530a9120171f
11:123	234265	87db5bc4f68157c7056fe6841970c3db0f47dc2e47c768710fae84d8f3954a55
12:1	113892	176942574c9bfc71321ae6de6789def8447fc48cdad5a471676148dbf2bc4f9b
12:2	135208	63d5bf747e16ebecb00b69591f588d526564b7013ad5dfdf9e422ed5ebd02ac8
12:3	227995	09c9697b7eb967752c3d1eddcbf68f9f895300892c6f1d305435b153ea7b9644
12:4	196439	28281564038457a2f4e1f0bcdd0a89c5c237a4c50d8e49d9c452a555bd58ba0b
12:5	219427	31af77339ef05cba463de7de27622e4c00e48ad5f7e2a4e0058c3e88158a78bd
12:6	526627	8b7783253adf19ffeda5f00d5aef6b3a0b389376b8ff428fcd9f0f879094ecc3
12:7	134372	3a1e713b619509129947b825c0a1b32bcc2c8e4bcdb8514dd04f1983f19bbdea
12:8	198947	19e82b5da942de64a99be98004c494ddc214e4a24781e95f2f9a0d1a09b79938
12:9	194141	55d675c7a8bacb3a0768cc1dd9e0f897074fe6d08063476e99dd5d96c68419a4
12:10	231130	11f19e6bb6cce58ca33af9e025dc71f57cb1a39ae88e218e31abffc9554b8096
12:11	174496	31295229fca5b08b5494cc80b19069d03e1e296a8011128686d9b650dda5c0fe
12:12	126431	861b4abf3062646d5e4f9bf3f087cfe73b482a24061457eec03e0c95caff5d29
12:13	192051	1b5a5172a068276c266839b82756ac6ec83a32667943a8bf21b9e3806035614b
12:14	135417	5dd0bd752b7d590f3ef18daf5359f2f6abc8c1744f7ade674bd7f86433689f59
12:15	271672	57da557bc4ed88954ee251c8509ba1d4b4a093bf7d7bf2ac263d4bc3988f693b
12:16	116400	29f18d2479dbba1839fc6a1ab4422000b2486180e6d8de60a05bd5901b51dea7
12:17	361324	e59f269867764993bc33e4ba538956115413bbbfdd74fd4084b2049413cbe9fd
12:18	301765	50ac67c2449ac9c87973a576905a849597125d77b96457723da36461a92587b8
12:19	312841	a390f886b155e74903827f75816801bbcbbb654e8c9365e87f9bd978cef286ac
12:20	170526	da1b6a1d0f923d1125fa359b23be4e99056de0f2d9305e6c4a17bbe0e632cd89
12:21	522030	052af34b49dafb5d9f5910edc1013b569048b5a5ea5840e92a9b4d59d95d5c98
12:22	177213	86007537e081833397106f004f2ff7f2e0a4ffd05f6726e5ce4313768b00a42e
12:23	360697	927fe8eb200db064d59404c7f5f122c439158bb93a11963f2853465d348fe6eb
12:24	323917	70f6bafb42fd327d3b8ff5761d1ddd5a7bd661ced52ebd350b1ee2bc3dbbf566
12:25	330186	779e6a9f955db176683432497f06628c9a7a620126bfd4de90130cad783bc7eb
12:26	270418	b612b597c76871b04c348a6d06db23f552f4ea0ad69949635bddf4d037728c56
12:27	146075	aa6b277000ea870d888c5af0885e63be89850a363c72164dbf5c72808288653b
12:28	206052	6d26237577915ad8c1515993572cecb648d8096dfab5512b43eba607810bfa12
12:29	189543	f13ff8bc4692d48cc764c34bf97227aa0a159e33e67080d5c8de084dfb6a67e6
12:30	286719	8fb01990c979cfe85a07f6bf6f4b45ded5494d85f1bc247300197d05928cdf93
12:31	615652	bb71ebeeb841477b6bdf48499d8888f8b2df57632c00f9d2d9249340ce797ed9
12:32	325798	0c91faa4026d4a8b199bb2cb6aae5a989ee593c3a0ab5b23ff74e47c37e25ff1
12:33	279822	cb8abec63eab3ad348e1075f49f126a08c5a77149db8ec6241fc2d63517ad0d2
12:34	165301	3ea7ec23e8b65eca34ceead30501da79cfa334e5db678938c6ff3607cb5f4408
12:35	150046	ab73d9d1e17d0467f9df484715a387a5bacb9f0559ed03750f41fb2cf3d8c0ca
12:36	471456	9559c22e71365a66e0fb097f88b2fc6d1ce3581ff55153734adbba2d38250c59
12:37	409808	1094fbbcef8eb5d61a744cff3f18aae94b0706d543d8563185ec9d6e63bec295
12:38	401657	13d145200a6196d580dce615c048edb7c238d13d735223dd42867bf37941ef17
12:39	163003	dc8f611b8169d70cac3586923b97cde6dfe0bea20352d0c4e7bba3ec9c54ae85
12:40	586186	147047719034960517ee61c40f02850e92da6d5d059aee5dce2c8bb9dafcf460
12:41	295914	02fb1d98d1032ff780770fb56f2c4cb47b0c2d8d796d3f0df9cd9a47da7dd4db
12:42	235310	17b0dcf59d6a86dbc107923c5a3fe6d5a46d62169b747e9c13a3a8b2932c997b
12:43	405628	771c9fa1ad25d9692534ac0b3bc9f9cf3a1ebfddf2a63aee7c6003fc53bcd2c6
12:44	162794	045aacf7ce1021a80c791bc6b34ef4d408bdfa99b3d85f851f54d9f989ee53ac
12:45	163630	d9dc386df297e4ef8406d0d0d3a4d846a9b591ae5eaec58d6fcdd71c29dcfcd9
12:46	346905	a089c5e51aeec6196e25b44ddc2c40aa6e4be0adfda1bb29c41d252c0d2ab138
12:47	211068	0a0a0a52828075f52b83a1873e19af3f10400c11e4b272137a8365139d68cc4c
12:48	201246	83b148ca8e9a9f9944c96a7f3c26619ecdd8dbf31fa6b2beb91008102db369c8
12:49	159868	2c71a6c3b04c2d2eaba8128fa1b1d0cff5fee92002658f75535331e826226333
12:50	344188	72bb22c23eef4bfed6ef2ba94ffec5fd40d6b69e29f5636c41a122a55f982aed
12:51	403956	9f470268ac6176fbc2f3a108b30b868b03366da4d1340b50cc282860cc69e38e
12:52	178049	817fc90eb953274ab728231294af7c2d458c3dc39180bc9455c780a0b9ae6dcd
12:53	259342	fb11b3e9931333e949566e6a8f4147a8ec35101cb3bd9a6d7ca412e22c6d3213
12:54	240952	652d07a4e7a2f6a4dccb5ce938d4afd5251196ded02eb535530844588aa23173
12:55	133745	039ae670631d20df2b18c4fa0b9426bce38979fc0e55e797dfd5303967d5369d
12:56	298421	c30e9c29163da7707474fbb9298fb307651db88803d4621336e25d48aad653fc
12:57	133536	99b82c29bc19a82831ae7d0227b410ca28e568323f81fa8168db42f31501fee5
12:58	116609	73916bfe18278e4537cf1b92dbe3075425d66887956855033aa295c7a540b718
12:59	229458	4fc429e904eaa23250c2745908a69006b97154f5d83f31ea756ccb88c8201d6c
12:60	134163	e58d9be83f98a52bada36326baaa0c6c4e7e4989015c4ead4512a5b8abac46b5
12:61	100309	2226b87f4db022b1b170e255cec13b72b77f9e3d86a75c69e48c414902618be0
12:62	216710	3b139cd761ccbf001a8a9ab2fbbb56133db5f40549a05119fa0e035c295f24f7
12:63	239280	152cc6c610b2789dcd52194618427c283bac6fc64a9863cb4b344dca359808b0
12:64	231548	5cda2f26e89829d1316851f562e5845edbe3a35df6cd927c71097b8775246ea1
12:65	360697	26aa7823b01afc39b5bb7d1f42a79b8747a797d92202ff7138bc43b5b41d06b5
12:66	318483	b3557e7d07b865f22d49992e7cffce02e29430d613358117afc1d2df2bffd0c9
12:67	386820	9186f973a92f92d2edc318449f7b96482068927efc9c89c922fd4dfea1691400
12:68	337919	0bd6bcdd7d0eecc3c33cb8448695052471bd59b0aaa06177e6d87c41ef5cd7f1
12:69	205843	b982cb9b24dbb7660a2e89213e278448748170b0a9768cd249f452f680c6cb78
12:70	201246	10c16faed83678f11bd99b285444b42a587a9b0965d353b97cb956eb8b3586be
12:71	85053	5c27d49557671bfdf455c4614be79d7f77b3625c8bee2a97f6501d0d5f31a1da
12:72	131238	beb5e483a66bbaa8ba53aed64b2b49233b7a7b111a35d88972a388acd3cfd69d
12:73	141687	82d7007f9bd5aec436878286b624ab7cc2c552aaffcfb22a98af030228315eab
12:74	103443	d95f2ec42979766889bc6e69b9141dda679a0d404fbc1c1aa24961195bb9d49b
12:75	159450	0e845f20bdc89a02133156fbbbed4974114d734a0e9636cf7748ef62278afcb2
12:76	429870	48053d75b9be6097c8b7f413177e309b6c041463e778edc6707acb88a788b6a3
12:77	305945	bdb4b49837f112705184aa74f7b521b079f769d8c63a6728315a916cdeb76fa8
12:78	230921	b7a4de4d1f9501b253a013cbd94e9de4a54a26639dcada2caccffca1c11a8f63
12:79	210023	9ac5005cd9631a8ca49a2de841d4bccd0115ea3461af37aa3774c84a96ca0ea2
12:80	428198	cacb813ae9786612e3ede35725726cc4780c6328ca2c9d6e413d19d70fe7c9dc
12:81	343770	6f6e33b5b9b17af7bd0b5c87df8a2293517de35266938981a45ad8566754264e
12:82	170526	b8eabcf194c5320809e7b704edd0ad6be8e8cb00524f4bca7cfd0a0a7885dd01
12:83	257879	4d4f895c8021b21849c5f123b02b25507b27ae85fec2b6030de129ed10f35be2
12:84	162794	76f072e2fde3439809e246de3a835524183fa06ce6471ed2f3c8b839631becca
12:85	133745	91a94131e966f31169fed0878d082b4d9c331a3545693a3c529da8a6ff454a4f
12:86	164465	dba533c76aee4914b0c5997ed39e9ffdba8bafe992be3db8d9ee05b629497e4c
12:87	242415	c028c95aeb892d6280ba57c55de3ff9d7cdc749ed522d75c098ab37a2f0f7b5a
12:88	303019	a4f938948c5af5123faf50ad08fab80cd6d0d183461183ac8577d1e4fc0d10cc
12:89	125386	892873a2bf592f5e1fb8415c04beebc7cee91f103e4e42c71a030de97f359987
12:90	346905	29a2a0b3eda090f82472cee728a77443fba3c17a21e28c6ac823aa8b73d791dd
12:91	144403	63a64dadf624dd0e4b2659f99da8db979a4c365a6fc4828aff6e3c2cb1226098
12:92	173243	adbb30092eda97ac89d08a791cf1f32fcd0ae0f8d3f95db687acdcf3599413e2
12:93	179094	08e70b95a44204790d20d9457b04e676bbc7eca00ee7393d97145147e5062773
12:94	188080	3e3eca3d2802001b8e60ffc3c7e6e688a9065f6b9f21552815eca665f1af350d
12:95	90487	af089f39d5461e576a8130869596aef87d502c02b94625f347fd730de8ac0cbe
12:96	299675	e1c32d1d6fa318e31865cff99401f9f80c806bee46ce5444c82ab0855c2bcf2f
12:97	155688	bc226cb9d4af103860775107a73fcb984003185aa828a677921990b83f08c1c9
12:98	147747	6ef62c1bf4ce0018e91ca225c01932f81a7b6b648a064b775ff0b751be7ad4f9
12:99	193096	d3a560214d3c8752d5948beabb98aea1e7f3489e5b12fb5d8e6be13be66de86d
12:100	634879	26a7a5a0fac8e424793a3e24dfbe85620ae292395da8e15e71779aff8ee219ab
12:101	365086	7881e5c616e3ba97e28b7ddc7abafc6861179afdeabcfbed842293aec446cae5
12:102	232593	667211ea8ad32299ca2e3f3121d812ede3a293c5691e6641e231680490fd632e
12:103	110967	7da5c70951f3847c3f797c172a550d7b9814b71253b15d7e86f7ba66050a5ee1
12:104	133119	f30a98ae2198b8fe94c563b528d3559f8edc2df4c92c5db437daee910b9c8eb6
12:105	162167	43eb3ff4681d1c5fc6b4b574907253f2947c4644cdf2be953b57d015b7c747e4
12:106	111176	b93ab8c6dc4810c06d1e166605cd7ed0b0a6e68637ff493c2b56c968d1820d80
12:107	199783	dbd3a31d1ff5ad952c36478da67e778ac391507c98de955d15c1080cb1c6fcc9
12:108	263313	174a5b861a0fd39e1c4a79b235670c2e35ec0d79c5b31ca02aa1d579dd14238a
12:109	425481	8117ea01602b3f22e025ec58e07f97eb78deca6fdbcb66cf0d7a716aa7025d73
12:110	352547	17a033ebd4b5a29c1997d0ef129e78f3491979fd5dfd6bc6b7e213cc1ff6ceec
12:111	394970	1f6e4c933f4fec0a86fc117f5ba7d4224504d540803d4c44aeb15e3ba422773b
13:1	315349	979331e651707c1231594a482e360fe65e6c8f948d35a6103a837a09ba40a804
13:2	447215	a36a539e9b7026f50f0e6d72e3f60a1f694a185ed3db106e6428e4bbd9296bed
13:3	376789	cb74ecd948453c52172e7a80602e0d981d73896daa3909a1844b56860b512095
13:4	619414	6132464c64a09bfe44d41203068eee19e3029c450c1da6ea2d5d028e3266ba49
13:5	424436	bb858a3569901006f196c46486ac2b6110ac0fece88978dff017c3841a8f3ebc
13:6	302601	e43c8e07e7da622978a7368f40fb25128837a90874e41f99f7589738e1923317
13:7	261014	0099407eab508de09e80a8e4c734a0a6f999105795bad3035e539e9f80b84edf
13:8	224861	0dd4dd414b4c7f7ba6d831c7acde65bb2f14c705b8b9c0e1dcb1ff46cba75d92
13:9	97592	86fd264393b88974874dce019401a288736e17fd45fd54bcd87c86c8b02b7ca5
13:10	224025	bc4064648a0d72219268d4dd1771a79dd01633d81160202628ea8184207bb079
13:11	496743	787386baa14f9d171cc6d1c83183eb4634c77c93e69cae051e02f17104b2f696
13:12	154643	308cd13e4e8ccee24c949c7a40294fc29953a32c8d939734845482c87f995703
13:13	383476	4e559a62b96eca3e4a98df05e0d0202ad37af71662100495785d26745d37ae36
13:14	397060	2b734916e0755af954ab7cc9daa9ab6759e17030f1d117d186bb5dd6dd6ebff4
13:15	191215	7b1fb8663c2ec6311fa37ba3175f069b485abee81f2e82cdbf84d1da1bdba99e
13:16	690467	1fac992d58bbb7a732eeebdcf07023c1a8fcbff0cc6bd6f62228a27d047c2188
13:17	677092	100710d672c3a61ce290a3c465f8bf1a06c00893943172ef15baf7869530f7f7
13:18	417122	516829cf5cf23411b1167068b4b31d7c659e953556edd8b7f4ea5815bb45cd73
13:19	219218	7d63d35f1c58ec370ada8cc1ce807b4062a2482cc008487044ebe7baf0349400
13:20	134790	c6f14c76247ca2176f37703ce39efc2eeba02ff2da672717b151786890cf6f5b
13:21	210232	d7118ef2709ba05713e782f314ecaa82e663cbeb7f975eced579d1fe4120549c
13:22	392044	c2b6c2fb027f42f3f33cfcc1499dc44625bd301ad83c079e56635d04b9dbfc37
13:23	293824	56cdd6199246ec825fb4921453583a4c61907e71eaec16ae12ad65350ca7c58e
13:24	122879	959df1d47828b04d53314e807f5f1e05030f4b5d87fdd3321d8fba5c5eb294ef
13:25	292988	6d85190328d06d5e18970aa5585879b16ff599e783b9f3b7af333a9eb294049c
13:26	183483	7c12122e75083d58ffc5804c611b26863aca44f672ff213cc073294957e34c84
13:27	253073	633761e1174cab1a0d07330ec6539cdbae2ccac71682fe44d7fa912e65496266
13:28	150673	4a110e35be195ea1724a663c5c129ef4b5ad56bc058f2b4ced7f51ed9c46645c
13:29	99055	6f183c633a0314943ea7bb310d2313d80f4353921d0b0dd1aa355b571d77c3b8
13:30	374490	a42e0e92c0f9e4bcad79e6d81082fd6c43d33f3383d2f10da085a0e49c5a947b
13:31	574274	ad33c04d753a79ca423bf9612d8dc1a82de70a0039cb7c116aec01af18365b47
13:32	164048	9dd6397fffe711d2b7ba9528018d30ab3dae24f6a8b1cb650ff3021239618f74
13:33	431332	3216e4057e38c565d784371c2834e62420ae99b99f00f54ab8c75c5a9452b0e8
13:34	170317	49f501408226761ec2054c690cd2c6a31732a8d116396d4548d65425ff046ba4
13:35	297585	b557f9071562720196f95318f01cf38093234bb42b920a2a6437785a54842e10
13:36	343561	bddac09ac3e34cf27f5f259bee2d70a61d0ba49494acee612792211307a140a4
13:37	261223	8f450f3397ff23bba6c0209d7c90a357852b75a568eb45cba7f383a88d36d5c7
13:38	311169	6b8b3b82decf272761de77579bb1e4a4bdb3c35dccddfbe86dc69f3cf288754c
13:39	147956	f13305a10cb4f2ce72e3e17da96fe2d5d2b99096b77d48e673f8064aa4ab8980
13:40	196648	88d89f07c3e6be5268de50def44c6c96ea7af55945d26d03abb1dea6f2938bf8
13:41	206470	c242dd4d6ead1801e281837308c735dd02ee38869f77bcaee8cb35ae6f6d7954
13:42	232593	9d54870b0c50edb9ca19e7efba4a1a9c37f0416ed22a16e363a6d3b516d55996
13:43	202291	bc8acff15ec070ffc65b07ffba60239325bc6656141462c2ed8709e64c15f4a9
14:1	243251	99d186f141eff23954eb6b61b35b1b13b394a4f9a90dd3ce5095072f5da6df83
14:2	163212	5cebe503494a4617034b1d025a549ebc7147e92d30d1c5d7a5b3fb1b8bd5aedf
14:3	247012	1cb23b1704db6c87fc5869cc2c67c9e9c834035480e076fa866dcf80296223fb
14:4	283793	3684146bdef25f60375f4c61bb64271c355a4c7b9a71dfad3b72dea674efedfc
14:5	305527	f968e26cb53770813bd57494781267c691971293e25acf47419175fd00288c16
14:6	495280	3fcab34dd16e3819967670d742fd24daaaa3b298fefde0f28b8cc92ef88d1596
14:7	184110	f05d152108f174435f57dbd402b13cd3c484134eb3a40ca84dc52aa907d4f1a6
14:8	192051	e9579d8d19729ba14aa2bbcec3c3d45eff0cc4d3cd9b35bf8e669423502f7b5e
14:9	597471	7bc32069d65e0ca642e5ac7836145ad3849a9d6c59002bbbfd4dff067e731364
14:10	542301	bc3e3655bf3281200be322ed599bc47b1d97507ecfebde59542f2154ac057187
14:11	403329	dbde8c9b32d43086e84bc3f0378c1ad2816db908f1e8356041af6ae6e528a152
14:12	299257	c3a5c520cbb8fab4a0aabdeba20713eb08b675cd02cf4923d87f5e89f6183cb0
14:13	275225	ab1935eab5c0c6a346051b82fbb581aed62121d0e6aa044201ff12a40a5c8fbe
14:14	152136	6c855d3c08f22cb60e5b3e43d9646db05a745c1438905bf8223f083d35833b7b
14:15	90696	b71c8dd445a90c103f0c81c0c3464fcb165bfbbfeb61a571f22f70872fe73634
14:16	124968	195469d1cd2e6201f82cea52f05242a55d9f0f837f11ab2d4972046e143c15d3
14:17	278777	865d609d59bbbf09ea80af7feef90b72cadcc8e75bce4c306338f8c2fbf13fa6
14:18	288808	e0598890e2c4ab36b922fea7491846fa47a6605ee3fffaca9224a1cb2d40b109
14:19	182438	6b527258952f1942d1df17a671f95183652dd31bd0322d96c568abe1c7d43b7c
14:20	91950	4168b4439602b423cee423f2e4427123a5d801f576cd7394df3de4e19aca9f84
14:21	605621	cad4f3c7412470e8e64071ec4ff907e0dfb490f9152860396eda8f0d22094279
14:22	692139	544df1ccded9d276d9d1cddef03d50c7c7adf2d8095bbab5808bf58e96474c5a
14:23	278986	5587829ba4299ff4df1041f483e33f07f0aeca0e4ac1c760a8e83c61f313d50f
14:24	218382	b48a72bc14b8d9992a29b08dc1e6e590613a94c1a8f7da30e677515e32f5971c
14:25	215665	237bdff2cd986bee9be39b775729b345988b80cb5381e6890dd1d1f83716ef3c
14:26	177631	81ebe78849fadb342eb6e2215245f26896b20130b20291f55a6aca78faf4278a
14:27	286092	ae66697d86197429d483438c68e6725105580f1dc1f40f6ffc244ff49bc79d4d
14:28	154016	5884c74bdb09bcdd019e203e521e5ddc4637fbfa49b6d4b2ef73cfb6b57502e3
14:29	95502	0bc8ea7d94d89e8316fa5abc40099949477add6a99d0fe9ba4878f082f0da957
14:30	206888	85d99d49ad3b977ebce044c1812de1f5bdb2876c187921abc9d1f194474c9e03
14:31	305945	dab05f0f69648a69adade71922ad656f3634fbbfb7ba13449cbd46e1dd3fc19d
14:32	356518	25fa97355553d6526f007385eaf1a96b6a69761374f662ee84d3b7229d77a658
14:33	166973	3a066ed4d3f0b3cddcfa838f377d8360b0df18602c65637ec190bf357e041f91
14:34	273344	26bf2a4428e777e053d9510cddef8e59e7759db102113c85625b893f0d123802
14:35	177004	22ffab4fbd7be755220dbcabe9d1ce73f8f873e6c1d2ec918175c32734f696d3
14:36	258088	df0179042556e9431fb79a753d5c2ab8da9273ce93e7acc89d1a6d55e63efbbb
14:37	452648	6d7e92869354a50b87486c2f05a8faf6e131998d9f1933dfc4de8695ca870928
14:38	226114	d9fb4c4b10faa3fbead11391ebbfe0c64855df02fac3f5b84e5b9a923e7b3e5e
14:39	199992	ae7cc76b7c513067dd1a1e29a7e087f9258d349e763d82a43ebc5165a46f5f6b
14:40	158196	6256a8ffdb8f4e665b4b40a3a7879cf0fe00e77c252fada747ff690ca6b925ca
14:41	136253	e1c6f38a3a48c6ed358df501e63dfb1f7c889e69d67541807b49b6cc57d7b45b
14:42	230921	a7cb2e22684d639fc8c3fb271a4ce73f7cdcc593bca840b4002fbb07113f1cfb
14:43	153390	67c1d8cac1e309727b878a0d6cfdedbba850fab4edf14cb5f0ad82e47e056458
14:44	403747	bc24ef739fe2d641550aae1f98035c65a9bf1b8dba728d57063950094b67a2a8
14:45	217755	d8cadcae68a3cb40512f6b54620c523d0c3b824b305f18497efe920ef620ae77
14:46	162167	5011262e9b83dc0651dadcb34a0e07e5f19cf00c9b1543e8b9293a6479695597
14:47	191633	b35addf63c433fff51a7a342c19d531bd62367a466123116d4cbc2409a450142
14:48	174914	4468bbc9934bd15daa313eca56b5d89ebac1b6e8058b2a37f5f21750761859e8
14:49	106160	22ba3135174243166df063a122b6dac9897db4e0ba57ffbb052c68433b46a322
14:50	132074	1dfe06466cc2bc881ca016f7faf7f5e44cba8e4e5e0abc6e515c0bb53d63ffaf
14:51	152554	9061dfec01eab8b83e4a050286f99000e4bd7430dc4bc51c2efbcaa8bd3b5e2d
14:52	212531	e91ca05ae364d50c388b29c1c97d021baee520b6e83b5e0a09a1be6b1d81bb71
15:1	158614	5c15b49c048779a23bd08784ef5adfffd624cc08d474e4237e2bb21ba18e2406
15:2	105324	511cb110ec4e4fb9d691b89a9cca2247443bb7ef0362cbf189c163a0bfdc26eb
15:3	141269	3b5a54792a3cd735ec74021cff09c13a8589397e79cb0b267cc56019d7d0a852
15:4	135208	e3dd9629caa10000812462402973c4c872203e6358580e326b6ed4089067f8ab
15:5	101563	aceaa185e60bb6604efb949b0e78cd6f24d32e3f1513b5106b4164fc1b8a52f3
15:6	129984	7a690cc8c73443b0c995cf24bf5b9586b64e1cf5f01bf576f82cc283a4e6c836
15:7	137716	33fe1745952866d37bf91580efbd138d4411bd6f39093e20ab5e321a750ab50d
15:8	151300	00a893e77ecc33a09a8b6254ff1d73d9ef1fff57376901283aa19ef4701c803d
15:9	155688	a2f35c50c77eb97ace22e5a5f0c2d13b3949fb445b65b5af5c38ef4ba9910090
15:10	70216	8e0b9b4df389d2ab2c3410958ba52f5cb39607a1919d1372ec35f1fc4530cc8c
15:11	97801	eb0f399b6f72a707faf7cba2a26361e2d45e6c0fad2ef0ebcd776222cb02835c
15:12	62065	ef66600fa5813a2840e2c549f28257293e6c7f8057a11c4478419007af29eaaa
15:13	72096	8f641cba1ed7c90204152d4a9c69502ba3452f17a3eda83ef6f691df2f825863
15:14	114310	8301bf2eea9049ecfeefd9ac50529ca3b4d28c958744fe47125f104438f43fb4
15:15	106996	f0fe56dfdee1fb716d9dee1e020f74d15c39eb5f5c9fcb8991463b661a486e1d
15:16	118281	86a84f10c252f59171ed6bd0fcfc0b2e3f16f4b6ee63ee875fabd2d3dda2a800
15:17	69380	26b51863f0be07af59aebf9e63f47a1fbdc9c02f28250f5e75eea3369b671b12
15:18	79411	55874a23ba893ea4f96020050c1f998fde7f89c5c67318826cac32c010095323
15:19	160077	4b6eea73dcb45c5ec8bddc1954efc0ed4fe3114c4d55965ea4a8cea161898750
15:20	110340	97346f51e9315fe06c7e0f1353b7f3f769d3f639a044472a149bf623f91c89f4
15:21	175541	0e32aef473b98aa1bcbf5110a8370861d72728d206a2d12a22a70dd141ff87cb
15:22	205634	4a3385439118e092c3d1fc6dbc1adbe448c8a13751bc8766b3ecfe1ca7f1f250
15:23	96338	8e91277c66dca1c0417043260d3b67817ce46e07ecdedf4f4f27565e225acce1
15:24	110549	047da18e98e8bec0fb6e635752f1e9b533dc738562c7cfea9704c81f344abbcd
15:25	113683	b47473dc33e3b92ab40942957e11e144b1d8779b24d609764330f8f8364aac8c
15:26	113683	7f4d6f8a1c82a8893a2878151d594ce607af38f8151e4d239b1798458fec5939
15:27	128730	cb339b7cdbe5348bc34de67745b15bf7e7f72e43dab5229ade4c80f949e26765
15:28	180348	dcc1da07701d939eddba637a8348060dd8c6f50a2a4d1f4440822c3c0d9b88ef
15:29	107832	656069ad4038bc88f604da44cede8f9b6af84f9859dbdd2a81032a2408c00bb8
15:30	78784	221788fcbb909499377e411cd0abd2b34f14429ad47f28c6e962883e44c1089b
15:31	113265	e5624aa826c1af3cf215ef8d56b99ecd73124f202a59c0fe1f86cced819f5036
15:32	102399	11b24528a275c5b34faaf711a97bbe3aa2914f2a645e2102378dfd12040a1121
15:33	129984	e80be3d9b27767b42722381bac4a0b4f076b4cc79fe858571b2b9cf7aef59b5a
15:34	77530	1aea56d30234cf1e0403a2f85ec586e79c625ef5508a8827140feeb4870d02f4
15:35	86934	19c0aa5c2dbc56f01ee04f17a700a70ab03894293e09f31b0652b80ff4aded84
15:36	89442	93b93bcef0d4084b3c3346b6fee2655abaec2e7a7112c2d6ab4a5290d6928bf3
15:37	70634	02cd5b5cc8721f3ea72db312fcb7b9a294e2d6247d56c96f4b332a939bc1a356
15:38	57677	b8ee5ed90934b9ef19feb0fc8ae6c5f6aa1058d0a7574f186857d9ee413e22c0
15:39	163421	4831e9683d73c3b842630fae87b624ecd3e38c8578a1590542f042f55896b32e
15:40	97383	432df38ab52e06eb9da9afd9364cbad9ab33314f40bfb74687d1bbf998543486
15:41	81919	186ae8899bce1a9393df0f38e32cf16e42e95580b0490291ff92ac60e9edf42b
15:42	134372	6bb346656c723a1dd2868bd5524da9a50838f6a84af362899fe25b1f89ca97dc
15:43	79202	4c6645c8934558fbcc503afbc10c7e9658a1a74e9355dd7987953b3462d5a66b
15:44	114310	6575ef9b20cd5acb6f12a14d402cadf0434de11da76530314464787fe3929004
15:45	104906	ea8a8c6e2fa34466cd85765632fdaeece9a9a635fe40450360f1ec78299f0d89
15:46	68753	2f109f4be801bfcaf8a3d2306e0dbc90225e0292e6e9ab529b485a6d34b3dfb8
15:47	144194	ffcc518b9813b0df0b3f33f64b4b5b3a399a8b7808c75048a1a11e00425f6c9a
15:48	115564	c4c7392f600bfa1b44f5d4974a1f1539a856b38c18f95397d3a48978dc7ed0c9
15:49	115146	8cbaa0f5052e17630d18e22ee5ac3cff0ecefe1d074e455827a64245fdf660e2
15:50	88606	140298c78c015d20e1097e2e041dbf5a5eb62118230b8faf1dbe2f3dc15ef7c5
15:51	81710	2b1f2e1dafed892a34e7bf51ea4be006da8eb276c28b2e275d37c7d459dccadd
15:52	131656	c2c5ceeda70df9c523d95a6210bbfc48d0dc33627bff09995cd3a5a8913f1396
15:53	116191	8434ad1f9ddd08dd164fd5df3020bc49bb6266d9f5440cbea84c2697e43c6eec
15:54	125595	9ec75e50fe9a0a5d9073951bead8e638c4c9c53c81a0fa667a387efa682b5eab
15:55	104070	05148c3f49037ee9c9a640e5c2f9d2d8c229dfddcceb560e79bba6a4b2710f72
15:56	137089	9e80db3d142ec3224d77f3e48e03e8c32fe9352dc1d619107eaff7c879d9c9e4
15:57	82336	7d73c0e188c6cf4461c26fb88cd7c93d9a0f0280f4b51cf7ce8ecff4a570fdfc
15:58	134999	32547920ad5239960c21a56c0ac126d3fd593bb4e3495106469e0a6a105ed8ce
15:59	109922	00dc74edb07fd7927efd43ff2554c363c8d1a138191942dc9a44a99abcbd4f71
15:60	113683	35aae490f6f7120597943e901a90e914e12741b874a1600a3505a605234a18c7
15:61	91114	e644340acd94f39769486db45d611648593482c84e39a7b3edbde03e5c7b1f43
15:62	85471	b284f1ba8f5bb265caaad14cf9a383568ff5fc7586ab3310827dcef80a904639
15:63	104070	61af90d320b84876c4db6c81ec26d30020e27d3dad1d2507f29b4103d008d2ab
15:64	85053	341722d449e185afed22635d461bd75c98f80bda89bad540fe26a30f9cb61221
15:65	191842	7aa44c0e3501a4abe04f40a95225f393ce4b8e5a3e85cba13351573294353c7e
15:66	172825	8b86dd314d9f762919c6188540c9eaed1053d5fddd0325b2e28c531cc6bf33c8
15:67	82128	bda272b8a23179548e19eb17ac6079b0369a4c6c5dcda3befd6ead1692c625c8
15:68	104697	aacf2bef854893d4809bba80103f6085cd89b32ddcb44881c96b5441c9ee0c95
15:69	63319	fcb88695cd62812dbbfdd421c52f28e4bcb658800b5c1a23eef901ab4e7bcb4a
15:70	96756	2776f93ac933d83286b37bec6953d60dc8f9f25cbd626f022860084f58202ff0
15:71	140642	86acafd7d600d3cf3996de528e2de505ac02a451cbc3fd47c84f109b6db6ee24
15:72	90069	3353ec96754b32c701f384a8dcfc5cee22920bc6e1aae0b51e7d9b2b973fff4b
15:73	73141	292f753901ebb3499d3cddeb5749f9bb055f8f6bb367594e8db0dca4ff8982e5
15:74	149210	f40a3e950c8ec1577dff9c9330846730cdefff953cd39db6362f4591e50ab3d5
15:75	94039	12f23ff8206b98427fc7f24348184cdf84b96d80e84fc8f18c716d76abbbc6a0
15:76	71470	87bc6afe1e7af30d8257cd1b7953ea3f6c4480b716e16b4207f7157ac8a6bf73
15:77	87143	c38ede55f4127fa2cc08367a215e0170c14aceb6a213f8b4c61d3436602fe9f3
15:78	86934	6e9a6144264b62326f4b814d6eac6e900320b9f39a0211ba45897a2c8ee8fa3a
15:79	105951	56882517342f941b4cf20d6a82734dcd61a336c2c45a6f8f82f25cc1eb752696
15:80	103652	07e81dde526a1c72c174eeece912656ffa77fd40350c5424c6320a28db98d3e4
15:81	100727	a979458e6973428a8861680ab5d8115cace26847fa40123f877fbe735570fc64
15:82	91114	a29e6a20f7e70559867ee459f188e49d73f585c4937d4c8d3fdfd5b3e3e7b29c
15:83	64782	d546e4bc7bb1291beda5a7873ee36ff4bb2b75d3ee38baee95f629a3f74f9cf4
15:84	101145	4a2a7997e7490ec9ad12aa2912e03a6ad76384f691e9789a4a849c505d97b056
15:85	235728	d078adf60b5242abfdd0d262a25029e96c06d23c184d9818df0c491e7b220008
15:86	77530	6d4471540c105f6314bfefa1aa9ab3814025f3e53e873a4be1d61a1089931ac8
15:87	117863	81c6a970bcfca811b802b7abeab5368a1d5166c8e8662df6c7c95b8d0ecee256
15:88	218382	aa3cbd247290f43106425a460ed90cdb60d0d867f87c9d1b89891c97fa43705b
15:89	92159	36db2d0dc8a0046639f5fd75cb3f7c67127721f00a05042c89eb33cfae8b8c15
15:90	89651	585d2d7b7470625f31d22e0e4a5433487d3c0c6a75cee249e437b5a332daeb71
15:91	90278	860aafc277b4398e0afd59d8557c82296d57ced67094ca6bd4693a11f7f54117
15:92	80456	905370bfe54ac05056c21bc836208af02ebf833b9dbccc3af9925ad239710b81
15:93	58304	dc932a9e679858afb493c92f23bd3b1bb5e58b6baa6b1def15dfec369a563dd9
15:94	87352	151aa419502971e0aebf38c1dfaea7c75ba56ed6f3d98346ef448dad039784a4
15:95	77739	858be300c2b43d016374eeeebd4e7b86d77f9ee9fb077921f7866aba9061eed2
15:96	129984	e4e658600d2a8c81f432daec20d1d238aaab839ba36e211377d2d7592927f71b
15:97	101981	25fb94d50e008d1b71700fe1b26aacc93b332c37716e3e296e354e332e984aa2
15:98	85889	e4eccf2b7d6abadc151f6c1d35dd87ca9cde70ac3f3a24f70cfc82e5a26323c1
15:99	91950	9e78ac53fe3cc878c669ea39b6f8f293b29232f657b64a9f71fff262c6120b31
16:1	171780	e600e0f15a4abc1ac9a848e087d11515265d1f17fba26db29e20e0588ce3ecf2
16:2	320364	d397da1ba29dcba53d4b981f06bd196c61e4224a425167e29aa24293bb6d1881
16:3	138552	d829e4fc5d3caeb77e5ee9af7503ba9abb1ab4ee5bcc620228c565c5bc08afc6
16:4	114101	8619b6e1308da2e61a9497e0f213683a0bf67d670d22388f2953b8a22cc3364f
16:5	139597	87418a87e469777a6477cb90e60ac7ae8c2d3938a5fa59e809acbb8a00fd1254
16:6	114310	d2a4c2ed4d06f3d5ffe6cc88ab2fe71eed21388404794b91d2aea3306080cd36
16:7	207306	1f4cc213934a88d0e243941d226b6c31f1869ecdc853d630ca6cc3d34fa7143b
16:8	155270	f6b6518cf10eafb7ecf3fd54862bd643b14f96f4414533be4aa44b17203d7300
16:9	171153	595230ff23ef09e0b33a8b069c8e9a634fd10b063b9632816fc7aeecbfba6504
16:10	208769	992e00d19f4a6bfa2800acb13b6e20feb7a652a9a54f8e0241fe3da732e6eb1e
16:11	256834	d3ed2a034abec5af9f251511c59c1b6da483d269481d13c464ec977134d16e3e
16:12	274807	d184aab9a8bad38af2c35f9cb999398aee9da296906253045e3cefb270530b7a
16:13	190379	c2559ec98d56a5c073bf67b2b0b5b946b528fbb333a5c45f6be9d602d9777477
16:14	368639	7f40cb9e81b47c3b97b026167bb6815db2411d7b8a8bb231f3c5b941edaf5a30
16:15	156733	61921f48fa39a606960d143b06fa88cfc6a1bb3627685b6af882c94fbdde247f
16:16	111176	af4a1be0cf77f5fe4754b5074762b36fae55c6c79871aa140704931d19e06fb2
16:17	114519	06e7459b1b65526718ac555c46facf0f39c37c3577a5b1e4c87032b224d1b34c
16:18	151509	c8e201ef583d9563f7121e9a4c5a61f36bd629755aa96f4f75e1f020e848f9dd
16:19	100727	d9a484b2dfacd8b2bb082c5a0bb0557ebfa8d08de6c0b0d03bf8d8fb7023324c
16:20	154643	23877192f5b3922a8e5814255380e5829631a665e6ab6ef62810b0497866138d
16:21	130193	e1129db89f3d1ce2a98a865dc842ef920fde8e918cf6e861aa4b9a6fd960d2d4
16:22	218591	cebe6bfb0f5f47a58d86f4763470be75064cc4453de9f8e1228c03b392f776a3
16:23	191633	f4caecec5251c6e2e675a658dada279becf84098125e122aae8d7fbce01be019
16:24	168018	2b6b6f86d96cf2389871fdb6b2bca8242240ba261ea06b79824e5df10aea9138
16:25	259760	bf49701707b980b879457b2c2021395cfbe0c82c8664c71094438339a8258e32
16:26	243042	b4cf1c1fb7fe81725bb6a798310fd89a232065dcce5dd4f9fdf3781915cfa40a
16:27	328932	3ee976a02af6fec55312fee7d77eb5a42f25085b2af5f580d57b33303208b418
16:28	341262	f61645e89603ca5840c1c0a55222a1de6b1d213851e62568297972b61c7dad6e
16:29	169272	48419ba523c00d9dfbb4d5c9569c642a2fca28add21a92fec31366c8562a915c
16:30	352129	9b724e9642c6a372093968ff26718d47e0be3b2f9cc7ccb79cac033e9b7e177b
16:31	253073	3769fe0ac4639b00d0e46488553460cf9f4af531412f44bbca314a11759128ef
16:32	223398	ec5c842eaa598982b99b8bfaa7d2a3cda25f0bee70529bda81fccf3ead7b8e0c
16:33	344188	a1b4c73d1cd90a3919e438dabc26a127292810121b79a1a0f738da5631c971e3
16:34	159450	bfcbeb5c073c93c37810e4b6a3a158730d331a3b90fb2c7466dc69f31d362cba
16:35	409181	e594434ad6e0d32eadfc2d036858c28ec89e23496b3ae8d78fd64760fdfe76ff
16:36	363414	7090176fc0755350d05ea57ae588eaa161b0067bc435b23d1939338413db253d
16:37	170526	b726cb3e8b19242c68a4e02c45f79e8c81a14820accfb16a1ce05d054db3ddf2
16:38	258715	7cd96c552fc7eb719b117df80a1267583d2f960224875d6960cb24473bada149
16:39	166973	d12d1c54b14c2dc0534b79a3e6ef3437bc1313573b5107f2a3cebf60001450fb
16:40	168645	81963f76cfcc2a88c952fba0e5793aaffa082bf3403f2cc11b70ae8a91b48d9a
16:41	263313	1c73183d7e389d4d9caa198693bb7474208dcf51d4684c62db8c8bc7f09f97a3
16:42	101145	8b95e47766910eaa1db5ed0c1b11f1818b8b2d73af1981f64691eab1ea7df0fd
16:43	224443	6449452917c74d67390f8770c616b64a2ba26e53fc5ec8049d7711503fa95c62
16:44	224652	c9abcfe345fe95480d44c01dea24165b36ae5f3309c062f2c6f3e1952d52bd52
16:45	183483	c19e394f768c097d6418c6515d84ca3f1afedb599cd45d2c50770c790e196f80
16:46	107205	037ff080089a4a1a58c0816b20cecf8ffbc9444fbbfc92f006b991f46bebfa8c
16:47	140224	52ee153b4bdf991e771f5abd87ebf295d98813e019a33581701bc5412ca97dbf
16:48	230085	5bacd44f7ed09d1a5731cf21e620ffe06597516d286079945e0e06b4b608246a
16:49	228413	fdc8fc20996e94bf5d460a73f9c461c9c64baac651faf5a723b0494951af2339
16:50	152345	384943de770b6abde300cc917b8ce7723f567eb28b8bab3115f72964f0fdf5ca
16:51	150882	54e8886acb6dda6e02d4ec98001de9c8b7ac4f9bbb58040555a076fa9d676153
16:52	120371	2f91cdcf8b807cf3729a4fa5fab6eec2a846ba288d905f541423a6514a01988c
16:53	153390	11afbec2fcb8f49a56dbc586108a7cff807c93f7e3a0275634c9a5df5886b20c
16:54	119326	442d9b4368008bfb85ca23c795f032a2fb4a371b608f18bc45b35871b4fec92e
16:55	124550	56acd4a36534feee18fc9e89e8b2be481492c2d5b1ce640b00ff91d9c99383a1
16:56	179303	05bd625aad5b202a03052b2360c8b5ed45989f4571bdad9dbc97665fa0ad503d
16:57	105533	9b6b10aaaa710d6fcb7dec6cdb06af98e08b2fb22d6615db77484a4d3ebec076
16:58	121207	bf1b705da593ebba6bf44261de77a49ae800cb0fc8a103582d4e50425f287e43
16:59	247639	ba7aed5c2f09e814fa5f1cb6e947d00c2c43d326f3f1a6ef47c97f41dde9d619
16:60	187871	21b876e08c51ae1811486c1f28aed52170f7f72278c546bf2a15fbec1eebd5b3
16:61	333112	bdfcc7c9e9509ee7308323390750a8cd6751b9326e7a053fd93080c51afc68c9
16:62	229040	b4b533c6c0158ab89baf91ddb71678155c9017000aa29a237dbe82fa98f353d5
16:63	219427	ab9410b6a2c9aeb130d57fae67ce4cf74a10f803ca5e6cca6b6c9902123810c5
16:64	181393	331f9672914caa3beb886e4c7f0efd304008b762b2a3a1fd4904103642a1b857
16:65	227786	a44633f81bf16ab35f7c9dc8addb2de5d198eb523212aca83adeefc0fec45f50
16:66	223816	ed6960de54f4556f69705689cc7b4ce12de99b3ece413d2e731f60944a916dc3
16:67	208142	2ec4599348e42d3d166b286573cff550cb7e159a0aa437c5a9d80f0ec85a55cb
16:68	155061	6596744fe0cee3a16cecaeadb49942c2bda4b2720fa8c2eaa1ce47af8b9e8926
16:69	331858	fb059f876a5541fbcade7c1989d2a937111829a1f8e01e4c17d755e6a34efb81
16:70	288390	fb4a8fc30115b26cd0e170f73bcad07fa22b76fc0cb47af0cf220c712c69b834
16:71	303019	3a1bf2d86aff8a0d608315eea44d5b0d5874464d23baaab6b63904fa96aee6c3
16:72	312632	e31fc0c36ea625e2a1e77b8bf1593c59f4eac06befc2797f3e1132ffe1e3711b
16:73	173452	ea9980c4f73f5bd879baf575764b538d9b7f55e33763df3bfc203a325972da62
16:74	170735	dd8dfd6843d208e788b0db78e02aab2d38d8625859e92e0ae3fe8aacc0d5e277
16:75	361533	87866fe06b40d9b3b4ec7cc2a3c445927d7e848e08a93f296b884fd775716073
16:76	346487	34902d238001bf1067384da584dbef30e228db3b51e16e98f44d7934f2bcc6a3
16:77	240743	78ec22f2f3e4a01ab38e69a40d13318a89081d27f6e75b803a232e7aded62f05
16:78	225696	3ff34f6a1709018762466e76b6f49c623e26d5552ff4a1fd2b74e44a9b25de7b
16:79	254954	071b000ae19f6c405918fa445bb2bdf1bb913abd3db22ac4e5b596d8c226b596
16:80	662464	c7c341e740771dd9c4b87839e9d573f02032c067e5c006cadc19e06f19986ae7
16:81	364250	aa85bbf06cc08cad32a11a952758b82567e8609b51fc9ab870220cb87fa284cb
16:82	93412	a71ffd4fedba335183d2eca1af276e226e32d25ad06ee1e6dad472e09f1a6ce2
16:83	140224	c9ace3936d31111c5f1028c67c8c5b908cccdb7e72ab76bf65293f734ff3d8f1
16:84	165301	808cea901ac824b413477bd63c2cc21879abe85fc30fb5ca10529161620cea27
16:85	139179	fd8b75e3c5fdca0975ab6b158d00c406fd3987803dc1453c2c1cff881cb9f153
16:86	306781	161d33b049bfea3196f3d200bb1b2193658a118ae0a7f71e00a2975f4ab851ba
16:87	142941	1827503d00978fb1422171a28e743f7a911df0500bc6d55682882ff49a6dd964
16:88	163421	581f33e2a679226b3208b3f0386c1b82be94a497c3d5a42d69d949fdc20d7945
16:89	368012	18e74ecd7d7577c94f5f8f1b5a1bdd86b6f9d5ff9c7e4c9c6322153f45d493bf
16:90	268537	6a88c8ce7ce0653d9fe054e86c92e632f547b6a3281b1c17ad61e220e59a3097
16:91	272090	e50162a6800c7f89b1b90abc4cf177cca22b529617bdaa662dc521b5017e41d0
16:92	443871	849476e36fea8f78f1245db691baf4d5429c017b74480a26f6b62e4cecb38eaf
16:93	299048	cc287f29b43cfa27c6596fb4217c7419c1432ea9b9e0d95d3b805dca258b0e5c
16:94	281703	bd533895e6fced9248190214f6c2fa5a9e2fbe09c28148d330539da99b72d51a
16:95	216292	5fe7c698b5b5c5cf787b95d20cc1b8c28157c7b28bac2931b4b073557831e28b
16:96	243251	ffae6e31fce0cca25d241fc2153d452f6914988d3229c38b23d0aa827c990e59
16:97	263104	573ee6804e66bb5f6d3881ad97102d5a57579a005c4c3a5b6dff99b0ce4bb0c4
16:98	119326	21fc065500b3b03c7124353c1800087d9f8e9f99f752f9b7c4022be8654b65cc
16:99	144821	112b825cfb452bc71d0b975c97e5ba92466e09fcd5853b2f3d9d2ca0fff84037
16:100	150255	a8c67884eaff8e1264f512595ee61f92a608149719c8bff9291ea791936f6e7b
16:101	264149	396eb788407a7544a13cee519684d3ad62467a7987252ce8933d961de247e5e6
16:102	184945	fabb83f02d1c466d27fcde5bb8257f1a162dfcaf88e5577ad33499d6767319d6
16:103	271672	d0d4d63ee20450ccedf269ca5dc1149ea1cc083ab28998abf728daaabb186964
16:104	155479	018f3735bd38868dccadeeab76663310504d41b2f9be2243836ad917003bcd89
16:105	189961	63e376ede8a77119225cdb58a13fea77d17bfa5345ed55b40c3084ea32e977df
16:106	412524	0c36ba3d4b72402c3d81a421cbf2b7462066ab985cc799a06a2e7883f64c6704
16:107	158196	22b7637403b3c1f1da93d19e0b25acad37d850a84d06b9b50d525a218fb8b755
16:108	198947	92ccf21fd0119a963adbae809ac573c39896efc89c0e80db71a9a8d496bdce2b
16:109	92576	0936efae8d56cf025294f520a7e269b76e80e62d05e7a2258e7f78c080b705b1
16:110	247430	675d5de43f80ca97ac01d0bc30df1c0dabd9574bf8ef497e92b9171254969e52
16:111	192469	f04ae5807a17d896f47654c06af740f838af7330eb59a2a9c3ef2f307f02131f
16:112	406464	e02e2c5de18ed528b9b886f31a8dec95dfd65462923f1b048848d43c6df1c7bf
16:113	146911	651e37e0c30ab6a8adec75182061f6917f9e7f83c3c23b98957bdac5310a864c
16:114	196439	872ebec7015cfdef16a0ebab4c71f24c5308d49e6ddb9a51b8d5e18bd702c7fc
16:115	290480	4d67ed5e3f056a1b00cb3496e2ea69024bcad3a0ed4c39173dbc3fe46855c4d9
16:116	282957	fe7e515c9f689034d71e7eac96293db30df5757bc87ad3dc1fca137bf1834376
16:117	83590	fce400dd40dce251809d69c58664bc69b68196275db72b317b1285dbc6ff1bdf
16:118	232175	dc575a0fa8f3bcbc706dc3a2aca81b43cd81c291c29f3ff1e23756338dfcb96b
16:119	358816	d49b32c500fb5b80c90b475c3aad83af565002c0fd914c1f28fb34fcadf6fbbb
16:120	176795	c38c394192254ea31566640f33e3ada87ab5cecbb3a7a7c92be568513c645a23
16:121	137298	ff8a34bfc28a43ec772c1fc33602d4f9e006ebfb5737d72d9870777c7719b701
16:122	150046	e6cb4869c80a0f5024d2c73e06bd06c2e45708c5d215a876653c3061dce2ced4
16:123	188707	b45531df464f22ce47bc8b93245204325af8aab0295d7a98a2c8bdb590539180
16:124	252028	99e643c83bff609bf46facff5436cfd7001ba6cd037fb89ea963a8ffead5b413
16:125	298839	61081e4b0ef913351de46c8769a64338f6111ef358cee22742524b41eeed1dc6
16:126	187871	d5e0f4b6f7032f4011ec763980ca257efb5d4410868f6d289f21823dc98f3e71
16:127	191842	280a702db488b111c00e9c3854c836a28dc6d88043a58b79f8a05373f601f4e6
16:128	116609	60ab8457b185f021d0d665ecb09e4d32541cbc608efd9e1eb1d45f786f7492d2
17:1	316603	ec7cbe7f2775a9075597d4d7285ecde3307dad93fb651c3ce65eb1d197eb7d40
17:2	204381	29db1d10a4893eb54539dbb238de725b0579880b115ebf4066d9fa9a7964a3e9
17:3	144403	8fd638c9964bd82768712700d926e0192efda4acaf7a026e544de47a1e72f8ca
17:4	229667	a86f4e941f2294c646a5677f352dcc716b47bd9a55de905ce9a65b665da79fe9
17:5	281912	0fc3633a1383b2a58014a318374ad0465cc425a7b78bb9063404685ff3e6915b
17:6	196648	e00c2c2013f4a2dc554503b136135de8555ba9a17753966a89f436f91e8c07af
17:7	520776	1277355df6f9ca95ab8d9694d4c697bbd759f11728239c7ce2021f72aa3f89d0
17:8	219427	544870f91f59dd3963d87d8e6c41583e6c068fc6bd4bb4ffabafb0806f4e24cd
17:9	179721	1183eafcb6ebc001ed1abaa41ecf95a6e5155c3b5d9f321095bb29c0473531dc
17:10	129984	321a49fbe42073ac144554679bfd757d40574848eeb5130e0119a1f8bbff176e
17:11	146702	af09fe3dd998db0d90c5db47525f59d2679ff15868bf39e5630da8cb92c158f2
17:12	392671	77faf2e33b8f171cbd3d7a501b6b4153632973614f528b863d40a2b47c97c60d
17:13	206470	89d444d75afd5324d406b4ce97f7ec04fb63c91e07029156066a8b7252b9741b
17:14	100309	d491656a83305b812442e82c2147937ad19fcd2c36fe7ec7800fab215b6f9f55
17:15	286510	41a18c10a5219c7b0144926349346f1ecd6092280d6830046016e81f8d52fde3
17:16	224861	44df6ae2bbff4668382f439789e62d9ce8b04f291c604ebffd9bc7a0809f4067
17:17	189125	7fa2f908a4ccbfc8fad99ca0148b29a8fed356ac66a0e7a3f63eadd3c5a93f31
17:18	239489	78ca575b8136c18bf699849cb7282a1924ae89cc4b53da3645fef88dd581c271
17:19	176586	6cdf9799e0cc1846fa9228585c351ca34a90a7a594a785060879a329370657a2
17:20	235728	84c39d4ce81f6dd8ee10357d1d8e34979e0ac41e0fd5a4f3d45ccad48dec0478
17:21	180348	0675d184df731d76986d486377f2751a8958c928c2de751265fb95af4b5e38c1
17:22	129148	f9f6d50da6c17d234f874f4ac26163b0e0a1ec1419e023f7fbed008572274edd
17:23	489638	7824a4e3eb7acdbc1b33601c0e29dd291a0379af1f20ef66cd233e90b8bf2e18
17:24	158196	fb971a4614dfab7e87e6b544e7f42574603a46acca9c4f2289531e1e03e1b47b
17:25	194559	b01be1cf2fc7463bd5b97b712c907afbd28c511ff9a4b16d70599f9801fcb797
17:26	138343	36af2e32b72c1b3ab4b72d6f0e547f307ef59a95f344d669b2afa6b9e4469934
17:27	180348	263015890d95b6f45948ca64203541657ef6154aa4b8d8c22493e9cd83fdf6ab
17:28	182438	0a9fbaaf7723ae224d53a4519e1756fe81567041a27abc8fb9bd9c2c1d6bc78b
17:29	182229	47a16ebfe57af04ee5885ca3b8dd74b08201ed67eb6fdc41cb7c7ff4b231fd7a
17:30	202918	b57c15340e4fcafd079863500be28551e8ede4bf5978bab16845fb75cc814a3d
17:31	211904	987df014cfd47eca9edacde93490b5ced63a3026dc5ff5af7f9ce2a09bb5b1da
17:32	147120	0d1145f595652ebd4d0835daea9012f50dcded7da0bcddba7f410dfface70570
17:33	314513	0a40496ef8db8cc7f9ecd8706deb1b404ae8fb50df0c0c33eb836b61c11c00e2
17:34	241997	03dd0b99bb4b18df17a4e0c5a10c355c73636ee515d05fa2491d9349fb7ba544
17:35	185572	b46aa2a664c647870479f9b9babbebc4def84685ae11e1902f49d5c2ff0ae630
17:36	204590	c5f2ada6417c72fedb39770758a1a619c1e5f6dc36b2448ff21ad07589c908d9
17:37	155479	86c2aca8d98a98bc8f1482482d08b83425ba954e5c16436e3432956687d5ffaa
17:38	101772	7f52edd08f40a0f0076f22f79f0e86653250411a166d039a0a7dfe250049e392
17:39	261014	1d4c4b8cf3b67063774f77383528362c46637a4bf7fb7d10d9623e832df8d859
17:40	228204	7e8d8e5d246e19230e30bb208cbe7e6c499bd20c37820a720ac5d024e6939ae9
17:41	143150	f6332434bc813b30d79981ac65752620288e0469e1998c5a4b9d308fd9eb7339
17:42	163839	5eecf7f6cf9c2e09ca50e86691075cd1a6e1f4624311cac72b53c32f7a7609d9
17:43	127058	716cc6efb1a305d3a1c5a3e9b02ea4b2a83f17a559c6ee30855403e30794a0ff
17:44	343979	0336228a7dd6e3a11303a6e4bb84f528d129d44d27f9e24b1cfd1e438920f97b
17:45	182647	9e21852988ef5ce6045531fb38e53d222069d1a3b8c257b822a080045fdd92df
17:46	312632	4a0d09a10278125a83e1de2420df453a22a6f3e0b6e0e7b448723d0ea5fa4cfa
17:47	313259	e8fa64f0bf4e897eb167741c1e629d791a6b0856ecb6bb99cb206ff606bd53f8
17:48	137298	f5ddf98d0fe4e6310c3a8e161012f21fd4327e6e6849ee85f3f430e02a5fb6f7
17:49	177004	960dccaa331c507808272acd502e3aad1654f6df8adc7ef685d8d1adb0a07b66
17:50	91323	6752dd8d4b7307f72030e1b93549f749eaa788923904fd266e22cbd40ebb1ccd
17:51	398105	3fd350668dd7885a5928287a946491b78fda4ca7e0268b0f81a59824fc5c1694
17:52	157569	ecc4297349e2c1441eefbe7c267d5cd85a6acbb1c85fac85867caab927a5a40c
17:53	273762	b05cd106a62995b9e2a88a41e612cb75ab88fc1b55edeab0e477b039de024d62
17:54	211904	5fcaac75cdc5f75126e22664e213ba9e3b33c84ae7606eb614e980cdc8c5a0d9
17:55	251610	b9ad58a639c9af4fe84e54a9f59daf5b0cb8ae8b593fcc66b5c428ab93784176
17:56	179721	3d1de2f31f5cf41e9d77c51b98d0e2625a32eeeff4b607698fa02ce492bfe64a
17:57	310333	68947c892a514caf849ce535368f224c529d1084bf55be21da55d452ae3b7043
17:58	257670	d97c464249eaaaeb578e379de88d34920128cacc7c9f8ea8b44cd19945d6b8a5
17:59	357145	af02191e76f217e349c175c08bbbf7681648f992e2955eb79c468caf81fd137b
17:60	429870	81e2cd570bf16fb168b80cd7538503af0ffb2f1c656dbc8e2221863cdb6067ba
17:61	224443	fb084b3eef4f6dbe5191036e7c930c37b45c11f1439d64e355375630afc7e52b
17:62	227786	67c0d1f81274e3dbfa5f23311e9e938e754bc890d5ee4cde5ba4f8072814a2ef
17:63	183692	6d015fb04cdacecff2aed682db3ec68b4e009568b54d86815776b86f01344033
17:64	299048	8e33c59584011c9b8d7aac95f448ef3a252455f2aac6ee209181650e191f3020
17:65	152554	9a0044cb907148ea684f853cc7c718bb5dfb1f9c321a8c8ece94bc8aeb95ec09
17:66	197484	e050109ac30d6f29d8907db114034f570b3a4aaf20113179ba1d723ca6484a3c
17:67	278359	1219bab294c06e0e71030f7c8b57a4ce472cc26be0af9446a6f2b664a084e0bf
17:68	214621	ee5472a1636f272fffe9010fbcac62d10bbfad4b267a2d2a950f4a6f9d2ceed2
17:69	362996	2f1b00ae9a73dfb77b014c7cf367b7105d5f6e37234054247873349be46cb236
17:70	398105	47badd5f63184e679c0f81b255e2c4a456e3c2f91210e72a2eaebbb6abf2a483
17:71	262268	12452bf487f1098cc91c6e88bc262ccd6fe4381172bc252d1d7cabb88229faa5
17:72	158614	1c2a93d30fbda520a0c9bf5672ee9eb3f917b873e352f7fd8fedf190ae33088d
17:73	232593	dbafb989a902d87eff30f4255c03cbdbecbda38c804f99dff760f8001c9095b2
17:74	144403	bccbdbc92728f02eac2502e3ba17375fde79a89dbaf9d40b2d99e51ee2c31358
17:75	164883	f7661b6193387214658a09fd42b5e8a5e50483f432602518ca604e8f9f41928f
17:76	191006	196556e391ac35462120a581cf1ca21b5de8bced34f24070fad4c5849940cec0
17:77	167182	2658403e99d06d6d1baa3343539aa33ca4b2cdca86f575e408b1777b71112cc0
17:78	208978	c16f670edbf2e118095500c4bc241995a88b6c0c732363071d44beeab76b5be5
17:79	176168	a448c343b7658f4139316504ff91063e4b4eeffe3465aaf44539c999714e8463
17:80	213158	53ed9d226f5de9ec901bce0af7cd45112461bac370a89ca99956318e6d8e0d25
17:81	147538	e657730deb8fd2acc028390f285a98943999ba4c17407f5c6d58e536804fef04
17:82	201246	fb1c24a630b1f93b80df8316f81cf8860f15b700e8bbd20bdd75bf6ee3a34a33
17:83	198947	29d31c14297ec88307a6ffc98eee20e99d6394c4ae0b99cf66464f792ac90c94
17:84	139806	403284de944f1c6d67c9db3b6f32702ed4ae2eb90e6fce18887205db8461db52
17:85	195185	b405b2d890ab93b093b9fe1b80a1a8d293bb871bcf2c9b237048dc7246e5f35f
17:86	180557	c6cdacffdeb58307280d20a5b45983f5bf883a0e4f58edd6bd7fd83980d1a1b0
17:87	142105	bb028d02400f5717917e49d8259db26d7c98bf938fbd9c53bd7a3ed887f55cb5
17:88	260387	39ecf4fc9c9bd9130c9912a81ea5f38a7c08225c8d8efad943f1053af49ff050
17:89	204172	cfc2ea549d0f6ff6565e58e2c1b4d63f3139080a63862e8f4512d49678c5206c
17:90	126849	3749650e055427f0d6ddb3802c4e14c4cb488f4ce55a5eff1b4e12d3d3cadf27
17:91	189125	42b76d5d9f99fe6cd88a23aa9f36e0baaedbc5676ae9c1cca8f4d38615e13bdd
17:92	188289	c8641f19841eeff2e482a1af0f518204694a5bed075f03dd58a078deb54805e0
17:93	351920	8627dedc4516f53f8fff4941348b7b59d82972a7980ce7e96fe84d0bbc342bfe
17:94	220263	d3b631e3879ab14ea36250329fa9686a81fed8927fd8aabd54aab5f672b553b0
17:95	216083	11b948b1e2a54261a778a27aa728ae105e06583c3e2ff44cf8a4c30e9a52103f
17:96	183692	e312f6c3d7fb9eaeac4d53083349d018a8ca0b488b7a354f85cffbbde0c91943
17:97	416286	ad64bfa9b5df55a0028de816af69a783a616241ee6719d6ac936633ca5493207
17:98	286301	41f2d715c42037327d7dfa7d993ef75eb677737cd63cc301abdc579d873bfdc4
17:99	377416	13a60c823570019d55846ed83a8e858e05ee5585d92275f4a30b1def528df3be
17:100	250565	9d848425816a1a451f4f8a655f40aa0bf31778a644c462e2ba641a72d696810f
17:101	223816	c53855512378c97fd1de7dca97ffa8220b95997b2a581509b1bdb8f480a1dc39
17:102	191006	232923f62a558a3afd06ff9889adea8431f11c4bb5dadcc58c71e19692008677
17:103	105533	c94abd4d347bc9f42d1ee208815140406933fe0a247135009122dcbfc404b394
17:104	152554	6a231ab1643ace4c68fdb3c68bf0eded6edf3c280661316ac6ac626dd596de85
17:105	135208	de7f3cc9faccc3a6213925a0d4368f6c3aceb81d60830cc891008ccfb5b2d0d5
17:106	131238	9328e5f5c361c6f839480603b30e8dd8a9f59febac01343d4ce148d20e0d4d06
17:107	187244	9e2693a3d143fed6b1bf50b88d4c7518a561360839fb973c6722981d5af08b44
17:108	112430	fae38ab8b8e7582457f9890a1a23a70a8cbe5fad9a685db6afaee3606142bfe2
17:109	81292	3a18c8fdbc62d3a12f5a4b170120d80afbc9124624e333339eb632ec118941ae
17:110	215248	28c1257b70bf7983557e0085d70495ec03904dbcd998a2f26f341359cb2e9c65
17:111	180348	b2f1b551b679e0aa84dbb01157a968874599f57ec6c6e8b499bef8fa3811ae52
18:1	129984	bf9d5f98f5d6033c22f881ea4aed0450ba9d216a26d450626be8eddb23e6412a
18:2	177840	d6eef2717f512a90aebde2702435f2eca1ed5902b49b9babaec473e846a1efbd
18:3	49945	565f3e0f97b85143d172e7148fa1386f32899af315016a57b566ea90547babc5
18:4	68126	70fecdec0b38496fcf220019ac2183d77dbaca561ba17611a401146d23c455c8
18:5	205634	81c11886e979d0f3634330cfaa1c19dee509596a00fa244b400b475233a876a3
18:6	138970	097043e538c5ee043df2ae55b7cbf709418b1f09f6e0158cc3fdecf73067ce3a
18:7	115982	1d983385a861f339faa2f640a0fdcb6c22600619d04cf3098881a01956123c0e
18:8	88606	7afd490fde327f767ec54e014cea0e1f0cdbab16b5d6befa5f25cf569a6ddbaf
18:9	115982	10f55cebf5b8d5d8a90e8f5710954285474525180b5839b8d30b52349c2fcd4b
18:10	202291	b429b201941ac26cb68292e40468ab59a77d455bcd3ec804f3ac15dc14e3d983
18:11	91950	2ad9896caedd05979238a790315d107b849417df4893b47ea19dd535e2328a84
18:12	115146	5d048344d836ce166cf9847c46f7bebb0beb8fafc29a1152d8effee2b0271e49
18:13	160704	4e83cc40976c6423a69dba6ed9ab819ffda759d6b5a087067cea1f0014ec2374
18:14	381804	4f2e5905c0fa6918adb14220ff77d37824bc64095805eacbd9cc1f024bdcb251
18:15	292988	111deacc52db6d87232029563c3c16f4e3216d20357fe48fc57373c90efb6d95
18:16	343352	b3235b6c9dfa7e4b8188889ba03a2d7085f0d75afc55f29b0606e1a189c581ef
18:17	427780	1c62d29a48d30dc8559e104b92a914c722f1deb46d3ee64adf755b2faafd0acb
18:18	354637	2d58c20b26e234506c03b7522980efee768239ecec651ac365c7821050e9f23f
18:19	679182	b5466652a7c634ffd1256d6d70ec34b249648f0d7d88224d9291438c8344d741
18:20	197693	647d9aa36bdcb8f596481aa695afdf52023ebe49dbc124a2b6072d9591c6932b
18:21	467904	4a06639b85775a367e1d6267b4401c3bdba39cddc612f29cf80285b53c65c7d3
18:22	568632	b2b0f4b4d8fa7378924a2944e6a710f4bc4372f817f87194c9989bca5e93f338
18:23	106578	3ee3391c75fe1e15866971507023abb173cd6ff5e994a183a11283bb0ae90308
18:24	264149	188eb9b836a924f5d8a0219e06432d3a355753ee7b36fd16310a6c87206f5bf1
18:25	115564	1f7845e21a86426716be7084a363fa773f7a850b8a3a6d99ed1ab1a9bc683fa5
18:26	304900	80f937738eefd05fbb3b90ba045cd2aa9e7f7b0c08181f71c0f99c64cf761b13
18:27	212113	77fbbeec495672e734bd29072f1d9b44f85e3f7dcf388bff59212e0e2a17d866
18:28	409599	9e868af51186544bf68d4de8405db8ebd07169e1f4b3836c3fece0a5169ae42a
18:29	516178	fbca7a4cf42d8a03fe6bcd498f8e0dea2e6396a64fbc9c040d6cdb06cba78b2e
18:30	178049	50ddd0d39ad69d05c5001b2351d90acc3e2f8abb3df7d9a79c9861e27cb66be9
18:31	576573	c35693ef75d63362a04851ba121bb76b23c2393fe82575feca5cc42da8e06a9e
18:32	226114	ecd5dd8687d9a1709ffc07dce81560d918baaba8f04ca216392776eb32a042d5
18:33	188707	8f595b85a1d02ad1ef25ae78a3c97b2c1448b81f5ac1367b1258f14307cc471e
18:34	189752	d59c23239559b6b843cbdbee4bbe3d5f62b404788742ac7801cd0d6dbb405c14
18:35	181393	d67f4f5f6564db84127534e2bad577c5f2c186cfb187890c289c71d59c32cec3
18:36	215039	c8b056dc930ba0f3f2429e566cc6c7e79eb9123a5120a6e1fda6e16969908e72
18:37	234265	6074973ced3007c34da86e2883031008334544281199d416f6d993cec18be993
18:38	123923	61991fabe70c961a1687429006e7070ace3830078c1e02216d644db96340dc38
18:39	267074	82eb8ff77b982f0e6e21685c72dc396b47870f06c13308e55c90e1e237583de0
18:40	312841	8c909763358e6562ef0f61a044e91b2642216ea1e498df2a9643fcfa2ace6f09
18:41	130193	343d93a3366cd92b555fe4eb080b89cbe2d87657daa0c699c28f2352701f3e86
18:42	344397	d5df4191181b9a9d80cba7633eef9e4749a5984905abdf5361617c4f0b764d52
18:43	157569	b83c8035d2370aec4f4ad93b296828624b21813d54a953a5f53f7c846eaf7465
18:44	167600	b9a132a0d054eecbec334802285a3549fe3c37c7e222304c946222a77650e0c1
18:45	436348	587d94db4dcd67fc3bf9a21b29b499f5e5f1533608a3fde0bef6447155a0eb1e
18:46	227995	95c89a28983f1302e73a3bde5895acdd828af76ac47b521908d9c118afde247e
18:47	167391	f1473e510b8f10252fbe45bedf4d9d317a615b9f00993803cf8779bb4a36f7d1
18:48	254536	d99e2980abc57ef0d4291395d76c2c25e749703779fffa0987c5698895de6077
18:49	484831	52546f7a773513e7e271333462d72d04797cde535f13ad2fcc23deb31344bdef
18:50	451603	4eaa64be8369c6ca157c57552bad28b9909e7b845409260b96082178b42ec388
18:51	206888	580ae2443dc8f73e9671e629f9523936360e34d17716a29d4de37de339fec06d
18:52	206052	00ab15b23449ad53ac91da6c2df46ee807f208a51bb2b635b01fb0d4a1ee1149
18:53	185363	d953df68790fee606357daccdf39b7ce475c653f8dafc8bb96144720790086fc
18:54	210859	ef629e1a53e3a60d03a9f80be955588e9e53f3acfef6eff62b90620d1814341b
18:55	410852	3788c778b4efe31082ba31846880fe119a0402ea057e748b564c0556961b71ff
18:56	335620	ba0c5f7e208ce25163c6013d8c5bc5dd41287bda0b23d9c966bb55719bb042fe
18:57	459127	9d3061c534537508a24958aed9072799c0d47cf932f7937cd925b32bbf353855
18:58	262895	97a92f37ebe8af0037a9e2605b10c5007e3e5c0149a7258eebec5bb571b911c9
18:59	159868	81d02ffa1487e9dc1e7eed28561ed43ccf97838722708d9ce37f022d8d57daad
18:60	195394	5246448b19cf1a7ffdaa55c22b75fe5ea8f97e70b4a7d518b0a0dab83a521f49
18:61	175750	3ceb86a835d5b0699754b41b4520f302d7dc281599124fd09e3ad1c4e5b7c12b
18:62	184945	01842b292f28042fa232b1d806696866ecfc7ab14519e420ef9249127ec04344
18:63	300093	2b7723e1eb476fbb0a24d7a1d79b6d88322cf326c2453077f93ab9216c64ca83
18:64	151718	2bb55d420c15c5933a3187c770584c5aaa038a8703b0eba935d2e6a02180b873
18:65	205425	220aaffe44ab38ef668df4b419825f6e0a93d57274c89af24dfefb67f3029721
18:66	157987	b9695cab65a2f2a84f8809006aa7448676d8afa52a5b9a3dee33012bf9a91d62
18:67	86725	7e624b9ed6904e1dcecbe92f3f6803b8ff14abaa6ffd0c22be2bed57b174e689
18:68	92159	165daa54f6de7ecc08cbae150af78e788397d34f6749da2cd42359133016c9e6
18:69	170944	d4490fd28b3523988ac0fa4eff308bfd16751e44074268eebaec1aa607cc5c5a
18:70	175959	b7becced9d931785a2872c68ad73ef9586b25d486e2197c46bfdb4b3ed08e773
18:71	229249	0ee5efda74aa080070352c6d1d3d3f6d3beb097b153085625df4b987fd086185
18:72	101981	a6fdd0904bbc0a8b7603cfc691ae083d607c3197ce55eee13111371c1464b914
18:73	133328	858b2e00f2916f81ef6f70f6cfeeeca939e99c462eaa59d20b08987e1eb19da8
18:74	325171	ab47423d9105e129920cac6d9912b9abe31991e875957370c86c0950039683f2
18:75	109922	5bcb3a4beb780b1029c0182b60bb834ff798c6d6f694f88bd64d78ef2129c9d5
18:76	178049	d1c3d69fed0e5c6c0b945353232033a5490f6f02c0ceaad374ed3fc1b335b9d7
18:77	299466	39bcae58c05aa099d1e4ed463d8f216a914216e6f4274ffd6a67ed68a40853e5
18:78	104279	3242a76ec6d4cd68b08e9f990f2cb136d7a52677c736178493e74eb8151b35cb
18:79	173452	6dbd4ac817143cedf492914c2121499fee4f39759fff47feac223b3864e5809f
18:80	131238	b6122d412ce94d8c8cf530485f87e7a066c34cf265bb91498deebeb62d916005
18:81	104697	08ce29e1e3927491760273ceedf5a183f222b8e0167401bf84c271f5053ae698
18:82	358816	e35d2dd76d869b8c7dbe2624d95455b92c9c5742572e6824b6e0829e09eba79e
18:83	98428	fc78dad46254a55180c3ba865abc1fb83d9bcdc34beef66ec1c30387af437597
18:84	90696	b1ccb717c29b0debd4b822c69bfc9148f59686f6bb5d2d22e91c279b35fa40f8
18:85	36361	5a7a5fc548d0c2a439b6d3d8c36a4d1f5779b71fd332e95af995ac254e97dfc3
18:86	265821	1f26ea0542616d8de3a1b2b573854c60b682f267176d29e8494f148f6be4b595
18:87	137089	39157bcccf1800d6684f748371b61c5c116ae978c14139b0a5a0fcf2a5658d3c
18:88	133328	67cbef46eb27cb6a25316ecd2380ca1ab39d7817d26db8e431121efcc3b947bd
18:89	37197	9a2b529ef03f05b7b21d495ce8dd7aefbc1a04d06ecfcc8bf04b7b9dc5c46631
18:90	146493	f1bfd2fd8b90f39b2f521052e0c1dce9c4523b43ad3b6674843cf99c365e906d
18:91	52452	6c6fded3aa17de417ff8a8ed6464d5d0a452624fa60b963a14e89efbc1285ee3
18:92	40959	bef309d5aad7e07b9e111bff9008f1b35096b822cf7b889a2a2cd06c5df81bdb
18:93	137925	edc0988ede43eb0e6957bb80f4882ab9612d5c4d598cd4c0e107260a2830b5e5
18:94	157569	f32a61d5e2e2589bb81ed6c0220161a3f131aaea52c7bb2f4155fc1df995b737
18:95	134790	9ba49be947f139f9aa01c0a64b6aaccdae0a4abb810e1820a2e30b262e6bc971
18:96	227368	36df92d64f94d15e539744a2131a547c7497748eeadab435e591a3f110d10516
18:97	78784	ab3c70694d262ee6f5ebdb4cd5dab1a78d20265c1e688ab523e230c81297647b
18:98	159241	83c47dc9b7cd47e16ef27f5486b9f6053d2882c4a434bbbdffa6217b1e01cc98
18:99	107414	a0a912f908e0831c273130c25f4541ce9952dbe47989103c683c49263dc46e4f
18:100	79620	033468fa198852f083ee9220da14251bec9021ea81e7106d9b83e372392fb212
18:101	125177	dd5167ed7ce4c63b1f069226f664bd5358f4bb856cb47ca95ce5da4d196b1f2e
18:102	209187	001e23de059cf2f55b0fa6c4bb7625b35051c896312e7d59d1642658e52de4ec
18:103	60394	615672e8a764e82682587473a7290e14de9fe12fa3d9cf4405986a2b7a6bc640
18:104	103443	dfc539d79adb3e9a7fe36fc79cb33f9c3a484eb9c33a17b5284b0dc1e1d1d7c4
18:105	159659	0e37bf151e8b52d0f305d0daec897e3dbb3b18f91b7ba697034c0b0202677013
18:106	113892	f55599690159dc7c7d0de14b32de395ba7e2729aba4797e670fc67f1ef246ef0
18:107	98846	d4f69b2cc3310460169587ec0766d6197bd654a2f3fb5a1547342142e1d78be2
18:108	69798	3ea95d92fb956696b313916871e386f9ba3f744ac2f41e1f16eb057a66f4dbf0
18:109	141687	4f58cb9f778dab3ddf93c64770111752860964e962bd80af214c0ca6149d163d
18:110	305109	8ecb9f0f4641087008b012fdd532e8255894de2fcf4820de444b182b8f627300
19:1	108041	5d13d2a21d2213835b2f9913b64cc6a3f3d9b0467f2dad9d0173fd478876599d
19:2	55796	52b692606f39ac42f0e08819372659c94963e2c88174ace5636c2afbf231286a
19:3	61021	76210d721e0ce7a3ff19b1e1153a90ded1bfc15d9234ae65a4172089150a4aee
19:4	139806	5cc4397aee94a706d56def86639d559a50acc672dbff6f80ef2ecf075e76d6d4
19:5	145239	9fb3d6f98b17fdacff83a6d14a9aa6bd55e3c32dbefb7d6474fe1b294a0419e3
19:6	92785	1cc809a102b053a1df7fdc8a5778637e817d9a7febd5ac50a063ea274ac7d3c9
19:7	141478	5156ce3df6fd7c0af743bc48d8c2570a517664c74fc83ad6ae3f7a16a0235a0d
19:8	128312	c943feed05ea21971ec0b4064e40bc5ad7c99fb35e5cd9a99425b03ec5cdb916
19:9	110131	013c2c571d0bd4bad8766ac292b3162b8cf4db66f6963017e14bd81debba74a6
19:10	145239	818f4ff351896bbfb97504b28b0fda1b0052843816a29999830b6a48c9a900dd
19:11	127058	632d7c3ee90247e0ab05ccf8cd30752111e8b5b7bfbdb9d931036e2d37f1648c
19:12	90905	8a25d192e4fd3b43c64a57fcfdc22afcf2528abbe780c4a74b21cd524cce5d0a
19:13	75022	398e5b0fed35733e7d79de3df7c068b72474502fbeb7e7891702574bb7dc7e56
19:14	73559	a7dda6e28a0bf56345e1fd02756912e4aa71f3d15e89f9cda3e9472dc3d81c46
19:15	88397	88962ed9d20b0afb13d236b91c47090b372ac7ca74aedf8c80a0798131ba944b
19:16	97801	8d6411e1c9db72f50bbb28d923161f3502c08b7b1ba483bf4998eb7991d02d72
19:17	144612	bad32125da540f1b037a7b4cd674a1e30dff9bfa695a97fa38deb7bbdd151f71
19:18	104906	a516dc287050220c45fd93a94509db1d418ce85dcf1688e58bbb35125ac7eb53
19:19	98637	b075f6ad63f70a8efe89a87409ba6867ddff077f347514c2cfd3ba4dd3f57c1f
19:20	120371	6cf44b3b303a5a529df7c82ccef9f95f66d91efbc6d76d839162f1158b225a2d
19:21	200619	ff76d63dec18e2e7cdd4e34f352a0d678ab99219bd76e4112d8e6399e4ea7d64
19:22	69798	47b9582de83b828c95e39c4d2323ff916d302edfa881becfef60b056098fb711
19:23	148374	23d8e98387c4d40bec637601ec610c50a4b9167403186c95834559ec0c49f93f
19:24	110758	e831df3153ba3592cccffd765e13e93af80b3bc8ed4ec9a9c8fbe143565b0f34
19:25	97592	164f63efead8321f808ce4d0702e1f1f6f5a87f6db9ba2a66bc341de687f6aa5
19:26	227786	14050a45050a869b8a3e6ea5f332438d34e16dc7df66399036cbee72925dd5e3
19:27	103025	fccb75ccf3a2ea359c55867621b1f56fa53bc1b2be6c8d7c2f26f87f50c86016
19:28	110131	e0d589933473af602e06e8a796e2d498ddda339154acd58ba22d02738bbb4b3f
19:29	114728	8c162a837bce083d9a6d230189148319e3bf71231fa0f8080e19315a7349b4aa
19:30	102399	7e860afcd1d8f9aca9fed386899fd1091a14bf5a4251fc70d85067e34af58915
19:31	111176	8dc68d3a0e5bd9dcd19d00dabeed092ebf8e3554ec4cb7901f2b37c53a6dfda7
19:32	81083	5918077e677501af0b18f500ce7e5f3bfe3c2fed39f5670f9b8a96dc920138f8
19:33	96129	d0d54779f41eca13de2037073d4dd468c9ec08f36c227e55ad5c10950622b163
19:34	81292	79b26e182809aba251a5580f4ee25dd13c83cb2e92fb54d0321247dfde2b66f6
19:35	180975	391c12ee41a8b9b784f946a9d08d41f7396fcfc340e2b6d2a90f718c3872d560
19:36	133536	71b5198f984db93623f25ac344acad3b64e03ab94e12f95f5901ed864186eaeb
19:37	121834	3f6f35a02a089b58038d756d1f00ddcc5eb6a363bd231f7ed6a213fde92cdaa2
19:38	131656	74e7d0b2e01f708705c7bcd681ebf501933405cf68e20c31643365004fbd3315
19:39	109713	4c37b9cdddd0f3b6dcee231265eea690908ac1dab7ffc593e6caa8fb88f62bfe
19:40	103443	9d3d73df2146b8352162fdbf216ccead55e8fc411410501f6701025556828f97
19:41	117236	5f9ac31ddff41379a3b17efc11121e55b2b149a1ade287e00844ecb9a3f59c3a
19:42	122670	6d155987a7979694d0ca0340c6510ce48677cd5e2ff759a9889e58221daf336a
19:43	163630	755693d61d50e8e78d791b2f429360e1f8af6d4f69c5a32d8688dde50f77df7b
19:44	131029	4304ea48d04c1ba53b3c979cf027639d576009555b15ff39a6092a19ea23f8ea
19:45	148165	2701eda10105ca85b582f25721a9d2c8304a715bf071659c487cc0e96e967989
19:46	167391	ec8724a5159aa9a8be3e44f6d68f38d45f1bfef0dad689f495a934e54be014dd
19:47	104697	64515024fb7cf426bc051f00f4671b5d0c7e88aadcc299e861368fe5bc9ec492
19:48	169481	426cc81539adad8fa7b570c9f2e83530b43053a1a21f310dfaa04a6ccf156a9c
19:49	179930	0a9b40b67b0fed99f503ba19f990c3497f31485182dd6b0d10473e9c706f381b
19:50	124968	c1370b2c86e0130a57b7c9387c60ee8319a63f3a7dc33584591f13f60b1e6130
19:51	120998	821144c3b710e96b128f933d9668f9b8c7b484eb690e44108fe816b46f3440da
19:52	94666	aec748e4ba8084f3a9314e793390335f0f63d36c9c23865e45a30a5c36f1c404
19:53	88188	b7095f5b49311b515fed72b2875e9a5bac3df66f2aacb82c54dd0e26a6608ab7
19:54	139388	c390039776b1aba3197cea3fb702d26b583af7a6494e08893c63d59be7aea275
19:55	117654	049e15efbe507cba5eb22d928cb8da76fadfb3ed8f61326f05688113023c597c
19:56	109922	d0e35aa078fcedd3e65811fbe65dc976dfde5b49f9bab9cc0892158601aca15e
19:57	58722	4af5351b2fea8471361e05edecf30dd0b33e4b0a196d461e7d920d8646fb3e20
19:58	371982	65753dc35afa194471037f5e76a6b8c4ff6908e6452f2e7e8fd821aa4a8b3ad7
19:59	150255	761468749753735a658070cd0a0536f2c3dd2d7045d7e44cb6ec93cb5a1dbf43
19:60	162167	e04f5d4d6197f4317c528c0c293d909e322007790693322585f91857ea0af35e
19:61	169481	9aedf111c5c4fb4d3bc62a4d70713e0980e5bfbb5f139ccfd1a3511a82e00c57
19:62	151091	79d99abfc1e78c81572a92e7d5de812c52173f5aff3e73f68dbea6f8738904e7
19:63	101145	eb081d3ae35f00ca2066520a68ded5e83c1495796a53886438d563b873d0f69c
19:64	196021	69f9b6a2de6f4a7857633e65b28961f94472b6b263d3b7dbeb07318cdd9ab81d
19:65	159450	0a61252b0084d770e55c96169ecd95a3b2a1f2fe775ce908145e26db60d51bc8
19:66	92368	52d7b73340e9c6e6f2af7060aaa0d14669647856c1e76b979f4ad757f07313ca
19:67	109713	73d49bded228b93e701cc3d65ab1c16c5c3222725f64dccb840bae988f4ae322
19:68	137507	5b73ee30d32314f67bc44fcb580454199c8438aaf74413fde297f6a6564d4de7
19:69	127058	110f63c2077c0fb587688f12fbb5596829fcfb37fe31e69145c1ddf64672695a
19:70	99264	c4348e4f241da7c4e0c83ca435aee169dc0b830224cea73a459e207969e4a653
19:71	137089	b787aac6ce0a5ace49cfd174cf42baab4d3c827578d27564b822eabafb6ed059
19:72	103443	7447cdf885625d9c4bf5d1ddd34c2aa30ace4fdecd7041e049c20115fc7f1977
19:73	211695	aa456d18b2250459b100693612731afe2574a54e7cbb62b7b78399c7505411ea
19:74	105951	f13f456fea8100b1039dec04c75e41315d5824483ce78b973b7e993d155c7f27
19:75	277732	2a49ed52220ca0c4272d9bcd3af22c1e4896bd2e00177af69ed1c3ed6198635c
19:76	191842	100adcf6d9a3f39f099e690c651834af05faaa89d0abb57971984d687f09791e
19:77	115355	c1940a7ae122f9a3842ba059041906cd241a56ac88e37364e5a641ec56f05600
19:78	80874	f3ecc913967a77d3f0a90b31ab67cc37153db9a3394c7ed445b9220617e0e456
19:79	108041	3b9a58c55c482a2b27f2ce5323fa08d54b0e48ec68e1df43b3f0ace0c243fdbe
19:80	82754	b8a938033ea1d03a4848ab9d322020fab5e4c42eddf7c26772478fb54b90c6a7
19:81	95920	771124ecc93c45f04733621fa4420560e17a4d4afb53b4546c4fdf6625d592c4
19:82	107832	0f1a4a07ca37b549807ba95983a32596b5c133152f68518df508ffbef1b8a1a7
19:83	129148	c5b570294cbbfe8b148cd21752550ba623dd642e25b391bb014b10a54703a687
19:84	98637	3a5a14093d1c4cc3e503be3becbd602f8f57f31580b701d1644a46f9f73da1a0
19:85	71261	f4914fc4e3acf144b8bc121016dc33f1e6b71cbe6397b219bb18a0e045caad0d
19:86	71888	5cbe57e59295c81be25e452474848868f95eafe95e451820582e083f1e8506da
19:87	101354	98c9b2e6baa2310210287ab4734fb773ed46e50bad2b4dbb2dae3753d1a8825e
19:88	52870	a4eb0879f485060dc52956180ce5e110dec98fa8ed4fd8352b781fe44ab4ac77
19:89	44929	2c33e8f8564f507089c663788fbbb83d7bbaa44e4f191162cd38b8f94564de88
19:90	135417	f74433815f24aa7052dd099333cf08cb6beafa4e8cee93e51cecb3a732c277fb
19:91	58095	b280997a6914c3a6e3830b5fd9bd4f89041f413eb815cf63066be367838aada3
19:92	82963	8e946a26b7d233bc6e50e686c71260d120c7ad29327bce9eb12b2c2e3352b93d
19:93	118072	cf1b387561dde92c3736eaa949e661044729bf2533cd60019fef137573aac119
19:94	56632	80bc8b786521f0f46222b8c15e443cc1464483f93773337c44198626cf00312c
19:95	68126	77dbfe6d0572c4e5092796a5f07ba58f8378785a0556f54e585e89d892cc09fc
19:96	117445	dcd1f2dc4715161ead00756c6fb337412c33b10dd8e88b6a25ea37a62f0f6400
19:97	138134	773271d0417c0033d28b9006594b3e3b92e9b5f927bcc88eb9ded870ecb83112
19:98	157151	8a10330293f6badc45f8798bedb88a0ddc37402d3b5f199a242a10a78323cb35
20:1	24867	6165a3e078d08ba0d35616b4f604de90bfe09713aedf70141e33f15ccf56ae0b
20:2	84217	1e877e63b298a0d74ecc677d3cea0dcd6dce5d573a7f49a5d9b28737d5997c58
20:3	59140	8b694ba590f87e6bd4d7d7a42002bee9e271e3a62462877eef25f1446c9291f5
20:4	96338	a15b0117d58bfe97112d506ba564ab48d9fee7816879f4700fe1e24404aba04b
20:5	58513	c6c7c8df422a96bc37fc6294ec44861368bd044c20426996d15d2dfd75f3bba1
20:6	114937	2ead03db9165c646539dbbbff430b8add24e7167f8e66c2378487dbd6081ad3c
20:7	97592	c299be565c74b6ee6d07bf75c3da02d731591bb4d322c2bb8d334ff0fbf460fc
20:8	109922	8cc34a2d07e9ae377fd6631fa11da12a0db4d258b4099604b4759c53f5be7e43
20:9	49945	e195ff5044446362b7f6495aa5870f744ff4d9c8bdf2a7df33ed678b0c736f35
20:10	228413	c2ef37de006c9eb9fc4c0c05b69a5e8365f49e51b3870d74d5ce69a53926633b
20:11	80247	dd9484cdd14c7c47d761083f583d6dcb46517f17ef420a0c77650bbfa7442f59
20:12	122879	4d5a525b139eb7faf4d9937bda7ab6c6185e33f5489b364930a35af023dd67fe
20:13	62065	e640a6eb50a70f8f03fc13a2caeaa98f6cc6c20dea5e0b1256b8eacb4917d5f8
20:14	148165	21ff110aee88e264bab4968f03cf36f1b9ba3a3cdcc06e8b1b160ad876599d4a
20:15	124968	0e297b50dff65ae075dd8d24d3742cde6a8290542dd9b1c8f2524692e0e29dd8
20:16	115355	45abd9c92db69fbca71d4cac12f5d369954ee34140c2181a69fcd3d66db2ed8e
20:17	57259	04e94dc9e4aacb40a05e276b2ec5a61551424360b2bbb837ea2906745d91479a
20:18	139179	08828dd53c2bffc151706a4fecd17360211299f3e3ec598fcebac02924408b39
20:19	45765	5dce44420325c892a5f5ad43e287df8713e14efe947c0d12b44a0dfd9342c37a
20:20	72514	a9ff6698cc06970677fbba68c5d15e0e3a18fdd996d7ad5359fa8ff2b01c900f
20:21	98010	2608f970577698f5c9de4492198a77bb58a2599b4e947f5c3d3cd0e9735807a4
20:22	133745	93cffabef62d5868301d970ea234871bb45917c7579d7bda83a4e50b5251f286
20:23	57468	1e782638a2b0af21f66ecd34bea16d97373c56200b34f25d2684d38bb682c998
20:24	65409	9cf36aaf8f5ece960cf62343cbb43fdb0311b6c5e45de222c0195e4fa6d0a326
20:25	51616	74c855c197bb26434344f0aae90aa02ecc2af09471df1ede8e7e04243a209968
20:26	49109	a4631b440974cf966e3b18607d5c38965fbca8d3a9c0eccb08cb415203dcff20
20:27	52870	9510aafe03e56ab7e011019c2e7c9302d14b159dc93ce13b53f0d3602319283a
20:28	33644	ebfba70d08739bb6a0fd9cf7d4f8711f8ec973d9ad3fed8943f37b2e5579036d
20:29	51825	31e46e44a1a9b2416b35cab2b9a779c9d4386adf07f79784e198e8ed985a4dd9
20:30	30510	6132a800137f2cd12f031678aee3262a61d87b44f5637b4a1c55cbefa29b7c75
20:31	46392	4523c99fd1834157bf2202a79ad10b26e75a77fa677724d73f9bb7fae1fff0c9
20:32	49527	b76a39b2e302ff8b022c6bd514ab1a9924b291c70772f032d71fff481873a3a1
20:33	43466	607e547da02ff8d7585dffd4c4ce78c1f9af59604cab54deb8b3c9f1336a7326
20:34	40332	aab1e621c41d15b73f2f7786378cf07b746fbe759221d9e82cc5ef8ff948e317
20:35	58513	bfa27a7fb745f583478d7601d8245a59cc116a16031578fd75ca2c7170ad3614
20:36	68126	81009553acc72cb8f66437af9c57f62af071445e2095d972bb5ed0577914bab6
20:37	69171	73287bb1964c255ff6ac3f036ad269ccde74b925bf968c7739cbdf7bac6a385f
20:38	86516	b4a75819e2661e953196404b43ec97fde598db559c884e0270300cda4ec1b3e2
20:39	268746	400bea0adacf16e864c94770a74ec4303fd55859d7ca204c9e94c5920a75bb4f
20:40	458500	c82d8c386778c5c42cce51f81abc6afcd88ad37606257eaededae5a17657547e
20:41	39287	708435b4a2d101ebb3319196f9958cad6d20104793d2bf7cf62aa88971b9a687
20:42	77321	5233b8c38cf0a039cfd06d274bfa6a0c022d4bcb79b76ca098f482eb4337d527
20:43	64155	5d6be8a26d9668913157b4e7a7f12114b838b27a2af41f3be893f521eaf57a54
20:44	78784	56d1334aec0d5986fc4b96985860feed522859a78271a2a0cf8256ae7be69300
20:45	113892	e9f5cdbf131b4822f9cac3a2d9042381c94696804f5d29992e4cb5270d4d6e36
20:46	99891	752c0559cdc69cb6c87fb5d1708e864e251ff5ce4fa2bed96ff24df7f9b3e099
20:47	255790	f9b584b9af0696684450cd874ffbcf6d7e55bd00953c6926afd07e6062cdf665
20:48	119117	8bdb3b3f8c3df969f14746617248b443ab2bfe4b4f3b2877baf597016d16ff50
20:49	56632	ec94a14897af514ee2b368b3c1de449da62222c140a75a07dd8c9722373113c4
20:50	98637	fcb612b09d22e7e6cc2c0814a2cfcd9287b6eb46440db1f957345ff8a1a45278
20:51	54542	b4c35ff3ab2b4eb6ff87dced783ffdc1ed5be4f6d3945acdfbacdd72e8ad402f
20:52	127894	deb2e214c64512984815282ba0b40ff1f62ae1d22383393b68178d59af9edcc7
20:53	277732	df482364b14c3c990a648278c5ab0539e2c171426b31df5259065453b149b28f
20:54	128103	7c97010579b79f20e0fc2cfaba1c62909b9d678ff82dc32a627831313c598705
20:55	116818	c851f0fc4b855329e736658ccbc02fbc90c6763bc1de08220cf6f871ea60d5ca
20:56	87561	9935a967538c26bbb74ee0b85d680b98167d830981305b5d9ebafbdc4b6d7e50
20:57	90905	879477b05b036d5fc0f01ac331afc5c3db5b81a6373fa5687c1d1b997be03187
20:58	191215	fb2b971b675e7d65d528b1eacf0728d6ba707d276ac788bd8c3edafc1daade5d
20:59	90278	24b9c7da63b572cae0b0ab23f0037e3445b01adb788a7801afda591899113d83
20:60	73350	301e1ef07c16f2f80b067f7eb85a4c3d829f26a41a7a2deaf506edc7ab7d3979
20:61	179303	b92b5175a88f2c7a212ca5ceb2723ce4cb7b735e845d2404869f6d94ea9b73cb
20:62	93412	c1611fd471aa17423489ded746f1aed72f333de36bafbbd8516e5846a65d24ba
20:63	185990	57f1af0f47f7d839bdb2c78ff3535ba3e08034aa541ed1560c7a8852c89ddd20
20:64	116400	7fcda971015ee6c54fc8c0d764db07909ea07b726238c916f821ebb0dbf2a2bc
20:65	161122	f6cdea43ecb73854d1fc8b06f4c5c711ecced3571c9911785a519ec2d0322a77
20:66	155479	5251ef0a9de3a4353a5e9eb5a812926280f2807fe5f99e87f90b9c206a801f03
20:67	64155	30d69ddc44a45e7418c4be635b669604a931e912cf6225a5436117ff17da317f
20:68	75022	a48129a11b3b3448a3f33eac5dc31b76b1c28cc6a2c9f3a4e8fb251c4adf5045
20:69	177422	83c3fcc5c8b22bd91c8d1b0a38e127affff39c611f8e17164b66d581f9a0fcea
20:70	124759	bbc85e865d258406caa6ed5c651e2cabed2c6a2e380f0b65f005d9cd8d6611e7
20:71	369265	2621363f06dcee1b57f6376ebc61501b7a77ddacbf70e0a50bc2c0f65f9dd586
20:72	262895	5b54cab24c8cec30259b7d728652bf7c1d9eea715baa0612ae43161709628f04
20:73	219845	6572bf0def7ff755cf492b3a10231aa11a396c8c5fe4a1c51797d19d63322852
20:74	148583	28e79515a2473d19350a0099c190bd35dd713730c55d6a972b733a80316c44e5
20:75	135208	bd82a09f27113cc7033593ac32b61e067fb6e1633a9302e164d955361e97416a
20:76	177213	5ec65a6c316bd74bc6878863112c6b85da0f107c4296dc242b3254110d4515f1
20:77	203336	b5fb0ec2159fa7ba386a2b520b67da0b0d8dcbeafb61b3a32305b3490fc91780
20:78	113474	1666950411da711d221ddaf2acea8c8105576d1da694ea64ef87c37214533076
20:79	64573	f5a002a642468f4bb63fdec9089ad10668ba421866fd2f6885f8344fc298ca7a
20:80	223398	e3649e3c768d784151654c552e269000127f681a0f713aa2c45111654ed18f1d
20:81	197693	1ddaff59c7c05544ee68e1de91b4852ff4388e52ff1dd22faa156dc9f6215d77
20:82	148374	a956555ebc4595e7a399aa621d59f6ae3031251be11cadf963170d3cf9a46c01
20:83	78993	6a6dab7cbc9f43db91cdcfdff5a6c630adcaa760bd082a4b997a5c2b649b923d
20:84	114937	978ebd2161f0299019080bac11d5f3022f121ada968b221f1d7caf7783b1be40
20:85	132910	b1f1dcda1a4f76536b7a7f4a05d26813cacf7a6d9473a3896b6bc5d93fa19755
20:86	333321	ef700216a8e7a83d739a4b0673b249bc959387c749e4ac88386fcf0c34638ea7
20:87	292988	4b510ee863c703095451d36db6a5397a5c1d62e4c46fbb866151841bbab5eb1d
20:88	172198	c14fc0663c0b8e542d34a5c4698348e69ae65c20ce5b0c6cffef33986dc256fc
20:89	152345	0bc09c1682f0dc511a96c8dfffc543f2a4b46f842ef7c921b7e8672bde06d034
20:90	245550	32cdf04cdcfe5029300968ca59eb9a125dad43a5713dd0cb52d9682704481606
20:91	115564	6994ec71977f35edec5dc6b51e0cf5a44060616ebafec224afc491676e985b03
20:92	84217	854f9921f1808c908fafdb0edf9484ec659420081a05d7c6df39a5e7a7e5d17b
20:93	80874	399000f7c00c905b79c728516146bfa2e43de6d9813078d6657a40adfc967f82
20:94	248057	7cf13c185c2f59cdc9356674023477c125b3b2ff9eaa81646acda8465b1152df
20:95	73141	572227233ec14e3554f67a9075a4780c78a3db37e4ddb34f6ed4d592bcda1bf2
20:96	192678	aa50b784da0736c2a27bac3f9fc8af7eafcce8d5c829bc339bc7bb28506caae6
20:97	375117	a88d9b958b370cce1844766f59198e1ab4a4f0404f0263b1257e531bbc5a70f3
20:98	168645	6e1cd32053416fd30fee2b3d07c665dc23b81cf2c15071a31e147b98f41840f3
20:99	161331	9ed41f872c86ec0f33293c2163bf44501a93e86436dea8d4af54c30681c6c81e
20:100	104906	d3dd1435e4311648cb5ac0799adf2581deece71f0983e44b5ff0fa1fca30eb61
20:101	110131	48475aa7593e9ccc0ecdb7c8608d57ec111c8ea5a6bb098453d0f3cd6fc54d54
20:102	140642	3d52a36756efd42a86c4a1ce79880180f3fe0a867387eff52e41a4f68ebed9b8
20:103	86934	642fc0829178137d340aedfb1062e0bfea87edb4ab0a8266cef8f738bf6510ee
20:104	152345	d83c201a9087a29d2bbf5ba09c97131496f0813d1cd87e02eed0199fe959a31b
20:105	99891	db3049baf1b2457e800344e042a3461bcdc1e65b7ba346c4f3b824263bd424fe
20:106	56005	a17a2d79da280f2a0427880f5aa444930fe3c31723b570cb729b21f2fcd61460
20:107	89233	21a55438dffebc7e7d772247b78b0b77e918865a29e20e3dda702ab18fc732da
20:108	185990	5962f9329db242ad6641bfc2be5e2cb87e105a62a1d26366bb7dd42a7dac02db
20:109	142523	8f47891aa0f654efa208ce54059a25401e9c93e3c2654a1895aa4c90044490e3
20:110	142523	8badce77503e589d274c5520a526951085606552132d7d2e13bb3e158a284df8
20:111	124759	63949313b5a276cc79f8ee61ae85088bf153d789c0efda0da0b30abea6d7d407
20:112	144821	1dcc7e6fefe074122826d6d5d69431f234b12b8b362d63a23c9720277a36422b
20:113	207515	bb210211ba49b3ec16d7548b202a532967f69fed22cb649be652c5c7b06d3a97
20:114	240116	8c8cb93704be2a5f5f96eece1d7fcf5e0c46592c2d225e6a41dd53e7a1181da8
20:115	132283	564719a621b3822bcc88f404dcc531654f0d4c97f8dc392111b86e31c9a16eff
20:116	151509	b43e53fb515ddeb64941b796190d6e24f878a1700bf5b2c35fed7f871460c0b2
20:117	178049	bbe0709f2479bd73a63966aad1da6d0f737ab13b6a438c6978ffeaaa65beb332
20:118	85680	9bb3478e9331b9eecef53ba4e46de8eba3b3b81f4888c4c0d638d609b229db9a
20:119	78784	e830a2a086a57e617db2d44a7dcd34fd4a176793b7bdae9d7153c324019d67dc
20:120	168436	db63373c38965d8cfb1ee311e087adbdfdce79edc589ec2324dc0035065a7c32
20:121	236354	77bac5e0b06bffc62d7c57d69293d0acb09f4f87ebfecd5f26dba7460cbbcb87
20:122	91741	1a548238128dc5f7bb744e14d108c2626bfa384f3dbe1a4989c9fdba5e38a53f
20:123	255372	4aaedad4b2b82c6a806457612700752000b671eb677479ac266cad3de201377e
20:124	161122	6c3aea0d3f8897cb28236dd3cf04aceb895ba9de9fb1efd53a76f47f402a9825
20:125	108668	522c61c52c1a2a7f913b8ae52473babb41ca64960b9fdc5a5eeed3512079a9ab
20:126	147120	50f87c6dd5b378dfa3df9a23ae8ea452a473fc66a3eb35ba3ec2ae8b6ef3a867
20:127	173452	50d634a22027b837a9de431c870545e9cc475120febb13bf105e8d326d063517
20:128	220890	08869a66135271b0c2eca9d9bac56535f5129816ed8505cd30a3e910b59fceb0
20:129	146493	c8acdd1ecb48ed821ead3be77575e1356ea28422308430ab43b28ae716758dcb
20:130	351084	daf2eeaea56f090c62ca10f6ad0d1bfaa437fd6209b90a49af6537c783def0fe
20:131	270000	b7ac96f6f2735cef666a33b5cad6ca8c4e9d6da34336dddc642d540ea44e783e
20:132	200410	eefa197a591d68c4bafe227bc4b2eff639d07a829e07e6e75e6836f10b974da3
20:133	182020	001e9da05e7823cd136757541d3d9f9e294b9fd0297b61fd6ae345f56d6535de
20:134	335411	715e1d6bac34a7778f06a13cb7504546d761174f310be4dd97b737e139ade255
20:135	172825	9ecefaee830de43ae5f23e1177bdba2581a323d8fee8401f79886d3a3dd5e8ef
21:1	124341	99e88aaa55db92b81505d7922f784296e35847b1a9dcd7087c3284a09122cb98
21:2	161749	508ee7cfa7a27900d3dd56a6d806b3c525588b8fb043c02c53e373865e10ea61
21:3	253282	a6504fc0087eec9d7e667c75246104293b7b5b076379ee141240ecb91e008f48
21:4	166973	a7bdf5f01ffe4dbe27fd32879590aaa98716efbd8d66c5e76c93d4ce346fba97
21:5	221517	6d58021398ee606f4bdb48b33a483788d84a613245669a364dfeda7a24020655
21:6	154434	0f2774693d9d74c9d0f8e301869eb0e0d801ab27e160f184867e11342d85ff85
21:7	239280	ee19f4fad8b3deb7efea98a6c05e6d01245a7e4a85380cb0d42082eff543397f
21:8	138761	7d43f1ad785ad36d2f70f0449741bfb37b0a3faa79833185599d22630487af6c
21:9	166973	8c57400afae4371cea39f20676d69c0715b4591bd732bc48ecd48957694ccdee
21:10	150673	bfa9a2dd840e940d37b0477062c3e0f03d6eca9538e535331d2a94b4f7cc1653
21:11	169899	9d13282433b68656e255c50d1b568465dfda65e5b5d300ae4aacef848d3b1999
21:12	135626	2751395ef179cc35a504859d950b8a46467f4dace4297438bd2ff9a4e4debc89
21:13	163630	4ff0614f40c4ec008c996b1cdc20b99687672eef8a5e3485b0d0d6dbe6ebb881
21:14	111176	8695cba2622fe0941f15e84f51357bab0139c9a2e2819bcd3a65bd19a297735f
21:15	129357	99d062ae07c9f929998835dcea528a74dde69fb87a201068a4f40e9800f794c3
21:16	122879	2a753cfae90f011c003f29e7b6a1f46db5ed4afc9982b484c4a34c4bb7cff89a
21:17	183274	f9e22b478524b1db6ca926e6ebf7c48010e5919575d93b23cd9b465c39a7e0a8
21:18	181393	f9f8993c97ad5e00bf2eedf1be38c6899c7981b6dcf6453be340967a68b7584f
21:19	195185	5b917711fb11a03f41f5f12ff355ca3d2b013b99d7ad23abf401e8e45a70f1cc
21:20	94875	5e5d49deefc37011e3802aa1b301deca878ba79c884c4e154565eb14037fb832
21:21	117863	5800315ef359a56ca83b395462faf88a9e12eec99f7b91aaaa3780027fa2c2d8
21:22	205008	6c1c80d1fe5ded0bd2f6386c5d83deebd7a19c5c75012e3fa3db2ca773cfa742
21:23	88188	edf97aeeb160d5fb791907473f5b9c01bc467788cf3f692d76945b03b5d24008
21:24	313886	2ce1f2e1857d2ac43e3d120e3422cecbdcf51d177754e79c674022ec79f92205
21:25	234265	132e096be52884dfc5ee776b9fce06990259a5cc96f4daf3361711a96aa4c7d2
21:26	147120	e7e8a701857a157c9fe12564f05c6b17c6895b8c7444f8f13669cba3d78c7fca
21:27	112012	f53737ae10452db6b8f76246215606e23591cd67d7ca918bdd467754f9338b40
21:28	289435	b6b6e3fb1f395906f2f366678c497145a6c71f7776252dee1a38e2c2230bfb27
21:29	235101	377f98a34458cfe9cc21cf4a013051062a5100c64abc4834dd4146fefc9ab6ff
21:30	216083	349234dbd61a1bbc61307f64a30590e495a6428074cfad502243a2cd857d578d
21:31	145866	34423cc83a6f5c18d94f74c169ae27ec919d373f2cbbbef14b0f8075116f1116
21:32	118072	6105b2f0d2c37df56a0f541f9f1a3895bc2fdf7841620a466c2f8baa34f9163f
21:33	132701	f1579129e421b7fa8db43da93974e2334710fbe0e66e7c749373cac626c33b94
21:34	131447	25a42e0b4111b7c040ca8edd21786481576a99a3cb18ecbcd79650523680b469
21:35	152763	c8ab66105c67e9f0b8f025ccc9496bb040e196b135ca15ba4a8fe2e15254933a
21:36	182229	174ab561bc7943bd176e0ae14281aff24a6b2a20f8f55ef028ced4f5db29c7f7
21:37	115355	36dbbfbd58a7b9a4ab2c0fa2a396b0874d31cd727204a6f41817d65badb3178e
21:38	87561	eb0172728090d3b69ff82ecdbb6d667e3e68bb2de920327ef7ce11169e217e3b
21:39	152554	cce926435a5a7bc4a7e16fdfd2180347ff3e564060f19927a7c106901fd9263f
21:40	126222	d91fc0cad5aae3cc717d6f415bdfa06b65e216c76fb94bffe787615e012874dd
21:41	144403	a586b8d4530e68942e3cbd453ec1a5fb5274562041f2e9bbba5a7b8db501c302
21:42	150464	59c5deeaa8650dbb9c7353d19fda0203bdb22d3a2c9674cbb07e09aabc60b467
21:43	185781	c3116ed4449e2ee98045f649a701008c72506541ed8c6de503deed33132b77ba
21:44	253700	5d81cae3174e9aa955d456d2457d29fbb036a21b76ef7605b79827f154ef76d6
21:45	180766	7d3d1d6adc125ec67e8a4a1e47e7c89419b37d7925f9f0baaff8c2a1298e777e
21:46	157360	df9f9dd114277c83ec00a47d16b732ff4d5e938a413ecbbf63288eeb5b09df1f
21:47	259551	c6abe8d891064b6bbb7341d05a67463c5033158bf293ec08a7456792e57c8fe7
21:48	128939	3e59bd9e8f7d15f5cd985e62e30d56c760d082b7ee2536935cdd8258124ab1f6
21:49	106996	eb5f88a99008df055ab260594a45bc746b7b9975677f7c03da1c2a1814b44aa4
21:50	145239	25d4211a7fda692d51135bea56ea23c35c21df33571204db6e8c72d18eacaf5b
21:51	127894	991e954b798340832c29909232fe06e5909b7afa79513285b6c8875c8426e1e8
21:52	136044	f8c318391b37dc0eb5a5c1a6a1ae78037b7387a7b3c1d4bb07704e439023a2cb
21:53	103234	ce3a5df4f91d45ca7095ef0f3982704b8bc0a61d988d3938fc219a5c6c20fbc8
21:54	129357	459acbde8d06a0d7efafecb365aff0d4cb689f78d390bbb558c53dbf480aff1e
21:55	102608	117c0539bff4928e48e0f108946587e2685ab79c5c1b4c7ec35b126b9003b8bf
21:56	157151	67384a971b816dce04fe1edf9f6fea963d4e6bf5bd3325867e54ae916d367061
21:57	123088	8ef759711283d52e1c5a723d311224e808c9e4f8c28ff57d65d70cdf6cc77ec8
21:58	119535	84a6ca421225ba5d17da34e3686d260d438ed1e7be872e2346c4c13ff5ab05c7
21:59	133745	2b532015aa24b524d624bb6ebca9167d5f9223f49f1ef9e25232604237d1acea
21:60	107623	b3bb3178daa7bce6858c74c9a2f013d3ed772963e89f769101af10a264f8510c
21:61	123923	7c127565983e283695a298e6ebb8bc1a4841dae418f4b021d2cd1bf5a54a97c0
21:62	120371	9b970583613b931747c322c6550b4d6b30e69fcb75bd696a0d48b25009bf25ce
21:63	131865	8cbf6328c8620cab0f21f90aa03420b5a128f025f806c2b28f5ad0f94f25a87a
21:64	138761	471c3a4b6b01004bf5a68aa3df10941b266118bb4564bc499fdacc723ec90005
21:65	155061	5110d7d7d3b62c5a25b1b62a46eabe05980a3d47cba323ed5a32f07602d3dc4d
21:66	129775	4e874516cd56cd0278d698c8d5bbddf951056b14af1440cfe692ef2b59d5fb78
21:67	132074	d1dfd9dac2a97e649c957d03280ef7f2d4873692ad3b79ed7a6aa22ce7964c34
21:68	132074	d4e9515e9b808a439cc40a9348c2b544fa9663249d3a288a5dbc5c617d3d0166
21:69	108459	f0dec2c249f8eacacf3ad145190fbefd141aadd5aa80b4574ac2503952b3bde6
21:70	96338	97545c98694899851814572152a4a4ceecea06ddb41f380f575ae9fe2b78ed2b
21:71	117027	6cc9069fefeb385a63577431493bd55341ebc0fe144c73180da16751bd5866b1
21:72	155270	48884bf7a0d810a18a937d0ff4dcf304d6560920de0daf74fe6b098acc8f4dee
21:73	240325	ff41639b50da867b11a44dd23309ec946c3800252e89a38bb3fcad415407ec11
21:74	236563	526c5ab0148634abec85d935c5e635a9596a038ad35021ea25b0a66b3c04f24f
21:75	113474	56d3a7905dc149aad2e500c905206aad25663df2df1cdb57942ecd66ca24fb17
21:76	151927	781fdc528a63ba06fb4aab4a3900b4bc560498b8b7d2d5f259f67f6f60ebaf99
21:77	194976	4e344879d183b73414ee47f7a1cd1b47d159c628c98096cf4803d510412b9a60
21:78	165092	e35f084990e01e37e1c061ae9afab3aeffa5d75cbfa757d6e68a68d7e60a3710
21:79	275016	d9c41a35120ec36c43dd39e8c449290f495b306ecbb89e298828973c05173b2c
21:80	161122	ef7987ea021d5f3abe6b0e9d884066655013cdfcf0874b59ebf1a77222c4a068
21:81	212740	9958fa49f14571dc5145be66afede9766be0c8c75c4a6cbb4e7a15b96a38605e
21:82	173034	8745879da2652e55ab90dc04e642905cce31431b7ef558055b3a7ca931a16040
21:83	146075	991376671341eb4c7e44dd58ec34ad0964fcd96e653578d75a087cb1affb1f85
21:84	226323	5ecf86a2aa5e16d52568693eb3269f3e6f74cc4e4b90c5621ca98fa8b142a480
21:85	110758	ade28eb91b5444a681e0e0499d3feff79c2a71069905670c684c473748aa3667
21:86	115982	ac90711eaf8ec2949df4057302ddc04c85d16c8ae17838d226fc01ea78416c28
21:87	292988	6cd9d00f307864f3d5a3c2c82ad904eb537498fa96111f2d6253395010ba30a1
21:88	140851	a4aacbb5a290bded25d4e586f2b31046f8c19139b4bcd9d2721e79ee2d2bd865
21:89	156315	3356523446eba3c4c604b60526199e8221f576e6b690e83ee121d07f2efc9a4b
21:90	286510	4847c78fa18629b0cac9c1d416e22a043309405347e6d5bc46e8ca003b8ba16e
21:91	199156	a743d486739766f4241a3da7a695db8387513f33e3d78f69ba8e6eea0eae5571
21:92	148165	fe4be5ab871c1e3c2fc8b5d1802bde9636dde6a9a32ff039ff7993e0befe3d76
21:93	123714	8f3e48fb42f4bcbce04db3836a353626edc12ac7f64a63ab85ad20d2a525dc12
21:94	168018	a1ea792ea76a4c08b9e73d552d1404d05dd014c94a271535b53053b3427fa7d6
21:95	123088	b8e7ea0677e979b86d2043bbf7de3ec7e36655aa3e32104dd5a213c23d7afc1e
21:96	145866	94caef1051bfc42e406983e274f872bcbfac1e714b9f32c70e05c606d39a3120
21:97	236772	1025d9c0cbb8e980d5116ac2049d97e81aa95d109088198bfd01f1de3866b340
21:98	152345	1652c6e5bbfa8e7fdf1105b1d021ce8c421dd20050961016dfc3a0f247456d86
21:99	158405	9fd687f1160ee17f48cb5e9bdfac69c4d76ad012a4f9fa053511ccd0225f7249
21:100	103861	a02e6909f951b5398d648dabd469d644bf653648b574d74c5f5e76ea6f8fd445
21:101	148374	eefc6d354cb96055133b13908306794e65c9ee421af2bf5629e43757a8ddcb38
21:102	123505	804578257c0d8f22b09d8e1b7b68fc9531ad0fd45cc745302d77a8d4eea30fce
21:103	180348	b5c72d14fb6953d49059b69fe4cbf0079e0f536e952863c5e0a38f3ec0ec6d5e
21:104	258297	51fa9be48e701ecf4112aacb6dd8a63710a672b29eaaa73ec0e93dfad446d386
21:105	163212	7db7abbf0b501bf876dfaf9e022f946fe3e74c99c7d3d4085c760d2e848b0486
21:106	89860	576c1ab0d9742bcf055a63fee6887f0beb718fcb47dfdde846b42da810c614e5
21:107	101981	3f7739226083d1aad183f4903eaacc84021ce4a0d1350a881e25e8dcf0df9c7c
21:108	199992	d379e95e81d50864d1bed483e691e3f8fddb1a153eddcdacfef48f00ff30d8e4
21:109	205008	b23e2fac74ea4478f40664da9bfc0830b652118b508ce2e68118e333f5fad4b7
21:110	108250	35a95be33094707620b7ad33abcf44cfe55203e07fbb6a5faf1686423b7bdac9
21:111	104906	79c5adcc37d51610a532436ec8dd71f9d5f6b773e11186d36b816aa0fc706a12
21:112	149001	217993330abaca6e60802d2baa3c339e49922ea5c6f0f76db54bd841917faaa1
22:1	154016	bed751b7bc009458e23105d192f67f406f52da8e83a60204a7b67c6a1175a262
22:2	357145	712bd1a35dc4f600d9d2901bbf54433a35b2cbcd3849c673db782efa0a3d2542
22:3	154852	862beeadea5d847be168171e11d055358d28401ef5262851a97f6dac842fea7d
22:4	170944	f408ec864863e7533b4baeee427da659a9da026e66413bda01be16de2cc44b26
22:5	1047195	be146875cd1d0204bfb85828d320a26ae4c6c96b2e172c4a1b6bf5aea991b773
22:6	188289	c249fe722586aa8640f2b5f07e959cb596e9e0780746ced887ef864be75089fe
22:7	158196	4ce4ee8dfc8ae5b2de46ece465356e09905e2704ad9c28f0e8eefdd20a68731c
22:8	157778	59457e7c8f81b0e3914283187ec3adef70af6328b1fe991596f835e564c3a975
22:9	216501	d212438946caba1c9bca793127b1da205ada5db8c1daaf8d0d18e9c5b85760e7
22:10	177840	cf50710dc003a820fb5591cd33494c82bde837b56f64d58babc89e7c862c1c99
22:11	337292	973b878eb88950855812387e6bd8d697f546fce0327d70645fe79956b07e7561
22:12	180766	e3a51c398c359262a4c75e73a6b8fe8b127c8e47c1240ddd55384f8e483b1aff
22:13	157778	64cc433c920fc6325296a153dd0a787093ee1ed1a61bbf3edc40500b4a790615
22:14	253909	baced9ab17a3686d54c47b8bbd79c54bb6a1685ad10ddb307b5fe575c504a7f6
22:15	345860	54f9c5637c6d9187114235f8c9282e14e26268705bde285f281692bdad6d9483
22:16	174288	150c5899a21f92d2ff2c2635952033f3fb38460fb7d4df956fffd851324e257c
22:17	367803	8e0a73dc90aeaa8d33c800736f34438ff4ee93cec31a55de65e4551a1e7a0ee4
22:18	531434	3266372f24be4410f58dfcbbf681437c8b1741169300e839ff72975931f9ccb1
22:19	246594	a834182c3ff37043e991e4ae431a87c765621421c8af83203d9c2deafca19e75
22:20	113892	0884397f5290749f94e4131e2457a42ffcdc6280f7ff157ef65627da7082d522
22:21	62065	d64e8994cdb7bde26c4d0b8226dc8184b37d97ff59774c978357e53e93c44dec
22:22	187244	91154e87ebd5536364888390a93a894ee99087cd09f68b48d441de67b1e5cd48
22:23	340635	1ca0802e7753c5a8971ec04fed2d43f55cc034b13399ee5a0dcc36ed80b972dd
22:24	138343	6e366c628a067189af66573698cc4326333b3e9ed15c3a79e4b28aafc5aded8a
22:25	384521	89926f9ab814bf7c6865061b20102cf0e44812e16340456d23a3690da8c280d0
22:26	255790	97922867a851cfeccce8a53da707470af3cee943306025f9c46d9de5d8078a2a
22:27	196439	55716b2e443e920d6ff3e704a49a056c3777d40dcb71cb3468b1d7712102323c
22:28	327261	c18e9bbcdd9bef72cb0deb5f9a788425c956406fda725491e0129c412e051b65
22:29	160704	a1173b505bc3560c2439493c10e644ddf8a23a809c1a7a298408fb68a6bcd7d5
22:30	352129	5ab7ccbddd10f2ce8537908a2d779f412df455a5d83f340f393e36cf36321fb0
22:31	293197	4e9a73f884789013004d87ee9519650077f3ca7cecd1b2217025d3f679c439c9
22:32	124759	f7813d8fdb6ee7918757a59f7b867cce359a1cc33ebf5127d91083f3b452011e
22:33	185363	4ab7bc164e61a40e9c4a36cbac21256fad89547a9846c9111b53d4e68246c88e
22:34	324126	38ce55f09c0b79a575199fc616a58e62bdfed4290105fa1da8b760cba4db4b70
22:35	242833	cfdc16c3cc111c3ae1979deaad420e5cc099c8fbd93ebbb941cbbe9eb69659a6
22:36	431750	da3ab77a693e1c3142dd60d36986ac1e1a1b518699b5480786c89fbe25e43d2f
22:37	318692	656cf6412d06481b1b076a627b57affd18132b837c77cc582e8373f8d3e7fb7a
22:38	195603	3a173c461924b9ae264eba1c426214359f85a831f4486e040e32aea81361211f
22:39	173870	5c2b849bf9cfdc8048d9cee9054fb134b18667d42ccebeedb828fb349ca8b291
22:40	572812	81e3373e1042e3dbe1d228553111558644d2eff89112f5ff9f0fc3db6db63a95
22:41	277314	8b177ba964fb5a1e1905625cb2d5aacc9fe14f5af52b30857784f2cabd196dba
22:42	130193	d12299e8ef4c2050882e4f20b062532200311c2c72919b0b1ff7992e522b2305
22:43	78366	43e489cfa44af7c8881a21755c49c6cbad2efb2819731f699896c9ac58ad45d0
22:44	190588	7530c97f6f63c039053f96fd434b4c099b4b0f15325dcb5e238d02ea0e9fa239
22:45	253491	698096c20a1a22f3aa87c29d9f44cb1efd009a6b5a9aac6636c8e75ae0677ed1
22:46	319737	7220ca98994e3ff2db03b88184b812ac61f5426e4baec26f214fedefb9c94b6e
22:47	243878	3c74da9e7511e20f610c5aa1557562dab037f122ab1fc89f12e52405f469458d
22:48	188289	9715fd622951f5e2af06a830fb3383496d91ce2d93d096eb6579f21b9a5fff3c
22:49	133119	702d41fe75b30cb6967eba772e949535293be0431baebc5b81cf3bb8cf6cd0bd
22:50	183901	5d962db55217a6694a18f3ac16d472cf0065622ac563b47ab05ba6d0549767d2
22:51	151718	68e69c2cc060121aa5d213b1cb69e20fe5cb6000a525e71fe82c135fa4e632df
22:52	490683	b9ac14b95029b67409b2f46e882d2b987ce5951986421ae0e58568e0926d8149
22:53	261850	e220c263d4df4c2f018770dfe923dbcdcc3d7f9e1efb26029d71bcad60c973d5
22:54	302601	62934ba15177267f4ce3f6bf4f275069a1811335c473c4daab42a4cb4d5699ca
22:55	226323	ed3a5fd5648f2de30adcd8041a082fd446b2299b9ce4c85c6cd8b8dc2fc019b7
22:56	211068	f70499fe1d984d70247c76eb00636ed9a5f70f5f2f50bccb88fcc1d946eda39c
22:57	170526	24a7157780cd5c6168052b81d1b0d9515a0fd95a0453bdfc7991aff85adbae56
22:58	282330	920b5306a6e77a81569c625948ae851de097f790024fd5a7f1379e4705c0a000
22:59	173034	50ba94bb34c467a737177d95255271e4ae402a1ce1fd0e40dd98a882d6925a0f
22:60	262477	658311ea4fdedebc2f2d3f6305c4727b8d2c467682637eeb5902f52fae48057b
22:61	225070	e440b5e256376bd70c90fdc7e9fb20f3c3dd672b49a7b46d250f9fe8557d9575
22:62	245759	51611493b331cd49f0359240c5fe34919ba0e1549e60c5359955082768f7fe0d
22:63	231757	31d659ec81f6bddd824278cffc8e5edc23fca4710d1e37ea668151a362c28fa4
22:64	167600	8a7975d20451d147fb659666c49bbe38bf5f247a9496f5284c1afc51b381f3c9
22:65	369265	74ef8c4816dafa49b6429302e3fece7d0ce41eedf73788b8cb1cbd6518f815f3
22:66	206261	3bfea3c50799108c661167acfef26ccfd42bb3898bd0e1acf2645db0341e4fd3
22:67	295078	5468e5f3ba29aa6fb5189b3af4edd76f4aa2ea1fc2e8f2d314f81bcadf1ee51c
22:68	116818	27074ab332f40c5408bb7e8e2843a499d13244ce3d9f69451bd46535685289b9
22:69	147120	d300d51ce0cff23161a895863b8f03179a843dbf2f283ac7f9c7b402fbc005f0
22:70	302810	51e09466c927fa05d8b720c6d879c5a75444c5dc250378866341012f0456ad66
22:71	245132	87013ab8f93d24a6c7192f58f0811e6845b8a7de49702a90b2413085f3cf9dfd
22:72	517223	657a5fcf1b40bd257cd034bc638334e6224bf820cbbf79edd66006f98af56b09
22:73	447633	67db79e70271f45b948b3d8b56888b2d786dee2359bab3a1e90a30ecc45738a3
22:74	150882	2d93b6bd499bb55aeca511ad910bc7d1ce134c29b2f834aae59509de7d2b0e8b
22:75	205843	7879596fd4f335d8c197839d5a34d93659fa693b196bd4320c0a89fc88dbad70
22:76	161331	f1400f1b2de060e4cd56086a2baa13851a0a40f552d4728f79198ff2d328d8f9
22:77	199156	ab3695387a22522caa2cd9109da31b849cea19c6058742b067fe25813163f1ae
22:78	702170	7663b0bb5251ac57a0188b019d3c6094f9d56417e301f13ca91060686d507805
23:1	58095	8d741125c7503003891160b52cd481f3102abfe51d88f1cd9ed4dbd9e454e56e
23:2	81292	6e6e75e283dbca5d6aa1df22fabb559b6a3e8e1ae1f9dc679a98762501c14af7
23:3	74186	7ae780d1fde86903c632a7481cac82ec00dc8a513ddc19374d1329d94fe48908
23:4	81292	d92b91342382d265652a72c0cd49b202666b3ad5d63d82a32b9f3794f1adf51b
23:5	88815	29cf92820a0c4c6b501f68ad84196496e5774576791fb8cbb00262c7ac313db2
23:6	177004	d203887a58285c0158216a6615d7bf5d9ea9a76ac39c25eb15ae0bcc13145c8a
23:7	128521	a687e6f87b85352c938adcbb4fbd512efaa70bb19dc1080f2e982d123ac6e920
23:8	104697	b3018e2a2cef768253b4cd8e28bb322903fb1312835cab9db0742839aeb9a311
23:9	99682	47e040ebe04db3462f1ccaf8b25b00fc7327222cf8bcc5cdb46380c79eb9ffc4
23:10	95920	3a4d042024fbeefaf8530ac07b3c232a4ab23d4692e2e0eabdcd451eb20b3fb2
23:11	125595	77d4eb2a01842de4711847a9051d8d9ddcb663e94955381e89c6eff25d6a1743
23:12	112848	bf255759c52e908b9b69977734e8db0e0e87e1c505b43ba3a5231e2197022c84
23:13	122879	f915618551218a3d58e49fc7ecd0a275ba1adb9b2b30004a9a472e0d90ae2676
23:14	366967	a187213933829c1f080f91801303a85c9aad9426b35fb13584e158ecde2df22c
23:15	96129	e1b02c32b1a55003a63e8ab7bd02a6733574dd4c8038d948255333813416dde9
23:16	99264	e8c5b811f477b4dbd4375d05e5ad9271a9858d8de525e42b2c0352b61a15d00d
23:17	161749	caab9509dc540f29929552cf416c2cc7024e06f84f218afb9fe52679ce49130d
23:18	238862	cd7c2332276208a154b5517552886395f54180bcfb6748623a6c3dfdab823a86
23:19	224443	0c0aa395bd8703370cedeb9989a63634d00d9bebb3e7c8f34317d5c9038e638c
23:20	210650	a9227a4a1b8303390da8b8967e2f0d91d72f0e7a759487dcf795080ff7306110
23:21	263731	0743115f462bda5cf9dbb5c4cab383496b52981a7ede1e8c9d7ea356c6b46ea0
23:22	83799	0320546340535cc921a90b5dc19655f11e2b95963812c5d37672b5baa45787e3
23:23	233220	c4770c1736db5d0bb9c7fea0022528763305eac5f966d4a41c83b97f461f6bbf
23:24	516805	dfa2b3a205b41fb2f632287efc7a60c4bfb2a2b7727daf5b70468db6ae9061dd
23:25	158196	eebc52bbf901cdc05ee5756596c3e1324273f1ff99ae485c1a7539d898a7ca29
23:26	87561	39b156d3aae5bce0bf17463b8be78614ba3c486a9dac90e6a5dc847282c74274
23:27	520776	1852a65f8e301f9c868ed0dbf0863fd748146c5cc5654585feb80d13c6c171d8
23:28	202291	b78d52f83e335370cbb1e7f72a3b0d9e2baf7b03dd09748c644e834b6060d2c9
23:29	160913	c8f3e8ea5823093f1372c41adef32a15bf02b16ee64e89945cd5de063cb1c8df
23:30	155270	9b055dbdd933171e4622689f09904f2f5379270fb6df8bf9216656bebaca53e5
23:31	120580	222607d98849516aaf0e81f48070627f8a6f4d5a87ee0801f260dc9c81e816f3
23:32	198111	21524c8b953b5102c1ee2934b194fb158f1234b3948169c00ee6f208b1d9ed89
23:33	410225	df6cb5f9d134eb121728e3ae407d7aa582243ee9d63a1e8a276ec937c4d4848e
23:34	121207	03773c84de889a99a39eb60a436eadb9ef46d1c4a791fdd76ed41e4c551edbd0
23:35	172616	630404191ab2f13e9ade46f20a955f2cf238a15010890139010024a5ce32e626
23:36	77948	6381b4efc541021e8717a879ea5acdbec8e1685187a97ebd44ff6bd411f01305
23:37	136253	5e620823c24bc03bac89cc5205b5140dd8e31b3944a05619f16f871106d3ecfa
23:38	146075	fb32b96a79761a67a3f5ff27e94cbd4d314a677495e479e42a261c52916035ab
23:39	79411	551a19ebe21d800a0f8e3b160ff84473064768ada0fcb77bfaa33aa89eeff89c
23:40	126431	23a3bda5cfcdd24914a2ff5ddbacaa05b942d917f62e0475a5c85f67d3477f70
23:41	181811	c03c08316d98e43c7c9cb9a0cb07716407a0f01489ab3f11147c024a03d5c728
23:42	111385	0017ae9ccd3b7657792b3e860bcf3f7451c112248e611e78a4fbb0a8acdb265a
23:43	114101	85b94295083f3d78884a86f59e126e6831649d95fd0318c0f0246a42e21fc8f2
23:44	341889	ed709328350be0cdcacb752ace4d1bdc3e7643f014e4e121298c2112ee0e0eb6
23:45	93412	72f0859b0a0c75a354040bce4da9e694862cc2c15481175cc68ff9a5ecdabd76
23:46	82336	3a6999954bc097dbef166fc14505039ccc3af466376296daa61c3d1cf2412c4f
23:47	92576	3215bb3628d98998eb109dd4abc162625fdd0972e4f5c5621e36d46cb973df59
23:48	60603	baa83e40fd851c31a5dacdef532d5d93ccdef55d87408318766f5e5ad6faa9df
23:49	79620	befbf48b69d49fa264cabc90d7ef36b683d1f096242350c60c891464aa2532dc
23:50	184110	984d0384ff4fcaecc5838a68cafde98a7f0cec67ffd955e27ed56f9940490e91
23:51	133954	15ce2237d240a4feaa4bb62a2352d4e333192512a060bea04ddadfa7906fdf4a
23:52	142941	3ea32f1ecaf0808e17b51fc463c4e2b386491fb5e1b93029ffee0e77797ef81a
23:53	129775	57dce3b0ad70c38546af622e74b8985b18d1ace2b034b0a19aaec1bd26e4aab3
23:54	67708	e04ff133c9dba73e5623eb0bb050e4601aaf54193b8eba5aff7a7f5b82bd6744
23:55	97801	ca444d6876a46a342efc87b700e94e969a9b007d7d984316f6d9e1d26006997c
23:56	105324	741cdd67e38cabef4261d2e8d2d6473f8896bf56274271439ba36c36124bc9ef
23:57	86725	9d6cd61ad0a569073da157bdd261a0ec2cce245508358cf0259825eeffdeaf18
23:58	74395	d4ffb180d25519195d70adae0e58be5f70d05372b9d898d9df22d9a9cd288d3b
23:59	69798	2a49c2def5339b2e935bc5a29dd07c3984afe31fa51c4ff9bcccb9811ed5e135
23:60	168645	6776b0acd1d20bcc22537423f879366f71e262e64ce4b7457c1fa22370a3cf3c
23:61	92576	16906634936e1e2b074596f92fdddc2768738e670c9cc4a8e8fdf29faba49543
23:62	146075	63bb5e01adf8b544aab7e2390d4a0efa9ccaf1ec2af09938b3ffbba6e896a5ac
23:63	151300	b10fbabdc367080cf7b2824760966dffeed7f67a159a0f55309e91c515bb856b
23:64	125595	564ec03a102ba285d52904435e085cfba3f1021b62beadcb2861064bc912caf3
23:65	100309	040aa891f1b43377fbcde2c61f20a301d4c42d72a47a28ace7454cba86740f14
23:66	133954	b96015b553de822d13a9f4c3aa1dc7e895372debdffc9494e8597122a2f69b13
23:67	71888	d527a445bcc6b44babf0e4bcdf26d98355fb4c497f54adf338b624861bb24ad6
23:68	140015	39648281cdb030dbbbfa935c010fe52fc0c53c53b16cc7750417f5847f40932b
23:69	89860	9ce8d531813ae533738bf1c58f85ae1af3c6b60885d1dc40f9b246cab2618c20
23:70	189334	dd2d3246799a5cfd0849f1b3cea6c4c1d97f3ff04749063b43599235e20322f1
23:71	236145	d5456f6257e9fb3bcbe91a2afd5f707b393256077376706c4e086af9ead42dc7
23:72	130402	6e7d3ab334d93ab0efea8da74cc2e46a8e606ffadd657baff40eb566d8f3ba69
23:73	88397	07cb72683de9fd01bcd241371124ac9bd7a3f887ffde20ce3c19a2853d6ab969
23:74	105951	a114241f2c0ceece1798e48689964d4d87a9311f4265f627c3c52c52fdf41b7d
23:75	152763	37923bd6d6cc2973f740ef13a7ad293de25161758443968fa632bff0a39e8ded
23:76	123088	b891174db2b05d5a57df6f6b932cf51f608afb1f6164de45badc9d88e263c293
23:77	173870	1733a3e4f75ab19049138605a0f0d697b0e71d4fb22cdbb9447a4ad261204f59
23:78	157778	7d09e97039095edbf1921d4f3d9c54c3e9942302b51f5bfee2fcdbbcddedbf97
23:79	91741	f768a637c26292cc08b13d7315ce2e69da8d7627bc518ddf154b6aee04ad6ba2
23:80	190170	61b0e1bb0972cce6912ab7e8544ce908cbb70bd5ea72d4bc287ec93f5f72a403
23:81	70634	633a256ac4b64e5a50fc3d4fd08c8c33e50cb5aec5738ba33fb94651d7d3c793
23:82	141269	f718cb92af48b9396db735b4de3ef100e5d75d4922e5c766c1b9fb6dc8e8c755
23:83	207515	2cc57b8d4fc16430637c19960e1e2428d4537165b5b2eb2eaf9d27a2d6aabbe1
23:84	111803	48ae4b5807d47a99e0dbfdab7f82fb4c1371e56c0fadc3cf78b4d4739e05c42b
23:85	105115	29e799eaeff6dfeeea601b831931c7db1f377ef5407849a012e3233381ae6138
23:86	100936	74f0e6cc56c3a729709c121b02725ca1dc38e66aee2ecc0f38bffa56dcd54b2e
23:87	115564	df5f5bcf2328e68d6a5367284f3bf960269ca741681f435c0512f560ad202eb8
23:88	163003	990c149f255716115bfd47819f4ef7423cceb986d647f19de0a7aed775a556af
23:89	110967	6a0924049e9a29169b2e73b306c42c186f9025aec08ee517db231af85b41fc51
23:90	124759	6aafc01943ef0cd5a4b981a8a4327048f14b5f8dd9ad048b25dc843dc3105fbe
23:91	264985	01d1703a4eeb1cbb7b3b8b0079c54e0a67e8394ecc30d604e3148bc0bb436fac
23:92	99891	41f393bdc87c4c66245617c3489ea76fabc6397463e4abe1958d9916255db493
23:93	98846	2084e7f068a9c80693df2f53d766db4f3b830f7ba551d20e4f93fd42babffeaf
23:94	84635	e6064be2a59a2231a67b5be4f87ed2253a1bbdedb51adaaf10364b0a9159940b
23:95	114937	534c1554a21ec45bb182f0cb0c256d96bb3ff4137d803e7cbe666eb462848a32
23:96	127267	e6404a149ca09d350cfa142114321a21a6fff2db4240e176035e74254732efba
23:97	86098	b48e5f140af2b4f92b329ef85a9d9ea7f4a7e6d1c51df190ee8318a7aa0bfd19
23:98	77112	34164b100069db813d56cf445c53d2143b136dd29305be483c633266db57dab8
23:99	117654	5d0e3cf0fc27a66cda77fc820239212f0bcc5b798222a7337eed867babb2ba1e
23:100	297376	a547e42305c74bbf5933958669a4b9dfc02483d8c9340a9c24fdf70c78fec8c0
23:101	148792	5593d5790861d9ce84280ce0cd9b5f87a35706ea4fb9feed178ddaf3bf496996
23:102	112848	846f15f8c60499006f7308b17c1520fefa47174f5d41f63affde1fefa1d8d070
23:103	180139	d4c62c3c0e79e68446eb424af2d4e68f728d96b5320381beb4e4f42f6f9c47ea
23:104	95502	b1764b4a2a49cf8aca7900aa7aaccde0aedc5ec836f46d526133e9aa81c51cbc
23:105	124341	8cd19278569cde9b9f353d488b392b9e3bb274bc394554bbd47270ed83ff77c9
23:106	156106	0a787d862569198f632f42ad9d7eeea2496abe1dd72fcbbf6d77f03d5c624865
23:107	119326	e4f350b957834e57dc2163a215aa139c75dc5af9fdd0e27fe8bd446e44a00924
23:108	86098	946aa3b7f31c4e3b6896d93e14aa5790a2970085efec655b685f941378aa791a
23:109	231548	482ce5484826e2c79311f9953f276e9514c70bdbf8e7bbb9896b7226b036a201
23:110	183274	7618ec11df804dacd4955b36de8d582d22cada293df3bfad004ca1628dfd313e
23:111	142941	bc3c591b3e2b8b563860be6da6aeca00868ebd101cf9abc77ac8bf3e89eb732f
23:112	81083	4ed6b56e7719e8a8e18f618190faa4e790bd589d960d7014468278b0399bf039
23:113	133119	145080a2793848ae5cacc7aec9b86df19a61671ed5e06d1d0ef338da4d0a948a
23:114	140015	4ccd5885a60dbdc36d7acaa1c00c329851edab51abcc3b5b2adacc5d613175eb
23:115	138761	fbe33f710c3bcec84e810208e06483faccc6b0e80db7d0be48a855614a037e61
23:116	166973	776df233636c3ded59a123d299982e9fd92d0c767418e701911aa9c406d05e13
23:117	234474	858692221acaeff1d670636b85d4db74a3db6a3fdadffb90eb129814b527c4de
23:118	101772	3e413f89c7018b900025567a707718a3634bf83dd11098cfd0562dca5f260667
24:1	212531	c39e4073e9e666ec7dda3b23ed7b41580951122d470bcbb770bfb31a7b7b9ac6
24:2	422555	da3a99e1a04b949686cfb2c33103818cc017464e25a3b7788ab8efc4df37873b
24:3	273135	d3acff66087a109091667648a368e66dc8d30a79f8accda7f57cff56a34957ad
24:4	323917	236c99593644f5e36f846aaad7e9f5264a29ee4efe568de1ba5775e866224eae
24:5	142941	13ee230fec18712be954cd0f86f7f03b041ae4760d2c9e0b331a47861ed109b8
24:6	392044	eaead09f67331e947e038dc71c0c3968c67a5b41ac33539ff546d8c541ba36ea
24:7	145030	235fa2bc5ce17b02160464483aeb7f08997cd46c115e2358cd1b9d7546ea83a1
24:8	163839	dbcc9da36857bf6c27ec126456190101ebf1a11a7e26ffd10d5ff6a69203d8e2
24:9	134790	ced5d49fba19453346665e4f2343127429a155c2aac03ce28888f681c2da4c31
24:10	166137	76ae6fd56fe42a882ea557ccd6d7bb70e953535894e8bc895ca724affab042a6
24:11	403747	4fd27f6043fa818b0d2e1fc8f213a7b98389811fda65679f0f29bf0a68651986
24:12	222562	d20354fd8289b564c71cbadfdb20444617f924149094ca52f25b90abd5407614
24:13	250983	8f2f56ce4c6a7befd01891b08e0190142d683c445a7fb5319908e05d6598fbfd
24:14	226114	5082978fa6f58c3d37ae10c4858d0bac972fbb1313aa87d6daa5844ec16eaff2
24:15	271463	00e4d48aca52bea1bb7f440661c9f3d935d6fa4be57f0ae359b0469926a46c5c
24:16	221935	dbad0e077a6a1592e65013fa0ba35b310ad71ffc1de270f5a84644972ea5262a
24:17	158196	bc755f0b66e825769cd6e247e02db0cc187bee1d9d4d66e76ef31a104151a62e
24:18	137925	7a0e5e4fb0e044aa085a9966c025c4200d1f618851093c0dd75c2d4f0838f0af
24:19	303437	0afe3ab4d9e38895b90e0f349893c904818828151a82118a115e946d750f20ff
24:20	179303	e3db9a4e6d8911a516f057d103518b3bce6f0f734eaeca69d523f05ed18cf813
24:21	601860	022479b7f8d2183795b8e9b70d14fa3952235c3670941f3b25d3f0acc11432a8
24:22	411061	815fb1e78456fc375e246c3afb54b1229a8e6f1cfeb7ded4585fe432c11a4b11
24:23	215248	87d44fc7cb7f2ef9da6330c900cb7c7d887dd6677e5d4474bae8e1e542bbe339
24:24	162585	86432b85608bcc61a49fb29f22646bbfc0452d4090c8639c22ae9541d10681de
24:25	190379	4911295e47299596bf849e241dc577ea71aefdf7de4b1b9ac1bfa83947c0133f
24:26	411897	3c040b0851460120facdbe7c42fbbed20b520f73c4b55625605b6fec4f87287f
24:27	324544	e85f64308db747f6aa6bfdc1379d28baa8670b8c41282c9e111ef6a9f7409cc3
24:28	334784	adceecc3fb39d78dd07496e24ad0ce2e9196fe1db33689f6d60bf7cb07528c09
24:29	262895	fc21d6e468ae7b7055a499e384b2c95998fc498d9d8b92ca302ad6497eaf3695
24:30	280658	f88faf47c32d718bc1fecf307a14400eff0d82ad7cad9ac45b340c20197114f0
24:31	1532446	00833c1d705bc18d9ce1f6c7cf95ca805025718edf19b378a9007e5ad1f6b30f
24:32	336874	62e0bc1c7f4d495bf70fac63284cb76dbd5feb8c15998adf089d927fe2b9b2ef
24:33	816900	a88460d1bb5ec67c1f63d6a8a99afd4aa32e300cdff40e2139d231e9e926c51b
24:34	235310	409a6f01829ca50e34256155cbd92078b9924fa0133b40aaf883c986b636ddc3
24:35	695901	cd611eafd7333786aae5aec6520db208835bd75ff7ac9c64965f74fcfad551b2
24:36	155061	fb1e53d23bf7cbfbe3051218850946514ccbac8c597404c86852f7e7b23d03a2
24:37	264358	97d96af7687f99e3785828fb6f4aab654ef82c2cd7409aff0baa1af3fe48ab2f
24:38	197484	18d62538134226a6bafcece65edcef06fee5661236af0ca7591ed218a5bdd8cc
24:39	408554	e5fe4627a6e03843afc3bb9252b926607ee8a65cac3ac6726ce7ff172533330b
24:40	412315	bca4d02bd96c6414c106ced66e9f55a938027b5d22b1d26825005d1094678c6f
24:41	294660	1dbfeecb72e4348ddd65e834078408ebccd7b749f9528c42aa0a44e247edf277
24:42	116191	330a692c974cd5ad3388fccdba4e02ab89d2926dfb0c0abc1f2c4bbdded791b5
24:43	487548	90adea0b4aea1f90f7455fbdff4cb45b19d58c23c23ef0883eb0ab49d9071830
24:44	153808	a607da0b91a7be6235461fe2ac55ae51e518b87be9112b0f16dc9a551903248f
24:45	445961	b7b14d217a4994c3200dbd02403a20ddf0c9faab64b3c1f173799c5a8aa882df
24:46	221308	b212e90c5dec0e79e70457afe7a070c0e0c19860b70b38a4bb7cfc6fc08c9233
24:47	256208	79309306e7d3661ebca4de0a264997fe616f8a72647a3e2f020d550ed842c7bb
24:48	160704	952d669e43f291d418eeb0f412f573678636a5e785bdb66203ee17a6a7367ecf
24:49	109922	12085e1da1bafe65d72e005b04f4adacba8d9c2586d35df0e89ab99d0fad905c
24:50	249102	c753a436e5e1a5f223f206abb985829f9b8f3a10ad384d4042f4abd256fb4a98
24:51	269582	b75e4823762a887a98ca86da9e076a27b7cdfdf9e3cf9320686095d28ce1d3cb
24:52	170108	1818bfdabc9b4dd3be0c08533572c6fc807abf52af7bfc0c7ddeca906f809aa0
24:53	273762	8abcf4f774ac2884305580a9bdfa12c622c5e4a74ca5b135c0e3f1257b51f4ee
24:54	331440	012e7a10f019be23c1c5299caaa2501efeb61f4799b5dde11a5073e5a128f1ff
24:55	577409	a8386a83d15284b6ca4100120b0199e4c22a3d3fb0382871ddabe7e61e8020de
24:56	132910	81b3f66e9299ad7de76ddbb5ddc31b361852c54f1c389eae5e1157c84cd9ea06
24:57	195394	1557f3a76f21c874586025595394b93b5f7149a9acd83cad1e21c2066f8bde14
24:58	747101	ce3b22458bebcc8a7793242ec0866f1a97540907f8fe65697f212d60973ed389
24:59	274389	8c4b4d59dffa6cbf8ae3be0e11bbf6d1f7a35e9d15c58a7d8a44eef8a05d4988
24:60	402493	0d53414596d25ab3376061730fbba0d596e5ccae26587dc35badc2fe5b150303
24:61	1207901	11088fb3ad2c87ab83052d259483e4850d94908e8dbd801daa32c94966bc21f9
24:62	607293	42e0ce4dd5f386ce4bd58fac6b544ff0eba8227ec88eab92aabceb5eb6e175e0
24:63	408763	e33251c6890e68ad8cc8435d18929221f2d3e7d58f9f1f12c0381f77004cf348
24:64	300929	76cc58564a522f193ab4daeeca4ffc9f2fdbe8cdbc618e417b9e769fe4e8a1c7
25:1	132074	d6b5143e7aa8038bf534a161743ec60c6727d12b1693c5cc329dc0dfbee4b73a
25:2	247012	cfa99ab9b75fef986845ae9fd2ba45db9dc4bc0c8e8c5a8d640d9bc63b1accf5
25:3	425481	1e2cfae3377d40d78819ef93aa5432f34d507a84f55e3f60fc08a71a7acaf846
25:4	265403	c996310327f2086a4bb2ac0506a2af8c0312838f4a021610ffc063a33fb8c91e
25:5	154434	dd6cd44364aab40796637a858c5b36771e10233606bb58a3ce6fb992edba2fbf
25:6	183901	dfbcc58fec8979908d5c0968133b309a4d22829d8a85ccaf16757bfde5a03661
25:7	224234	ef575cda4507ec031a2a2a40daf9e03fec8cc6290f8eae4771be8aa1e4d91dbf
25:8	254118	10e6cd51ad34a3eff951773323ecc91982542fabc168fab2370ba309c648e9ab
25:9	132701	628f7346bcf9f822626893405c98e54487358a319ada1c2fd56732f82a117f77
25:10	259551	0fdd8f137fe2977063436947acba0751c3115eacbb13407e0c173b92e0fa87cf
25:11	132283	0dadc1b51f7d4b7e1ff2e680aa7c1a79aa20faabc8e7d00e44aebd330c0b3947
25:12	138552	a12801669951b999e9143d4971a73ff10b1b4135b72534dc1335ef3652c192e0
25:13	154016	399c7deba5b475ab16dd61773d632586b4d8ad9aff78467d5e0d0f812ed57476
25:14	122879	c60eddea8a8f1259381aeea2ae83f98300b59ace48f0f6ad162d96a10b2e4951
25:15	205425	c421ff2014aa11b332f54cdde01395b53debc5e7040fb92a3e0302ebf269f545
25:16	169690	1c6e93cc5891818aaf5dcb40fa6bff96f41bb5dc46c0772133987f5b56416a29
25:17	240743	8935e8f2a8638c63304c64abd11fc247098daf5957bda55c3c41e04b8e0eecaa
25:18	373027	1a74deadc5ef2d2d43e1929411757f7dd496c6c626b31f7803cb0ef1463e42a3
25:19	246594	0ca5406730337b16c114179f3c8f1069eb6c5f989428b57610c5be7b7a935e5c
25:20	384103	bb9527d967371a243c0d9451596f72db6bc38551927fce9209aba40c47f9191b
25:21	310751	11711dd28b59c027780ae65ecc230be9feba42166a2fc90d7b048a415c245a7f
25:22	178049	99b3d2230629f68b732e2d37dc7a606046b0458160c054c13b37a78feb3b0d92
25:23	170317	ab64bf9f49dfe86fa481980f68c347c031258e5b97524a8f8b1a6394e89fddec
25:24	143359	297a311cf3372b1ffd95b0c6664ffb03742a6fedb4d7d9bb80ebaacf604d5e7e
25:25	138552	8f8868c2d96d00c150264c39f344957439d8cbb3059979489b0333fed90c9875
25:26	170108	cb007dcc9426199ba31d528c9e5b06ff71c10e825a32cc08807bd11c8cec963b
25:27	151927	cfed31996a38fecda270fd02fc69b43fdeabbe40eb532838236acc61c3fe355d
25:28	103652	7de713e195572e4934873cbb4f55eabc35cf2ac4a917c5fc2526b2a792eb20b4
25:29	180766	c40bc4ee91adf7f1b5231518cd8ae07366d4d4d19703458cb0aafffe953e3417
25:30	155688	55cb44a9edd895a6c1ceb0123f287601d7b404ebeb9b67ea0ca307398f339b1f
25:31	225070	473cb4124e31b712678df0bf2d66ac91495d7552595b305432298a51e5e480a0
25:32	249311	d3f19acef009efdf4f625e7e50332f629f3db213650e6a9fa2abf9964f240c19
25:33	132283	f399073dd4537dfbc494b88d3134fbb2634d0f4a6a77864752d9ad765e653362
25:34	195603	ab1847c55d698bab0a11a8f0bace6511e9ca472853701476bda4a972fce04d6b
25:35	145866	972c92dd3ab019e8b62b73dc2e3058a0613e4d11e3790e2529d96014967a026f
25:36	164256	6154a99e5fe59a36eeee266c5bd69b2ac04f26c37aa11b11dadd2d69fedc36fa
25:37	241161	11a3565f0bfe3a413eb5896dd9124f4513615c074f7b9dd62f84f3ed496c2dd7
25:38	140015	0cef3c1c172c41686e8286b4c0dfc5a3947c99fe872b21124f2e8ceed6b698fe
25:39	127267	b11cffe4dedbe3d51ab835bde4a9f60ec48f300202369c5f337e36d6a8bad7af
25:40	259342	e6aa1dd79d6d0366fdf7a96e32932a597f5ff8d1771565c9e1018219bb761468
25:41	154643	462e0c62e88aa96c10ea903bebf4503e93ec90e128055c67c490413ed88df9e6
25:42	259133	873df874999bd9fa7db84b41c6be7c74b224d1bc05ba9e8724ebbdc4dbcc3f30
25:43	140642	933021d4d5768dcd9ab538725b69ac8b73af5b82a4ae95ec32a10f39269b412a
25:44	202291	e81c1aef0a77517344dc0146916034ded0ad7f3cd7f3922d0c389d7ddaddbfba
25:45	209605	080ccc2017abd46c9677d75f78b5eb536fa497f4986e72ba69246835a635b7ca
25:46	101772	f6f0563f0945dc5b6d26f362d87a85610ee4646379894a514d86b62542885b4e
25:47	107414	8afe2779c9e285f7b630f36d98fdc2b7083c6403b1bf7d9797ea180028429692
25:48	179094	aa9dd10566f23ad7020614c5c254edadb39353d850f2254acb0ec0f015ba60f5
25:49	148583	c3587ff532ce7fac62402b338986bb7220e43222581da2a3ceda0b84a1e4e60e
25:50	137716	34546051ab4859444fce13336019774d48cb838b36550b7489a31db4d3bbe9ef
25:51	85262	dba5cd6d7361beb6b13b3b407f0ef104fd75ebd5fd20a99ade193bf2439124b7
25:52	91323	f2d1db9c0053157ceaf2fd62903e049d21e07dd92570c08073a24cf155f551dc
25:53	205008	9f253cf95b9b40aef2bb0d3165f1f1c5c8549c4027ca2311d44df5d0165d6787
25:54	152972	517a9bfc5c494cd331581fec710f4edbeb7bbc4884c7d8904bd0b8d6f63f9ee2
25:55	177422	98b4d6dae48f8de9452cd8c97e705f268a15ce51f371f66c995bae35decf5cf7
25:56	90905	e0c509225d564b78b197f1cb72099abce7584b6714a09756ae84f4a2dfb5bd21
25:57	172825	162b591c1225d5a304328771f322018c0066fc2f0b2e8f6e7f910973f16d85a6
25:58	169063	cee619405193923b736e106cb708345c4a474c0daa570dd9a2693dbe10bb4569
25:59	234474	27980e95b4595fbc3e96a02ea0fd43681d22757de8a51495410d7aa66db409de
25:60	191006	2085d013cc1482348e2242e8c1738d4b2667e7877637d4af347d9ef3ac70429d
25:61	164256	85a727e28724f96a6b94f565ddc7adb7561cf8a7a42c8a200674861401368ac6
25:62	165510	502fc24f6257faa228100a3a731c023cf05296702fe3eb416aab20c4dce72cab
25:63	181184	449559837261c8f2022faefcc0931f2ea99de45cc209a89179c634e942db7157
25:64	90278	5ac672b698e6224fe042b67269a9b76e0d37a6d8d5b39e0c9baac388746856e0
25:65	166137	2f9ad8f62528613a401f42e9f5c03aa027280ab9e8d8563bc6612f9fe35a3645
25:66	90905	fb65c3bfef67e73681834b9cbcd7a8d6dd433ea1f7a933a36ac2ac0f6edd9537
25:67	163003	796857c0fbd4957050a7e0b89b49a5164111c86d183bd7377d939c1d3a0ae3ca
25:68	292152	c29ae3d321d76e4bfe07f0266bd1f96cd98924125d5e2261efd704541d86479f
25:69	115355	5acece96c1779d8f3d9ac40a6d3b7d0e2022bb168cedeaa1907cb3868d93527a
25:70	285883	3dac2416b23537345958bc61da52e6478941e8d349fd1d45175908e75ee6926b
25:71	123923	03cd478be6c3da64e568900822209ccd01d05875f9471163586e4404e2f41015
25:72	132492	861c6ca4d5d5ea41e3716172b97a2c149d4a1588fde0547da4c3e148cc57f1d6
25:73	164465	cd66dc61698bd0cf35ec73b9d026f055a101d27be53000af2257462654522bc7
25:74	224443	5aae28efb13f74692a61c499cf2b7d69f4893f4e38b7cac5bff326f1850b7f5f
25:75	156106	b8bf81cb32312167dba7b8b15402d022ada96983396d1db947d7ec7c77b432dc
25:76	114101	2335f29c7bfd09c064135e3275c9be92e7c39c3c162de16fd23ca145a1448a95
25:77	177840	eec8c178435ffee5ebf6000edfb9a1c59d75b813040a0010e6f1d301b150d665
26:1	80874	16d53b982694810aa15899af1e64f4a487e45360dc1898e38db367ebb45eb4a7
26:2	72514	41d86f8c4a63b23cf89c9c5692836311b9f0d64bba6110b97b56a81062740270
26:3	107205	e4edd9c8a15955f56aa7d7681097378136988aa2f5bf95a22ea38d93ba59f1fa
26:4	178258	367dbc19e7abde658268bf1ab9d8a04607449b5e15d876429e62847dce8ba7dc
26:5	168227	ff3bd84f10549056985eae461dbe851a7b738ea15d1bc1212b8ab37b0dac2699
26:6	142941	245c2b896a7413afe34f1261fbe4ed6d21469ab16e01ad226b4846c17c728b68
26:7	153808	21335f794c35a0582cf380a0a3aaf2d9dba1c704b69dd05dc8e8b59eb8033839
26:8	130193	d46c54a4700b08ab387cb5519df199f9c1b6bfe9c2bd29ee137cf02a34b4d3f0
26:9	95293	1acc80dab03eb7e018cbc8595d967567987f4065d036e201d944a7f9c6ffb73b
26:10	130193	b1de1603c6bc8f95369918ffe0ef42da87b5698ca8a33af92e5c40bbfb3571ce
26:11	97592	5597828f9f6ce545251a2e33537c72ec6deb84830f8ec03abeaa0aa86acd5e60
26:12	100100	b015798ca23633926d57c3a0cba20828dd29076917bd251bddb24e498dd41885
26:13	137298	6ff5dc748af9183a910168fcf6b07664535cd998003dddcc8437da8a7db6d0f4
26:14	107205	bfe654deb2632596f2e254945c25b4ce88875180624995949650d375c8b3e879
26:15	148583	a48ce4643ddf235cb83a8938cfe3fc48f1a27a4298048dd9a099585200c52057
26:16	124759	93440f4fe4168afaa68a36874de25c01ecb3ffcefbca15abc26bf6ed099adc12
26:17	92994	685ffe065894d53c69b1ec6c7a76b8b45469a69bd4f63c5d1a9ee09d49238df8
26:18	138343	64462111c735f8bebe2756252a86c7d3a7baf3954e021633c80b9d4fd49ffabf
26:19	115355	370dd083bd339f7d1b8145a140a54ad0493cf0b49df12d78dbf61c4db7579bb0
26:20	138552	849d3c2d50cd432db3ed1a1583ae13b92b9fbf6e5ab54d2861d9100e6f167998
26:21	170108	504ac3e89c4a32b042c6fd6ad72f989009f814aa09d6e0417daa8871b111cb34
26:22	160913	a9adcdac5716e3f5c2ddc1894ccfe302cce1c3315ba0b261dee658ad893b5b06
26:23	82545	920e1a6482f5c2c1911c7d29aaf61ee3507c89f7658e96af8c2cb54f2171917c
26:24	161331	02913b25a84ea8c9ece2f9ce97cd958aac26a03c9e3d0cbd9d4e8e049b2bde16
26:25	96338	0ccc37e23fdcbdfe5616c0b878acee06e1fb22ae0f5e1bfb72b56173f6b2b4e1
26:26	105533	73cd93bf58a1b62565d45a7a647e1caa62780646710e1583e7b2659c32970920
26:27	127267	d3839a2155253599bcd3b05058ebf7336996a3fad6870571acbd5695d39648b8
26:28	147120	26135ce2c922200401a7d39723b6698cd3b2f7c9cad49bfafeec744ee734d6f7
26:29	137507	2b7d83eed88a7be6f33a085029828abe91980c44fb5ecaed923a5541dc6f4375
26:30	95293	bd503c029be7eb2cfd38cab49199c56649ab1d161867c795cce3a7bb285d476d
26:31	109504	9558c3fe510d1c4882ef4d9ac4f6e9145ea8eacc3ac576ad5a747117b75dd0c1
26:32	103443	44eac387319594c3478de9f458f4460adfd8e3e449991c5ce9b880b5b3a3537f
26:33	116400	fd7efa34716474bc1ec2eb4510e9b5caa0b430279cc9afb9b1971169a1629763
26:34	117027	fce83e7544f8f741c66f3644c5a4bf5fb04bd29bd7986e96ed7ac332f331a050
26:35	129775	8a5891f904dda2108b0b6224dfe2a698181a4988ed8557e4c41eee873163921d
26:36	127894	05ad8395c8c62a38abba245beda49fda1cb9695a84f002e0e32f28c5968db687
26:37	72723	1e6754ac61161450528ad2312d973e86f8564b05c2583d4ab9ca6e318993b78f
26:38	99055	a4b6a9b0092fe9511f46b94084408d6986b8007ac134cd2daa1db874978f01e1
26:39	99055	b7e903ac7c35b3c0d1c8ccf4bec2da7deb8decfdbb057558951e33024abd5f99
26:40	122252	2d0138c2f3d0451f0ab373445cf1b88ad83dd7eb904e4d24b7f857608d56726e
26:41	198111	d8de18c8ece497872a03a34ff7074b8107869f3f03a52fb835c2e893e651c180
26:42	106578	2adc80aebdf4eaf66e2b4ad305f037a4c1b3ce2fc8bcff41f11e1b35093dcb22
26:43	127685	4346e8e032d018955267c69cbeef7ee558532555083b16ccde3ee7db913941ac
26:44	174496	d2fbe53a35f9097ce72aa6292d88e6a6e443c159b1c1f970006ee80f24b46c6a
26:45	120580	9a82ecd3968dfc4b43e74b596cbdc869e19055c219497745f3afc25a3c831dd3
26:46	66036	470d94a69fb00b6b1026a66de252f2ff2f50e0e2f4094afbf912661978b3e27b
26:47	90905	74368951bb6e49d8daa3f2f82ea59c0b2f20bed071bad5456ca3872d194ca3df
26:48	68335	da95cd0f0300fc7a4581a4ff796987e165976042f277ec964f0ca86d503fbe66
26:49	403120	798bdc4904171fde952fd3c5e24c68effc929b37ae981b659d78270a6ce63ce6
26:50	161749	b065a19ae5153c201575cd9dcfbe1a5d745eb973636fe693011944046f95defe
26:51	204381	5bca2ece212ed3bd001851537919ec5b12ef279b330e1f7cffe2529010ef9a8c
26:52	178467	f0c271fdca54e8ce49d73958d518d7f6cfee65756c64b4f2b4c31304ae216621
26:53	103443	19b9db9932a5019a2a054be15248afeec9933e215d4e406f1f1faaa230634fb5
26:54	107205	f71a67699a0d61e29883de695e4590185315f2aaca43906d5c697048a1b82d53
26:55	79829	601f93531b89f8d1fdbfdc88e0be817e9b19c870df35396738a05072c2df7c35
26:56	81710	cba2dd48c419427e1dbef03ce1ed9e8e7a489b2220d1e1c7a9520e8e2892b569
26:57	104488	faa7e3b335bee90bd0f6e07d7fbf867fd548d040395d8d441b9070748ba6a4a2
26:58	73350	a1d7ab662b672f4087352708ddb5dad5db1048439f7493e2293b9a9a9ee32457
26:59	108877	db1a2141d04a725a65bab1d9d28f889d9a83e5458c114c560c54c069f7acc33a
26:60	85471	90aa9ab7eb0e73fa40c1d9d9bee88e9f69e3654250ecf24da050ca7043cffb58
26:61	161122	5c617e245c910f517671c86a15da13dd941f6a26fc69182228027b91582d050b
26:62	111385	20ecc53d5871da50f56f04ec99c4ba88af6e2465824361db88f0ae6c53fb4371
26:63	221517	ffc262f34f06ff3f0628bf4b4558fb2105ace0d6c6f0bba52ca2ea640fe8db53
26:64	77739	56b96b0aec1edd76a97c9410b3c73f3a32e9626654c941e4eed274c05713d6b8
26:65	101772	130f473e8907b076c86caa6b766e356ccc6beab1c70d4748319f31ecb1509d74
26:66	72096	c5c9101a6c8341b80ca83d4ee2f0bddb422bf7dd64c7b8892a13f47cce28ec0c
26:67	134372	ecc004d56f032420a61347d34fe01ca91c1b2b9d117d4a8e500a4ec0a62ac06a
26:68	98637	d2131f3383a3b31ee90267940b0557620461370a0094e74027a99518d2758769
26:69	70425	edce2f8ad2b75b9c7db16580f345c4ff6c39a6d1200597e07898f86321aac9f7
26:70	102816	21f3a09b283543ac219f4b4d64a14825f67d76776d8bd3cc723f576fc52059c3
26:71	114728	b4eb671da53616803c1935498bf83ade81ef54bc1ae5745dac53be6059ccf408
26:72	81083	3c30e5d56d7b9e1302bd93c23c7e3fb00dc0074e165cddf487ab9c85ec3ff931
26:73	83590	80e06bfa18298cf83617ee608a6ec9fb4793310ba651c094b69f66fbd569e895
26:74	132283	d0708fbaf48e6b30d3712a5909aa644792522e20380a9942c2637c29447d1c2a
26:75	92368	f0c275c7560f1eac92aebe0b9588b745ad34b69d39bc72a7172bbb7c65fb9d7a
26:76	84635	81c7d9adf13314bc1ec890b6535762b23dcb6b6d8c23a5c8378b77250e9bc138
26:77	110131	219b763202a4e80d763bf86fd26df21621159690b38f39818f4c3726aaa252c5
26:78	71888	1fcc9b737164294cc71e4f5bd8f604e99722e6f849b28fc86857d041351f0bb0
26:79	74604	01c3e7234d47a72bfa1249a0feaa9a36de986188efa8322f33ce984514e9642b
26:80	77112	6a26ee35a401389d010b84d12a3f51c880b1b828a1cfc40e39789c825278f421
26:81	91741	c05d8a22d8e804d575644bbf1dd30f95d2ae0f56a55c107d8a635736f6a8dd79
26:82	146075	895b3d04c8b4441d624ea44e5460cb8b138249444ad723e9b3a8d40fb36f18b3
26:83	108459	208b576dc6ffcadfd06dd70844ea1a744dccfcf9e31fe398504bc1b3f14f6695
26:84	96756	c6ca357d5bda1400702cb30ddcdcc989984379be2c6779049b338a3807891a37
26:85	90069	0257a476ed2f91a18a30de94a9cdb37d86158d21ed9c01ea7d92fa301fd72abc
26:86	139388	9dbd5a159500fdd9b3a56c4ddbfab54b4fa3fcf4705e06aad408ec2b920a13d4
26:87	75231	c737821909f8fd74442e41e5c3831a3b2aaea0ddfa32719f4fb18b21a116d070
26:88	89233	8cc2a51d42adddab68d03c5d3bdcd36bd7c4f8a6c1ae025fdb7503c165193cc6
26:89	102816	3f95b1c664e8a4fb3a54aa512947727fc18c306f47b270b4e6d75f0a3e92c5a1
26:90	86098	41fa21331709742607fa7eb686f9edded0f62a6ecc925f0da08c511c1fee0a84
26:91	85262	d99e0c6e871a43e2e800829b4ed21004347592e16696a4e2c921c58e5813612c
26:92	87352	f26eca04b1e59e0e57a331d2b9c1e83ebf82a1bf3608337593b134f393639cb7
26:93	131656	7945cc1ea175e1240ea6ebf037e049f98a8e2d2c22928a4acdac64e28bf52a23
26:94	82754	4cd3011052abba2d387a1591ed43e6e46eb6b1ff1ac40da3cd4fb08340d36b00
26:95	66663	d2135dbef3cad656b9fcb707b4859cd35260430dcc2d932bc795ae6babbb1239
26:96	76694	3cb301eaf18b44cf90b1ee3cb7ef894c6a1cf14c6173ec97085ff5ce577e1e75
26:97	99473	fd9cca944b9bdf52e5d2ef8cec6a44726a7ae35f856504b5339bc223a63d4f3a
26:98	86307	caff79497e6e7bd721c2d76b200e2054f6dbdd0f635ecf3ead03ac93853b61f8
26:99	94457	4e54aa2a25a412d6afd534c02d8f28468ed8585d12ac5812c323fc59389bbbc4
26:100	78784	f0ddb1f581d31f87e9fb7d4490af37acd7e5f9973ec3b5899b3610447578a8e8
26:101	59558	8ea514884d5f42efa3f2fdf6e6e50f3daf395e4ff9acead387780519d7a35cf3
26:102	108668	6a8f8a26b5528e00addab54dc7b2289a5b332f9221fed0e2085b372b998def34
26:103	141269	2d08935c89bc5b6a85d62d768d013268386fa9129bb31f5932e5e121a61add69
26:104	95084	884f62367d9dc31771d3a442b00ef0f37a2413becd115d1c1a3f0644de7df357
26:105	73141	280419a71c3cc64d0ff24abc4ea8d404230d1a286b4bc4345a065405ba493a64
26:106	94457	8f7f230e50ac0427664f7dc0c740164dbda72d933adf261eed08063035f3ea0c
26:107	68126	ffa37d51efcb357cc9353c6642f65d479a1ba2f2bfa96c9e08eec1f5b59a755d
26:108	64782	687d93659d0bd5c8b82f8a3b502cb66f9f7e18d274f1a33da3b56b46737a6f7f
26:109	160286	27a29de76d22dfae094c0b4e88dda2da591464b66cfdfd6d5b1604e5ce6fa53a
26:110	95293	01b380c7e9a7f3df2b2719b31d5ee21492598313b3c8b4fde1fdc44fe026983f
26:111	95711	1ab06e05745003923b06c6dbfcefe453b8012fa8bef4a7c452622b88c40ef95e
26:112	91323	2a17c3be161bb7ac721be55fedda5ed96e0cc56851bd2c75a29a4a21203d0ba1
26:113	115982	67179aee3d5b00b5157bac2bfc6674ce180a721951484b0cd9b93a3773574ceb
26:114	77948	e28f68d6f0adad492515ecb3aa820f8b51fdef29b34f04302a2542a4306c1e9d
26:115	81083	22bd92edf3eb1c118d09f62ca10f3ccb2c4f5739f4a4936246ee7f35edb3e448
26:116	139597	6a1032aa526553c70689b834bb92a7e620bad10c218564af9703e0ba617a241b
26:117	85053	8c9b3a65fbf906fb9c7cab94acd9def806f55ce9ee6bef129676c154e72697cf
26:118	139806	e53c9e8894f61ca5ce5b837ef7e96ef04e0ff49de903bf5595e8394884616f1f
26:119	102190	e9870234f99acaf9da90bd691e37e3eefffc458ed6ad924ff67c42d8f0ad1c49
26:120	88606	3d95d2cc2f58e97f9563f5f9c654bc16d9b6bcb992e8e1485909afc1108a6e78
26:121	138134	22c59d5eb0ba971f5af889e8adc11dbc806c66e716165144ab8f6dc746bb0386
26:122	95920	e4fe5cc55005d2ec107aafa6504fc5d4109f9c65eb48a48cc40f7406f8026c71
26:123	62274	84f3c41eb8f1d3948fea15fa9d59932b48bf06d9bc875d442318d1443aa4e46d
26:124	94039	829ddd638b7f666327f95b6b79a719dfbb08580bf1dd527d9a0242f9deddc68b
26:125	72096	19375c37c489d4acd2eff55ad4700fc813d8d710e7914351177d440665254774
26:126	68544	4b8cf34ba535fa1dc34a9af13331d126337cac4db0649f1a8b0f5d1a2231ecdf
26:127	173452	c148d5006ab5835c42a15bfc350a1174ce6407a59a20bd478592dc90c19eae41
26:128	105951	b3c890031990dcb7544cd31d4c1ca98c14cbce5536853c600d81944e11e3bc34
26:129	103234	d5c8eb5964973b4efd3ef0804bab0cd73980aaae98209f1058af279307abfe79
26:130	112430	9edd3a92681364fca080b2ecc97e74f2a143ced1aaa61993761de5f008d0efe6
26:131	71470	77593912619129ebca1f27999930973269b52d6ca5decb6126d5ae19d29eecb6
26:132	105951	4266e9464e2f47691d770999fa6bd524e807006582984c6da93f3c2aa340dcfa
26:133	87561	0bb88cb2a612ae5cb3becd77b420c98fb71550d3ba6e1b18a79abaece3b310bd
26:134	65618	2e18a58db114dea6e01020eedbbf3aa16e51510fb2ae2808c5df6eaadcfc39ac
26:135	120789	c0e33a9f3067db19b28290c3bed308ad9243f7ec41f5119c56caa5984535c391
26:136	160704	0083b55c245be9b6e837e738047b8529943101cd6be75af322bf109e9ede9011
26:137	94666	2ca742e42c07817f9e151f8dd235de9bde8c478a237fb0ae69c66b77bb8f4f34
26:138	65618	96d5a0845b00374524c4d9b9980e64b59c76f0674466d9120ca33559506fd0d3
26:139	206470	b00548edf25f6611be7a92f8ef5ea96a47bf76ccb4a11f34f8074f532aa2772e
26:140	115564	f09668170f85ad30b184d3e0ca2bab3be0ec09f727c7f51edc93b93abb2460a9
26:141	51616	377f745a818f7b9f4323604672bd9c7c9f0b6d2f9d8bb480af01c7a0f643ae5a
26:142	68335	e6e2ef0ffb79094ffc0cffd38a410dc6c4a2116a74b6e46d4c8ac308ee9c3826
26:143	54960	9b2adccd336edb6dfec5db98d622fc3323b547c480e26a6786d499a1aab8a2cd
26:144	48691	1f34d324e21e64a3f2f4ca05ad0fc3f805fb56b2cf4d7ebb2a4a474c6086fbec
26:145	126013	86141510efaec44f3fd0f81f0148c941d400ea9eeed2d4882910e5c5c19c07d5
26:146	83172	752b3aa3761eaa647ba2c1a138807fd8909f529319bf1b9291f102076641c454
26:147	59140	5213274753fe0a6d41c608545bad0fefbd9a58370a3ae16e3a1b5e00f9b92d20
26:148	68753	45f1668b50108ae0fd5169bbbaad1261e515905e046cd60089d6372f07580bd2
26:149	76694	32841e45e2af488d239c2cc361e86188e1f8d7234f63a7971446ead867e4c7b3
26:150	80874	a86eaaaba0db78197174cee6e67f7b503cd3d178eaac5ecb88e1dd87e1dcdbd1
26:151	70007	4d1840d3f4a15f09a3296efe55805637e7b6aa1ed2254e7a43d327b509f6a69c
26:152	71261	4f5f805a906dc054c4cd33150995ffed66f83f7e77d076ab8545a2a3d1c31c77
26:153	104697	c4fa289043ab825580f7281e134adda6aff264a38bfa1d5de0952d2f2ced1a00
26:154	147747	ede4c99b65318cac95897ab84adac73043456f1e7f6c75decb975692e8ba4767
26:155	104906	25031de258957583bc7da6497a0b91850babbbc2136c5202213342c832ef5895
26:156	111385	c2a3e7f8a914a7fce8ed7d3e9b2232b12a57b1cc4ec0d065b559e6615691481c
26:157	69589	f6cca04197faea44cf255dd9022c4c6843e466efc40414c41e298fe58b106992
26:158	148374	930017a0d37d88c2f70408d5d3b8a92a56d00b629851ecf5a990ed03291b0585
26:159	86098	1634c1b627db8d406d8b4c698cd790cd282cd4a2c7db6d045e08e8f631747f5c
26:160	74813	e4878e438fc9d1e47aa604b0c279531e35a7992dc4e100e088f7bb7081760abd
26:161	84635	91ba859dbb794bd9f717372103330267457a8a6d749801c4265c414c4afde57f
26:162	63110	cb8250c831f284a9bfc2acae019e08cc9113922209949dd36f4c60dd1dc8c3f5
26:163	56632	485e094d5ea257550d99cb263afb2b34f0d0d4c9190eff51b1369cc5667096d2
26:164	156733	1d0114d9c5f111dbf835e6a52e801209c0e5eb49a0f353cd5a516c4cff563175
26:165	65827	b60580326dcfc41cbfdd82c23525e5cb9e2dcca09947bc82f5b31b6246c8c7e6
26:166	147538	c6c90dc0477d6eec74a0c911a1d66903eb1d7756cd17e768bbfd18b8ebfc8592
26:167	114728	a90f2c851d853e38ea76f2abe53a608810528eeaec6a5cc79e9d36f701abfcd8
26:168	83172	8651484a9f36f384965d9980fe0561aea415ae9c7107499f158cc5cbf7a32c99
26:169	89233	3d4e39f3be2461bac6dfe26926ac2ed8133aaaeb72e2237e6ec8121bff1d1fd0
26:170	88188	f362b2311a592e92ae9632f714be23e7026fee5d343afff68862d2a282619900
26:171	70843	486c5d8c2101172af71fe5658f1bc48f17a18eab92879c74a0304be0ec11ec4f
26:172	62065	9ab26a3d6e1282905261457ea004d9a36975ad8b77589132405ef1619233db89
26:173	129148	a1b08e9cbac751efadb1c7eb0e2fb2adf87702f6a7fc5d61207ebeb39c819e4d
26:174	126849	664c62e45afda0e0f1759d498ab091e83696025f3bc1cbe7563ecfc2610c0106
26:175	72932	9359b348314b5db3897518cce142df14321c6775ae196cdd4dddfc8197516cd4
26:176	85053	6568f049117b99ffa7e3d0cf439766cf191bb177d22e87d1bbf7064f4ad4f602
26:177	66663	97c004b6ef3cffadd1b8a97c10d3821460e6135181bddcc62b04011d47674634
26:178	61439	602ba8df362620bc1baf7b1e50dae4d72f9278ec7a1720cfa42a37d5998a4776
26:179	61856	7746447f425a6300b76bec5db381ecd1db54d740a874fa56585537f320a78095
26:180	163003	deb5254954f5d7438e04fbb293cf48138d1207e22ce2eee9f9cc05b3f664fb46
26:181	82128	f89ee32c7c66663304d52e60649b4fa2c3a42a56b2f65ca375321184b9e4894a
26:182	68753	5efcbdb8cfcde2d4b6ba54a87ef75d3678bb9b3f8921b82d351faa6ab5f53acc
26:183	131238	e391ad1e1968c8acf244422e8037481e8c1588a0d72dbf793d085dce5ce117db
26:184	99055	48fe89f450e5df74acd87e3729f07271a7e457ddc128666d19b78b395998a129
26:185	103652	69dce613ebf4fbbec01efa2064a8462d23d1117fa7844661b706112eb2c57b19
26:186	147538	54512b3e758090350827e5344f22849ecced11b735c5e39e4641133930ba0dc1
26:187	140851	22b212d3aeabd54a21fcf67cb0c39814d39e58fec5008dd7a3965934c9e7c12f
26:188	78784	48c64fbcbada975400e2795de4645d2c1bef7cccbe4286f4a1d031f198d843be
26:189	183065	9762cd607a88fb717b943ccc1484b56621540066353827f9447985b7ebffaaef
26:190	131447	647b65af4f6189991f0e69bc187993a8e075279c0f267335b233d7637c01d1fe
26:191	84844	06c8a86debfcdd889ca28c00cdc024f43f66efddee4054ffcd8908ef6678aa04
26:192	82128	3a2b9aa77333e50b118ab9ece329ec554f2bd4af37c50da5363363d52fb0ba19
26:193	58513	aa334a5ba79e19ec96a71a2727514b4c847e594b05d9ab3e30572e0d6d116e93
26:194	78575	db3eb21bbd40b9716a03cd5bc33cfc56d9bb4bca1e155b401ced3aa3da838b65
26:195	81919	bcd7a7d39abf6210b5336ce53f4986df3609e3dfdfb28b0a4423955b4a2995da
26:196	79829	3c8986ddac24e77a95655b52a854da90fece41a4f23aaaf9334bb76d177afc80
26:197	162376	6c59be8f5a5c9b9273ff514e6876ea6276463f1949e6a20d3e35973c712a64a5
26:198	87143	a7eefbcea653154abc90705007412bc94a4f2aeef3e829644963622f8d8339b7
26:199	103652	a9f432362273e86d14bf31a664107c0daac2e0fa6e6208d8a50cf9c4fae1a737
26:200	95711	adcfc9647b009cad9575a7d0a61bfe030390d06be4eb1f520176e54775591d06
26:201	101354	e836d251bf56c2653f82b3f7e644b1d8134091c02fc2653ca171181000f32980
26:202	101981	71ee0d3cd385f1b9b35fc83cbcca35bea1c3497f6f534f561767314e047e6c15
26:203	83799	c6dc57de000872604ff77be4730b9426ef447cf3bde76dac769114d0feb6725f
26:204	66872	4250ec7865b8cef73dde8cd2b32dcba710eaf56f21cda4433bd6f6b184f1f93e
26:205	84844	2b28f148d7a560df3771100db39ab71255046dca82de9db9e3ad44d43b61c1ce
26:206	94248	0a3429b92ef11a22ed93d858848afa3a11836dc00935fdfe867454ae066ea1c2
26:207	104697	66be35314659bf7e092f2f01f0d1ed8fe3084e22357154028c0d15b1c4930e40
26:208	130611	2062cd35bc7d7ded711d3bf101be4ae6c42fd7b8df2e82939f5aaab23691b3ad
26:209	77321	b9282d38c71b0011062ddfb621e6e72bca30322696dfe3ee0a756f5faf031258
26:210	75858	a9e6a2df8cfbfb14afac611e166e41af6a0fb221e259482afd74ee79598f2b06
26:211	103234	a39e38a46a5fb0766c608154758820272822484faaab36d69ac3b2c19869cc2d
26:212	77321	49766c240abe16c658ba776725dac649290e90f28923f6d6d43da21175ad0843
26:213	128730	5cdda64d853530c4a0f678a51736907a33f780a7ed17237be306062021b6ff5d
26:214	75858	1120d6a203a1d40b151fde58b264b87ccb9dcd5191df80429a27f5d85fe2de2a
26:215	98219	270e6b85e1cb8914681ae66e742fd6294ce8cf1df0968fb76c91070721ea2561
26:216	125804	bb5e95b4407f2db3ac9f25e1f35362b9cecb83ed323579926d819eb107f0c6b9
26:217	75858	3b056d97c31eba6e7ede12b16ca41a74d28aee69cf9937d117a0da7cf50e51bd
26:218	61648	9ab4cd5c15786b6f4dfafeaa9e27785bb6ea4c5cbcd5ba2d62e3029641ddd772
26:219	56841	8cf3a76316f5cadea636a1afaff8b88d6a5376a9e44fc229f2b012c2f9b13026
26:220	91323	d095f703d9fd4232b639e19f656c26f53d39988eff06d451cd24f15d7ffe9ae4
26:221	103443	3ea874d93df90a829bbf4c1b7bdda9d18a63c28e72ce5933f538e4f395b6b0d5
26:222	80038	1328287c50aa8f5ad9caa3ff7d0fa5013ca99faf4171c66d7454a2318f178ab7
26:223	90905	86ba64388cc7f2b7ce341dae4408913b2eef0667db6cc7759ae77be9664f752b
26:224	86725	af2bfb1bb3a3a292b1253320a78224930c9b1c786c89c126fc244565b4af49a1
26:225	92785	37c7db0b59d77f57fc8a87129a7901c7efd35ed5be229821c8eb1c1cafc7de72
26:226	94457	d9ca73ef3b61855465b247b67ad987b0198cd7807f4fc32aa75285215b7cfabe
26:227	648431	931c069f94556e80aa5aaa7a2ddf365e83fb2b39bdc814979998bfdce6dcfd58
27:1	134790	9a29621edb207eb0fc64e34a4afbb022eecff491e306e085de7db8ed15d0223e
27:2	75649	843e9675b50620834a84e66f0c73d326cf83230926b30c73d7c8d5ac50785cc2
27:3	140851	94674f62b1f03dd298fc0138fa4772c2e8b90fb8ff469540adb849f6a301ed4c
27:4	162167	e9df1a52c7dc7d3f722e4dacecbf6ed29c1e7ef452fbd3c023bd8aeb394e5c60
27:5	163421	372b1a8ddb959e0af7110051329c68fb5185613dbf5a27bc50497baf4ea8aba8
27:6	107623	de4a0c99a8cce2d42dc371f6c610958f7dd1f81581be469a4eb22c3e98a0f196
27:7	293197	3a6a92aed377af30ec369253c500321e6cecdd5cfe05d0a601e70323c186e1f2
27:8	209396	d0234683e43bca942339bb56a7748bf416a18ec6d3328902f4fa26e18c354f35
27:9	120789	c06cdb5b614c3a5d12fb803616783e674de2b9db279529e77738cf681333eaa5
27:10	379296	fb9fa185337adf207d1ac69d1d57038456aaf22e75457b4d6b7b28b54ec2a93d
27:11	166555	635f7f96427c23c842a7c038468cf8fea53a84e3200b09dfbb7b98ed2110cdf5
27:12	295078	5c202f92a51176f5d85c90eeb6bd92f993ae59f782d9b589dba8e103e16e335e
27:13	159241	3557215d16ecc58636cbe01655da818f9e1dc3796f549fda56a694c7e8f324b8
27:14	229667	a049ab69ad338994f55b57f2a0895894d83a945ae4e56c724a0138ccd14cf657
27:15	249520	f44cf111da9b0f70e0f4d30159dd07e88d592decf19b795c193b09fe9a21b37f
27:16	342934	b1b7e1d885b1a4393d3ff86fc8f3acd0aae85a4a6aeb75da4cdc303b31e722a9
27:17	164256	1c506c695b49487b63f1a8860944a7c7e208bd0056644134d18828dcbe954a07
27:18	441990	15e77c251af2003f7223139b718a7708b56078cec1be2caafbba6a941d8439ff
27:19	434467	23763531ec5c129e6a24bebb32bce9afefcf9fcb0d9fac61aaffe79461005a1d
27:20	167391	6def32f45ef547d06c9a93d5664f3abb42cbe2d441980da5335e5aa6bc9b0f67
27:21	209814	7e7b606bc0e40ebf6205a779cc5dd451a86e2c2bdaca1659a175e1c125562d07
27:22	193723	dca40776728db8e60cb52443b17487365b6d4d4eca7948159b8b6521443c91d2
27:23	181602	ee8abb81d4963484f1dd2b08dc76f46badbc24b879c445cedbe79fc291dc959f
27:24	339172	16f5a76403e6ce8f516aa3333fe553424a273c81ba36df9fa8c6fa161e73b24b
27:25	207933	3f48793ef50ebafcdb3cd47f3d1fbf4f84270e8b2e59a47dd7657944a0e4a2aa
27:26	125386	90cdebee89f4ebcff75610832c8dc8f97c82e9cbba19b664cece9f5b8592c024
27:27	119953	e2ebe81d3b7dd94532d97d4533fae11f5aea27a46e5eefeb3079a88c80f7449c
27:28	191424	a458aa4302b524a3edf2d5090965efbe30bdfb43a01dcb02f6d5d6b25c7d64f1
27:29	152972	61ae7c7f7331fd2af5dc04c925e7d9326ddafb7f6c11ea3119c0f8f7436fe791
27:30	166346	b961048944b4716cfa5a85f72935c7d60dbeb558a4e9961c47bbcfaef22c827b
27:31	110758	ee64342aca174e82e879b4267c17d59ce645094fe8fbf3f3522afab340c6bdbf
27:32	227577	d60a62e3157f919b11057bdb23ce395709ef24888176c4cb98b78d10f97ed74f
27:33	215248	de81d71e8644c2a6981795fe007c660bf90342a104135e9af773c9a34d963d08
27:34	253073	f2e0259a6eb647c7cd268d58f3eddac77de597b68cc21c31168fa426aeb67225
27:35	185781	c0a648b9ef936b4737b90d10c4beadb5370bf756a6714c6b7e70d1d79d4ae621
27:36	484204	15780e4a6d5a75b1a26ef904ae2ae2cc310ae4c6a4a27c1deff6ef5d746455b1
27:37	268746	9a0461753b8fb5b2c8e13a534c9bd6e0e59c19e37b82f83138e23c336cc95c1c
27:38	176168	471d4ce56dc0020c0e34963e4ef9cf5614246feeef2d40c04b43ce5382c693af
27:39	233220	0a75dfb8a08ae23984dc8f7a242889a462bd3ad23d161306c38132d6da0fa42d
27:40	619205	5dc863eb43d69f7f7058bb8170155fd4c9eedb6a3329fd7c133c3d290ed14b77
27:41	177004	fa1589da3f015d433127e2df3fef4b306cdac0131027357c08f442b5fe8232d3
27:42	286510	65af4ee787fa92d226c9c49fbeac48d800d9d972b9f706aff32a03fd30331a17
27:43	208769	78e38628e6a5d87c252b1b734c1267a73559f647ccb3edddccb79fe9d7c90b18
27:44	469158	7559392da3e540a9412d618c0f5d7611fab69f2b143f4de9305a86c1a2073957
27:45	199365	aae9777f9c7340d90b64e21f8fd6243363a6ff1f490ccc6f5583f32e61263d65
27:46	232384	441816a8347989f4b2fac584a9577bd57612f73d2d88f8a7458d92c60b432d0c
27:47	242833	e69d7e681c1e70aafc63ce6bf3ebaaeb3208d3b2e0afb259f40f69a036cea30e
27:48	146284	e2311aeb882936613b5e8f5d7859d370069fd90f3fe51805b49e1f2417d39e58
27:49	270627	0d740a37f9aa06ed53bf1416d09c0b9fb96e17a63aae8e63672f882add763a57
27:50	130193	d9379e0c05497f3267e172d7d7c0be16b75799f2ee6024a659410131d400daaa
27:51	166346	13c5daf7f3283d1fa34d5a375433f02ecffa3b828c5fbf3f14dd83d81d501b04
27:52	201455	ed3a8bed34fd4df864e8fce37944fdbdf10ea74aa247a685d32d8add0a1f071b
27:53	112221	7ec533e823792783ab999f40c7d85bc09d4ea4d4b51d35fe508259edf09540ac
27:54	125595	f2746aea5b988b63134db81aef52dd8962f0274866d02b00879869d9469b51aa
27:55	188498	14c8f95f1bc359fc20e2271c46cfa4a78784e6aa418b04c66a24a2f10bda071e
27:56	245341	95caa7348a0005c46d261e1303bc63fd5c303a77205e9641759a3eddccefb3ee
27:57	139597	fb242c1f619fcad35463a9b37a96f0fda1670463a0d4e245bc4023a7ef51c1eb
27:58	134581	448668563467fc3b303d8448bc45279e751f9b59b8a1e5f6dc9c745d9762adf7
27:59	206470	6492cbed78b86d89804cf85ed6ac08e1731451087b937d003568f6d97b244c75
27:60	453693	214cb269eabb61f8c0b62e7cd1f5962502715a402c78065f5eea1f3e3909a172
27:61	357981	b53c50153ec1757ae196051177c74bf9ff66325e7092d379758df0873d00c125
27:62	322036	d6cfe117d5ec956262748ebd71f1e3bfb9ea656a93b0f9d568d278c11b6e6bf0
27:63	347114	e009ef6e27d4e5fd999558b3a5dec0691adbfb6a631c00ca50962b2960a7c7b8
27:64	337710	e1ebb672c6af39fa6b685c2fceea50d21cf3943129095d86aeec4fa17a4631e7
27:65	214203	3bdd63f0cfddd446cd3199e22d2e87926f0387282fed007d2b1ade1039853f56
27:66	206679	3fbb80eed8325f1879c4d3942c88d18e15787d8e3e78a2e72dd807fdec6347b9
27:67	203963	dda036876b8c124c560607d3daa401727a48e701f97e60a16f79668465239810
27:68	218173	8b41237488ad856e39b89ce289d5dca8e15e34bec48f97f3a2348001cae7ba98
27:69	120998	951bb8e13345e85da7d420921cc5a27e329ac27d9ee757997c700c9e1ffe6aa5
27:70	167182	8157a6d018594270cefab2576d8276b49e51481407e85f60fc5678e68cdcb3c4
27:71	122879	4273c179eb8dc2ce05dc2b68db3d427775ea8d5aac395bd5648fffc2d12243f6
27:72	142523	a1fe1631e92ffea2321a09ab3a222ccf875ec89138d2d1b96d8ae869e980ad58
27:73	153808	3ba8c90bd81628162dbf9294c13761ad987c08837f73e9e250a2f4dbb1e8e559
27:74	130193	4fa9011ae45bbb6e890810eb848b80936d9562a21bb3d7b617795ddc32f888b6
27:75	168018	a0d7334d270e43371845e150896d5de60f912d3814a1c0bc658364372a2ab556
27:76	199365	5551101c41e726869b4fcc2364353801618da10ddc4ef8dca1093d9692e9c647
27:77	99682	8ead768ba97962e427359a97d643fcfd2466fd3a694d55f623898e719ebf73dc
27:78	140433	60643aea34c2d69e4a472c428214746bd8c649477b4f9118e8eb2c1db05e6388
27:79	141478	258b0ef58026a47f4af0838ecdf4a92d8aaeb07716435bfbfc45d27ea228fe7a
27:80	174288	cdc36924be9b0f7a155152f35a66b730734eda8acaf644bdf304241da6a71709
27:81	235936	894c9c99c1330173b55feb2a1a9df3a6114557d729a9925209da8e0c19523211
27:82	266865	5b22450e63ab63d4877859572c39ee42e43427d032b5a7ab5a776db530e5e0ce
27:83	205008	89bcdfa67d4031d346455c86cda4591b149cf3d70c2109d1deeae07b9eb7bf17
27:84	224861	a7db99ec6ec0a491c5dc7d0deaac102b5a2cc1994a7ac33e6bcdd35768f87027
27:85	124341	f06a93a8288861e1307f95ceae10c92de7c1fdc2ab37873e552b635c0e00223a
27:86	247012	0083f92a3008bc7476d046b1284a7cacbae192b0c45a9150e7f5ec1672108bc0
27:87	264358	8342f1012a31eb3873ffcbeb47d746ad0c6b69f8904753172e4cfea2d84ff386
27:88	309497	16c9bc368ce106946d56fa3b8e64064eaf43f14781cd61f58a9e51b0aad10294
27:89	206052	01029b820534caa753fb1b14d1ff41303302d7b93f87cbce7fac1d721ff653d9
27:90	258297	d2014c9d895febaff1a78d6ccebc00fff73b2009d0ac260fc373964a00d6cf88
27:91	235728	c4e9db7ec1763d4ceafebc80465fa039332e2cd87783ea988d3d29983ed02986
27:92	277523	1f323ecf31ee4a4a4cc85051e138b7e6e2edc8e0e65869b80de015917d1ae458
27:93	219427	f47a69b2717d4a34ae215c8a26c7f6a1ccd982ad362beb5b3b3b4dbd35d07e50
28:1	91950	daaec3106a526b68dff1265d84d7572d91464d78c65ffd9014fefb8006cd73eb
28:2	73768	ce60fb44aa7907de5c8e71435448117f6453737e9b1335469a4ceeb0439dfa90
28:3	152554	86832cfc1693450ebdb66d31e5f85bf2cbe58eac66611c7a13026272bc31d0fc
28:4	402493	95352b30bd857204faf83f0c2f872e5d2eb9f237fd9ba94c989c0d4e7d130eed
28:5	223607	f17444a0f000417a442d40c9ba78e9937b7f68c6749e514b77db35889350192d
28:6	199365	ca4a0cd44602b0ae868d3dceab067b1edfc5316f50d944f499b41646b9343716
28:7	410643	ccc37e9a20330fc08d91eb4290b24cafdaf165c5367380fb4ed0b7fca78049bf
28:8	273344	370cb8a2322f7538b509d2c1d29012c272cb1141ca442218e81e2466db3a057c
28:9	315767	7e9fda444d2dc1950a09f60ca702805bd46bbdedc3c46ba7f68b8eea7ad0ffdb
28:10	304273	92e0a81e90f6d4b7adbc36cb7f6a94542bee3bba822206a3e038d87eea225161
28:11	180766	d236573d1a05970af43fe2de4c92b8ea1c97dea4077e357c13db79bb2b37c253
28:12	258088	8489cffe7bddf912ab84130f6c28a01993630e8eea3e2967e8dd7d2b8858c11b
28:13	305736	628a40a7e97f17a599b88dd8688513ab67f774c826f2ad15478dda829e0478fe
28:14	222980	402b212c8583eb9ef1217673f2a6473a981dd5add73478b60c138ccdffff8fb2
28:15	649089	b8c5d0fa7efa454272ceeef5575deda9e6ea6f9e35cd472e48cde0e89de3adb1
28:16	208560	a5a819be3c2c6448e02a026b3aac3edc4ad0988e89d62ce5aeb9bc93ab0e3f04
28:17	151718	3a0da012747c11ee061b44202365e06f370e19e9b0af945936e642bf4499c82e
28:18	333112	008b2f1af66d38199c96f2752ca95336f60a20c46e05aa5f36465c852eb7c22b
28:19	504893	5be1bacf1f4d319de17b804ac34ed8372163972414ac3c2ea0cce51951fdb785
28:20	299048	f849f01c8328cadbfea8fd80b36ecc893b2ae8d6fb747bcee093ef133902a3fb
28:21	181184	bcf7bb191343e6b2a2a8c522f8b2f1430788529ee56128b2756ef63cde2bc62d
28:22	220472	26f6fcb31824c984a3b99308e32053939745b72f2e5c8f6df9a7db8bf00593d2
28:23	471248	34a14f4e3ee2b1348ff2b014b395caabb15cd77ad991a8b9912425afe24bb701
28:24	259760	6ce88507af28df5b2b6819d39c96e9701331334e11b473881e93eb2214ab2440
28:25	440945	f4ea28e33d8ad0010dbe7876eb6051ab0c269d3412ad46e46b3329636a9b61c5
28:26	196439	d248ba2ba995a5dd23466a3437f66d4bc8a5d74b1ece500158aa97f95d14056f
28:27	506565	3b0531e811de6e9f53d54e5d53e5d75be1f1035211a7e4a5db049d38b1e275cb
28:28	235310	33d220f05d2c3f448baaf2ac02013a22c8233d8a573af2a6e9781047c73f6a4e
28:29	530389	30137c5c4229a97c308d836544e65c2cff39221c3bd3ddbf146cbb490efecabf
28:30	382013	4c77ed16d6faf9e75a31e429c9f5171fe975adc500137e9b1b2005e3d6ddf572
28:31	373654	14c1786b3822ecfc79f5f68ee4a80be3e5fee28dc99b331b1cea2e1cce585099
28:32	387238	bac0b1915c5e426254faae1ca9a85d9d9d71c4f8aa67c8d95f5400662a89a8ce
28:33	148374	81f21857dc5fec1e282a488c33181c893a82d5709d9f36f9a4a677595ec71412
28:34	262059	c778a6c9f13d866ee31ea4e9751af665f9b3902315a5af0bbdc877e193bdbc75
28:35	285465	f8b252c0702d383495ed6fa558ab6b77e0f569f80710d8a06371bf893643fa4a
28:36	448051	d5e0ade44ecb67a7dfed731f2a286823338b4944d7914efd131f889dc98e93b7
28:37	288390	d511f54fdb04988091dfcc08423e4ff52e92ec0c3bfa7a0a751da4d7fe1f6ba6
28:38	393298	e44959d4077979fc9dfbcec84b9d80611e2de8d3706230311fba342f4a4cf442
28:39	167809	9609351bec3becf447f8beb59fd74ad8bc19bf1e3a6c59986ddd53aeb23c7171
28:40	165928	261554624b453b2de3174bf9b3aa4e1a6a6161b65888df62d6d3a215de714af0
28:41	160077	5549bfabd670e0dc014139ac7ac307d60c5c7bcaa8fc60f0c3ae95d6044bdde6
28:42	163630	38e51f778fda843c47b7dd87288c0be463b9b5a821057a6732a6d430eaee9d88
28:43	200828	fcaced41c6dc43269c8104ce684c5c83f83447bc28f833fe7e0bc32c09ef0043
28:44	152763	6dd354168ee4a76e16e5ac54b4e98ffccbaf19332b5abfce557f442ff8eccad2
28:45	321200	a31e8e47d5f41323d3682dde4e0f13b91bf5687bdd03f9c31ad478536e0a6863
28:46	404583	498b09d934b4316ac86172d169816fd7707fe1c85e043ae372ff7fc226cbe611
28:47	351293	7baab8df2153e0ad2483ea259719f92a0b3cf95289ea7318416931c20e0494c9
28:48	441154	7c8f63a8d56f74116499ad9c0c848bcd8c2806ac942ebafe773b7e6664e8ada6
28:49	186408	686fabc6d82c399ae3e30f749a8ca72460455c843d63bf0e83be23302c62584d
28:50	371982	cbc3f778651f2d908f987c19597ea6a064941bdf1520e04c5fd91794008ba4e0
28:51	114101	b5c0dd143ea734f552ff49ed2cb6b483779d353a7b324daf50f699b09c5984a7
28:52	150046	61d8a5fc5559181568df08d82b4db3191b187894d9fc7df5c0ef2aff4b792f1e
28:53	309079	55e9c0c1b9e1870703a0e992fd7ea8d024e2fb823617c16698d67db50b5aa21d
28:54	245550	af676fe99d02510c83e13d0b253216101752a6d86df87f47ecea9a2b811c92ad
28:55	259551	858f40e1313d9b2923da70a3da354e2639ddbf02af6d98ccc056cba831846f79
28:56	227577	98b4722319c58ab24192d503a3482b0df4c90b14a122f31737fcc79eec464c13
28:57	468322	58c55741d4f66603e789641e808201a8aed1c5a8148957f4d5cf521a51f76265
28:58	302810	a4980d8795e3156cead7de87525772b855f75d0a2c946e5b32a2e759aefc951c
28:59	354219	56c72a9546cd4b959274507156411757dbdd656429c3be60b14b9143352b7216
28:60	302392	428d9a4f24f72b29a944e11f0398238ce2376b64d145a55e45579c8bb4e881ab
28:61	275643	83653c4e6c819c52284e51e9669fbca05d3a8f9f04858b348c61d06ea198a611
28:62	160495	3e23dbfcd4666a9533e377fab32045da078bffa17fd8cc71992f722fdad45c93
28:63	378043	27cba27c89c504f554f3754bc8ed68bda572f0b23d56b1ba42e67bcf9ffc49bf
28:64	250356	0a58bc91395b16006dd6ffa60e168bb28bcba89703f9c09597287731667d225f
28:65	134999	52058e365d5d8226e9b5dab75d05247e300f4e8e05a3ae057265b1788e544d28
28:66	168018	6171642395cfc6fd2677a7fbced5a1209d384c71e2583978959bd5783e67fd39
28:67	196648	20770731d78ea05b0624aef6fd53af9e4fae3e29c81b199ca2a0111cae90a680
28:68	276688	7b16434be4bbf8d1f79fb9cfb1a39bc1d6f6910800b9c60f22ad3985579722dc
28:69	124550	72f9b7f4d80dbca18da0e9e14a24be1e681158a17847483635aca7ac264265d0
28:70	231757	376c95dacf4d321f1edd07337c88c203b3460e4c9469c7ac56e44f159f1ecd63
28:71	291316	2eb07228b9cd760c5fbb4ea9a0f1280603522a94e729aa6ce5da4aa9e2064d20
28:72	304482	69a594a299e3a8f85aba7662b15839c3199061285099f567d04987468aa52406
28:73	209187	fe28efa3025d01b5f7b1ab847d730b682a26a06953c2b3829a94d4e1c497281c
28:74	158823	81c66b4551f1d3e103dd2f4c3c04aa8df65d00f231d4b28b3cadc84eaa74dbf3
28:75	305318	ab62655b4cafa9248c89657955652f33a421445a8fcf8c4f6d3eb07e2be21920
28:76	436975	08ffaf2b9be54c2cb838c077e50a26c282df50bc7a0c0d38b020dea198ce5e82
28:77	420674	675011b94bd899fafc4cbbf2403afab90e8aa804f203f14d0e17d869ba0e215a
28:78	399150	531e05167c3ccdd6e2a22332186cd251d2d9e250c0890f0339f62ed020f237c9
28:79	291734	a267deb0794c4dc952fa832754ce63bd4bd916ce776a84df6ee3d5f30b2d96c4
28:80	272299	9c94f0c842643573e2b225aa536b580aa16bcec27dd96862ef8b4e3195aec46c
28:81	373863	74b8e4602a5c86e0539c8c25b0f9c10e5677d41e7747c0b972b42a61ff97300e
28:82	430496	d693b0473840ca396ef26acf66ac67a837e12002cd522ddbe51951a1990d6d93
28:83	241788	f5e433d94aac7836b872632247a71d81d1875baa28f003edd8f09460eb723ed1
28:84	282957	2c1f8a47da3abd456da79bcf0ba03dce34dd0b419574cbac4c5e05a8f07a45e3
28:85	308661	eeb907316c6ad9476567b0623575c8ab1b9c8c6f16389eed5724028897ca814a
28:86	261641	9611aa14e6ab3d648a2a22b11608c33259eb7ecf10dc720cf069e69c9419491f
28:87	253073	e4aefe99f97e502bd5e1685c3e92d8d0b9b03173c81d1cb1a73caceed1681112
28:88	287972	80d785e63f8f2c9ce56db8493b5ed5161b3453d2a7f0baaa2dc1d3f4f8ea9865
29:1	86725	d7c17bd121d10b1f807e975a05095643bf3062da8b6631c8217b12bda0e0cc1b
29:2	172198	62eab59a1f5982854ca8cfa9ce4feda1f21e2706c2d9bb5c3228f20f9f5e6779
29:3	225696	caa400a3263e4e328c69c4633187d4cce9dd4c46d3aba1f58d142afc7226ae9c
29:4	177213	ed148880f05fa76d1cb7eeef6c6a3823b3f26a9eb03b7197dfc1d4dc7d9c985f
29:5	199992	7d828a828f46de71ea4df38bb7c973e07d3e2bd4d872b07403d7ed7a8b7e7ced
29:6	187244	646ee488504e93babe404b07d54a21268b6345c2fb0e5c135fe58b76bd8d4680
29:7	222771	00b9d96539c15e1159c625d65e6b340e32cf0a2836d91a4cd8a79a6e82e7823f
29:8	353592	3868c34d8c07fe12032d279d30f0158c6a68c09f6c0a1f7461eedb4ac28e926f
29:9	139179	9da0e384676563883362381d28d2c8dc56db90754fa5eac8262656397a494198
29:10	584932	1a30661587cf526178a5e4c7764f3be3c10f26ab4b4b211063b5e5708ee715f2
29:11	147329	e616fbcac7fb98eabc7ab76da877fe07df241f7e3c5b4532d0e4cb616153d564
29:12	308034	a38696df1601816c3b6da25c973af428bc107ea50d2f3fd926767c88066a69a8
29:13	230085	86dc27664b8ccef98ec504858c58fa8fd631336da090cef85077b292fe194d4d
29:14	245341	04c36683150194d19c0b325d4f97844b1b3bd78e7d56bd5afc67dd636b01b1aa
29:15	162167	b21b3b5318c0e0a7bffd9e5104a266efd9e3f04f3a229a80823a1459b6460774
29:16	221099	8ab4e123ac9c1cd606a82c82619826cc6412bad2c6de0d342e657f31fc47707c
29:17	439274	2e27a690dad464721e257ea8453a979182351e420e85cbcbf89412b341790c87
29:18	197275	a69cd3dbbfc20c12dad912ddfba28fedc5330d9c8339eb9e51a123b3564ef627
29:19	185572	98c4d571d09f5940c00c0b01aea3ea9a761d49dc5ed0e29116d60f415a0e2496
29:20	287763	09992b51dfee928cad033e0ce57a7b3a63b094e690dbeb0a2865b4df80f5c7f1
29:21	171571	d7a0d075d6c5fc569254b999fd3f526f63ea17d6613eef95c708eb4e0384f182
29:22	252028	0a1a2fe5f0711bc9dc296430d6bb9f97099642b6dbec4fe94367aa3839ac5525
29:23	240743	3f0ad61fa84d1aa54317ad83380570a64a1b6ee04e7a605479dca781ebe7403d
29:24	336456	3af8eb55ce6b7c0ac87ff12a5f5987f91e7ca3f7ca15a45bf343c8a1b0532f32
29:25	437184	df753e6f787e9e1a766c31ecc37031936a37db87e44f81a0a2bada0dd877b1e7
29:26	223189	9264bbf7e3e3b7a49cc5ef740c91cacc841e6c6f6465076e512b5f1b98b65662
29:27	391626	bf5010ace1869aeb0972d6f90955182085ca19346b2fa92c6677a93cd0323878
29:28	138552	0bdf4e612b34ec64760f353f8d396879192e9851eb6c714d13a01e848e92559d
29:29	247848	76d68c0f502bd5373a3035b627af42d3cfd28716ad0c891b9ae28a58035c8264
29:30	100100	0f145428e6773657f406b8b0f022877f1b13d98b1e2ed2aac29b8348eaa48198
29:31	221308	bd58c3e4b8340770de22d6cccee0a1c82b7673838dae6e9306ed3daeee24fd15
29:32	214412	9e4ecc297c939c121fae43457feae6c4495e91e629bbabbdaedc7f739e1a6d51
29:33	277523	b8f1c5509ffd1682bad33eb18f0cb581af77568caad498e38fcc3ff25ff094c2
29:34	167182	6887b9b1acbd32384f06c495c80f0d3f35b3744b51bc71adb474ecd8d8b772e0
29:35	125177	3c4fb747b072a5f2cf1c77d629f3532d57421c4d572d6e804a81443addc6f538
29:36	172198	ecbce1512ef080e2ed2e4c58fca412b93c2741ef1d21aefa736b92ab1ce8dd87
29:37	112848	0caf8b26790cd24ce6aef0a4d25b8cca1c5f935ac904f1805c46512610b2db04
29:38	222144	c7a80a9e0e371a9b4044fe55d212571d80ab4b1a4f0da4642c89942b14693149
29:39	202709	a813696625044236ce0d0b8a421ef642405966e880e73be3d536735599c09cdd
29:40	397269	96194bf9a8b6dcd81d3e23b1110da54166ef6558757abb9b5103c85a65fc7442
29:41	320155	9036f7d7658c0b5c062304f4de2e4ea3179344567d7b9822dbb353075774c8c3
29:42	175750	baeb8e318ae69838929d31d5a1cb879625d6e5479cb2759a9e4d8118bdf3bbd8
29:43	143985	14fea436ef6abd11bfb800349c60d6ffbf67bd0119ea612cbd8d70f77ed452a5
29:44	174705	2221c767e9427d37744c2c0db7232aab276e128a41f06d4e171f0e1765699da3
29:45	344606	aa95b65fe124deb6253f0569e5ed7f32f5716828c4b1d1d31e88095cf1ed39f0
29:46	465396	34806fe70f019f4b95753e49a80916a5d3ad825497f694cf290df9942218d934
29:47	376580	01329ea43f57f3cfe0dcb39227db8d88e52daf96e40eb8ff69fe649817b1ba83
29:48	191424	05881d4e6edcb17d54c223b7b4c127f2613eb805545b5a33a50370dfba282335
29:49	233011	a8f240e70ca4c83a5ed18d50d18a75d072cd05e922642c5a59be23f0af3c79c0
29:50	271463	4eec4fb6db05eba07434c36a09439026db5a6cd2a06209ea0be3bf55627cda9f
29:51	273344	8dea05e18aeabc5f619836f0014e58e1ce39b2df4b210aff3f2d0021c8b81bfb
29:52	308870	0a77d886cb8c9f7ef81e21d5e81f51c2e4634d796157cb2b38f52298f57d15d3
29:53	284838	73c999d236815e64ce348843ce3aeb88d14d3ae40e14549bbebfeedeb7c16822
29:54	139388	3a54ff41f6c124dea18994d092e64b3ee6e33da8defc4482fdb5b8abc3018fcd
29:55	185154	5a6b1a61613fd950c1b3f29fcdb98398c86c019259f8629d8b76f401905aedc6
29:56	153181	8ada13fd8d1ff323ab0dbc1d687275a6ee99e8782101fda77c1f64e9a71a9f00
29:57	125386	8b7c104a3bb37b1f0e2cfec196fbc6e6f9cb5ac9268ccd3cb0030230d85754b6
29:58	279822	cf825b1d2a630400e92397abeb099a965d8b9bdfc7966950d2a20b10d13772df
29:59	95920	459d7ffe549c4231509b7ae55661c5eacdd939c7a49b9ccda7a8a490a3d1b565
29:60	220263	8b6e56f97ab018737a16ad32b91fa1d8964e2170e6b54eca25c847152d2d7ddc
29:61	247221	9bdc5b7a1664c26c13981f1782d5d17e7a718f03cb56e73761ea596b90ce3fc4
29:62	208351	151baf3665c43e81cc453eaaf09837c37f12cec3a17706e9907427f569d68d80
29:63	343352	64026857ef637423f080389ae521d023a58bc01c7a15f0800690915e29cef6e2
29:64	274389	ac00761b428fcba9700c3636a7fae18a04b8ca199df6144f8d7c18a8bc39a0e6
29:65	200828	b51a25ee43bf52f3a73bd0089562b4a9e345dfe19a966ba9d44452e757305294
29:66	157778	ef554909cb87d32fda1e1a9ca97504a99398e972d65b31549a7d99d939258520
29:67	270209	ef5e0c83c5fc8460b52732e3dcc8dfcb570f4b760bbb7984e7e610c4f4ac4f3f
29:68	244923	d0ff1f3059f51946a5bae7d6f16ef992645e5f9e5fbf5611a272e69f970c086d
29:69	180557	80431d4d1b0ff8a6804d2633d14fce78a6f08e4c59ef975fa3b8600fea87d4f6
30:1	88397	bf63537ac9e1af2961bb08570fb7440a1f987695267639db9107b4c20375a8da
30:2	44511	5ad8a8b4a24041ce15dd537cb0f333c35463ee39a1ff2c81995f22a15902ac59
30:3	123505	9f8fec8b883fcca3be06d928d50391a0ea91e48f994737be5624528f209fcf20
30:4	211277	e7126758cad973d0ec0156928fc38a3afddc9bac215319c253fd646f6ce82855
30:5	174079	c8e8f1b6c182e48b022e3e3f9d1119afcdd9f71a84b9646be51594756c4f4f3b
30:6	194141	c39cfb8e250c46738a6eaf0a0357c49ee2bf70a27f10e6cf0ebf5abf5a68a06b
30:7	158614	eb2ca4ebf7a79ffe0fc834e2cf5a9d0d81fabe491d666f478fd11bc5cab602b4
30:8	409390	31cb4743e29ab4a21c05858e9f5a04b3ebd7bcf4e5d2a38aa82756a1b7048bb9
30:9	552332	c19f551f3e765d55d9092094ada96c983f37e0f3a7d2dc519a155f8d3b6c8efc
30:10	243460	3bfc2ec63b5a7f6e309d924566ebb6e85eff675410af5a37f24a3574d9adeffb
30:11	127476	4aa420276b9332826da6ca951a2ea05ba984f1bfda8e80abc48bf185c23f7f0e
30:12	86934	73a09be062dee2ca58336015515be37bc878ae88c5158c92f0221b78696c229b
30:13	170735	68fc69ebc858f805c285e605767884aa64fae13bf3a7b260a9c6e469a6d54449
30:14	103443	e8a242eb10ab9e1bd011c2ee8f4a572c6b81d64b3310815c3da785ed9ffec6c2
30:15	145866	9808bc8137104bdc1d69c2b1a0fa3cf4168a2a008c97852bea948b8714ccea45
30:16	213785	e9d6d8180dd46f136672061af62a55db1b101e81fa324d8918a249f39ffa68fb
30:17	101145	8f38dcf02f698c1c7e9c7ab02c52058119a9a373305d3252d91dd351789cf0a1
30:18	135417	22e5bfaea712a0535e85c7ba652bb0ccaebb81ca81e5c0830b3ef5450f86cdcf
30:19	214203	21e810445273f7ca50d27f393aeb1dad5cb209d1fd21ef58075a519dde28ed4b
30:20	231757	9e1010b8a2a120dea4b53a44a5ee642946bc408badfbb17afc69ab690dd71fe9
30:21	342934	1f51103e32d3eb7e10eb32be8171fb09ccca1fd19bfc4f4a6da3daa6ff7d6001
30:22	270000	a62f6404110cb35d51455f95e65896b40e530c337f9e93243ee60b43cc64f9d4
30:23	285047	a03226e761a3a595360a9ec06c0d79f9608ce95e9a6bd6fedcc37206f7e3d3c9
30:24	345860	f9749cd2657aadbd73393b1e19ce72338e1d352a3acb6114c73fbba6b52f8a20
30:25	291943	61064810cb6cb3b6d8017f6e628d5b9d1d3cac3e297ec1196203dc6a5c71a73c
30:26	136671	6cc8e56e7972fd7fe3e673a46e302e5d31a38441f53acdb463a2cc391a5dadd7
30:27	287763	997392fd6284852e57a5fcf672b4fe1c716424adfecd8599e4c953ab0c066d7b
30:28	525582	9eada07e0553dd4b46fb975ce416626879efff7159178694d7beb2b5b948fb81
30:29	240534	0c810c869fef6a80175c5fd0ae793c066cfdbee9170abb4be9baa1f5b0b28c50
30:30	371146	388e37f6288df0d2ddfc38a606024a69f789d2be4171bf19ea985e407f775c94
30:31	145030	01e4df4d1e17c5dd54570c668d51c84b370f80dea5465a49c3aaf56e5e9878e9
30:32	169272	399e7d6a4b660c2972fc45a0b779a432bf717d990bc5810e7cd45a7707e32d79
30:33	418167	afb139b23983b2fdad0b510407f49c8bc0e8c6660a9412cf3e77e44052d0e226
30:34	142523	5b31a87f0aa33a4246424bdcd37371259bca54843998dd77b8d89ae0592bcb29
30:35	162376	574302efec3480d73a5ce8c4a760f3dd927be29575bfe719c216e31f883eb552
30:36	249938	11dadb1965af2bb5640c92739f00d1471691f9415a88f6ecbf19135a4f901c52
30:37	240743	f0fee176396019b9a8804642419205f91ff9238d529c1f3c5d7fda388fddc775
30:38	284838	6bf900114ce2fcbf3d6eba6e31457fbb22f003dc433ff4c96cd39bc77044dc52
30:39	380968	ac7c0cff0b57919e63aca1eab5b939f6b769c8bf30795402adbc148c54fb256f
30:40	420674	e82672a9870e1b897237db5d9e42ce2ab4a79b52b47d5169a3de2a984bec0501
30:41	217755	4acd3263ad45e94785f82b426425f2d88dbf52c75226f44d21e98fd51ed75be9
30:42	226114	cb6083d3530330de1b04073819f3b7077ba8bf63e89ef387d96e57e9d5305bb5
30:43	184528	524d3fb4d7517c4281b0c2b249d77b0ca71d69eb0e239690e21a905213325765
30:44	123923	3d66d3c3c064603141cdb74961a2bc570af14dc0411669b767fd7877dfb4344a
30:45	140642	cfc3728b2593cad3fe2bf443e6a54bc0f9429d302bebb421b69fcc43d76de71e
30:46	282957	ee8d65a82dc6cb8107fcc2ccca0ceb0ba7e8688ee4b285f7c026a45808221698
30:47	253282	b69294151360acc3a5f51693a0c4631f4349c53155ce1b5792cfe1e387f136d3
30:48	423391	39cacf53800687bf662a5d2669974f990940ed725a95b4278917654a3f4ec868
30:49	131447	b1c733a03f71b2ebe0d717d774b4d845de6dc25c3009ea19a0dee10e9ab27c71
30:50	256208	dd93a4fa62967efb847f4de8e6f01c93e668ae04b27bb48e50f2ec42cc91b7f9
30:51	137298	0825f94d7e7efc3d302fed3a5f50b05f6059529c3f7a85d5ced1abc987ae86f7
30:52	145030	6bdd9a495441a7460da3285eb0cffaf2793eee5c334062ffc885776af197fd96
30:53	211695	d4073ec4db96eb8620f2b04c03907628b7f258c6cc2d686ed27299a05d8279a3
30:54	431750	e4cd2cec372b1dbb276ec519a0f4261d9ad55e45e0c52025c2f5dcc54dabd113
30:55	178467	125f96c8217f18edbd114929d59dd947989c68b5720620a5f62d8dd82d603195
30:56	275016	8218587f9265967f4ea212765eb62b135e003144209a6bb2eb6f9cb5b6ffe9a3
30:57	137507	60bfcb8b3a3acde6597a20bd862d8ecd34de4a04f4c099183c86dc6a0dc47117
30:58	312632	fe95e65065fe826ad4a2da217222b7fcc8339e0d6e20304ce9917f369e40ce85
30:59	104070	1cab544a14a11762cad1fa6300fe4f6be88ef7da60d5c7dd8fccab3ae2285b30
30:60	161331	309837b9d5ef416e7cc63ebe834a7801e63150f40751445deb247450cc1bbd3a
31:1	78993	4de825153a29474af01fe5b5b1fcc31bfcf1290a28fb109510d5f80a8900d140
31:2	65618	1070fc85d8b0020c97da3d5127b5e096f0737e491f31b9a39088e31ced61d3b3
31:3	61648	b1786d78abc6a783606aad32e75247f9b11d2c76ebd80556d795ee84e81c4e7a
31:4	146075	b3535ae98b750e5f68089483a5ab4fec8b90bcd346e78c40def7e15ce4669002
31:5	167809	b878160d8dcde648cfee3ca5eef4479205336678681ed84de0d60d766b21a11e
31:6	266656	41a318a648ba52b0737a64d11e7035dcfae688e882dde5e2bdc89289dc79f53c
31:7	264567	57b88e3224f33e8feaae95d6b01adcf6a9698983bed8e37f781b6fc27d1d258d
31:8	136880	373e6d7bc459c6562e1a23fa390b666a5ac818da33300a10c1f8a2d32b43d9a5
31:9	171153	3604005d19ecae65ffbaa7d580ea7740c9678d0a239d3703d7d259a53850da74
31:10	422555	94eccc55408fcfbc406f190eb78fe35d59cfd9695c493cb68527c581fac2e514
31:11	214412	4d80d6541af34c7b18f107afa0c14d64560b48ec12c076698125a06578cc10f3
31:12	295078	bafc3ca41ed1bbccaa20058d78dad031fe4b9faa7367d6e3ae50ee6658de6d78
31:13	208351	7176a2dd34730b3f2ff606275c3bc7b2921684bd38c7c6e5e4b4a44ace8bd02c
31:14	349203	dc49f2dc17e64d5ee9acea61c41669e7c77cdccc6fc4a64950d80060856cff37
31:15	440110	d0ad63c9664c437856e307583ea061fd26bafb56be2f93f1b4cb606cfd3e9e62
31:16	390790	93a2b0d08319d7882cb7e344bebdc7e8784c2eebcf4b140205f8d69e269062b5
31:17	274807	066eba88a6f74aa2e5336b4648787d3ad9315680f178069bbdc216fb73d269d5
31:18	231757	0ae1c7a3b3f825d66e03e2c012893c62b921a5b604aa5617f1deadfe87ec1920
31:19	188289	9a6d5098d1d756628b0aea048ea21ed2e692a892eba3c227e528438c069647af
31:20	401030	79f9f24a1c74637f43ebe6bfc54bbc8321142ebf5c8841a4304e87967eeed691
31:21	323499	75c77f7f64bbad476a44249ed7affbd3f7b4b610a26f1f48bfde71aec9bc50db
31:22	234056	dd726a68bf41294be8d801768a8cdf72ce44f048455e4ddfdbb09eef0e036d24
31:23	263313	58c18fee8e517a8669a64aaea0856460ea5d47ced5633d8464bacc7500dfa00b
31:24	134790	8c74d437341db4dca293563cf567a34f38e52cfff779850db47f3bfee1f71e6b
31:25	282748	67a98123ff8646bfc71a221102cd73e9bef9f43305d550e645f8df1b18806f74
31:26	171989	d4296ccaab93cb94b7623e9657824a6181dd8e385f1db0c53a452a6ef0bd5afc
31:27	329141	8818bf51ff992275de3c786b0a8a0485e761ab55759e156f0d8c74d7ab735037
31:28	195603	d7e85967c7ada3096f40a59ca03698d978d046be0f8706647619ceeb57ab0d39
31:29	426317	0be594c8c704a6cb8c62225702d1ed75b055a73a27543d7294417b64225f6a72
31:30	234265	9d2331468e442a3259d1422efdf504d4b7bf10fac6daf6d6de93e15d811a96cd
31:31	290271	92e3eb32b669c8acd29a78b598b940078c4f12d8533e57e3b8ed4532b0454e52
31:32	384521	a6d0eb712e6e6bbd11218fc32cf76599f2343a9d7e0c43e42128549817eeda5c
31:33	488175	16132bbe20604b8281b63cfe4d52c3d6a5ac9759da343c5e140688ec22e65f69
31:34	444289	ea24fc99beb1892daea02b35c78a4bae3838d201fe96b0cdaaf44c0a6899868e
32:1	88815	13962816861df95fb0e810579ca0d8a99a93142ce91ca215fa5217a78418446e
32:2	117445	d33f93b82a720cef922389e9e76282b68cdfbf64f9f548c789345501af176774
32:3	299675	4405381aefceaf18399a9ec76284a110a0f41c844b892b86b9372edc8124b542
32:4	389745	e048fba38f8a68320659deeb6570007feef64bda7df6953d6d4debd2d9d73483
32:5	271672	88b9119671e1540b79c0bf59b61f2d7728fd9f343dffa3e87e241598a625f0ee
32:6	110758	257ff6160d03ae26af9c1bc3b78b5b58c80ecab5a047ccdbaf16ba64fb7a8c6b
32:7	162376	c4c2cc08c352bf9cdd552798615ddacad29f6c04a1425c3bc5655e0ffbf1eeed
32:8	146911	55f1e735e3beb99ce8910c0caa29d85c4e4dcf1afe212ccfece967671a0f0c9c
32:9	236145	d2a407e6f25340addb653ce4aaf1ecc191a05ac2526d8bb82472e981a16f69a9
32:10	283793	f27b182db5ee4c1a9d15249fb68f5331626e0cbfd24d18121f5f48b51f2b32a8
32:11	165719	a696580337e1a535dbc4e52872e5383d0b8c3cc579150948f09fd2f6feb0a9be
32:12	288390	867e1144dddb05494555524615409b73058ba3cc7ca0bb5e96c53ea2694ba40b
32:13	274389	95deaa9df83585aac6a0ff0d7f1293dfa64f6eb886d4dec5e46ebba49ad109f0
32:14	259969	ae20e0846218609df917706cb4f109a0e9a1ecf93f2e354bea81854869b1713f
32:15	245550	492c68aae01e3fb6d4af1eea907b2933b05a38db6811c930d9af90b77728e9d1
32:16	204590	b4517879a1d62ac39b1c084597f34b3bf9509d83f0be934c3dd8f627d5fc73b3
32:17	224861	6c2a44bf9777b675cabc239a6a2cc41339d6575836c73f893c597af506ae32be
32:18	154643	1c09138c5bf348d75f454603fd94980e178ffb7334b4a9c3c7a81fa2a7c75e83
32:19	219218	0dee01491a6c8f215d2e008f36f1c9d5ac49f90534d44419ba57d454b2f70ca5
32:20	465187	561f7bdebf1bbb82da3034252ab051ef732ad582b8fab1a81e520e2523cc7231
32:21	169272	8f5d2ccbffa951e4d3bc90187e8fec65bbd5d37ecb105c4b8747e6ff236624bf
32:22	238862	cdab011fbf496178d8ecded53454accedb823a89837f2ce453c5d2bb42282e99
32:23	248475	1f82190539445086e6457361f0ec77bc9db5d08b0c9f578395a35eeb8253ced2
32:24	224443	d41a805d63e83a0075ef686c54f52238fe51841c0cfb73601ce9bbe372874679
32:25	161122	f744f3fbf885c443671b3dd592a54f4f44379c9571991f8810e9ccd17b059fb9
32:26	268955	ced8971e4554fc07af0ffa757cd6196c6063da2b7e950ba0613c2c16b5418a9d
32:27	257043	39e3bf19547ec70c68510236722d0db6ac08ad0136cfd6dfc6aa58670bcca67a
32:28	113474	e2fec9dfa6a0812d1c039556a286e6fd78e768f83b04f9893398e0e7485e893c
32:29	155688	67266943c5409a3c55e9dbed56e4bf61e47d111cce67295ab020ced878a7a719
32:30	114728	55eb0e5b912bdcd01bf4b200cae2c2c51b1d4f4c75735e4d7f6f2699c411ae16
33:1	148165	cbc415838cc34e8579327a862c79170d118a456f51f2f0eb21dd2127f466aa55
33:2	125386	feb1f12880d6754aefeae46a4ddd88bba4aedf96e86a04e41f09e08382f9167f
33:3	97174	09a5b8d83ef70f333dc3d2d9fe81cee208cae7e09fd646d0bc6c2bff83f2ab11
33:4	372609	6446eb5f6a0744e0e5d50e354681940a825fff0a01558eeb726e337d02196645
33:5	372400	6c12d91571db49a883e3c16e163069fb872268ff228f2980e8b13149769b00ee
33:6	395388	e58e5c366ed699774dffe7e12570d931afa5d0ac3f30ef5bf2c7be5aebc8af12
33:7	194559	4f46e9283849b51ea28fa2f9744c3aa45293a1d80798de9d2e1ca1349723e48f
33:8	92785	0f8fcc2a1596c615f9f13cf69c791acc07d67ceec5e825ddda7b61209ea13c4d
33:9	235310	3837a92e9912e7ba0ea58916a2b070d0bd6bd17bca8658ad85e3cbec53d4a7aa
33:10	225279	ed1d0942ffabef063a76d83fbd3e3d993c52ac43228d40754be9142f77ccd3e1
33:11	72932	f1b332c70710888247f2501ba779639f4a2cf8b1b599146454c671dcde8cd71c
33:12	146075	ea4622ddc72034c012cf89ceb51f22f2037f2b77ea49a76833d29308923bd844
33:13	303228	22b98cbe619c62f88f0a5fb3bf3c3e9cdbdae28ad82abc1d9df01ea96f7f54aa
33:14	157360	e74473fc5f3081935cb6a7bcdd686e3ec37c6b763558fc39b5e3c33c7d1f000d
33:15	130402	1202a8606c1b7e65a0269b54c21934ecf8f9965ab79c1a97e9c093bf6959fdee
33:16	141478	9edac98f6213455cebe977d020e0cd39dc442dcc6bfb625630613a74b9f4107d
33:17	228413	53b136fd6354fbef7e75ca6edbdf34cbf0146c7de3dbf0a3efda7394035f5220
33:18	163421	1e4b26d46f71eb291c6edc8fc908c5a1a6a06a1a1f32d21b091b30e85940759b
33:19	402702	d9a35d09e5ee649bdc7edc711190d1b5632c107182de681d9fa86b5e0c567fde
33:20	316394	3ed5449a58d085660c6d26ef95c7a85a9d6bf8e580610107c1078ad79858aa39
33:21	160913	45683e615c153d62db37c5d7ddfec7cc965cf771d0ec6330d4e7bd4f94330bae
33:22	242833	bfc50e44079c321164ae1daab044cbff2d7c63c30d75d191f5e101ac21a9c61d
33:23	244714	5302c4b22789371d1008c7e2b6dbbc9c2da15e0d7c0a7521372b9d74c030fa90
33:24	224443	fa7d0bfb0978e164a477fa109448f67c1be2ebd3e69f1712aba4cdb961c8fd4e
33:25	219845	b4dc4b82c4ed5d222f88d27c7637e14f11e8fddaf158742e68abdf4a3ee9b85c
33:26	225070	bbdb5fcca26883fc66301a6a9662b9e0de495a60a5f65aec60731feb13a63ef6
33:27	191424	92c8eac47531c860c0e02327b9205a0cbe970520c3178ecc8256fc0ded441352
33:28	260387	e6f8f3514030527390c53c2a6d940cdfe877e4d831325b4d34a499768fde2157
33:29	199783	f96ed3c3d69e01b875c232d5f4a1518438f7c8dbe27222aa497b8c306d50a53f
33:30	275852	59a05f1213748e66a55ba236b1140e3fda53f744c5b180d05708a29417077c35
33:31	207306	1db84e216e1e7fbb914165648686740fdafb279cec66c70b686cbf1893c7942d
33:32	361324	b5ea39bdbd119ae46618ddafc083b2490276ef97c2080c42e76facb8ae89d0ec
33:33	359861	612e164a90c1c4e0edb00e7382f66cde7e6eb6f05e8c0d8548b00d4bbfa3dd4c
33:34	192469	aa65dab722d66e5c09b65b395fadf2439e66eb3ee272decebc65ca63c8027675
33:35	667270	33b0cbeabd2e4d484b515eca48c29c285bdba26647d89d3dc8e04f1485ec0e0f
33:36	315140	811bc256725afedec7e7bc52a77bfd88ead1120032e1b8eda577d7279058aee4
33:37	746892	85bd79f13fac4c654856849b7d8eb57159df4eecf1060edf0c72395fbbe466ec
33:38	278150	86ea70ac7e2b326ad8c622d57545872720f0be905a27574e695463d72952edc6
33:39	212740	9d14bae6f60aa4e791cafa2855dca380efbd7faa759db8197705420ddbfa3abd
33:40	298003	140cb0f089884caddc78e1a4b01a43b295e86ecd29b9b7ff2fb9ba41432cf72d
33:41	114519	243dece8392f1a420030428c48ec07ec8c187ffb10ba6f67130769514e1acb90
33:42	79829	3d92c0ecf8a6e3a7890fbd4a30f59f4d095c13ffe2a38b75b336d01f8cd6f545
33:43	226950	74f11b77450e251e666fe108c72d5b5908cf7a804093ce6c3a5e301a53d19a18
33:44	142105	42605b195415e66bee73c25aa11f4ce5cf23b32d577d8837b7fc0ba170840350
33:45	176377	0ab9f493eb3c03f378e64f0d76fa6bf38d890eff38e048a15808d135aa9bc461
33:46	93830	f009cf2cf4daef9f2c8299bc614ad629abe593d9b47f2c1dc94970cf83adf47d
33:47	114728	f5400ceadb0c2b33d99ab695d4cc5949c87d40a5d6a48896509fcab5c6c67328
33:48	193723	ea17e0ca712af1ae2e6aa8d7e08af6b756dc80e3ce619e0ab0b816161f373362
33:49	407509	57c11377edc3641ce56fb44ed6d605558fd6390687e2e862d41bdd4568eefd48
33:50	1009161	4482f153964596888c213f601ab43a5a616dc1fddc27daa84e4b995a195d0a13
33:51	605203	e2b8eade6c218858babd1407f86f0ab5829a45742b65602d5b6b9758701a5d5b
33:52	326634	b00a0ceee3650232ac1b3ea425d1ed362fcdc5143a4e896a6445a855e08b2979
33:53	1155865	c445bfdf0a63c7f0c5a78f73981e730d369c085e8b68e61dda34a61489df778c
33:54	137298	b5ad5c624ada67f5df192a147b2516a01363d652193aa91165973a1ed18f630e
33:55	657030	e99b33f84e3c728f551ee272fc2712a5b5e561b42c7a96211551fc502aa02652
33:56	245132	9b4e901337fce49f7d723f772ef806ba1caff8bfa080cf1d5983f5e20e8bc394
33:57	201873	d07b5600d53f46260898874ae10811efe1c4beb79904d3367aace7af1962edc2
33:58	202291	8ce10e75bf1f83e84fb8f04555fe2daf6207245091494b0a4e0a42dcc0986dd7
33:59	382013	02fce8242769dc4531891e2d0f04141229eb800716d4ef11302e0f3e8497879c
33:60	317021	4350c930f6a766e183a41e6cdd866b649e2433a34b905d5add03acada1158d48
33:61	113056	fba287952b467f0dda07c0a19d5df71dfb99b8cb30607d75c5e1a523037f243b
33:62	155479	901274904c65fc263e1824083b9723fd7f78f7e1e5d50cb94721371f63755e9f
33:63	215456	557366b9d7a5db78d5eb560bb0b304d91d34c7052e6f72fa9fa058270d3b4c01
33:64	101563	fc0198ab444721901e25cd433951c9d3030fba68dacf060ff7901aa91dc6b151
33:65	137507	da7fb3b197599a3bc2cd9b5b3e33675911a8135b6bc9b3f87162b6f476c26cb0
33:66	175541	5c17ca054088d4a1f6742c1dcfa29776b5281dbddb123b0bf6f438a8828d6a89
33:67	172825	1f0dca2597966904db788b66adad4080959af32ec1820e8682aaf199c01afad2
33:68	133119	528d0b8218d01a1ced97f75e622b95ce3c6f4911b37d97351c0d5b84d4cd239e
33:69	244296	5bf81c66fbe59a76e5a0fe48b2022ef829043c063e02deb9d371ab2c0e4e38f8
33:70	165928	dd54064308af874454a0fb54d43e1ca9b008cb62ec60090a3e6ca7bbfcee34f6
33:71	208769	1433f9f3a471eb157ee2bdc04a0e825f1092f7193c32bcdf8636ce1913ff39a2
33:72	317856	d71ee775db9e18ecf487087f8810971f14fb278900f60c3a029e6ed800f5331c
33:73	304064	d9036a55abc73f000f0900f8ada26041fe4e139587893fe621bafcd2060c0706
34:1	140642	895034b17131f4999228efc7ce14df4e675d167e52ed23a4506382c5498d622f
34:2	170108	d487b4b324762db18b5dc34bae21513128a1c22a0b944e259e7b8bccc8c8340e
34:3	319319	66384f674459d00129965b6c72935db742732abd045359bddd629c8f3433cc55
34:4	175541	dfa080deacadcf5d77d818bf710e223da8aa7b52997850627ed20ee0467970ca
34:5	137507	d50779d08c51dd3f93a4b8fbe0744f4cd5f74dd8a527ee9e5439c6b6cf9f1cef
34:6	154225	816a441bc1d5732a69480ee5539539c00882b63fb78064ee0e96949496e4b982
34:7	171362	98f6a36c8563acb2ed4dcca1a6601dea617432869d4b8e7213c74ff113dc7f39
34:8	167182	706d50b33e04e6cae3b0c1ddaa3f4047114347508e3cebd4a08df0af849fe77e
34:9	294660	4c6b42bed7e696517d6beaa7de74523e377271398adbf4a30281d107a77b8492
34:10	177213	be892c3a7c9a98584fb84538f700b8099f92217e89436807451e1d86e5f59764
34:11	151509	35c109efd4b093c12f000db1f5c261ba4338705daa4ab5588b248f413708ee76
34:12	281076	9299e992621f437d0db7927b43867b093825eabf8f8371a23dd4a602182ccd68
34:13	266656	daf4fd5071142685b83911d2c8b02382d7427f59310b3773d0a6bd19abb6ccdf
34:14	289853	60d4d3a269980ccda6ed4385edf3ce560c31a86da44b3059dc2afff05aff91e2
34:15	248266	90a2c4b18b667b0ab3de664f33d1108385ae65c28219090071ece406ccfe34db
34:16	205425	d18ca4a9e1df40148a67979ad8554f7bffbf4e39e93af95110ed02deda4ae02c
34:17	116609	145a7340ff79ed0e1f81dc0573cb6f114008529e16fb06e32e2f5239428b28fb
34:18	211486	b72e8ac760322443969b4a2b71374f4eede027d65d4cb6b585567a2b8d01d7ec
34:19	248893	b14145fd4eea38fcf4412948d05eb085405bf1046aa2761dd8c4b5d9d14e9ae0
34:20	136253	885448fedd1ca910b3d8366ca584f9cd30592bdcc1542a39a2c9a398a59adb4c
34:21	224652	ed5090746dd7efa1f442b0d9e820f810842be3c10cfd20554b049632fdbb85a5
34:22	245341	46ed703ac599c0588577aae53aec7d16681549cf17001a0da4e7c2c79298610b
34:23	268746	a59d385d32443e39ff7f514d88ea892182dff95c4eeb3cc58cb469fb779e142a
34:24	215039	2d9e22bdce9000329cec914d572d47206f543b20019e03defdfc70daf9883786
34:25	125177	61dbab0ad6331483a724fc086c6e4e775eb74e604f77094340a8730e43e58ea3
34:26	123923	b17d067787a305d33855cc829496bd83d6921b3144e53e39c1f6ff073401f8b9
34:27	174914	25ddba095f3d8b8b292624bfb00fe57a8d10095433c878180655bfc435756906
34:28	200201	2dc38c9338663ad983a2399f3812ebf4eea4cbbfc38c4a69ee115f55cbe496bb
34:29	104906	91a2e765fc9440b5127e9a32bfeeb46efa7065a2cb64e8835fd56e80c54e5eef
34:30	147956	542c9cd54ecce63270704d4a9104906581ab4d50185b6ae4a03b8f98c0203251
34:31	498624	78c17daba55bb3feed666a2fdf5d8898306918a2291aba23c452689732589d48
34:32	221726	ea069ffc77eced752db881f5ed80895eda583ec25a70e5f7a789dd01d1c6133e
34:33	462888	de5e2df64b56866877221935f1e17d51ac05bee8755a7a586970495af91fa108
34:34	215665	226e85e7e1e6fbcdacddd5ced2dc0df794bd3f51069ad3772af42b711c304bfc
34:35	134372	32c2f036eba60c97deb42b9d52ebec3e3866d274c5c2b6a8c2e7f0d375f0bb7d
34:36	176795	122beedc318e73086bb6597e0a7b0613f8f2774dccc132897730d963a9fa1a1f
34:37	410852	9a44d2442ccb5b20cb2865cc28892cdc7a203593b0ddb0d599c8f94100cc5e61
34:38	143568	3e3c99ccc8d47577512387841bccd0e5c64cdcf09c56272ececcce1ff2a56246
34:39	263522	8bd66082c791d237d5cd8233f8c47ca23f8d0b8e302e5bee81752269c3e794f9
34:40	208978	0a2edd7541506d3910257a69305d052e60763b471c88cc02c346debe5bae94f5
34:41	203754	f2aac7c60b3fe71639189531a24ca9b6ca42dfc342aef82e817a1d2a15ea2035
34:42	236772	f13d92cd2514c12ca9c9442f4199484cb27f97f1ee14571ce4ceba1afb862354
34:43	543345	76fe21c78514b0ecf3dc76dd60603e84bc901755e57e625fe0ccdb8fc6deeedd
34:44	202291	8e1a558fa6a281a4d2354ce80ff6e18b417230d8f2d192e337e6d95c11453130
34:45	211068	e6bc705cb3475efd58ccc946b86a4281481bb4eb2a7e80f2969d0545358efbb9
34:46	370310	ffb582febdbd1820841b086af379a0027a90275da05d23afb933a9f2c560ad4b
34:47	210859	a3faf6bf08ac42d399d5db284c0aea1d9b9ca7c94f1ab032be4b23420b32213d
34:48	119117	764007012f4dc1b9ed53580edde474ab2c0d8ff6ac872845c7428557ee63364a
34:49	135626	e22c3004926a6fb2f086d67c0ea5ef9c74bd73d0f78e9ae0b099deacfb7e1a3f
34:50	266030	9291203be4d12131c7a0d0910458e122afb6d9f14906ee54c71d005c9759a535
34:51	136671	155c2b08938ae49ec56122a8a82e53a2ff89549a9b50b5726e2eddbd76901f99
34:52	151509	9d18f9420c5e66ce3e4c0a344828fa6affac81f199f3091c2f79a9db7a02fde0
34:53	143150	a5375804405512140764395d20401ec4a1773eeeed6a5936f48262be8ff06e93
34:54	217546	075dc337ec1d3c1997f9a29658e5c8686a11a22bd01535bcde3416223b8a4913
35:1	368848	7fcbf52519ac70af8d7c55486303f9cd4622fd75152d9903a6a98769fae09dfe
35:2	248893	4cdbe19212164572f78880edbafb0928c0ef6e1937abf2bab78489ea39969d33
35:3	349621	9c420fd655c1bc9cb1115deb9df8d143383cdf1f43101916943f91d8296b4fe1
35:4	162585	677b02f68ab252efa10db7ac0229e960e2b52cb75dcfb2abb90ce4ab96537fec
35:5	266239	425725837dbda8c93b49eb9e0deda78528cd3002ff795f53920c1aba4cddacc4
35:6	219427	b97eaa556c3930ac37fc847522bde2bfa9692a40f4686a1f1d29d6612e6eb056
35:7	239698	0cabff86dc7442f0e9c73931c50702400989f0d4eb540644ceb35f88d1dcf50a
35:8	394134	be07a95563f2384cac002055e3d0a6c6bdbf473443ba6b56cbc72d28c58c9210
35:9	266030	fa356c97958e389f61aea0e1e3b86198cd75288f9325dedbaa5df7e9a35a0195
35:10	405210	f7ad103972b488117ab1e73583566fb0ae185b2b27e0b70ec0e964a92b8eabe3
35:11	484622	871c5b088c33c3040b5cc15ff85f660454b423490b78ec6875cb0d36502d563f
35:12	521194	1112bf62a1ddfdd960190b4a165d86389afa84d78ba3cb9e52635aa91f952433
35:13	393298	8597ac57fd3881069096b631e52dabb9c8366b0a4f93a1cf8df2627806ba9029
35:14	276896	17df714218baf81b7daedd1868fedb37becb2ee0d8ac4cab721b2b0517d153b6
35:15	213367	fcc5d5aebd1c6ea126078b8f0a8b96ddacb818c63b49b321ff2a5ad811669e8c
35:16	95502	7c46feff2826f3d66ae0ab92d1e4bb82d1026ecc78f183b6121e27f774bbd5ec
35:17	77321	d97a89db670ce6d1e3342970e0feff22960269d73e9e799c6a0fa2d7460f6094
35:18	511790	f0d5ddb9908adebda675b4208b05ffd0043614dc0749260292c9668d2cde3168
35:19	72932	9e488ba35235333637f2b47528b88e6faff7d4bb67840ac52ca304551642c005
35:20	81292	352161edee4e5a0012f70fbce4ea405da92a0be3085ce1ab7e4b1e3530989309
35:21	59558	a2e107fc35068db2e4d6dd3ed19fc25378ce2ddb4384b22b28ce16481288b54a
35:22	272926	fd1aa356de5ae6b334ed2071cb6ebe928dd254290ed8a2e459c85868702d6704
35:23	58513	8c2dfea238bf8e7e5432ba9d4a08f6fcd6e133a56a19c70f98b2995b9235f248
35:24	215874	afa7531cf45b7e6bdd7d6de8cbee3b96deed0099434e89eca04f9639a0dae2c5
35:25	212113	bd61630e7be4aa10be3f1459f33e6ab1208d90e5a0cd6b5ebc85a2a7a88f0d2d
35:26	115982	1383ef2c45d878180ffc5fc60c7a458796932215715ed459b1b689e2ab9f64c9
35:27	383476	5f75d8f4203c3fac339fcf2cba1cc0cea451eac5b52551094066c9f063e90f1d
35:28	329559	1133776469bf92e3a7f49ebcda8a47e0854b6d2f29604519f5162b17369a4b47
35:29	176586	6b917ffd4790d8434d40714fbe2f77541093c889e84d9ee3668b330042f45f90
35:30	151300	79c1a7d0565dfdd6dedc18aadaf0ab00f1747b74370eec8398a19e7fa552ab66
35:31	219636	e59399cf6128f0392c17c008f9097ee4c030b097b87e4ecc4458b2c66eb0a967
35:32	257252	d334edde2f2ee829b45309d488b535ce9a45f7d3c9252cfaafc780a5d2c6cca2
35:33	162376	48f987d11296e68c83e71a479ac74c84f71b7774e02255ae9d56ba0bc04d2ce3
35:34	143150	51793efa324c29b86fbe0b0dbd83d2a7281f6fe74b88ed16b0d91e4bde4139e8
35:35	160913	857a6e908e9b98a0d7edd4742571a7030486c40f38072915ed9130e4a80b2335
35:36	202291	4245f8212fe0100b22f44f6504121717a53200109f0db3ff877576d79dce2275
35:37	333530	a8cdb14a40977f8a0a0aeb8583c632ec0c420219233d4d7ba1cb7bdd6dfde76f
35:38	142732	79a016d78633f473d2dc15d481a604ed2e4f6d629200c8eaa1c2862a71783935
35:39	265612	bebc267cac4e58043f02daffafc102b86197e0f5d9e869f390de5f5e1465fce7
35:40	371146	aff8078d583ec89ec8d6c05e4eef1247dc5c2ef1cecded205ea956dc987f86dc
35:41	247221	b9341440a39da0eb985fcb2c1e25980b984e529afc2073578790ab93c8abb78d
35:42	255372	8a4d32d4885508ce2909928b2508b47fb4a56e107a5850fbe6662b2407143f5d
35:43	335411	54d7d4eea97383bbd2ced76239a5d5f786a9d7cb1a8af7ac3e6809d365e00834
35:44	331231	97e921f00dfa94c30edcd6939c8460bca6a6e559db0dabdcd58526a5ac4c446a
35:45	309497	2fa46fa858fd0115c3e5f3b8cf310d90be9dee3489ef5c380b5d562336b3c538
36:1	42003	f54ef4c62d573353fe96ab22c69f21192aba021ad5589e77f9347592fba4bd59
36:2	42630	b8837f2f714aaff65f3a003a1800baf9651dae56300250adaf92687d6ce9c31d
36:3	45138	fc28018053d77fad22f5a147eb8481e835e5d3ec6ca6d3c0babee928a721d085
36:4	54542	7f9e54efba0e3d07457366debd612d23af7761ebd8c0761df66a4c8d376624ae
36:5	64155	71c6abd65aba3f4a5c7b0322627e40b01dd853acc5f7f6255d51f4138598a0db
36:6	122670	8b1ab832e12001a6e7ccc57c44d1640a2ffe32d2091233ade0b7525ffdb15c69
36:7	90905	ad9081116fe692f99c6244687d4fb1b4011504f6faab1eaf5a100efe9c7f7517
36:8	139806	ccf3feed4df12fc8f56e5ca51ec6eb151bef008131d412dc7b95f117d0a4d362
36:9	157987	d76851932ff1867127b60a376796e2a1f74b536523442799e5adb3cf9ccd4434
36:10	135626	6d9249ef9c99476f15cd528386da0a394e2debb63632bf08dd15fcb82027e1ab
36:11	187453	f93886740adb2bb05a516c5ab224464fc7b3cc29f459a843547aac9874c66029
36:12	207097	40b069b375a2f95bb3fb988b1f2f4e6c23510c350f47d9fd443796be3d0b20c2
36:13	110131	bde44289ef2c6157519ed8b8eba4cdc7f253cdcf272ab2f53c1bbb632f52a520
36:14	195812	bb7d65bd23f46ebd3be507bd4ddaa3e425c7d1a6874893d23b46a823eb171fb3
36:15	205008	d02eedd6f6579397dc5f9793d78bf832feb64d2a7e04aefb52803d780289d425
36:16	99473	c65c57b5bdf1e8f227e92c73c00ec288a2a628a9d17c935e95538346505d8718
36:17	100936	f2bedfa654a81a2f2e03816e4f3778b91419d15e6add4fe1a2b8b336748bd209
36:18	213576	20099399ad443b22604f6a12dda4ee5628b19e9d0a201c98a8b5554a8d491da3
36:19	179094	61fe864fba5769582ad5b8b051f01af03c8e2cac497a8bbe001f159ca65a812c
36:20	150255	290a97701aadbad0f18660a998f5f60827a299a314cdb5cfdd419ec9d26caf88
36:21	103025	b17efe5ea6204442e1a2508338184fbe32a9e59fa8f901e874d915962b0cf1dc
36:22	107205	838fc032646e0b1458448cd1c45af2a5c3a1aadcea6990c293ab3922b22227c0
36:23	199156	f12bbe8541d1c6328342f484145fb6f31a1051ea97cd6f6ec0800bbda95ceef9
36:24	96129	efac355d7e8553ef17a0939b59fa251053a28805ead62634513e4599c168c43b
36:25	83172	afeea86d50bf2298e5c4b72c2cf7ea28dfef1a349202af68c7cf4bacdffea7d3
36:26	108041	7c7ed12d3230145ce41456c3650b8a7aa6c279b2767c820c6de0d0d3424ab447
36:27	93412	13786391563d5ee2f9f1bade25b2175627501e7be0cd61f45833723b5a364a5f
36:28	195812	886aaca57017212582b2d4df3b65e01c8eae2cf301edc0cb54d15659a926a3b7
36:29	114519	72bf010b15208870c82849c22523828f92fb7e7a3be016018910a114cb5faf06
36:30	204381	ec384157cb967108700513a97afbade1cd53c5c26eb75e24ed2d632a07cf3a7c
36:31	129775	42d1b9e1dd5600fc5d5909174c85622e01c2e12bf0ba3768d7729fa773ea7eb6
36:32	100309	f821f905baa3171f85d7ff9fdca1b8293b333e54ece70d2ee9bc3084c1c6f08d
36:33	146911	94232ff2130bd2146d9144234bc023a7bcfe6575ec255b2901eb633633abafc2
36:34	154434	f71c97bdae6f567c53201b83f2d0e10017b617ee8cb8745b916399e4436e1abe
36:35	145657	790b2624e391039dcebad7d6c7ffd0397c07863e925984ed566d2626c8f744ab
36:36	179303	f086164c85bd86de1fcf5f9cd943e99156a98f14bec46b8d1a20431595f151e5
36:37	120371	788ea749128e69870b0fe16b0859e5b356dbb4f01fa275bb3e838ed68302f2bf
36:38	135626	e97fba236d6d70945f2f0d985b955d885ab2ecd5a2d4406babf8e33696454a3a
36:39	120998	b5eef35689dbccb55e8286437062ad5b07a9c816b73a64d24e42c193e19511f7
36:40	220681	d88426ef6881f003d033b7df3cd07bc8bef3a6c9a35333ee6e3226afa4a75fc0
36:41	116609	96efdd5a9f467fd07700a0fbb010088abe9cee0c03bc04d0a0c654d2799d22e1
36:42	99682	300a1549681533823add980a8a1593e93bd0ef2033be639cad7c853d90acfe7b
36:43	113683	ca9c6ee3e35ee0b29f42bbeda4c29b5f973724752bd9c92b0881191fcb573a07
36:44	106578	0809c69a276d9139cb065c230b2ea002f0188c12d9eef85bb2d5ce7aa807f7bd
36:45	132910	df5b9a44ad35f4e08e902eeeb7246204434551ad5e3b1d342a4138f0690617e9
36:46	144403	a88be62ae8907972b59615681f0c7c9ed91f7504b80d5e16227c7bb92938433c
36:47	431750	ab4295daf76e86a61ec7951e098cf43191358dd334a862cd63f08344f040d5e0
36:48	105533	e1d6045df792a12087db83fe94b9edf0a5b5c7eb8e77435ac6c27046cc4e67b4
36:49	142732	b478ccefb139c5b9a73b6c5d9a5f1f3baff55c1e9bff010d4e838a052b122b2e
36:50	132074	4ec43605fa1d17861472c196ae22ccc756861211dfa2b1e2f55cafd57478b0ee
36:51	132701	e23ada5e46de3e444a1394daa18351e777d477ce03ba4e04b7403d51823ee975
36:52	188707	32252332ffd5338804a4d283d0576119c0bbcd63829bc6a1bd5cd43967798d55
36:53	151927	7fe7c22fb1c81948f66532b0e86f71bd34e79999760b34fb7938adbe34bbaa75
36:54	151927	0c1655ef6b0e4e370f38734f2897496e1f860e6a51b3a8e452abf72354db57f5
36:55	112848	450d39facff93ec973702ea79b97409921f57b80e12c6642b64652351d37f91a
36:56	111803	4907318fba5ac4fd63307b09b7f8ea49c717790ed5e64a6db92a0895ed8daf3b
36:57	95084	7a38e11ac17478ff1a2a7c68ae3615eaf489757893b6c4f8a2b3179acd870db9
36:58	80038	ecc103b710ee1101855211e3abbc2e0d6e6cca4b04336ce6c92c679135fd5f0f
36:59	71261	1a799dc819094d403b8575daefcd36aa4cebb724a753dda55479262075bf2217
36:60	199783	14e11e075b078dd0718efcc2d363da0a7d1a043e8798ed81a621421abe5b8367
36:61	112430	c22fb35518c5443d227717fe42bfd72c9f91bc084b4bf68ee3ec3ef472d03314
36:62	135417	c382278c83512200990b9b98f67a536d8df9dcd2d63a1bd13bbb25500936fe48
36:63	95502	316fa9786504909602be00d7fb36feddcd3406013926db1faadde637b48bd770
36:64	84008	f7f1fa123e33b91800463327c004a5a9b7b507d9a8b0f0085f90b8befced76d0
36:65	189752	60d8d50145851d060d78c55b6961fa0e23b025cb1f9897ec3fdf809407588d5d
36:66	170735	87e8d941536a6e66f070d04b303e684f5576eed0d7375f4de23180dc90773a08
36:67	156733	abb1b799a8c59f6de86798154c49f15b4166bc9e43ff7aea06d1a790fa5ac94a
36:68	123714	b1053374ba0abbcd25a47b6e37014338a0f76d8ffe2dbf455b3aca285cf1bffe
36:69	166764	c264bbe1df02ca94fe447189264d4f45513c47d6b6e2feee268956705560f166
36:70	112430	92618e83d310191b3ad12cb1fe34da0772b3b7967e49a4fe1bd3d600b644e483
36:71	175332	96c6f0e0c35b8ab511897e2c9a139438f5801be556cd99496e4abcc9a2ad9f38
36:72	114519	0d9958465672f24253283c72b62f9cb7ea769bb11c7463fbb76f0c4b902aded4
36:73	109922	e5bf83ec99c979a35797f7930b625d47b5381c774fc6076bf4e3205dd9afc10a
36:74	123714	de2e6aa23f5c03cbeff28fdd8126808c00bbfe0b917bdb3d95cb53b195819e1a
36:75	113265	548b191a7ad6a62a71577b01a3e1d070a6a9315714443465ba63f15370917756
36:76	157569	b3a777b2cd0d8b1dc3b123b837cccecb498a5cf88cc7a8c7e37ec0974ece17ab
36:77	163421	97d7eacae140e9d3618480ea672771c9873940d5ca839c82d8229abe24a23779
36:78	145030	0723109880b92a11496717231bba109f4ce67cb6884cd0a935cbe4c2493080c7
36:79	175959	2bb7e91c482b3acf2f9b8930d637f7e716496792b9ba17953c55f95873d7fa92
36:80	169272	8e7640d474736b632ebb9611a9952094e5cc39ec7ca96bded9ac57ee38684c67
36:81	227995	a7fef93537ca820c87e8124e394f2bf3f9730e19dee95f647c90bf47d853c92e
36:82	163839	61137c0478244f71388326a60d02621020eaf4c2c325a9de718bedabd9beb996
36:83	126431	a87e4f0c675dada0be5cf8bbcd3b1aa6b0015c85dace0391de9e5473521486eb
37:1	66245	4392aa829d1a1c63eb0a5c12cb62106f4341bd3e1e743d6dacff83df1f616134
37:2	49945	fc67f9ac50fc0f35cb233f695ddc1aaf48d92f3364d7587757a8eae51472d150
37:3	52661	71083dadb395514565422d7c55f53ee6a17101e080a170f247b49b68fa42bc40
37:4	60394	58c156d84bd01d7a09c0a968d4a8f1ab99f72fad9f43bc1c8e52e65355a026c8
37:5	115982	7a187305d410e29153bbbf1f4c0aca4c2bc92c4ec8ff2cd7bcfc255e44785e0f
37:6	115773	4cb7ec3e64479f59251df9e2b3cd5227b854a24ff0269ecda4a0415af9804f74
37:7	83172	6da643f01a9e2efd3908c3f3bb3e4e7f594148a705201152deec52c7b1eb5145
37:8	131865	84d1d8e8e058a7f598a1d4cdd178c48155dc6421e96964c233150238b03215ff
37:9	81919	bae33dcfb787dec2f90353834f5d672a6dfbaab83e8329f1bea73d37d241ac08
37:10	121416	b9be80ff243ee2dc7c68fbecaaffd49b136b70e6a4610cc2003e5cd8c5a1c6be
37:11	189125	d0877af9d43894d94186e91f0a22bdc2a69d3ef0ec76ac166174c15525a55101
37:12	53706	6cf555ef2fa24ba5540ddc3abdadc5f3b32ada0812fc158c875fa26e75580c4a
37:13	69380	93c5c9b18510074964726eeb49d66779c59ce0b5c4522dd4ae2f8d5a4eff214e
37:14	79620	3f1c167f97f1fd6d34535c1c949bc101fddc471c7b04ff76ec4d954f5340be69
37:15	116400	bcf5351ef12032d9f21b6d1ede33ea78e823d7d06e71a71d06105174fe0f72aa
37:16	137507	1b00fa2528b47340adf71f4ddec862936a1152abb61853eb0571f27053da9e89
37:17	75231	507666e6deefe00a955eab482785dc4b2d1218635101aa1a302354aba4eabbaf
37:18	74813	a9765c5819771f50180e092b48d6d0dc0125d2cc2fa0397efb72643807fbe02c
37:19	123923	bda7f9d5f7454e409abf1e5782fcfa613732aa6931e1d958700e04f6827571a4
37:20	113265	978e44d3496e6dc6456b485fe67523158d79f236ed51d25b064e267f52d63af6
37:21	119117	7a095883697a0fa8d1f2cca1d4d9acba6e417c6d6b7c28ca3e158e64ed2f2bb8
37:22	117654	4fb88f41db611d54dc7a360d1fa2472b06d091a095bc7dbec748489be19e1cc4
37:23	104279	cfd92056110b9e3a10542ac3150c4cf2455dc566ea9cd6a8718367daf538125b
37:24	87770	51c52f1225d657792c75f46dd5c29aeccb6b134ef22b9282f7d95dcf25417d20
37:25	60603	3f2da9c8641ae8c95bed391174f42ba0cd1b6c69ef35c8ac8601110ac69c551e
37:26	65618	5eddd99e4282fe3e2ce76ffc1984da49dd3117bc9d9008b0f55b16bee3274597
37:27	106369	1a1e42de3372f9636a4be0892636e287c9a3d5c553436676693f73cb504b577d
37:28	119953	663ad52e3c5d5aa6df78b6a51dc2939673bda5237dbffe8dff0172870985e539
37:29	76903	18ba8088cd639e79efb151acc4a6edfb54797febb50f5e105f3068e5e62ac4f1
37:30	187244	68ea8b6636fa06ae0c92a76cf66f47d6229361862d6db912c5aedeac1b9a7c31
37:31	127894	d60898fd4b519225df4e3610e2419e5c12eb4aa13c4076f407705c87db201766
37:32	103861	275b1f2c8eb17346355f92d91f9b1aefae527df8844c21644df1069f2471b8ea
37:33	91114	76df8050922705bc4377c95b2c8c3d9f90d273b9157e81f9d4874f3d6d4618b1
37:34	77739	4b11d3e4b21a9697cd149ecfc509c7a2c9a1ddd013d61930965aa62971a3213c
37:35	161122	63ab7e24bad4651b0b1d1ab582f8d02eb7abc978f238f3d481ca08bcf4bb6528
37:36	141269	7881b8fb9743458e7d62c7d104ec117e64faef02531f941272a996ae2a262271
37:37	93830	b466e3cf022fdfb7fefaedf642d34a533b726e54fff59fb5e8a6bc174b6347d8
37:38	89442	733143ebaa874c1354e73e2329358066fe227eaf6768cacf181b89ebeb3c5ded
37:39	101981	edd9996ae5866630fa9c159cb59b4161b1456297c14948fe5f37cf9358ea08e2
37:40	85053	5094c70a7abe7dc7b33d00f108610b08812072a322257483af48201ebd68a9d1
37:41	87561	9e50056032c7fba8c57abdb87baf0913f925eb33675803c7c331ae91acbecd31
37:42	62483	073f703a6a204918dcf90d94217ee92e2c0c4237f97ac290cfcdd35001ffeabd
37:43	73977	e52a0ebb9a4209b011c69493b5ac28669c2138426be7561363668822c6b7a2ec
37:44	69380	8e2491f55cf4c8a21d8c5a1fe19ce779460c43a471c8a8eff3ec189f9dbcfd8b
37:45	104697	e83e4033196f849a2d2087f7f50997829f28986c341a0639b606a9517248c373
37:46	82754	0ce644b3ebb505888d26010bdbb5e727a66f3b479a4ba6ababedf179bdcdec18
37:47	113892	d18e03146758ae70c3e1b6bb967b93a50764a0309ad27c1c86b350f0300bfdd4
37:48	87561	c465ac5015e087de86fbef61e9d8dc1b91ece54b80fab26e086e248a4284dd1e
37:49	78784	ebb0cd8df7106796e4651354ec2194115cf91991042cf71f5175f0cbe53673e0
37:50	100518	470f10c0e842a3cf13b6226d8e5ceda8969d57e235698f32e609aefb6befbff7
37:51	85262	baae1ce92f1aa3ce1cd1931568e57d05e339850220a44815372f71c702d5aaf5
37:52	56423	07ee587a886eb76a85ef7e9e54b8ad004e1c69c323d781657230c00e7b8dbdf4
37:53	100727	13b85c0886d2ed9bc298746dc1a1709a29cb418237a17a92a1f0d7587dd2784c
37:54	63737	5764215088eb8331b3fdb5ca5bd8b783be888462cfc30ee7c49fd636ad436177
37:55	74395	ea6fd20dbda4f6639b39fc2aedd1cb84d14d2a8c7e949f186607ec2193b4a7f9
37:56	64991	52be1af7594536b96396aed228ae4da3790cd32c56d11587f79b727b709cf5d5
37:57	71052	bc821e99b60dd21286d5f4c1be45ceaf37fc134d62d81bb79451fa491c6790aa
37:58	49109	caf1b81b6c81ef87872a22170cec895637eecb85dc67adbe437596042ed6f655
37:59	76276	4cbecad01c8c2fea48783e5ed066d27ded09d59e56169d447a416af9bf8fa108
37:60	73141	4f5578d8d1f689e2be4df1cd9eaed98a532203ca33f4d87028f520f772811303
37:61	62274	4857ecaf75cce8bf7dcc7917014bc6c7fa187981400c20f472532def09d4abd9
37:62	75022	41a8411a3ebdc320515211099ce3a45c15bbd4b80e81ceea2d1b194b7042fb78
37:63	81292	5c8f4663232d397a73a2f7ca309e7aa0181496a76dbc296edc7a456488410625
37:64	82545	0092ef572a44a91dc199b09063f0524d85f714f9c251b2527732e8b2aabeff8f
37:65	77321	fb956220372dbafe61426b9a72d3a1888246481a894d16f6190e7b4eea94bb3d
37:66	91950	574fb87997f0d7b9934c80993c6e988ab3787fc7b8011a812d460dffc61907cf
37:67	75231	76dc50a21a7dc8c81168f3758e5ddb2ca47d5b8e43912dbe65c7e95279131b51
37:68	70843	bba8d7bd8d378e06bd2d10d462d66969e780b6e2b134432222b80a326176cefc
37:69	98846	ae4826502ba3c972d2310c1a05e3a83f1ffc79b6ceebbb9e6fc5e83f9298361f
37:70	94875	f03759beedb53adf867a69cdc6f27b9ef031dfb919fcb6ae686514b980938544
37:71	67499	ab41eb04bde80fc1193babdcbd39186a61e4eb3e5fee139e3f24b394b4a5de65
37:72	68544	148b240411a38595b4796868f1df6fdbabebd7d8c619054ccaa02f49672e6481
37:73	77530	897131d2d0c759f0568e15352a2f7298c79e1a5349f17ee25da8c5cacdfb50cb
37:74	62483	f70c657e41962ff4f04e1b9b6dedd9a7a9ffc892fd0369aedc41e177bd1ce197
37:75	86516	fd3b2fe9e18542403bda9f309f8b4eb64f5dc266e02f24df7a63d5f107c85c49
37:76	71470	35484e8095991496860b8d43aed0ce0ed982f5a98057df06df59ec6b5d536203
37:77	69171	7b51c6f2329ef8cf3639dec7522194a9babf4e39d626eba9dd2806fec05c58d4
37:78	63946	ac6ae8f254b55101dae8aa9744622f0ef9e495f639c51d0f3eb2fa2888a21251
37:79	67917	46e7eaba4d48f455b0bff755887f1224b96b2a6496039c4ef5d34ffed0e1573c
37:80	81501	5f221504a7e4fb0abcc686909671def39bad933b5d0788cd854b3da5693d52bd
37:81	84008	a73bb33e982a74c7723f54b8e62384f3d8b236d52f404fb784166b8a50c469ab
37:82	55169	b59181d0ca6483ef55ded67fbc567450aa9d1a58186fe1d212f67e40e612d501
37:83	81083	a71130a80eb8f510c4de4133cac6b4e15bf135085212f47655f2452aece93608
37:84	80456	321b047e4b05d723d7d8403f7dc43b1473425b91e299882798a43e75a5d0c228
37:85	84426	9b0c59a4108a75d0c53719733068265759ba8858e8b5ac005ed790b47bc5977e
37:86	98010	14022c384a6d698cd751fd3e1eda8fa47b1cf0efe39d0a252168e21598fed686
37:87	78157	fc3be525746b5d2ac76c5cefc2df2e33a0b75b37a73a722c731381d095222bcb
37:88	68335	1648f62eb807143b022a824036d83670c0f8f8d6ac4b57309cb09b00f685d1e9
37:89	61021	047f22265a60bb94b3f518bedb213071dfbf14f69b4a161098e4bba6a99acb30
37:90	69798	3b280c73b607c9323ad21f594cb49744135a93a393ed5c0e8319beeda2d48dd3
37:91	105115	0d3ed80c1a77a2f529d4745e32a59d2a57f3b9f87250caba0e4a35a6806381fb
37:92	61648	b7a60b32623a677b2b6270d3e6ca21a67b752c91d96604fe082a79caef974b39
37:93	79411	b8801e2f1f961c7eaa0118b6eabf046f1420f27e85c4a9e62cc2011bd94fb5a4
37:94	75858	db8665f6ee19cca5b10718a73a0d761bc354887aa58d1db2ef9e57df499eb5c0
37:95	67499	6d95736f7ce77f25128ceaec75e17cef39d2c4cee2525cfafa9451293f56c768
37:96	78366	b31c1565504707fc4ee2a64b1b63252691375ff04000e97e28ac04f9efac19d4
37:97	115773	d335476f28ebb41643b78bdee6b53f17f8e9b74ed2679aa9b0c39aa660e015b2
37:98	96756	67858833be713e25a00736ef30e7c3a0485b861e3dfcec52c9fe26437f66a67f
37:99	98428	61be0f9839d4be1176a5e5a04a7bf52efb441f7af1da29458ce05860d9d417eb
37:100	78993	1ec9928802a6ec3ba40d85269999eadfe23d28a3da49b9612bf04a2fa26103b1
37:101	83799	ef4c48fb69a7bd54bc2c1a94dd1ba5c32c193fc976727f6e2260222d479207d8
37:102	410016	f1c127f5b2ccb5cef7f7ba0b734552987c163cdedad76f1103674bfe8ef425b5
37:103	95711	8559575180a62ed98d087068693700c3b31cca41cc18a269338954397fa329f6
37:104	87770	c6d62a397ddf33c4d973d56d732d58a54e39c963706eb506130251a76f3510be
37:105	118490	f4ff02e7adeef0b42ce7733e1420667c44e413fa9a05f9a6aed24381cae9b78b
37:106	95711	bd7d8c90c47b681c0173770d252d4d1774461ce212aa34bda7418489e00ca17d
37:107	60185	b680a39654686a12918e687cfc45e4fb9f18b00d504ca3be83460d6ce32df808
37:108	67917	ec7cd8d98a912d8a1e703bc9b965a597ea6f8da03ec5e1c8576bcfe327cd65d0
37:109	71261	4376cc1c5991f98fa5839b54248359cbc56e28c6d1d26a139958d56958de749f
37:110	85471	f0fe0d27dbc2645c9f84f952206f9e2a10c80171d3e9101f6f654a935f9e9dba
37:111	78993	dad2305a8478fcc81d17ddc4871d6e056e8fd55a847590c13a9f8259250f86e6
37:112	103234	8279921fd7f27be8bca6d8b65c3ca5a9a345d0b688c32adeded421560243b781
37:113	215665	f3185a689fe267ae45b4d783075d953d1a665c3a7b054fa911b9c2f018056857
37:114	90487	7af46994e7da87a96b3eead69a0be4d8079735d9e7ad3dd90a8cdd8019b034b4
37:115	99473	23f75fb231548211d96731c15d89be48aa9d321328ef38cef3ec40f37710ef42
37:116	88188	76d9752c781fce151526b8c36460b024531d1c8f9ea817fd92cd4052e71748fb
37:117	82754	f2941c1814a4c8cb1baf9614a3614f74c339e14aec9212bf9d8572583e3e56c7
37:118	78366	be78dd184a7f631c35719af44c723c221fbe07075a32135735b1afe1134950dd
37:119	89233	bb6b52a44cf163cf8b68961f1dd1b19b3405f2500ab683d79c1b86b9a112186e
37:120	77739	b2e8d925a1d4f5ff1d63ef330ebd4fb0a378fb8c30fe00901646294305bfef64
37:121	80665	801abb4fdb86cfb811018e7fe65cbd8601c7fe08ec82cc2f8a76fd9c2658ba3e
37:122	95920	2be165f305d6398bd75b4b97b52f54421e9e436e2e146fb2cdf0ed25d1381191
37:123	74186	5e5424ebc1f7da8d5db6fe8081895eafa56186424eb028422e5a52b3f9a11a45
37:124	89651	8289b8fbb4717981d48259942b23f349d5e0e354f55b1abda599bd3cdca74577
37:125	127894	f95c8bf9ab50137c5e1f94fc469738c689a79618b38ff514fadbd666302bf120
37:126	121834	1997478043d668ce94dafef499aa9ebf3169c735ab4d3ae0a9dbac234d2ebde7
37:127	83172	459144bc14c1f15f6c963622796639ad028a8391a0a18da31eac05a7cc7b7cf2
37:128	87979	0af8f6bcfb4570fd8af24c1929731615ba2429cf690d44f4ef9512a392c45916
37:129	69798	1911d817bd56ae7e3b6275c08ce23e8d7c268939e0aedc5af33ff8457acee0b9
37:130	98846	0f5beb971150ddddff6834d5f8c1addb8962d1ea5a7a79592e005e42856ea43a
37:131	73768	e151d556c82411b45238f10f7a828824e984ab617be1ef98cc7a41156ce4d354
37:132	98219	b1cbe8cba43293691db9b9a4283495e5ac79445b6728e8d2d70114c4b617010c
37:133	74395	bc60e7262bb04192a5ee9786955ace24066cbf73c764c2fa0d6efbe0a54ed030
37:134	87770	2051d2042b1c2cc94c453b9971173fc38d2af9abdd00883563b4a4f583700960
37:135	76067	82a2109455ca9eec11e355c08b58d7bb81fe79d1d68fb5137cf99a667ea54a92
37:136	70634	85a810bf5d7d43bd5205a7255ea49220f8df4d6592e30012967fc5af8bfe6629
37:137	98846	7756a40630d49dbe308d889e730d3bc13ae0f1084d8d7bde5284ab1ec55fedea
37:138	101354	3c7acb7d8795ba7531d5e79020658751eb9768e3de38463eb5f2b6daa81a2b6b
37:139	80247	c50ca62cd61ca2dc549610bc3067edde4425e03841d00a1359bfbb12a8f1b5b2
37:140	91532	33afc1113bce2cde306baee9cd60ae00e6231d8d09edda090f72b17e0588df1a
37:141	70634	f83092b4ad4db28f0c7ece586df3b40b8aeb053a30303f4f9573fa1234b1d3fb
37:142	81501	11bfd75ac0d78e69903e57fb25b1fbff00d946054f2674ffde71c750cc0a3309
37:143	102190	d8e4f4836ab1bb5862e19932aaf74443acaa047eaf4791f4dbe3334e0d41f58d
37:144	93830	bbd5f6882876a8a0bc537e867b2eb8c205d1ef45e57ac30c06702d9b471948d1
37:145	95920	0f17d72d74b31c84cd1d7a3f57cebed6321bf3561d6f4eb1f70386c706ab8a1e
37:146	105324	021376296786c6f53f47ee9f93947983bdb80f0c40eab99fcdcf9eef61a58bfa
37:147	100727	6deceadf86c8e2cfb086e35f04ccd7f4dac2e81a43e1eb85615a39332720bc85
37:148	86307	dbbbcd03324f3de12d8d3211bacbb6efff1c446f03e87ca65cf8588e27ac2dfa
37:149	106160	0062196133e8a93cfee5fadb49567cc3a1757a372359cfcf6b3d5dcbb66b7b75
37:150	137298	865c608c2605c7784262dde92e59deba93277cefbe1b96ef0ab29264915243d7
37:151	146284	ee1ac98a07c472f42937dd9de33f6eb0b655196017e5a86b321912d47c16d6d6
37:152	92994	57c4b9250081004d0166ce736751dc7314efbd0ecfe64bd3b920efea9dd6eac5
37:153	70634	c1f9a2df81480cd8686a3a02c23c356d8bf157eb97d475bc36eebab2ef93f81b
37:154	61648	605fc98131b9ab6879b2b0763a35a24eca9b8b3ffe10c7e306bc389636166904
37:155	53079	9e8cb1ef71aeb06237f1fff4d144445778cce86964447a5fc46fb1faf3f89599
37:156	72932	5bb970b38a6740b1ecb643daa5713ed9f2eff40db6c6076d5ca124880cc793ca
37:157	98428	5d56e2b589b5dc9a30c759f7709539ea29b12da2ff6bf0c08bd726a06160333e
37:158	201037	6229f98d4289814fdd24d99246884eeec2f39dcfedbdad571d0dec60455926c5
37:159	81919	118681c261bb156eb819acb7b93b2c3dee3ceb7891de07d8fdefff61a3702bf8
37:160	102608	3d4de11a9cd04719c5a2e5776baefcac8a73a3cb6bae351ab5654eaa1766bca3
37:161	71888	83542413b5cb904353ddb2cdd123022b38aecd7e32e0e6b26e8caa17bfffa667
37:162	81919	450c1fe3b99d28fe6e4364162972555579784fb509be81d9e0277c40419a31ed
37:163	72723	40ed4517b9a27ff5dd1253049b8e514e25d9353dd163274668e90c53b3c2e414
37:164	115773	b2820cbf01f5e0b45cb65e425e2f12c8df9602a2872f2962d90aa491c7af8c61
37:165	92785	8afef482fee3dcf5372667ea3100073cef94053ffdd28cbe58fc3a088119dc3b
37:166	84635	bd772f0db1ee2303fbd8d41a221f7e39b3142a5f5cfe310e26bff347e1727d74
37:167	66245	cb117945e8b0df66bb0df0c6310f0857dd38873d278b41fc7b719db326e6e49a
37:168	102190	8999b8a5b5612e39d4266d70861ade89589851df2dfd5a6730f2ae238ac1ed7d
37:169	93203	1868e41de724d5e96b7184458164913efe9554d9079be2f84197c975f7bd279b
37:170	107414	13c4588660cdc7dcdce739845be20d3360ee9c642b2aa4c134581b6fc5002692
37:171	104697	f611bbbeaa4931e3ef305a4ba28659cb2f1b551f8319dee497a0bbce8465a185
37:172	76067	ed2113b6abb94047fefa6a58715438a5aa22cc9ce0999ee660be6a7daa71b029
37:173	80456	525d91c01227a1dc6ee7c54025bcfb863e4a791629b5b00c040049e33d7ab6c4
37:174	74186	705526b349f0b2d885ee7cf7413600736d5bd522ac25b2dbcb59ec628d50ee64
37:175	75231	d6988aeb347adda86a8f9440c8a39b930e0c212e31b3eeec48ea9ebe71069224
37:176	76694	6054b82b2c62b8485537467bebc2425e56695ead5a6c1db4fa83954941388dd8
37:177	122670	93caf0b883adfe3c292f3ca540e3868e15cb69dfcdab13819ad7193df0e71aab
37:178	71679	8ae7aa76afd7436ce6e9114a44c3a829139683a59d17f0fa4c8c5e17784ea61d
37:179	67499	11272436c6b8918a1d53f6bcfa14b1a82e86706ff184893c6fdf913dc3343b6d
37:180	105324	813ceab4f06c0b0c581bdeefa5c560c433b826973f165e92c6e815a2ba2dc0d0
37:181	62065	b7d9e979bf4b16c3f16a61ea64c9e43940d9fd3ab63ed29d22d627b37c86582e
37:182	74604	b5e52d6d27f7512de4aae59355ee53af529e308a83eec1862e98c7617ad38c3c
38:1	97801	c43f535c3a993f6fbaef8478a8b5de84b7a6236a599f98c43c2e1097f355309c
38:2	108250	30ce37c9e8a5b4e7710e936a23969a3041711e83714e0d6dde721060d18d25f7
38:3	143150	a2a56fcaf517d8b9fee2cc01ff3f24b6fb7433abf9dcc47262e3311f94c2832d
38:4	227159	5b0d40a175f69f04669f3da89c152b6c1682693667951b34e5ba71ec0279070d
38:5	155270	bb78dc51dd3709d960bd1ec26e78ba7774eb39e3bfa2721e8acfda4290921306
38:6	207306	cb91e3e09e5d0e698d0fc6a0861245585dc358a01d2d5acf15f18de95516349f
38:7	149001	ecb5d27b633ab2fa22622dc569b6007b31065db3fc0d7baaf2096c619944bd8e
38:8	230921	da5e4600dc1762145fa8b0cfb561f46d502fe90326b1ad49ba418b65b1257f0f
38:9	128730	4e9ea02c0fc6bc4824885cf2dac551c7596d9892e54651e57a2d2eecc9e14dc6
38:10	188916	e10df70a63cc93d6aadbfc3bb6356ec0909d635d00d4c24f98c58677876de3c4
38:11	119953	1829b5177f1e118f350b1c39589ae9d9f3e84e70b372e6e1318dc3d4ade265ef
38:12	126013	829f7e3d7dac5c5d8c4fc5f5e68a3e44605a3fad8718b3c5a514125aa757c15e
38:13	157987	8029587903173613d177c323b9e70269b2a992f2a7c05ccdd3e7d717efddce86
38:14	122461	7d2ab40365f5fd7dcc15124b8366f2722b7bba50dc096c3a3a0eea7008e6a1c5
38:15	168018	5740844720fd31506133d3472b9139c6cd7d855e8c70411d1b0254f24c999f11
38:16	121834	bcea26dedd36069d712d506b8df91968759213231df4968cf5bb9ee0651ecc0a
38:17	167391	08a2afc56e4ced65166ca1240a5d76cb2f58613ab1c4da966782b64b66e97a61
38:18	133119	f8b5e1c5bb5ef9d8b50854367de28538ac0abb85695b48d645294616984d7191
38:19	116191	c4b01178608e11f529422b86306e5f6ef9202bb4b61acdcf7e4891f266eeccfd
38:20	143568	0104af35589972f919f11b229b27c77625ccac78aedd7166ca0110ce3f1cc7f3
38:21	98428	74a52a11fcee2a6b728fc5b6911cc8f2fa1fc9239f0de4c59699ca5d7c94bdc4
38:22	331231	9273e3a779f8242592840ac6c8bc9f452154dda1b7c86e8923bfc1793d98dd5d
38:23	247012	9f9a3b27bcac6862945a18db05d71416d23f40a765e4adb4b398d539c9caf292
38:24	502176	47b9401cba4d12e643c3ee6e6b9ff4ecaca9b0a36626444935393545ad2233ba
38:25	164883	0f6b3da19c31846cbda6e7c8850e38bbd21aabf535ba9fed6a00a4c30150c536
38:26	510536	6332bbbf34aa084a09ed74789f5ffc2ad41b1b36334d56569650728b959c3ad9
38:27	296332	f0c2b6d1a44ab0e6aed796a08dc80abf6d377b24e57ee2dec12fe07363f9a0fe
38:28	207306	d2cc63fcb3ef412814ed2068529f3741697a4e88e4a0a81e7a75560dc88241cb
38:29	192051	9ef4cf246784b0dad00f0d574072e6a7f4d077d4885fbb86da741400945862f5
38:30	200410	6374e2afd194460ae20a2cea3725008ce932f2f54056847b5338fb3aa65b80d2
38:31	98219	77e85f2f6d3e6c1f05777618b5e39279e876c891ec4b6c430d8c3f5a538ddaef
38:32	175123	87ef1f402bf3ace935b34d883c334f2b279dbdfdcf363b65118cc3377d7d9993
38:33	145030	1e5923b604ab10284a599c78cb4f009c112a09023c28a62341d937bfd6eadd24
38:34	167809	86c07fa0cdc0dbc01d7bd887e3ed8c417c35529138ef6a1f19f0a659fcb3e999
38:35	219427	798f1e67746b02d852f81b46e31ce5036777d79f8c90c2e290a9172639fd9531
38:36	134581	2edf5b8d31f25e75bac3e693097d24e12120bc7c0b40aefa94960202708f54c5
38:37	110967	db62307a3a63aaf4a61dc1acf5070d726bc3ae7686b38f2e8faf205a322a82fc
38:38	84844	bd994d7a3f1dc496ccf473ad37dbc8f4dcea6159b5906701385f3bb104e51eb3
38:39	127476	4611bb9e69033c91edbd6707356458d49ae050a3fcdcafadc99b282c887c9f9d
38:40	127685	8609a5d81fae2500881b290a5e495f4abefc39696baa035503d5d9834bf25eb2
38:41	209187	bd32345b00d85dbbdbc2407f25bbb64b1e41a637960753e389b49b8fdc218c64
38:42	122879	f5d2e9a8fbe66758cb4075e3bdd307ad301829212ceba59544fb4168b7e473fa
38:43	201664	214194f31d06eea088c52f920e3d7bc6041a231c6618c9a85bca4e9fc8407090
38:44	241370	c1e603ae4343de833a908d4425b4eb5582ce148872cd2e3221a8899f4e3b2c49
38:45	156942	b966547b1e6209ccaee657aa4646e7e308744d1db94c0e0216fad9f19f8b6150
38:46	122043	f356f0e05fcf4f47e4ff19c59409191da197de56f3208c26e5fe6b2267f1fe2b
38:47	110967	ba4d59ffdc5d093858d5c4862c53bced9464a524af905852faf1bc89e936bf3a
38:48	87561	1a1c18eeb0e30fb2c164f388b40c9b20761622a038216dc66b41a18c1ec11a14
38:49	86516	da4a83a949a1f15f71e62d6da8b9dad0c0b0e9fb058101782692bad855d24848
38:50	92576	222d7a9e50213cb419eee350500a8cea247293d12443e5f7ef3b3ae78ae05da0
38:51	101563	a1074cefdb47bf34cd619fbe87974a1a78d8491a96605c7a71adff1592d23031
38:52	58095	03c101d35a2237c0a37b136497b1fd2af460b76c937113913f1bc30b39d27362
38:53	60394	c32021d983e9e7b8778bd7bbe2fed1081607174903eda6e0544eef28e9f9cba2
38:54	79411	d7d3b10512b34ed1364084bd1daa629271ddfff0262bbbc6bb08bf7417dc5e19
38:55	77739	b8d316128658f808a99c285a1196e150aea3a82bb2356e768124816dc7c7191c
38:56	62901	2118c86b55dbd1a8a875aba3c836a03f77058c33d38b970baa1a6b3900271427
38:57	64155	19940dff30d6c1417b429d242016f13ab3ee896f6be0a1edcffb1ea532bbeec5
38:58	66872	3da7bd6482d735be5360fe987ec88edf80c0b67c2e16f898575d6be1d5de7b9f
38:59	161540	9b9bf9a85fabff4e30a93e41d59fb0e784e07bc3f763e23f4ddbc1f5a51de0c9
38:60	168018	4369fba517bea2349707cc94ae9da610881f86b689877424ecad0b958ab9c8b3
38:61	125177	87ea25ad5827f1c2b3bb4abc06edf263ea4ac1448d066a7d9c2796c6911df267
38:62	107414	21408b427487e5e75b21922b257210d8acdb59b2aea55d0450614310348b5788
38:63	86725	34612402b16007613c35ac670d9ce8db21cbbe3bb3e4e3b9e15b20bc3ff8b3ef
38:64	84844	2988055b7a12d81207f8a165883e08adbc5c4e5159b65de6380a4c47a24fec8e
38:65	156106	764d3411f8b36191fb4d1f716314374afaf62f9b8d144bf3f0d82e8e49e12808
38:66	95711	578493e3e5dea6ebd5374bb52c02afa72be0c19863ae148a312b2e22e3876c77
38:67	44093	7b6c4208f8d7cbd696df90de3423fa9d0157d5e0a127231540e31cc183ffe7a3
38:68	54960	b1c96e77dd6ceb04ba5cf979ebc28e5300b8f94ddf94d3cfc2bfa5b1075750c4
38:69	103861	221f9921ea048576702ed2671b3c74303d2a2fab650b497615060788f64c69ed
38:70	155270	9d917e7d129917df8e1e3822adb768a6d90b2bbe68677d3e4b013553c134ab1e
38:71	117654	5101b9a8c0499804be8636510d887d916a923cf56f3a51cab04ed1d6981e1e95
38:72	96756	35f3ab13fa2033f54ef0b2a453332f9df1e02010eccfd0edcabdec4db5bf4a8c
38:73	68335	f2dde051b492c3b29957e6c95f435aabc251fa57dbc8e315781b4588b7de3730
38:74	86934	5c0a241dbc61daec2f393d40f89fcee7269d31cfdfe07e2017e44c48de392366
38:75	148583	70e2c4e959c4349c286b6d8af89dfa3d8dfc70403b59a44f4115b1711cc70f26
38:76	111594	59b9718592b3caebf85c29db8dd4ce163f74477b194fbbb75ec4c8b2ee6896d8
38:77	62901	1c1e630b0d801427ce21a8bc117048f68daaca2c4924c420f51e530d652546bd
38:78	101772	1af0b7ca72953cf4a2d39ce6d10c8b609657c01a3f4cf9cc5fef5e1a1f6b2aca
38:79	87352	20d30e099e4553607006712d805a34e79836221754a9e4a5314ce0266c1d8b72
38:80	84844	da4881addf8e1e9e36749a351f7da234a9dc382dc4f92f457f1de3e30f6ed436
38:81	63946	d4b540c3f75994cd48105f00b5507899c5c17baaded6e1e52f71bd3bfe510636
38:82	79620	47cdee034261cb2a199bb74b0573b85ff2202cf4b2ee7c852fb8461565a70cd2
38:83	78157	2ac42023d7059268afbb9a0ec908bd9fda22201c7a7e7878021ed60c0a1735c9
38:84	57468	5a476d37fe40f48d04791538e85906fa18e2386adbf02090b908b5885e27ad5c
38:85	129357	76f10f2ae931742f0df863793a79467e6bfd724ef750da7989fa73397420c47b
38:86	121416	42fb849d5011dc190d4da23c3203ef6cdbb86f227431236e00e584f4d573b6d3
38:87	64155	e52f4841af40b39cb2f43aafaf96444c6327b7ee70e3bdafb0b26bc963529f8d
38:88	69589	fc8068f1506043fa5bae198b8d835b0728f5f0660cf7d268dcf2a0b12f3b13a8
39:1	83381	9696d1f749981d503bb29fb7a29052c96f9e342ac734702286c09fafbd4f1ec6
39:2	154016	89437ba7af574c59e3967cbfc03bc4ba231e45e1f2b41d6523953f9a9c695f85
39:3	485249	00ee47bebed53a50843b908147184aafa68e6e83735a65c530b9a0f74b0c4c2d
39:4	226114	b0def37c7602949f832dcfa23584be6d83a08054edc2322bc1f9b6a6d8f37c24
39:5	331858	54cb341a9d3b5a620da939d24c4a4b69b2b1f688461c876498c6072274602e41
39:6	523283	54e2dceef02eb59abaa9baa97425662541022f64021ae81352a54aaf12b777a9
39:7	476054	53c915b042cc596b85b6ff56f2350d0abe6df1ce8fa78ca89adff820fe48ba79
39:8	545017	20c1bf6d4dc8017af6c31a3584d42c8489adbb189f4c794ba4f28cee47356ab9
39:9	369892	654b22e23af4f67d44ff7108feb874c91ecce79225bf7419523d7f133d851ad4
39:10	350457	33c23125a01f63413b06fb13c39ebaba485fd482bd35c688fe392986a6c30480
39:11	120789	5d9731bae456200a3472ca2e60395e3f059b723e30203706c6fb747ef2e1ca75
39:12	78366	015d8ee65b93b90732dea272f8cc4285ae20530221b90abd0718c1baa0ffacba
39:13	133954	cddc28bbafaa8e86bd3ff06f79fa64c0d08c9570b8e7c3904e2d80357e065e92
39:14	69380	0300198411aa169e12a08200518d32834f6f85307c245702606bd865a0ed534b
39:15	302810	d17bbabfccf61b31fad03c886833eda15578622d581c8f430466391b999cf843
39:16	253282	39728262fda301cb7901e01315b2e8d2c2c138dabfea3f79858584eea7b97b3a
39:17	211277	13c3e9378fe8fa9e997f7563f06b25ea4e16a576f5b11200db44f486c9f34d0b
39:18	238862	74565c19b1ebfc5e48ddeda1f2391225b0900a86ad737c5a86ce54f915bab479
39:19	149419	3804928b4892e16aadd0d3d043ca172d8df000aec95ec29155093711a01ba917
39:20	347950	1182074abb000341d1e9b6495a6a6e07d5d94f4d19859d8e6cee45daecd54177
39:21	504475	fbe932a9aa00d56b4137aeb92f44d20e54044584315b7954b3eb4cf8083006c7
39:22	328932	91ae8434009ccc580187eecdb4b6a7d0141334f27a63ae3013b3cd925f5b6c73
39:23	490683	9791fad81431e387f5a279b44d44cea95d6c65a1ead270545f778605c09c88ca
39:24	223398	778f5398e7e863a06eb1bfbdaa197266c8e70174afa82798b56f0df6226e6ebb
39:25	135626	34caaf4cb39366b8871c3577cfc9f78ba6dc2ece3e85bab6f53c55cb4ca6d70f
39:26	218591	8b9c823974213b4f5eab910f3edbeec9d5efbdca892219b9233836c58e6443ea
39:27	159659	717273dd1ef13f70f3cc6b9bd11c0b51c630f67834114f1230194e2c0618903c
39:28	124341	89e45479f70240fb0fa83915bb9d64a0d363d4a5f5849656d77bb6debcd7f6c2
39:29	319737	b1f348ed9e41bce3071b75058cbe873bd5c86d82ffd9bc454bc1bbb4a6205a5e
39:30	108250	bc21f1ebae9c243d38ef4ad99932b8304776f97a44f489db5e3dad4bfaa4f389
39:31	135417	8b9361edd2bb931b4cf9fd47d7c6798c9b1df36d9ad6df82e6c09733c521052d
39:32	224861	ce50eb700423ff808ddf12ad0b4f475935c90eed6efe7c3f0aaf85187230cf47
39:33	151927	828b74b6b2832b3f7c035785d7d79de6f2ad1124db5b9d4e1b97fd945244d60c
39:34	171571	4b74f10be1f7b695d65efecb3a82e91f04244d9bb3eb7d16fd61727f744b1bfb
39:35	194559	c57866f7f5acd82f4a982bc0ba29db88a1d745e5c6b2ae6dfbad7c7fdeeb9577
39:36	235519	fb16cd2a8662d7d3170fe114a52175372b680e68f36645f029ea370ed378cbd5
39:37	177004	09bd5eba6b8790483783ae73646af3a7f448357337fab9bf7b2ff70eaedc2b29
39:38	670196	5dda4e8b7e93e740982ede957aeef69d11e6e0ac7257167fa964e28fbd853465
39:39	153181	c03d077cf3077f33b3c47afba650ad1f6549f97aa1048c032cc39176a31efc0b
39:40	166764	8ae15e612c511ed4ea7183655a69efacadc31535cce77f46ec7989ae32258c77
39:41	353383	39e64fde5c74a503595d6978d4913ff5e6e4f001babec697fb093a7c16afc4f2
39:42	416495	0f8fee055220c599dd936376605fdbd94a79c3b809811a22244bf5a14b04a1e4
39:43	213158	09ed51e8443c37ca659b80033f4c7680729cd924795a4181c90fa22913dc4d26
39:44	208978	2515433a01b3368193184e70d194872450e31a06e5101fcb03a8d83d40d1d5d8
39:45	261641	54824565c4898c9da4fdebd4c0205bb6dfa5c6af7b73623f4323f990396712c1
39:46	235310	a3e79aa0ba4e6b71f839811a406f577219b09be9d5d0997187a1bd52343556dc
39:47	306781	7ab8e26b8fcb3a02d1c26bd5fd1345f8067f93cef803cdb087da95aa1ea3d2f3
39:48	160495	58ab3b59010d2e2032ad610763ddc09af77ae863d6a061048b47847725166feb
39:49	331440	4152a46dfeb4015cd87bea343323c07e7cbdaaf90d8e9fe85c46f148a94ba1f2
39:50	165928	a5a4690debaa5aab997d7568854f6e19f6e27cfff4af031237ec25a1b08733e8
39:51	265403	c4981aab3cc4d99c36a0d4f660e782406eea6201948fd010d9b3fcd000f2c61b
39:52	245132	4dfe45b95a6753382e6af44dbee576b4a6f837998b7f372f7aabe5be25a5ac6f
39:53	328932	cdbb2017960bf32413ccc6c3e8814c36606382d5fcffac6000a8a3bb434cf5b3
39:54	189752	1bf99ed24ab3664e2d7ec4275539f580ea5addfecd8d7cd0157f04d97608ac5d
39:55	258297	cd843adb261ecaf274bfebeacc8bdccbe74601220337cf07b9c7a3b08ac947d1
39:56	197066	a318f902dae376ddb2cfd057e7de94820ba41d2e9a2ea938dbe7a4497e133cc0
39:57	127058	4f250b964308b1ba650014477a7e9af5bcbf710638f5ba65b6d4c79f26a0e3bb
39:58	148165	16380ca4cded72f0803a7e6f267724233eed58f10b1264d4591d40814fa9d177
39:59	177631	8101d42d0c457cbb9e44895e7a59284012b498f8e73e9b26d335aba3dd2b1e0f
39:60	251192	30e100c1ca9869e44fc91e293b4e32ea70d9a83e080906a9e36dcd8d31d95b97
39:61	173452	54d1d3cba619f002db367da2bb8988fee4241ccb44a271edbd5f223a38d8ab0a
39:62	144612	4cdd9564a22fa15ea1de7e9be72b86caf4d0df8e97c2054d79a04779aacc1968
39:63	213158	b9973e43926bfb2ade10f945e385a48291b06b28618949f657560afec30f6844
39:64	150255	fddc8f04b873a91ce6e67aecbd7bd9ce478dafe7ebad646fed4a739b74cf923b
39:65	214830	a868bbe76cc900297544ff6883990312a27760a1d10510f864a1cafef1124774
39:66	93203	11d1fb18fe58477933786e740b08756827c9bbb26a42bb5f58f21ca8a0ade77d
39:67	233011	6c2918b3cbb8118fe612c62f9d05f3a50b1101c3f63ae47caa36c93803559888
39:68	258088	5592a4102f3eeb2817070637d8a38c66f47113288e8081f77e3607a58788db8f
39:69	213994	2368d5c4201965bed14c1d4bc1225fa3fb6afb7265c0fdfbcbc5480b93c35564
39:70	109713	90443095c88b56e3735ec6314ba493beb0a3701221a78783f566358ca21dca93
39:71	609174	1097228ac221ac19fafe807f01deaa6557e660c8f236068bff0bb84b44603900
39:72	157360	d23d46a0f99c2fc6975fbe8b3f6ab6ecb523bb739972c9e6bb31beac97544f96
39:73	288181	9f5b1cfc46fd75d3ed138b85f3bb8b5c294ea66666065c3849eb6f851da04e00
39:74	223816	4830daa807908c37b7c6caea44182188d1cda21706f83803a98e54f666f6b06b
39:75	281703	0166fc40c0a191cfef2a36e642afff6ac324a0a162445af5579233237eb0fd0e
40:1	43466	46705e1992e772050b4c61103141c8ffd2f16c0887e02b0eb2f19b46396b7b81
40:2	91323	b35c30707a2767d30d70e369316b7760b982fc8749251470dbee49272b3f11c6
40:3	236145	f3739143d5f729a45d50a51f3b5fe575d7c2c8142941bb88a294e6325e03de82
40:4	177840	2e07a9b02f685324b482d6339ccd50c397a7bf2dd26ad07f432b7cecf9765202
40:5	352965	94b15dc01e159c36a5d917f267838675e02411ee4674002fa8e2c0bec6ae8ad2
40:6	152763	beb4e8f8b72aa86a723014eeee75cc80447423ece757d35064886645a2965913
40:7	357563	21ddf30e424dba14317b0626d9d62b21be510c6df3624424ac976b3f277708d4
40:8	277105	2b28cec655f9df7756985561000916dd70d9008cffb6e77d3f31d6d73307f995
40:9	212949	ce9d6b7feb069fa425bb1c1b4ad69269e9595d6a13eab106a54ac3b7cc583392
40:10	206261	812ce837e808327915ea16d78c5f47543dbd724383aa1bf741adc5f5f0b29097
40:11	210023	1b45f5b9a4d215056becf13206d971785924d4e00957b1aaf77b3533f73ac71b
40:12	233429	8b2c4cb15f0c68ae924443d71fed4fa758e02d049e8f3a0fdfb606e8537cba9b
40:13	206470	0b43c893ad89cd9b96228bac0510d985fd22e90c15e5aebc2abc5261dcff2b78
40:14	98846	2a7231d7aa9488a8032171ed9e88eceb5e0eebe81844838c6fe084188ba1b096
40:15	190797	abd3a1b68bf0260ccc7fca9ced2e335a788c3af5e87f49a4a57a9f20f21c4484
40:16	278359	fddde265a7cd5b75a521ee2d073e02bdba7ff99274930ea06043679817c42b07
40:17	194559	e466c6daa680e0500ca2116bdf587db58b5278f76b5814da88237e9435bb3725
40:18	242415	7bbd8471c3a357071061bfcb8b152e7b2f622779efd28c75d6493d8fabc9b53e
40:19	96129	241fbd6dbee74e5e25d86f8200fe9888bc53c76ce4ba5d283142d54bc037ab8f
40:20	247221	15b33c46f8bda7ef62d9079d21ac6f826cdd9d9042392b2a22a11c2bbedfe10d
40:21	457664	aee90827639737388f151445ebb0ba6af1d319c3478b36caf36f599d5b535ef3
40:22	253282	4522c90cb6f048dc3e5f263414f65d4adc7ed2c43299ff20c9b866601a5bc5fc
40:23	117445	155a5a21d96d2276809ca4fc2d54a6e0063036c1bb2c29fffbd05dfc0bbc9800
40:24	125177	8bcf205936c9e6519c17fb60673049aaca7d7bea5630a74a5bb920858819a21c
40:25	318692	ceb2b2ab8f418cf92a1d3198fce6271c97016578b4934d170558b7e2a6a958b5
40:26	248893	b9b605d293c1b5df5d918ba5e1ac29fc586e20755f586952d69e77a7e84f2e8a
40:27	190797	6cc0322a08302c97f5f0892089468019cb056c601d8433ab32ee3b3d34f9e467
40:28	636341	bf1ff524ece2ff8451b45acd066d9ab9686ca857e21da55fc8350cc8047c6bd9
40:29	360279	327addbe3c36fcfe8829199a5244eed752de5bc02b2590d06c85da22cc503ff7
40:30	182647	712827a2950bec2ae54da90568437e40f8109376149b07f0254e3c42ef371f1c
40:31	213158	a3b354a9fd3b46b0b6e10052e4a06ad93afe3c84b4218ab1bfa3335eb21d8957
40:32	109504	4c5b8138de7ec73d09974953b5804df8190aa1a1797f08e73018840325de60f0
40:33	212113	a849ce81dc3d0b01a52cd39af115f083277760b3f366857a5d98cfdbcf17a732
40:34	435721	4ed17b25f2f5d96739199b562942ee94c3314e857dddf49959141c1ffe7578e6
40:35	361951	4efcb9f462ac06cd5d4d6e1974ffbecce8457aa4cf784228b6a4a3c28b40f37f
40:36	145866	f3fcb1bfa391d05bc4c350aceed8aa0c2832208996b454fb1465ef69b3140c25
40:37	357981	68498f6bff227534c31cfbae51e92f5fe25a57e8301a44e880f190fbe7b823b3
40:38	141060	43fdbacf4d03215156affc639f81bc87534c4545430eb148d7999f8de037254b
40:39	173661	0553408ba80825992eab0cbaf95f61041fb60d0d5091d683cb7603e10d2285ef
40:40	452857	b784f8075f805571494381a0a288783f094960a1384bd357199be8990827f3a8
40:41	158823	e1bffdf78ce20c4adbdb01b5f8fed6b323cd3036d152200dec998b143277970a
40:42	202709	2f8b24283cbed7267388ab96a8f3b7657588c37d51f298e48dbc288f98ff599a
40:43	364459	3d48f34f16f0dddb4352a63e4fc1e8d60680517f055e360ec9278b7afd61d9dc
40:44	232384	89b574ab7c031379952184cd1e703e36830c8e482b79c0c664010adba1b3e54d
40:45	166555	732e63ecc5495548419f2491733f8346166ab808459eb5e0f3db2a52a175e69e
40:46	231966	f1267fa59ef25fa3c77d8fc7caef34dc20266c1e456bfd37d5270fa30e06f1f7
40:47	425063	f8b6ecb5da3a77b2b0815ba30e9527223d10beafc67f688988af97f560e1acc3
40:48	187871	130e2df344c0c2153a883341b2425a53fab25816ffec6093ecb5526afdcbcf29
40:49	190588	091b52a366d603ebe286711a7900549274cfb089a29d817f3fbab9b39dbcc15c
40:50	301765	2aa1382cebde63168d23d5cd41a72a9f3e6a5d86904c337e0e4c55b9a0711b10
40:51	185572	1109de03c816d29e96358c1eba0276f1a8fd26adc291f6b23f674b67f38e845c
40:52	176586	27b6a9f55e7b65d3c8925b817e3b30ed0d28ced974ed87e87c2aa67e53421d1e
40:53	158405	4efb243091a22d93a25db423135aad8bf21cb28197b77fb31120847f8dfb8d19
40:54	76067	8d401d848384d412893d5b820f9faa6f4559283c99d153e3ecde49c8667e2929
40:55	210023	01a5fdaca11dcc58890ba3b62dbfc58f81b8a932d205d2c326e67088435f3c0e
40:56	375535	1162635ecc43a911d0a6adfeb6a4bf56071b67263aab41dd35f3ddfcd326088f
40:57	193932	5d346f95b393b63ae2cef70cc07c63a22fb29c55833c60d4639289f681c4b9c8
40:58	222771	dd78021fa67fd8fc7587bfe0608388884af5347077e577c90f20ae32d33ae97b
40:59	183065	417a8b8b85be55574140a3ca7c19af6a3f6e9567e1c635fc9bc1d283c744a052
40:60	276479	a1a4930a27a6575657042224d99d35d95985c4b0b6f2dadc89ef953a2c553d86
40:61	296541	228ee9680d55332d6e061bb6a6173d9a110c7688441015ce207d86885f784b1c
40:62	192051	2ba6247fcf94199ce7a3a5c17dcd326bbf0377fb51b3809f6fe5ac40172917bc
40:63	117027	2a7e99fb7ce9c2617861ee726e7e0e5e9914c2cdef31cbda8a0ac25dbe15569c
40:64	392671	a3e50fe3550caf128f581e9b57f22c495c5444b39b7b94eca432fbb28e11cf8e
40:65	215248	9604a264d4e09f16e6df0651065d7f8f42fb796651c41a743b5222926ef0e1c6
40:66	266448	c9b48bd5ea9fb4606d0a7a93671eb409791eeac3e45da1e9f96aa44ea96976c7
40:67	543763	2f86c6a0205884194dda21670e3b94ab916986796de0c4c0aa37ad28b4b77cbf
40:68	213576	81820b1721d3644ec160b4f8718760c32c78bf96d0d92cd682774b552fbf2ac0
40:69	106578	38fc1b08e0516ff18e6287ed23278d3679586e0d48ac35752e28ff5d9ca93166
40:70	109086	defc2884a4e70b3d52c4c965197bd0b941cef4552950b2fe8f528b97ed0df850
40:71	72932	52f0bae3532cb9b825e718dda216333e2d5be20c41c93ebee808eba352851e44
40:72	65200	88a1ab8415a2431360ce731420d2118dc3c0b2997b0ed26539619e346c1f40c3
40:73	73559	0c90c559524f782e87f05f9a0a4a3889e24ac67e1abb994eef2c9b9346c1063d
40:74	166764	4bb2761f5e48b178a72831d3d67fabda2ac21318efdd086335a40217c85d927c
40:75	117445	c29dfbd271d544ed40a58a53ea45644cf05d05fe603cc14a0ebbb4086454a905
40:76	107414	7ed51a16f2ad80e3823532a9343b2f5331f1a7021b505e739dc7eedba05a30ce
40:77	152972	49809e7a7914f682b07e37a61d18498892e8757a884bebeb58e5f2e695992962
40:78	332485	5ca85fe5b509dbc1b6ec8d1158bceb49ca1004c1e4ae77a98796289584e5ebfa
40:79	97592	fcee610e0957c6ac2475d8aa91ce129c091e079030bc14acba6a2a83bf87136c
40:80	142941	0e5f997d21e2ead6aa46e73941225441b4b6c8cc1e60967e88ea3808409d14e1
40:81	77112	15d9db5fa41d17b2390bf34d1acea316849562984cbd5b19f03e548efba9816a
40:82	273135	e3749b07e515186d972baf16b426a7deab9bfe9e9e2e4d0ea35b5eadab111868
40:83	174288	5d1f6eab4974f4a72d5e5aa11c1a03ceeaeb005f015c9b1e634b000ec09ac622
40:84	146702	0b407c5dd4415f966704402a0a6b26448a02ad7f1bd3fbf1c3fffc5c18f91b8d
40:85	174705	b185dd37eb94efca9ba49005029fa735d7b34beaca3e9dda9d749c1d09013935
41:1	47228	b415bb33665068fb1d4af746e6e74c9c3ad53f1c0876829182e73aa501dfa623
41:2	60185	57c1cdc69faa4b869c48e2bffb26e0d79688519284c3cd231095fe053fa93e9b
41:3	102608	2c8269ca1a10fb564d79227e0ea136ca504492501eae93ae06f9758fb264fb9d
41:4	115146	a6fd9d6a7d2d147106653b16d61a4ecff5ce74bd22cd538ec980ddd181898b85
41:5	255581	696d89e4c3930636b72c9b8f4276d5fb9a5a54ffeb32d45ee5d658b4c4c784a2
41:6	255581	f66a1cb4e9a43024b7e70c1d5b8a1fc6010a1b7ec241c59a229e162beb50046b
41:7	103652	97eaabd157d3dc83fd68e0ae94b630fb12b80364e26c61d6cf77871f32357e2c
41:8	103443	d9a3aa5eb8722ea7dc4be3aac9b548dfcbca9fd69342195705becf5d7c1fbcb4
41:9	160286	88a5a134d0da9ccb02fb89ebd9d66e580dae9d48ed366dd5eb97cc852e03a2e6
41:10	238444	16e3c603c53fcb7e171783750938901d9592aa24b979552ae75fd0a29f92bd99
41:11	226323	351e97db0b318ba7b6886076644351f13480f13c642859be44207a1ab9734626
41:12	290898	52484e07f37ed7750c7dec2b33a8942fa553c0267e165b29a44aedfae315acf9
41:13	113683	0f372dc5eb219e950f066c20d552f80f84bdd85b01751ea7829add51c3986c49
41:14	323081	1ff79918b60689c3c29c38069e8807c1bcf1fb8b923eb00b151283dd3e8a6605
41:15	292361	8af291568abce53633677fe6a81272f27febc646d226f20a4d83e4a9ac15092f
41:16	298839	6e3427e4ff39762fc4d5d15ef3f993eb1662c3e5885df948d337d0d69e0a41af
41:17	178258	dc9b643f1dc045204fc27cdf3b48ca12056ddd95891cd7fec8803c92e22ea76a
41:18	93830	c5ae8011a5e0cb8f523f25291ca9491afe27d6e195ba44038a7f6684efb80a5d
41:19	104279	1cda53cf20a7a73b7ca7b1a194bbab793b1d363d23e4986003f310dcf06f2dfc
41:20	193305	a4f0280587787ef77d44a3b6a80c2bffedf2afdc08929fc1e61ecabaf4b25a55
41:21	250565	5ba8fdef868bb8905648b916c3373f03cb6a46c4b6cc7648da50e89ddb3dacc3
41:22	289226	0f97cbe3b070d64d9705bfe9f1e060dc03c02af3d23dd94426e3c1a2be5ccb7c
41:23	143568	921803a0659184edfcd7106224af9674773fcb49f93beef38a1044f71bd01cb4
41:24	148374	db69bb158f12cb0934a4c81282cde191e2461173d3c2709ce9361285c847f650
41:25	363205	89951e9e0d4c0aa63ae8d89a507d734eafc0cdf989096af4119d825cd50697c7
41:26	129566	812908bde0716f7bea263a157b14592900dd37c54dc908323af37d9c89c10aae
41:27	176377	d32ad317dc4ff7f707696b458a6edb2d45cf7c4b6bd7af286720957f1a82a00d
41:28	242833	336e7f90b7d09975a758983aec7cb34eccbd0ceafa200db1bd96ca1548960f15
41:29	223398	3e03f1bdcfc805556158315918ad82702bab858d69ef3f421bae713e98287447
41:30	305527	4e95d7cfd623bde1ef8dfc56c74e6e8dd6d7c720b9907abb8a39535e641fba5c
41:31	218173	032bb76b0ea5f62308f25b676ee9bd0171a7d149f594194e194f570680138e35
41:32	73977	2ba06b276a38fe0c2827fd24baa129fa4207ffbd9a5b0677ec957f34c8cfe3fa
41:33	173661	135415daf3d9b33cf33ca80b8e8e33ff27706df9fe037af516d02191f258d518
41:34	232802	f32d69e6ded6b1560b632c99683e7c8bbf4df88bbca3ed9742bb80416f113781
41:35	177422	db44543cea61210410a668652448fb39bc3f02697c258451dce533294b3be145
41:36	182647	11bc6a2cf0fdd5e459ee74474cbcceb2bbfec27493deddbc96c307aa7eca8cd6
41:37	300720	bb6580f4803da4245c78fc01ccd8945ff2c91b515fbe5e0432645e47628615ed
41:38	157151	ec17ede2f6d897883765650171037be041d65e1baa86766a5582c86b368e132f
41:39	381804	533e6a412ac370074aa97c284d59c30bc1c5e3bc22fd305ccf7aeeaa8870283b
41:40	418794	4a1fe88d500a00253c6700dc054f1c2417923c6165ac4f259f97223266cffd73
41:41	173661	d2b67704ab2672b3d252e3c59b50dd80f9dd8a9a6785b18501d3f49c4886c3be
41:42	178467	5b4e3210f841fc35cbeb2b7c2c933e460d9c1e0d71b371d55ab266185ff1b495
41:43	209605	48f70c847813db22630b8efa414e86054af8d8092f024b9998999d1247ab298e
41:44	494026	2bf8524d06f86ab04d537a6cf59c8e4707c1f489e78bff9ce9a5789177366de9
41:45	271463	f098e26848613b8277b05a4b5bf31f87983e39acc0803b15a7ee2ce2ca035d31
41:46	183274	28d994a69a1056276d7273fdb0fa87e98a4f5f0ea53763cfad48ffda24b16013
41:47	406673	7169e937fb9f50b1a38f9e85c4ab052fbfefe631310b9b02c23df7496787f539
41:48	163421	48af960d5a607c7b794ccbfa753ed20440270919dd6661a4b2ddf7e815ab752e
41:49	175750	e7632809e9aeaf893addb92c006659bbdba0b1a717cf7c7dc06a94d9f9821200
41:50	585141	40a0fefc748dafe5220a90cb57e4a5c1b547bd658b2fa74f6dbbecc25743e090
41:51	208978	455652518f6361795c9f9688366de8ac1416ad3b5496614b6e957b0c882ebcf1
41:52	195185	48c3334d8745e8604e398833de7fc5ae26423736d7b4a793fce6c4da381bdc04
41:53	282957	967dee69a98b8b195a673be1d4aa378101262b5b93d5e41845bf17a18807bd17
41:54	208560	b88e006b42511c02edcb8c5dc547ddc58ac607970b390728d6d763d5b3d2f281
42:1	46601	8a80f7a7c2218ff884860214b293c38b662367dbea678c98d0e52467c441815e
42:2	106160	2522cd324feb697b97f7700eae3eaf47a184b4e9c036a1d4c8fcb5533a76f5a1
42:3	156524	395467b14c4eda26b68dbaf466d46455ab0cd18ac1cd884778551d24da92928f
42:4	124968	68f8917b08957eed2b5b97248348953a4ed414d943020fad7df45603c42ee909
42:5	338545	7ade48d0600b4eb00aa8652e5e7129294a76dbb7648fe6b0c6edb640d5bdfc8d
42:6	236145	0d7ddad26717f1180425dc60e99aa3876b7278d315aa59489fe39f663b451b38
42:7	338963	e2f09fecd08839fd3cf83579faff85c69ce72607a741fc4cf2edce26879c8fbc
42:8	305945	df0c72cac0284a90cb21ae0f31fd5cc9df26208e71b7baf7abb9b93dda3597f7
42:9	223816	bacd67363cc0fe0998144ef41999aa060f1dfdd0d364f8ab85ac72a4b4b9c87b
42:10	257879	f0e169cbfcabf5070a769c69e1c8bf5637842a64f7bf241073b32f0907f97cd6
42:11	345860	62770e4dbbc2a068de3896d196fdb9a70f7d510f01aeafdafa7083d8c91aaf25
42:12	240743	77c312723a497085b8798cc41c2adddd976478a600cac6ec357a2102b88e2081
42:13	591829	4973423c0a05c81d30205ba57f70b74477a49630758ea1563a52d21fe8333507
42:14	445125	ee578039a7ca2fbcd28ce973ca69fd34a13b358b5a588e5387a7d7be50e5bbce
42:15	690676	4b22896b31e81a9f43f1db2f2bc812f0452be40d8e95e3adee87201691d9a13a
42:16	376580	2d3217e7942d5cecbf338509a22a330915af1dc26f306025d18ec128f7543787
42:17	231339	05a95bda6e547f8553d5c07eec861102b50e3404ac1055fb4efd78b2b439bb08
42:18	384521	29138d8e918ad2868d0fd3c861fcb995061baee919e93d9103956ee7453ee6ac
42:19	191006	c3206c1f9ab9b8ecc38d5b0f309cacec1b9f87d0f3ba0760ad381b1ccbe7eaee
42:20	226114	230fec954af3c7fa9b9607a364a63f56bfb26288d6959f3b69a6a39eb2d5a72a
42:21	249102	bee7c6fcfe0d685e4cc7e3c73166f2f53912b3d45e73b391a2a2df9c62fbca71
42:22	327679	ebd3435344422729cf17e85e6629efb208526e240e9419f88ca125f5fe427c50
42:23	386193	017d40517ddf524792a92b5462be20dd7655d507c645d48a9d317eaf07d6c301
42:24	278359	fa1e2d70e200696a579ba65d45e9de5cec1555b314836cad5980e8745e0e6394
42:25	146911	cab10d00bea00511c93aa1cf035cc37f91ce8594e3d0c2e9c188b066ae883033
42:26	199365	c240bcd9e6e96f8d263bcb416658bb2c6f0c3e0033132431231a3f820ed22312
42:27	255790	6766183c9966ca4775c1d86caf62d524bc6c951a23f4a8a8ea1aba2de6e92814
42:28	163630	86f314b8375685f7976b5e8fdd500b2817a721cd428b149ea1f42f2fc5525a7c
42:29	235101	35958b65964351ca0f690719b39a504143471cfa3ecc6446c78279d2f2f92744
42:30	166764	b64d0555f5793aae984e2ad7902218849e6c59b5dc34f9b8612aa3ee41d2dbb4
42:31	198738	c89f9e11d443423bd4a9bf246df851a3e646dc8c4fdb689e173ce81e4bf2f20a
42:32	91323	a92cdca4f86bdfacd7a58bcbda811a332cde76a01037365495007720266bd72d
42:33	192051	2052feaed44009a7613c13c64c70274fa09582cb46a5db10c481c8d401da466e
42:34	100727	465b094efda2eb1e7a3bf82439f04c908ecd78d5e0b554cac342101e7cc2578b
42:35	134581	c98bc073b35bf71c02cbb53fc32d3eb6e2f3b5ece9520fe666daf16ed7e355fe
42:36	273971	5424de952c189ac19fde5c3aca78fd54eca0569cfcf3b11cefd870b6df12de15
42:37	165510	ae09f4f9f16f5ec728af40380a8a8a92b0300866b09ddff11e1272c396ac28ec
42:38	189961	12c61c93d22d272aa1697b5861dbbec029c5a1ff4998a9cc0f4fd83cd750c6a3
42:39	120162	51527581e8ce315cdc9cec66d91f2b62a31e9b4fbe9aea9e76944e6454dad0f3
42:40	284002	d13bda6469ec9ff61deb22ced73c1f8bd5f36a83e28af8578e635cd498ac1a98
42:41	145866	73d4ee5db0b295194f953fbe32a0b5634e76d8e74da3a749379f3143b79af989
42:42	225070	bee99e93c8571e9ff09aee1af7eefd6ff2587ef286c4ee7ca39b15370eece757
42:43	129984	2d49248ebfba909f60c00d0b5a07920db702e90a4cacaf19ea8506ad80023013
42:44	268537	27e668bacc368d1e9af6084dc341f1f227b09ac12675ff61797ac11e3f28120c
42:45	439274	3361d12857d072c5aa1ec4ea68518e631ff5e27aaa01060acf5a912a44bf637d
42:46	245759	113d0c717890aa2426f25f293984c2b966df497b84da9050f96d763bc7ed6f44
42:47	281494	c40146868949026607138473d33dc63b4d10b2d38540c0cdec03b21ee4bee9ca
42:48	455992	73ed7728227a03de93661d7122daec80165dd65840d6a90fc57c83eebc533c8e
42:49	262895	9cc31e357045d28ccfbdb27285699cf4b6f55ef3bb13ed5550c2f91c04262525
42:50	236354	2681a11598b56a123deab7f377c2fe403162e3de072c4c90e03a27ec3f3d2562
42:51	322872	cc7c7a9de95fbe7dc1bc312aa9602a439545cd46ada6fbef233120d1a091d4d7
42:52	443453	43a11f04c7ebde4fe54b7e9bbbc9acb22344d74399bce2fc13cc1c91c7132755
42:53	205008	cd0094052f48a48449660a0ded034d8252da5a2d98d9f6d034e4a0efae101da3
43:1	44093	697db013c2d519dcda86918dfd40c23cb880d1e308075a0d92085d093b9e1e56
43:2	49318	827ed9331250679fb86c8e47b36f0ecd67ca0af0e1641c92b1da60de85b8bfa2
43:3	124968	012564b2efa34defb2b22cb03360f318cfceb0b53d187e14611c54a169179dd0
43:4	125804	9bfef44a77303467bc8217b9d0bf67a84ffeabc0f746e86ea2bd8921e7b1bfb7
43:5	142941	e22e16e3be9942838419de2e0e9364f95e3914dd81589fd67015c66976f70bd5
43:6	90487	6b7f879c622c8443bc0190651435bd08bcc66b72aa5a9f65cd7612e9bcbf1c4e
43:7	143150	87cae4a2c36f2bb4743256ed8a2847dfc1bc3650af72c453bc05b4e358281099
43:8	150464	fa9f6f1ee2506eef21df469eeca5e323efca9c4c4c03e6f1afd765741c3c603a
43:9	177213	1727d91d670d97db2baef6301fe33181241d9a03d21d04f701c3bed3a4d259da
43:10	178049	2cfb5da830cd88a8417a0e186ec25befbc5b525480186751a3b31933f8cf9710
43:11	234056	75d2fb98889540db4eb707dee241330d84465b11ec4105eaaa32585a3de555e2
43:12	157151	874d8e7734bfc227d77c312b3626c2ea0acd8d78b9143d5e0ef3cbbf5e4820c6
43:13	371982	b9a7fa2477d3ce516e46a9fee2b5d4b817741ada7ce20cdb6a6b88eeb257e0bb
43:14	101981	90ed8645150ce76ac85c2b991e7c36cf38bc78b0276fa459f0ff66cacbc90af1
43:15	173661	eb2fe03843670ea897ffdb5711346fdfc3d93b43ce84f4db7672770ccdf51ccb
43:16	118490	3d28eb083b79f1d32c9c370ac087550c4523391ff58e2fc246de9dfad4020731
43:17	184736	76c22a28753c9835f0df22ffba276b107b82ac940649227064b970f87aedd012
43:18	110967	a5ddd5eed1c2b20ed425764205c106ff764210e0034b7c83ebeaf84d1e5f6137
43:19	233429	b1171bd3241929f5ff655e14159424ac291c57778df42e6d464e8cbcf629d3ae
43:20	221308	f6663bcbd1353c8bd976f1e7f7b4ed8727d124033be2c4a8233a1370de4872ae
43:21	145657	9f90649eeee449f01da77d8ca88d6e6e6ad01e375b1c4d4b485416aa01c787cd
43:22	240116	146747030676fa8dea1d8c263ce2222e1b115cdb60fbe7503b87f774c64b2ed3
43:23	417958	8827e2d425de0cbad419824e30914df41f05690e1d30479947002a89e086669e
43:24	253491	065a5b5ee2be23a05a82beb3a5342c13177d07eaf14a6ffbe9e7b4eac15e0cc4
43:25	137298	9f0a14f84e7764ca8b581e408f682bf592f1eb9a1b1a5138b2edd04692b56dbe
43:26	172407	45fe6b18b5a54d8fe4cf7026b0fdc7a46683a3d7bb450cc32b63e4baf5b3895a
43:27	100518	4a4570d10d149bf5a79482677d040b0273a1ea1f7fc4f455ea032b6f8b33f892
43:28	134581	bd5f626fa47dbc7b6161c2b1e95db7789d40e805be4cb3d5bf72303cec18a1a3
43:29	197902	d203559bb711fb8b1ca4619155eb1bfd7f53fd500a5f710f58b67e0c05a9971f
43:30	167600	2a998f2bfda9b9b7b60c09a71c74dce34a895c0eeca49339a479b8dd49931ec6
43:31	147956	330a048748c8e038c203f9755ac6b09105399f8d8d1ea1234001bb0244f08f44
43:32	428407	58627a010b9e87d175bdce14165311bbb50f4733fd0277cedad0ee75995697d1
43:33	350666	a070713860afac6728ebf207e571419be7205275d86ee0b118d5b88b4da8207d
43:34	114728	e0122b5176ed52e38852a869b4e217351947a5b32121c5260dc550febcc80adc
43:35	227368	b895246b6d25f1b4dfcfe7680ac86d20bb53b185e72b24ad9388723aa429f141
43:36	145866	909c6372d32c76b8d7ac8d15c6d722be6a83d292e02c0abe19631af5782ee69a
43:37	153390	7611478e28de545d01663f18a2b529900a8a3702aa992e74ef4b2514c8bd2168
43:38	206261	c3269f050ff02ffef57f4974b847b1e7791f29426e3aa4e4de96154471f18096
43:39	143359	d2385355343f345b0214c770e9fea95b5acc636b0f969115b069c98d0b471d5b
43:40	160913	aff1de559346bc080cb9225af3456e8028eb94ea605ae278abadd1b7e1c6532f
43:41	117654	a081875ebe67f75493527d2d985da40bccc8dc1e3128fa24f50bb0dbc26fbffb
43:42	143359	31f33a6295e0312bb4253e8fc724f67e32737aa6e4af998f38d41d203fdf5e9f
43:43	159868	9b7bf1b1f9298b52e0286a857e43108366a59a9f1e987cded1ddb94d24389671
43:44	116400	d907991088f8ab111df8088bd1ba94a6499b8e43f5350876b56489fba228be0e
43:45	220681	1d638a8a09480285ea8eac6aecfc0677b19ec56a6aa3c175a2ca23528600a0c8
43:46	202500	cfc702ff1920a5b3eb87790f20f3b1dca6a9645dcbf151c42db7a3e004544394
43:47	140851	0b3a32320886587e209c2e970ea465e479295f0a6bc5798a8594bb190d7a478b
43:48	216292	91e24bd589583c354ca93af967c6100f30645b3f5f007a961df34bf383f5b53a
43:49	170317	f854e3434508fee3f73c70ef03d10dd5fb695c6c991bb05370c12c10de22f918
43:50	147329	a90cf7ca3c1c5eb84671591d35fcf4344265f03e22804a700fe28a3653955bd6
43:51	253073	dc8d301b652ef5b911e5e9e397749ed37e00b38952df195aae59050ccc697956
43:52	144612	32e308e277cb9a951e8f5df194819642f905b1f438f2e84be6c2daa7327d297f
43:53	206888	a93120110378bd2e13741e15c07e4936f7b3325d8257ab7c91d850c800d22c25
43:54	156524	326e2d9402e410816f58838be733d7032e586a7ee346acb12a7a373c0dd56c6d
43:55	153599	83da2cc033e9b50155040d973b161ab0e236596bcce4ff53d947f8f83f5bf785
43:56	114101	9334e89152a0e5a7588f590c99783c5a6a903eb07c1d6f5a72e3d5383ae35e34
43:57	122252	79db3a357aa3d3ccd98d15b531e6aa9fa2bf6a1c85dd3a5ddb91ee3db6fc758e
43:58	205634	08e39b8d1b056b561c8665c0b224c8ab126f1baa523277ed648d619b49541af6
43:59	163212	a326392956217bd1f56f5903641b60703eea91e2fbffbb2ceaf8e5d5d4f9e738
43:60	168854	fe0bf1d98b94497e4c3890c6ee44bac72b57d4db8f78ff816c2cdea6245f7577
43:61	216292	3c6fbd4aef947024af145829df0749b9a3cd24afd383c95a2a7c560e7d698c76
43:62	156942	77d19324b0f659241c9b356c611e94ec1c8dfac7564c5fff2d8acbb4c5ae919b
43:63	371355	fea5f1bf9639ef1c2ef57c6887d9f058ba9687d4b967a64daa94f3415e24ce58
43:64	186408	3d5e312588174adaceafd6fc33240aeac7ec04dda97ec2f36ef5bb33de9599d9
43:65	176377	1c5fb6c572286995a9800a58426b83f2d1e47309cffd680f864492ed58617b14
43:66	167809	804f8477b6274a280c5e995e3b1a643997c73a474f7060517a22ad4029b3a1c5
43:67	120371	9f80ae0263e9dd644174870b3d9143f9573fd19edface8b71897b43b4342157a
43:68	120998	9f053743adee922ac8974a142f0a1c9464447e3cee9392aeccc0d4db3efb37d6
43:69	85053	67d6e4a695940e393d4902df3b6393c62a428d523dc097519e52f769b746e6b5
43:70	121416	30617eed16628862d37f103f70a852c19e804d6e271b3d51680ef722075d0867
43:71	256834	be96a17f2742fbf8427f73f074347a86dc329d26f9420b18caafdbf735818df6
43:72	139179	dfca10eed3ac272d36c25e9a66dedfe070e5fef4661cc51537ee2b93c4282904
43:73	106787	5ec8787b1290eb50ed4de660f0a9b6ba35106a1fb5162778d825eb4aa4dad607
43:74	114310	7fd7abd983016ccdf4735f1a7b407a5cbd2b64449f08af2ba1a56f3ee13d148d
43:75	81710	db8a1e837efc3611718b91114a0ca4dde01290c81f20bde4679659629cf0884d
43:76	115146	3cece53e2924486c9ec21a4f26a015ebcab0b8ee1a0da636cf615346174be69e
43:77	138343	6a29daa19ab55238a12a9cdb7cd72ce333d2be6ee8a9c67bbffc747aaada6e44
43:78	134999	228abb120b97956d114e4e4a4fe2a3043b952bc20fddc4e591c16c0c665049ea
43:79	98219	2597757ddff5222f6632bc9a09fe26389cd9514578b07b72181e98a626ce0b61
43:80	201037	3974053394616d5d77c6c9446fe41ef88edd94e9d7add91e04070d200678a731
43:81	125595	b574c8bf0da2965d855c8e69b6f761e4a956e3d6d6cf136babe14774a73877e7
43:82	119953	0abfaeb4714d144eb6a6c07a1d7ec1271f7f16d5a2eb642b546423fbf8a86332
43:83	146075	bea5fceb29a7cb775b6d904de8db79af204a412f367da69e950369babaefc271
43:84	168436	df881b34c4c7c3dabcf48bc1fdde5ffa8250316afa649bac10b413bd4f5d0837
43:85	205216	c6d6b04559e2e2d1d022f0080b51b33d6ebadad03bc9b1804a1073e080572a1c
43:86	193932	fa28162076f8b920327e3ec2a7a2834f2ee9323032a2cae040d03ffe10b4ad62
43:87	166346	197266c1e98f9b2b934110bf71a260aae17aa2e353a88ae16843cb5ee577a639
43:88	128730	84f40b6d599de0e76efb99d8c65289a7339c634c1fbb402cdefe7d5dd8feabfd
43:89	114728	6c9702e2f5557b82947c70c84a5a963b07a7de53f359c423bf9121a743c4aca4
44:1	36361	c388d7b582c9d0973cb1df5173b0282170e1e2208cbe9e6fe2f78e1640823469
44:2	60394	a75558f89c5a7c6744765e0e46a90771190e532831e3d27dcce45d114980195c
44:3	186617	27ede0c060afab1d34abbc3f2f5c42d684810e5bb9b637a98beff1f3fa097662
44:4	84217	d308a2901207269390e0572c21509ba4204707ca60f24e4ebe725ee0dbd50460
44:5	113683	35fdd8f3603044f8d0efbacad92892ae84e47acaa770461743bda1430d73269e
44:6	128730	65454c5b4a741928c575fc3f12f6a3e004ed1a30ddf51b316aa4eaee64592e04
44:7	151091	911310f88b81ff3ceee0f73bb1bba26f9d723104647d1fb54e313ffc0dc61c0a
44:8	202082	87ab350c7fd618e543a65c5c351ec9ea0d42000465e2f2045858bfe07af82576
44:9	78784	7f83243d168678ed894dadec584a74c0ce54d45b676be28a7c34742f37cde0b0
44:10	127058	96612583bf5c2c4327b650cd7eb1e4bb5a9214b1aff1ae63a77f5651e30b7679
44:11	100309	fbdb7b8f0449264d0039fb84fbad17ba2ce4c597675d8bf8b624213cc82ebb7c
44:12	91532	1dcb8b20131f825286f46cbf1708f4172bec20c327c38f8387435e7e9a1b832a
44:13	126222	215127aac815d3a36953a29da13396f453d19abfb3b478e83c027222bf72373d
44:14	103443	0da2495eb8f753b2bd8a040870134d34ad6b25dbbdfb3e9536ed440ee10e583b
44:15	142105	eccf3cca172904557a7d2fdce0fcb8efb0b4b88533ffd14fc91046925f8b82fd
44:16	115564	46bd8475190063797aad037ea790c34df76af57421bcad6b4c91bb1373259024
44:17	149001	75d11efc1181d7fc9980d8fddafc3e2c43d4e439a227af1ce72727323be430cc
44:18	164048	8d5c4729da385fd6ca70f522b62141c205b7725899521f7ff4c2ac36a2f9c5fb
44:19	173870	48ea7ff461dce34ef76cd538432bcd3011a7dc0c6a2e9118216288e21795902e
44:20	129984	5bd54cd921ef85e098564467b7c8a792575a3e403f2c82d3c5ed2710692705e9
44:21	75858	d8610994a63e21615d0ceabb22dcdc306a6f4f7e02595782f9b72690e8e98740
44:22	142732	6a24bfa34e75513af3f90cbe286ad0ae18ec3ba4741d6c73bd7056fb4f892788
44:23	97174	a6319a3dd1358a330912f139b6805ed645d47a347ba76303aaa0fd74142470ab
44:24	132283	bccb260b3d444d2b1a0609067b5f5203edc5488d3b1b9c189e5c15009855e63a
44:25	84008	b6d7b7c7215bb059aeaadaae83e8b7ac85299e014196787ed23be9768de208cf
44:26	72514	e7762ab60d281c48821c882d7dfffa42dfe73595aa84faba7275df770a7f8351
44:27	90487	567c0799aa390c87acc986cd9ced41815eb2cac25bd4d151cba69d140cd659eb
44:28	92159	17c7d4c6a61f5bcac973189663a04204b030e8b105dd6df1aa292c48bea2bb0e
44:29	136880	7d55a03d1514e210bfbe01dc77e7d6cf893af7c00a30df47914f3aaf2c459f69
44:30	127058	5b9586a0929d4cfc43e957b881e9da915a943400de26ac6c9ab32e536e50bc99
44:31	153808	83fbcf84639e8aa394e62fb117fcb55e2c1b9575b57a41a810e4affbdea8c609
44:32	99682	fd8e1340cccc143b7f4c6f7268a9aa4115d5dfc5e2d975992ceeb56b8e298dfa
44:33	138970	df846d8f8322bcb61a1f8f8b67daa8241d12c358493d0d6cc8d95259c9cacae0
44:34	92785	71cf2de1d443b4aee34e3044e5f01cb6bf9f7050720cc8d492b0e47b6eda9f70
44:35	120371	78c498688241f2893b92670bd67c021c721badb4d2929b1cf1bf32e7b7ab4f1b
44:36	115355	e902258b122eec6d9c54b2cbc503fb1d8ca1c2c24579eb9f5c5c66fc447058bf
44:37	212113	1a741ac6067111508ebc5a046ad6c417a17ac8a8119d757f550df392b4328aeb
44:38	120998	c9974f59a27fac3418359998055373ff4c88348e95733a4edcc27b9aaff23859
44:39	163003	fea214df524eeb2e1c30b722fbe41f95c58dece6b675c60e352166dcd7ef47af
44:40	112430	a15d13a789ea376dba9ccb4918e38f4791251716da3cf5e52cb346ceab61c246
44:41	145239	45f58ac08f4ce1c7758fc54c944c17ed019d4625b9903a3b151a947ad88f0f0b
44:42	142523	ed6b097f31664c5927a18fbfd1adb1814975f9328fb2a836fecae5ed7bef8730
44:43	58513	1d14e2cca1ee640d3d20831830f78a6ab11c13f06a56b0c5272343257a8ec7a8
44:44	52452	31f0ee943b757c56e08120b2db93fad447e1c257341c1d9037fb0de96110605a
44:45	62483	e7737ec0a1ca248d1fd782dc2c5cd3bfcd96069f6a7fed341dddc3e15f2c8d23
44:46	45765	23a655d3a9c74038c536e9c5bb709dbc8d677b030b1823b3fc1682d4988d166e
44:47	95084	a939689c1ca57b0d8fb89d5af6f5f8f6f7bee619f82d6884616883d082045287
44:48	102399	d184349b31cca50c07516fe2be1620ee2790289c46d32d31e589282b3cdbc058
44:49	78784	2c75dcf448588f9953c898c7d9f1d704ea143053f8f01e6688325b52df707ef0
44:50	105533	6e4f4efdd26ebfc8e240d12de04a2cb3e9960258c03da0fee0e378d1bd0a42bb
44:51	83172	662e52db04e43e9cd86bba133729e85c99d7661c6ab0179eb2d7b7a541e2ec85
44:52	58304	71bb97f59bb5c36bd1b12c8d8f2b1a71a2f10ec6af5710563803fcebf5104903
44:53	124341	c0d638bd56b0e36c525805ed645d5791614890f25174db84db661471d37a9e31
44:54	95502	52578edb29dabbe24eb528aba29851728ac0f66d324120fa6962c67c5ac905e3
44:55	96547	d04dafac357bbe78c3f6fcab4c1405b10ce37b7b7df619c0fc7224b083bb3a32
44:56	159450	04cd484fbc84eddb01eac8576552b979bb5430dca8ddb878338e27dbb475f7bd
44:57	114728	41ec0adf9f8c86618589a7cedc0f7b14dbc9f691448daea92bb2b6af33ca36c8
44:58	121834	37a13677f7a06df12325db34c55ce68713b15886edd4cebfeb223b586641606c
44:59	82545	493a8959c4c1c233a901a436bf4c28b064d0ec62115c8afa7cc2d3ea7e270d3b
45:1	48691	294e4e4906554d725bdb79566df2a50498361a198bae1e888c044db559dd0bf2
45:2	104906	7dbc4e668062dd87b41f485be126e021224a86699e4ff5b12144ef904e8c62d4
45:3	110340	78b9925bffd17bf43f94ce799580a8cfcff91b8c27f9887baaf79b7fcf35b5f2
45:4	180766	2f3a403d9ee27f594234b289a81d232454afcda4f5ef5598464156ebe47a4e64
45:5	362996	9295cd778463f138332b28e7f6efab2331b82c023b67d865f656c760e8488e44
45:6	228413	9e82df495c6ddb4cc8f68af0c2e6256ccfd216e94e0f858e779b13e1c067dc46
45:7	72723	dfcf22065d9a69b9439d9e20110dc8373872b4f160157a5752295e83755ea8a7
45:8	231548	11b8226b9eb6f300cf416e8f91d0878081681b79ddda6f18ae24816753f5a78f
45:9	195812	b8704258c56d6df49476082b10510e6564a7da81b4486768336af85fb6072096
45:10	316394	0d3af170365e930266024af6521d9d71bc85a82fcc2eb8a1b5ddbccb96926cfd
45:11	187662	97a3555dc0991a902ce9909dbcb910b7579eaa97f8098a51263f1b65fce5e794
45:12	223816	ebcd0881661c7a362f44c901c941e5ca349dea81a48c75801f41113079f38cbf
45:13	245968	957d4f8dfba26a06d50126ed54ec345207176043a64ddc368cf49a0902196686
45:14	222980	54e979b0b6b46b52471569a5867487b76e5979ef0d4f45d2bac7602f4701fd60
45:15	207515	69e072e5edd49158079fb9eae0ef0e5d81c96222d00e8c2c3af6cfeaef4accfe
45:16	275852	119cd4ce9943994265874978754967eab698dda5ac8b15617aaf922d57e56629
45:17	404374	bf137c97e4f75b3f7b913c2eb5753686a1a627ab3803e7940595d19fff222d8c
45:18	213158	a40b94cb2dd96257bdc8fcd17fae410f4c0c936203e74baca112919507c1a607
45:19	283793	f6e9f5f764a1b147386777c2c76a8834ceb47406d177b40f103012ed7f1023c2
45:20	171780	0c1ab813e890dc45f7cc9c50844d5417bd3452b9c41ca99adb5b80f2d38aadf8
45:21	306363	e35a95c31d4fed2538f3273e1093b595688c1fccac3820fb9c56005dd9596e4d
45:22	211904	af9bec39ade67471882fd112684fece9c3d73a2f772b074df0571a54bfeedb66
45:23	438647	5bd118697dcbd2621bd92612dafc796e325af24387ec9db98914039bda6500ea
45:24	302183	06350be2876f553d8c66a06dffdedf762cda2e4bb8cc00fbb35b2bd00a413f11
45:25	350666	a11b5159205f48bb65b8ee5e1c6d8bc239e0547f45466e281b168e7fab233b76
45:26	249520	6624a42f6880a7ab8af1014f20d9ad1e71fc2684f9594193ec7b664cf0cb0b09
45:27	192678	205ec0f5ddeb2b1a7db659a9d513ac2137ebf630056bfdf6b5e6beb62c70ee30
45:28	244296	0ed0613a04b63c51aab00961949c17293d7bd410f61ab3f5d70c40540445abd0
45:29	213367	93e6d6ac2b6d7690d8af63e5477b12b3c5b07177e605a51e2efe1afc9808182c
45:30	237608	fff0e013bf39853552dae5a41c3517b7238d3987b871b8d54d97c96c57e6a826
45:31	213576	cbc1fe7078cde32281ed1882e099a80d062f199ec5681aeac04138bad289dec9
45:32	301556	35d25d5127f0a17a3c1921709b9a3236505fae87cd12ff0e5d3fee8d7f5a7eae
45:33	153390	95198be35473bd5e34b362b12b426443bb4203fb7cf27fc87df2866281d8d057
45:34	232593	1cfcd82a824a91ac4a8cb63d40e378c59d4db33668e28f259946d1c991293ecf
45:35	283375	6789dc193610b95ee103506d3f0eb4ee4cfeef44640f280459a11e6e5847d767
45:36	134372	c53cb677a3ef56a6ae82f5b6119bd9ede88094dc9dffd12c2147ae7c0ce69353
45:37	144194	2fd61d868559c6dc00db9ddcbef38aa8f276f8f3b74f3c74e39dd6bf36567d05
46:1	42839	9a590272904f0b6ea46337b75d1caaef18d7ff8f51ba7bc171832ecf6c680eae
46:2	96547	2b6054f1b0adf1ee810d9ec77f50abc11c16b13351d21b655dccffd162bf099d
46:3	279613	19df34d871d4e2663ab7a81ac0f48f0110ff82076d0e4085d8d8777b294972bc
46:4	402493	4098c402a469f9c8c697bbf63b930ec6dee5f7227f99a65988fe751424ccd25f
46:5	234056	f51134869ddd3921719464ff33df010f7aa21cb8b023bff3dab80cb33a9d3f54
46:6	175332	2a62c2ab75764a712fbd8579d541d26c95fe239fd6cf8ac131b186629c612846
46:7	245341	28736a16a06ccbd195f624a540ade4ee3ef01d6a65611e1836f5feb6a438ba16
46:8	367803	4253687e3e66d9533af896cff90a768c120b8882d9ef1f5cfe96f62e036b332c
46:9	230712	f7eb81eda05beb974777eea46a0ae80fadf1f745def1a55bafdbf2e07326c52a
46:10	272717	76f8929184795228ed0bd71035379c2684abb2814ea8795c7038f798881a738a
46:11	212113	ea99b47052f8a1bdf259b1dcc57e63e2caee4d544f6aa25eee95e8456e0e5bcd
46:12	208142	f9d24569fe6fb26befe84f042409f24d93d43155a52738d9c498243a2b112e40
46:13	116400	fcf791cc9c3da521934ca8a5a238617647508fbee5743d2bab5c6cf6ddb0c6c5
46:14	145239	7c8acfdb17c4cfc813db7a9015c6269c73876ab7d8b0b6122a95fbe1839aad95
46:15	618369	1584fc5858f0f9850fad02c81d885db5d828e7ff153a1a5838d4f745864a9469
46:16	236145	f79b71dd00954c4b6d740bc5c9b94a7395c4bee2bd423301275a10b4746132a9
46:17	382849	6bcb63228fad735a5b1a5c4fee7f8f3d343d543bc7f95af189294b1640c6e9db
46:18	236563	16c0e263566bf26dce294fd72b9724ad4dc9a05ce588f330c7bf683f6cf66b78
46:19	146911	14cbfce9743dd29c3eb6b2a3307df98731365469bf07204c59108819a9e51494
46:20	410016	be07e3f9d962d6ad80d1ac95125796880b7a155d525a87b63c9db9161fd68e6f
46:21	314095	0cc386a58265c6fbea2b0202e04778d7c841f2d88e7193c3391163ac3538e122
46:22	165510	1513f795e8feecd35faa4235583de2b970f5fac69512164e974ea15032c146d7
46:23	213576	50af257f3be920abb778eac145db7bd815152abbab92cc797b7aeb7f57eb6c46
46:24	252028	5983c08eca6a4702eed67861c61e58be648c6a8733124b23086f2cd6c81171a1
46:25	207097	8851651771e78afcb9d6b5e38f948a9fd06bef9a5dc63bcc805138bdbc2ed1f1
46:26	551287	755f5331e174170fe531a0dbe96551665c4832f7ec15d86d6bbbda63d624d675
46:27	126640	8e9d610471dbb3d29a7f8a78a349c23d33c7a95abe2e02357d335c25562f8847
46:28	242415	f658f7251290d8e784bc47e19fc6cea15d4fba7622583a941e7f349fcd5d1d1d
46:29	299466	ce1a6b36a42df0d8c96bb5d501c952ccc006ff38e960904f14177a81c28c9c18
46:30	337919	9096caf4ebd064c8b22c6cbee23b35ad543a0b215cd383107e3a026cc8471d6e
46:31	200828	2624a2c61ed08725bd9b130d91058f7d3f3a8b47f2efdb2ee8ec34fd64b1491c
46:32	269373	730b6f12b667691eb61586785ef894ad5b3cc9d6a7391fa84a8e88627ff790d8
46:33	323708	0429c668cd49888f68d4d17a3a387988d8ea916c04efad14c9da976d3ddb96aa
46:34	252446	a05c2f34ae45a20d9fe59b93f2c9fce54b13929b8e2dc1baf6d9451d8d9a9446
46:35	375953	efd00b90596f4f1357d9474746a07e40290ffc693bb23731c8a523ddc17f12eb
47:1	115773	1a7e5309ec675a5139eac5da913936226aa4d174cd7c0c960b5e94642b323025
47:2	261014	20a62bd6733366bf052b8ca622ed5b7ddef40b8fbd9276ca08272e8f47a452e8
47:3	250983	bd455c9c259959daac15c6d64d92329e4b95650834407b933ea39081448363d5
47:4	603741	d57c7eac508035111cf9d1f76f1d21cbf5358f695c2fe005ad9067b66c2f8734
47:5	53288	9ac045eac5c33436f686120800d20dc555c86ae2c9e6f375fffa89e37a67b363
47:6	82128	d9a3699e01d7955543f966ecdd8687c0b1ab1d8196dc97223abcd7c4beeb5b32
47:7	165301	24b8b70c0205249f8385348778fb41b2696cde5a22429d3f4a601bfd06d93c03
47:8	93412	349525208fe97594fb7f05c8c024aacff40a98e27e443d6b4c214f0df7851c6d
47:9	130402	7c1ba99502660634c274186f4a9992c289e480c397ac6ba1ef33035bf227c9c9
47:10	236145	e20414d7d63a06b86a88675c70240de13a09708ebcd78a1be7f3a423c0c81e93
47:11	183274	38761e1c2265cee390b08fbb69f04dd6b0122a739aa2d9c8b09f1d9730eeff73
47:12	351920	05c9c56ec18737e59eae0f6fe5b46d8ad5cd60dae46f0852c6aaf178c04a7219
47:13	209605	bee5cde993251d65b23256dc0ad1cdca48d6b54428215c561312c5d42c32a473
47:14	226532	3bec6eac75705baaf75a251bdd780e04724a3b2f62830dd05e1ae1f4d46a656c
47:15	752952	92bd410eee6ed551f82983e48e76b6f6e8df77465a22fd44d169b6c589347e04
47:16	358608	c75bc3379f9ab643e298c3b492f4e8ae1725f4b6d3431d1e03dc8f6e4e4b0d7c
47:17	107832	22d9068881ef55b9b53debb1c9994161a1782d0642692bdfa7513c0b6bdfaead
47:18	254954	76916a370ead414d8c6bd1f2038fe01ba18d2b7cdb08894ea94ff947bc325fb9
47:19	282957	2cf82a429c66a267781417a79aa64c2e47bd0121743189c2e7d33c957bb3e235
47:20	414405	06ef13c3f87591b0ce1a5e1dbe0066900b8783b22ebd0abdeff7e769ad97b8f4
47:21	172825	da7cd7031f2d7ae7e76bd2c2c01630188997ec4c15e290ef0b4c2ab92d24e8ca
47:22	147956	f9c1541bae4644a21ae0703db11656f2fe2534e14c473646e6309df87253e536
47:23	130820	30cb2e0d438173a47fb6b8676a5074ed3854cfc68e3420d2240d0ac5ad0c8ff7
47:24	120789	7c0ca35f3ac54fc0c06fbab6d6f48e06d882e5d1e38d10ef57209b8e2ec17c3d
47:25	200410	71606a6eab3261b9100d1a3792bd07f8b7cd447e9dfa7aa08f18aaa038657d06
47:26	216919	5b57dcc4f0ef00390fdb0b76ae8e4e525ea199f3831295e72db8a8c9ea41edbe
47:27	142523	cc1dcd3112623c106aad514675d47e477340cdd03045819ef0450e899266f283
47:28	156106	39e90ebd720a1158e443697e7789a8d3bf71dcacb0fe01213ae852528f173d36
47:29	124341	aba519decc3067188d415257883bd0a6ad3e481ce9e69912aea62468d5bbf738
47:30	284629	a6e2d64e8c037540e8cd2ea4c1afc41ddc1988b4bd9a54b71227724fb87bf7bf
47:31	161749	554b64b6050357cede385ec1308ceb0cae4219cf2a9bad636cbffb7b24a3ef8d
47:32	287136	1ec0920e7a57e947c446099d149230998ec25d70174f1c2c95ffec6282ed9e0a
47:33	179512	c4bf8b282016817d038858d5c0613b5394ad0688489507f48987ca09c3e56aee
47:34	189543	6ba6919da586f306c24012f479605220a989c009c61643f7bc31142b7608db55
47:35	183274	65c9bd13384a7907d8e16a8c5355527d915e4d23254ceee3ab63dd34e862ffd5
47:36	209814	ab64a98ceeffc5bd4d447b098f975f5f319ad0751ede0e1173e309f55da47c85
47:37	116609	4cb2746a29be29171572d820dc0e0b26f2be256bf0b7706c46892fcf70bbb51a
47:38	498206	6e7c22fdcd9af5072984fc59efa2132e8bb60b7a56259dc9e3123fdd3fa67218
48:1	80247	8de41fc9fe2b9f3031a2edf31173a7cf62a9bb94b068a440a99f6fa2d8a741c8
48:2	220054	2ae8dfd66a1ca0f6629e815e2d30d8b739e5d288a6d0226367810ef532cdb207
48:3	83590	3e6db4a0dced3b722974d4af62e1e27ba2ee50f5ed5948545fc1fc19b2ec2be9
48:4	317230	91f37bc26e20aac2ddaf8c0dba2cfa9c759912bf80b85bfd3108dbb0fa986a2c
48:5	312841	2142a23d4d1fc47db69608251912f3b3250ae47099b82ec5bfbe184299f4b448
48:6	444498	d79e76b90b8b4b4ca168da586e76e706572cc47dc9699f163866fd469e5edf51
48:7	138761	f375b6d836df2f75cbe4b92d0f5555d0acabfb9e9c679e4fa3d21fe89038584c
48:8	122879	c08b1185380d1c2a689b4bde87cf72b0d62258b2dbdbe62138b9d4e82f6e575a
48:9	199365	494900314110cff2228c7ab8e8afda89397b397be66b89a9fd047b368e3cefc5
48:10	406046	63b5f4f96ebe3ac3274a0ff119be4ddb3d03e909ecc22836b50fa366b4d28e21
48:11	499251	3d3e4b4bff596517f8864e56e74a68a2b0c15bc6ba09bf63ee913a000b630387
48:12	366758	ab94930a5443c84ca78dedb35400c953aa4af68bca6da9525aba6e6ca815c098
48:13	153808	afe5f9c4d87e7f385685014e3a73bb5e1432fcb9ae89994e68040eb2d459bb14
48:14	226741	29c192c74a67ed2a1fa50ce740c4a6caaaea52cca7a65a75c977a36fedf3166e
48:15	313468	2fd9a902d57a61df8e9c04b2300cbd35e72075c66daf0ad582da57d771e4613c
48:16	285465	484342da7208cd63671d254d0b75c673499434b5a4ad0582a0c348d2569441fb
48:17	276061	c6732785d646b1b3ef6e3f76bf63f21fb70062c67d5dc901c34aa17b10cff8b7
48:18	182229	b94694ee24367cb1a24f69c71edcac0aa2dca4244ccb7637fa9b8ade0fb9f644
48:19	107414	245a7cd3f672a288f344378665e51bdd6540bc5e4b23d3d4c350b0fdde181f93
48:20	282539	e73a262b3f989f5f00cfbe35e22ccb8cb713460fc87f94bad7b08d999b6f0a85
48:21	140433	f249ebb33143b2b48a4bc54458de4f75ae571ac03bb78efde18e78e9df496180
48:22	127894	18d6bf3be5a3361583e07934c4e48e10a000af8011460f27b0404bac9a4342ac
48:23	132701	d05eec4605bec81e32ba1367694af0d284b47aec859ab40300c781d45435cd7f
48:24	220054	11ce744d830c6e4df7727cc017826deaafabaaeccf1818d8fca40d8d2f111d7b
48:25	522656	fad9c5c94598a3def9c8b464ddb90134779c87979e1e6e7a2a5773c93bedc587
48:26	439483	1727675625f3de63dadcbc6010950c1c38f4acd45d11ba8f2ef6e8f1b4c925ee
48:27	391835	b9daa43104d3d3bff77693cdd478dbf1529d4f7f5dfad7609835b2fa78661df2
48:28	198947	808b6d8429a25a117c5ae8cc6ac0c5dbe1200b9c9bbd3278094fc193635fa5ff
48:29	942705	84c1a918a380521df179d9d36b342bee8c1de70439831bb6c5a2e26f3853781c
49:1	240952	3b5fb59570973130fd0d0a08b835c6e4061066fb9793f4b50f62156272027c54
49:2	407300	cefe0837e44b5746251a0cdb3cd8afcb5f42ee25d846c4d1f5805395428db599
49:3	285674	dda4e20f4848844574a8eaa5a94260f94e77ef62d4cccb64a2c5fd35d93db024
49:4	159868	fbdf4b5fb2ac869ca36dfe51559e47b613daa5d7e7e7d95ded0092aae779fa98
49:5	178885	07ba068260c614dff61d27e8f43247a7fa4ae9a9ee7076833e8295d4658fa6e6
49:6	338754	3ad87431489acd19be1fa318f2b40b069ffb4e63d444d5805a98bcd55bde6ada
49:7	608338	b6dfbe8806cb697b019392719174bab3c90e28b40d3bd0d43ff6e9580fa36fef
49:8	132910	4e587395e4c15bbb4b1a909aece9f79ca7a5409aca6842fd149b5e78feb538af
49:9	513043	16c65694e83f86548d3912c7e2d4abcd1064d6729b792c79ed05ef1cf61f0447
49:10	216501	28b998855ca68819b6bcaf41a1bd1b0a6519b5d7fc94e5f79e456c4869a51b10
49:11	694020	c2047ab3ff76e21296ed005efb54f4cb78179ca445234fd26d6a53a6003bff5c
49:12	496952	b3af498e306422e185d006db90b21fc7d22feef4349455859435d66fed523c6c
49:13	389954	5c635f1f1683c7fcfe7a1b605469c0ccffbe53e8e0bec773be5e0d35da630e2b
49:14	445125	f8c5f11c52d2907dd2664a17613541e369b1deb76bce295290b8d15130b0fdeb
49:15	322245	0670603dad3464e0e6997aac32ff11b95fb7d8f1f9ba6d88fec53c86fef68f6f
49:16	221517	a54756dd5725ce2c178947d2d20a82fd949f8b4f964db8ecb89d719844e2b4ba
49:17	302392	c003adf0d104d9ef941026b28506836a03c481580b83b8f849fb83b473d48b8f
49:18	174496	86c32aa89e25623b7f240f268e389b4f1f2dcf57841ff73206141f0c512b0495
50:1	101772	f0f53472d228475381d1a9c2c40679d3cd704b767a0eb2e0bdbddd4e7c4ac2d5
50:2	182647	f238d7c6e92c13bbfcb80e2035195f578336232be04d252e6d6ad1af32ffd449
50:3	130193	22198ca79fe249ca068845c136c5dbd40f8d6851801a480d261ad6adc4bdb78e
50:4	147120	e824300a800698c23d861e2424cd20d4f795c24c26612a15642940f3dd8bddb4
50:5	145239	7411e75968fc4793120176364067d17b78311d381074338f2fc9f0f3ad2dcfdc
50:6	206679	68043fdc92d7a81eee16f03f211ce55b26ee1322bcc21af58f7f4492d9662702
50:7	180348	54be3e9995c1cfb96b29276174ac758a6cfc2db45b6269c1ef69259b65ed1afa
50:8	109713	d54118cab364e9006d84574b3e1a388fb79e2b8a68faf1d8546bc0c7badc9146
50:9	207515	146616f46c10a7c965e45cf7c0fb243846ee57114ba57dd1f763e2cf403f31c1
50:10	120580	65b5e47033850337c2abacde1c77c899580403fc865524219894532748ef5f32
50:11	183483	4a1a72727920046de9208d5d40c8d8c55809d012eb75cbc70eac6c9a767cb489
50:12	110340	a7f0fb3180de566b527affa166a8aca89837d5aa3c37e6b39f6085645fa3c540
50:13	78575	38ef5bd60a9bb9cf2c275bc137281f0eb4e0786bcb235025338cb592d7d0d5da
50:14	146702	ec1cda1ca39f6d092ed012e9df1d2387578205486f45267c6e20fefc58cd165b
50:15	157778	d57f2a35efc3b2de243cca100866795a4261fa6332171dec2db3276e73139113
50:16	189125	4cbc7cb24ff7c1d57804d30750ae558d7d17b1bedc6f59fc83c38e3748756d11
50:17	113683	7247b8296bf10744a51560dc0a115be4b5a377c5201ff26a81fb3b747d2a95af
50:18	110549	eac4a05fd7a16e4d3fedae761f078ca4fba568b3b6f53f949c143dcb6cebeb7a
50:19	144612	12e18c7382894ea8f1029ade33b198f0bac6c00c384249b6bc1587f9e8b45394
50:20	125177	d383dcda22ea226053f6bb02066312d94af691521305ed79da631ff58b2dadf6
50:21	124550	2a4e1631719fbad5d70a911467ee2225606a7d43d0af5d1b72fb9b538f96b2e7
50:22	175123	452ced37fa8119be6a2ddb365d1cc62b5292fc4fad21af7c7fa226ea02c033fc
50:23	81710	079b5e5fbf63367496e4e56b9a42f83f832178aab36088072eeb4ddf1a2b5caa
50:24	93412	039db3c4148cd1a9dbf35de641ff5b4365cf24314738b85df43289cf2c4df4cf
50:25	80456	4433b2042d2a6978e24c71ba5019580ecbd65cfc5b61d4b4ad64c3da487abd20
50:26	148165	71f8c877113792b7bd1d6592253c6e3b53f31110c9f8e6e0626ed4aef29f3081
50:27	159241	90f0ecfe378c1153bfed8515ff5973c52bc6a4020aab60d3265afadb16e60181
50:28	126013	2cf5e2569f861c6ff48c058889ca10af6ddae1f159f9a455db7bf5f5f8555674
50:29	120162	e633c698badbc65718df1209cc962941e2f54e1dab3b201d1a389f84af182a85
50:30	155270	552929d13c3eaae605bb35551de0026d6d1fc0dd023c3e2c1a67e9bf6bf00176
50:31	90069	a1182877dde60c07d173d0ad9107df4f32094e9df01bea21077688a8d9fe4eda
50:32	98010	2a70f8b0b799833aa0a7106f708e2453df554ab68b156830d2c5520561a39966
50:33	113056	d0577fbbe548b5bf486bf760d06ac6bbfb5cf8f9b0a187013cddd77e71bf2b1c
50:34	99682	4cf62186bb0f086bae134e4a186fd27832e162e3f72ecb7603ef396ed785c091
50:35	127894	b7486ede2613c495cc1f2f5875a8f25ff40f895e05c7120a3284f05372d5d77c
50:36	209396	028c4b2b81a2eca45a11c15d79c813848661e0ab985dc5a6406785b0e4470cc5
50:37	169690	7a4c5fa748dcc5da87c7f93f31e000b1b43bfaf20b7ba27c3a840aaed33de228
50:38	176795	e097cb657c3fa60cbef0948224d5054b9ab16cc6aebd958d87256d0579f39c07
50:39	165928	10dee04d28fadd95814db9d9481017bd0efe4f38b584152a1126dfe558414a46
50:40	126431	47905aa04e73f99906cc75af0ed4b66074466bff4486d7af0c787cb108335881
50:41	107205	7b70524c6b33fc53212fbc755306655c23a1d20066db6613cb0748babc1e0bc1
50:42	134581	2491d71412e502701f12c53bd846471baf244eaa515309732004f03c520a58bb
50:43	101145	6fa4510a305abf37aa9687a62ec3b580134952cd52bb17d099be373e0abc4cc9
50:44	152136	095e5149806d45f8b0cadf9a23c90200a66d1afc527ac0f0bedc32f04708ec66
50:45	217337	75e52fffacfe272b1901ad75838535df999466834773037920d046fd5997bfee
51:1	45765	7c8393d6e892075242a8a383772c37d0007dee38e4fd25108952dc65f60de9f6
51:2	43675	625cda68c824432b128c501d89966a8d406463cf94b3c23f5bd36bb159f8ab22
51:3	46183	cf69d57cc6d3d479591852b2daa5af2218081ca0bea7f3ace48fed64f0e38715
51:4	49736	87e0d3dbc7e74857820cb7a081a4dad245b6fad7047c487417104b6c572e9938
51:5	63110	00c0cee759e5d0d8de4152005f957ec7c2353b7addc54f2dc8e3d661f1611064
51:6	52661	e9e168bc64e0dd8e91c69e7eb44bf81641bac9d85b20c2e69371100d9ca4f961
51:7	53706	f913de6e6236028b86df64bb0daf2c532482d4437e3d06fc04a21de4c006f2f6
51:8	67081	ad11cccf10a584d47146ae7537907cad256eacff2df2ac14eaf13856a69030dd
51:9	40959	813c9b755a07e7be90d067fb38f76d691a38b0a6a578472ba81b57ede15a4b4a
51:10	51825	4c32bef48d10ebfbcda57ab791653b9a8c3a3bfda6ff9ceb70ecb9bdd9f2f5c0
51:11	81083	6f9fb9f8baf82ddce5edc68b21fa4dfaba999fd555a3600bdd3ce263461079c3
51:12	66872	a1b74c798c7d847b5211cd8da37be05ec06083203aa84f53be054991d474abf3
51:13	70007	d15549d6b62d9b7fd6af524bd01ac1aa717f020054d5c9de1e9b7659623e9060
51:14	133328	9de38115b54d21bfe9f42ac218c8226cce229f637a18d0d6ff5270e6a3d2cb9f
51:15	104279	99a962eeb36eed87b8f43f5309795750e0c9c1809653cbee4465199dee3e81f7
51:16	164256	d6ba78b718a4959f79c9344ef5392da20a420624b19558a075f06cf14d91c986
51:17	89860	b444c03238b5913da002deb492e04de8bc2e1bbed4f3b42453bcdc1256c97413
51:18	65618	39c0969e76a5fba69b218b9c5175266dbfb33edcef5f938b7e50d7500cc072af
51:19	123296	59c26868ccae965257e79660efc63423d0d754d7ef613176fb63f1dc84f0c55b
51:20	113056	764fa8c6acd9ce16299b6e70cf17edba77244999dfe23473e81bc423fcad6811
51:21	101145	f5208c957d989f4e7bcd273e4eb6ca928422b4d7ad91d6f92de44aca672ff8a5
51:22	89442	fefb36fc64cdc3a9a610d9411743ceeab7e943673f7eca1d8b7254ff35c42cf6
51:23	174914	ac78c0977cba7df18a859e8b473796390d06819a8c415ce0b3a42e1ce99699e5
51:24	86516	255b3b7730ef57ef2991a530dc45b957ef4e65f6058eee1aaca22a21456c6a6b
51:25	151300	ae1b2ff4d257531cf2a1a694d667f5e1870f1ed22ed0b4282ebbc1a44a3bb386
51:26	114728	fa30e1303f84b92f0d0d37a4fa80cc40a14618fd203b1d594898dabc8cf3fee0
51:27	89024	800b56bfb2dd2a6057a625aa79e8fd405f24fb27fa6d68367149401d9854b4e8
51:28	152136	4d0b4307a048e0ad61ff0ffb05dd3e8c7a29a139f3ce565deae67be4dc6749aa
51:29	158614	244c1eb65e0c979cfcd3211bbab6eff7180cd3f77eb75cf16394c4ba623b189e
51:30	177422	f304115555387cca9035cb7ec8d2a0587fb8c597595404fe0e0e9625ae4f8794
51:31	51199	888203b06fff3c750962a534c7c1beb3519f6a7cf80757b2aea34bf4638adfd6
51:32	106160	148266c38ddafe185c3fb8be46cb6c412ed0295457b713f1cc71fa54ccbf5fc7
51:33	62274	f92c1aa7c3553b0867003f5aed529f5e10144c8bc64316cfddcaa0f805ce4f6b
51:34	55169	3f19a3d689358850ae52929c8e44e69c9b3623fb9e66562de50a944c42f0d4f8
51:35	61856	dce4656cea0c59281b46b69a7f096f6abbe63438f101dd2c89f9296d1849423f
51:36	67081	1513ccb6e6049a6fa698df830f4320579fcd9a62d7dd856718100f7f3d8f60f6
51:37	96965	e533e0a3e5ff6cc5faf62a2a94a1217aa23c7f90cbe104ebe271417d1fcbfea0
51:38	109295	527e21eda1e7fb52e070b6434a437500cf952e7397ac1764e138e88716d16301
51:39	64364	c6d6f23b1cfc275081df9b7cd831fea1a43742ec60f913acdd00562b9e765815
51:40	118281	2ff1a7184cc91f17bb91c7337cbee3deca29fb3279377ff1198eb65e5546ac03
51:41	79620	d99713a273552c7d818e4c3054ff7fea40f41850f50611b9e191472ed43491aa
51:42	77948	5c7131e5813097870264944560e586e1ddb129293cb357f50d680b6bc07e7c62
51:43	74186	02dfa9637f628db6bba03551c9df5cddfa480ea23ab326d455196a3230f7ffc5
51:44	93830	cc29c6238390b80f305082bf0a55283d36158ea6daefaa5f9c5b9ad9031e87aa
51:45	83590	5e93082fb3c827622e4e488933d9a7c6f1b5f0603c15e54d7df6e1c860b81aad
51:46	109922	a8b26fb9f4aadb8b894dea07081d916a2767f97d6664be2a6b323186425949be
51:47	93621	f69aaaa4e626a45a8c24acb5f9f05232e731b2813fea71d5d3163e2d5f69617e
51:48	59349	998ae571ed58071eb32c3136ae5a88bd7f3c0194d70b14aec75ee9eeac412f8c
51:49	82336	17e38f770bfb9fde4f44a5a3eb047f32917f968120cd62b320ba82010267434f
51:50	155897	fcabbcaba874af62ae307816d3e2dae5ee85af231a61e85db1bbb19934d13c4b
51:51	122670	d22b52deaa043475e92f8c634fb991b7257ffee9a3ce75de0c1323b2fd252609
51:52	132910	5856565f6fafdd1cec3db72bcb8077167421ed1dc3635d67d9d3593c88cfc781
51:53	84635	0005b8909284b1f217f31d4ca594be22e5e6bcaaeff67d408618ab435b3c6751
51:54	66245	6acb282a2b6a49401ffc0902340e7682a8de12e9a3b4c5b03d0b7467c4f0cd56
51:55	83590	f998d7d4af262ca2d7eaaf0fe4251333b059f6110e4766bfc6db912c3709bf1c
51:56	80038	898b18a54ae4ec2f0de01ac4cb7dbeccabf783a024f8463005dc867ca18a194a
51:57	115982	a815fc9830dafb25ba9d6390b72297ad8b16b88f4f17bc64a798abdfc6185a1c
51:58	75649	669b453de45488a60f15f5eaded8f490ba99eea8165ce6295d37b0133d0f04eb
51:59	104488	279313fbbd4d54062388a6df5aa862c7654391685521508233b2ffd35f35a932
51:60	87770	b54b10c954742d90a9b833cdf5612081a4d26af16336a9b02fff44448a45a139
52:1	29883	323eb95cf459ea96e3e050c8e2709f7abf2be65b96b7941d7a8d1a98d814ff59
52:2	46183	0b40f75f77468e507c4a604cc20078afee496bb848d2ee0943298ec71be2ba47
52:3	44093	716342263047ddaa913db819f0540c1d3044204f0e166220e0e9749757d34661
52:4	40959	1a54414a88fbf8506dae018b30c2df881a618c5631b86f893252e52e47d42043
52:5	35107	c97561a2667e7788d32314b16ad10922dcf39023c20d211fa9b1bcb7a014490a
52:6	40959	026c3e5427605d6898b44031fffd30f9ad048de77a112022128734685b540680
52:7	50154	f48ef62c657b4022342ee718b66eefd3744f3ac170e09a1ce9f4bbc5fe62048a
52:8	46392	0a14adad270fffc8660e321e62abe43ab5fa5ba6bf163b77252b14eae7034cd9
52:9	58095	c9ef0e7c5703880a7896687a8bd5c19cf0cac1537d3ffad297d5fd42dbb29b00
52:10	41585	9a258223044cb1e42d9a1f8dce8f2c76506ced1032e97cc5f00444b5ff505186
52:11	58513	1f508bfcb0ca15c4ab1a3066764635244b4f8d4a3f47063893baf7350799d65d
52:12	71470	a970e8f6f2ec80f06f72af3b7b7392127057001da267266080cdb76a4248542c
52:13	62692	ff9e79223996771e91d578a48ff4533050487c4a3e78d7f2b01e412c29be6f90
52:14	96129	93b4a3caeaafc5ff15d48910b0347ba1780352c9c8218854dbf846fd9e502e36
52:15	77530	3bc54d63f883dac1ff75aa1e0cd7091238bf46c3d6ec05ffd5b218c4c62598f0
52:16	177213	355bf1e1eed9c7a3b6626dbe7cfc2fd7fdb4ce00a06e6392b828f013a78bd399
52:17	78993	9acb666ae745b09da21d83f8e9fcf7a86c52302deed9ca7e426f926e604cac86
52:18	120580	ed0fc568654b61756aa4a5c5f7c8634bd1b2ca7c3c7fc39ded08179c75781c84
52:19	96756	6c3d470635b6d433a76023309bda233610251dd2aeb0ce81db954629d2d3939a
52:20	125177	bbb5d6775c0e1c3eda19c4134cceb716dd9caaf4d5dd877a7ea49a3d2d492180
52:21	272926	b0d0a275d00506a69195f9ef949eac30c6d4b240392e1ec98a8f3b04dfbe3c5e
52:22	110340	7be27570d3ac78b198468a44ccd009ea04847abc842752cc0dd8ba06a4acce7d
52:23	103234	6ef328c0b5a020a7eb5e0fac8ed43adf6e40d478e40f71040e861606884a2705
52:24	113474	1cd990c2fce0a31ffc28195e0a1a9853dc593dec21eab5bbc047524a8edee10d
52:25	90905	0ee16949e4daf45de43a5bac197fd35fd17d1559ec7f8c5a040deec05c349d64
52:26	113892	995ec295e65082237002f010d73f2bc9973690dc5af588275b61df49aaf65b95
52:27	104279	a1ccbb192920d19d6a116636eb3c36556d12be9581f3b757a56f785720504721
52:28	136880	3679a350d0e58490c911f784ce1f1cfaca71bca91a5ef1c529833453b45c0350
52:29	125595	5f9b592b1a6a20795bc179033041bad5ec691780983ee783e00c9ab1b171acab
52:30	99055	d21522ef4033f9e6d17db95cc1ea18908fee0629077b63529a92cd6b81547290
52:31	95293	4428d6fd3dbe5e2f06ec9c50c655df6a9d79ac085f2c92a53f0592c5cae18f37
52:32	112848	e54857946b8ac9858e113bbdcade28a75c638d251a4f261f44784fb52bd45b4b
52:33	91741	572b8cc53eae01f5e0711fdbf019930ba172aef55e63357ba6d29cae2593a100
52:34	108459	dfb36cd577ed617c5d1c2aac984f108ceea53dc894bb1290f58ef2f906aec2ed
52:35	85053	84c7ab2c72a8fe4a037ac457ae0c2153d9e445fec2bc07dd384b9d0372ceb711
52:36	96965	cd4ca3de1aebf3e79cf80956e0e923c068724b1c650367ceda03bc7eb7a6af59
52:37	112221	4d1246ddcc544453683e809507f4e520b23b3e0a8b6366a872c1c745701bed74
52:38	156106	69434c393c3e17d986b3000c781eeb2909eef7327ba638cea84819cbaecbc063
52:39	58931	6c3199b2162fc23f3ed465cf423da598dec10c9e38460279ee94465f3b072788
52:40	106996	e96ab687866f5cd46e9392637bd0799d33907a7c096d430b331890c7e837af98
52:41	70843	934ddfc94c22ac6f309914ebaba3883a16dad2ca67e1eb15d95b0474704130c3
52:42	107832	42abf8d49e70476669c098345e8a74f8b674cb7189dbb88c6e4f93a7ad8fbdba
52:43	140851	2ef6a69858e7b3bf17f9eedd635eccdcaaa020f73da0bca58da21e95fa5e0fdf
52:44	128521	11ca3d90145d931a8534c2f6292f4c0c8d8921c9c65056964d6b0874b256f57f
52:45	111385	0d499658af284d4564a84328a1007081243e146a42069e03c5152ec765f6bed9
52:46	107205	828a1426fe29adf9f349f87d9106333eadcaffae3e7bc499c421e5751018d216
52:47	155479	77a54c8ca302b738c41376b59e04b49a72f791114bdb6e55220b0c4fc302c36c
52:48	144612	ae45620a011e5674f1ca1d5ecec612fa2bfb32e7b67cbd9ab8ca3f2d09b0cc1c
52:49	164434	c6747fd16882273c53d82a1eb6149896ac5b109a4cfe79b3cba3a16f038d80af
53:1	43257	a6fbf4d9cdcf968b432f29555c44613d7e092d7ce7899e3b809a3dd5ebceb6a0
53:2	56005	f7fb0b7e93a2ddc22eb5a7ed70af8ed9241fdec949c68b478adaae31181524fd
53:3	51199	446ffd0c18ad39a5dc00817f2f1ed76fa02f0cd4171d7be01706fd7247b73dc9
53:4	51408	a9a784ff2951b29aa73fec956377139b8b23fd590bef6709a3497fb9d6c2f92b
53:5	49527	fd0ed177191685d6de130c4ba50e1ad19c3f73ead54c7c60bf5a5681bba30a03
53:6	48691	72368dffcac204590202357e2b6a7f7ada6a07e498cf62aacd5c6d86327e6a7b
53:7	49736	c123a437a66fd5ed2f5fcd80bfae4ab331604928dff9754fd761cb3dd0983f31
53:8	50572	0e852c80e47128d0dd40b223f3e38bea1e6fd29d6d30384760fc8b6143c7e933
53:9	58513	fedd5486e380eb08c69090267d21d74939e651cf8245923cf82d20057c2f3b9c
53:10	80247	f20b2651559539a51399c98efc7ea5a7eef209dc2f501f374bd3a1b2052530a2
53:11	61230	20bacd65e9ee8a49fa95496984e8616f3ad90e2eb5154af916ec98fdf998d42a
53:12	63110	e3303433feea97b09a8673d4b718941459a9bef4848892ea3551c04ce4a37f22
53:13	54333	af93aaba5fe535a2370521da6da9a07be6f908f9d700622629dd3036782d6394
53:14	53706	2114f041d260e6315acac4251d8ead661b72c736a22a626a0ab3580173ed4d9b
53:15	64991	0fa17fedb7a0d90c24534db0cf1d601e08a3fb1c9e8b0c017fce8a2b2e3595be
53:16	57468	a2b026605fc2a521b84018fa0519dd8ce2c1be8c3e017497d82e65fd51c355f8
53:17	56632	61a6b647d2727e94ad99ba204a6ff84611775c5343d3b6c289c8601e5ea686f5
53:18	70216	5ad0662208688e40ffb9664e601aea2a7d41c39a6eb2d6f277d9f1e3a2d0e03c
53:19	59767	72fd5416383e92e030bf8f8ba5a424f5c8f8c267b65deb9d4351ebf042502eba
53:20	51825	7c520ab561a3f1b92866141d0445d8dd1616ac70313cf9bf3b7a9e617abb13f6
53:21	67081	ce931fc987d65da7d2c42e7099f17fab9ba6562a2a610d430efc5085dd9a52c0
53:22	61856	51666c96f342360754cc25f49b890ff7ddbf2899781ba30f5d8efcfdb25c13ce
53:23	425272	a26a000a8768c4d7de28714ae69bfb015eb9f9d8f907f6e412da5fccb5db155d
53:24	65409	812307e67793f3ea5d539808b71e052fa73ab9ba8fdb946ae2956c7cebb58693
53:25	66036	ba7112369961807bbf2b14ea7a8dbc4773d141bea64bdfdf64d3f62824c8dbcd
53:26	229040	22bb678dfd0096a82f69ba0410daba60fa4ee391f76a5f6baf6424f380ef7a09
53:27	160077	5856ac06375f44d5e3ffc83f9f8e83fdc5933d47c82fe329c1fcf13eb2c672e3
53:28	199156	2340bb995c364ce92479cb4dad0949207fc7ca8065b5dc0ba0ca0172587cc3dd
53:29	134790	fdd6d2503029494b14cf851053b4eb38b67f78aa65ca5891677860993809ea4c
53:30	193305	a49d27c877e2a8c5e97bebb42fa19615207f81f3440e7c6207fc32d581e4e067
53:31	216501	64f93cfaf67c55b80651719ec7cce18b789b7fb06e700938e941df3f6fdb7d36
53:32	483368	e2d9c3c4023aa1fffd25a1e6f2e5e67effb6b29bd48abc0a150a4c36448e21c2
53:33	53079	3c64e3cc507c2d748ff35259dc30a5323734a31e5feddfa82d9e13841fc8d37a
53:34	55587	e51a3e1cdbc110be510c9882d43abf85856784c765ffdeb7e8594edd75b501e2
53:35	70007	41fabe37efb7956a9b524d495d7b3ae0bf8f015581a22ea064cc2d7b3cc08d82
53:36	71679	b2a7253b9bc9cbba4c3cf00ddd4f038c35f6210272968742a084a46b9f45f83d
53:37	65827	f40936534415d4a096066292d2e8d26be93fce4533e13bcae135a3c2d852fd06
53:38	71052	9f8c7955ed6eab598b38b4c41e648167b3ac47620094202c0fa56f33bca9ca47
53:39	79620	c6dabbb237cbd2016748d3dd4c7a08c6512c7555ba70b5998e9b146c6e1d9469
53:40	58931	8c9465e33e7b898f400deaae1c07c1442b644ef53ce836ae1ed23182010f1a58
53:41	78575	87e4987dd9da7752b3c54b37391b95eb3fccaa89c756bc58a85bd160abbb4370
53:42	67917	6a5fb97a7c8acd48f027403189fb31a70652061ee8efc8771600b11d9ad260d8
53:43	61021	bea3e490bf7ab2a28ca2214bf9c97bf7efc79cc8dcf22f03d5e6007031162936
53:44	61648	28aedb57c401c7bae59e6d26d7bdacc54ff1dcec4683c4c68ea17ef45bf4b630
53:45	85889	34b0d4ed0289f9b95179f8c51dfd56c10273202a355e15e101e99eaeb09dffc1
53:46	62901	f808058a78955f76bc0be39a243e2fafdb20ea2b7acda12f8a7cb0da61a17e32
53:47	60394	1bcf0d2196e38966d41e34dec9f61495e565344e51af63e5c9f47db4e0d945f9
53:48	62692	d7a8b10c2ebfb5775619bbe041123403229666a1d79ee4c46a7e8fa1637e5cee
53:49	59140	cb9f34f2785d79f6ad2dfd7d1008fe2bca279e0185fc91a0d0bffb6938a09de7
53:50	71470	2859cb5cb0d71f063fb9a72d58dfadc9e9a75ff42286b1a7c518f4cb86cbd1bd
53:51	56005	250d198bed0010c0b021282e1bdb597b8d3c92c512054034513779d1eabeefea
53:52	136044	b4439dbb451381cf3dc804a3c0f6fb416b877a65cd8bec5fec4733772dead01e
53:53	46183	ed15467b2c728323b1495cec964ac14d985b8643fb971904c6139314395d3d8a
53:54	51825	bca2ae8868ad8414c8bdcf8eb8f7c9aec1ae14ac9ec70e5db28b4a261fb33617
53:55	87561	49147de69e65f7b9dc1354c9aca2745ffd78f34dde2148d6957cc00b3526afca
53:56	77739	cf5f86f50aed88275648ade80f4d614dd5a1fd80a4ee76790b3e1c3bc1c7ebd4
53:57	39914	d8d5344cec5451e92e5fae9d7c4c0a37e57f1bc01ad37143df8f2707786f1cc8
53:58	76485	0f49ab6a55a093b8f3adae0a03b3c6af7687f465852222946514db41bcbbf9d0
53:59	68544	5d071526432a73cfd117d714f340c35ae67875e1023f1bf6235beb9abd7c06bd
53:60	71470	0281df12d46883e47d968d82dac2a2e15085c73b11d33e28164418d30e2fd605
53:61	50781	6e83d8b014df8817ca327efee990fd955564c88469329807c96e900ce3fcdea1
53:62	56214	bdacb63794231f19b23e1c4b98e739c403b9aca439a7531157318061d89bbc08
54:1	80665	cefd093118d362bc5b4b33ea4ae0de9f31b0e1c7d484360b05400f603c09f7ce
54:2	109922	083f5e70626ef13b210de60184b1eff5559fc7516e1bd473733588053f75549b
54:3	154643	d59870c0d92a3993dfdd3dcb7fbe2e4524c4fd9986027bd0407527d581f51b04
54:4	109504	7d999ca6de394114a4c38a8533fe401b52fa05e68a7005d25d4eaf1988d6bf42
54:5	85262	944a225c08d74e20f50dc14b6875e2e45aa26d1de0d8b88c418a73d1e7195e72
54:6	123923	5dbebb6dffb04d1e33eb47fd4deb8bed56e7014065baab9034e2b3b2fa965b3b
54:7	131447	037c77814a33ced5e54e897a6d55c72dc01b388e35bb3aeaf7a575bcec8d5eb5
54:8	129357	8d143747ae8871fb897565b0c98610ee757f3f3fcf9505179b74ebdc5381ec0b
54:9	138552	46284ac264d7ba20103d62f887ba877d056d82b48585340e46de2737ceec325e
54:10	117654	652d6920a4ca1287ad8d1cd93ce87df492becc0f5e7877bc6145bc49f33fb936
54:11	109922	b34f6ffd535dfc6cc460c084193f0f9ec980c0769a3ec394c3e6771447e50745
54:12	135835	3bfcacd0810a4b2c019096450cc21b9f468a867d29a15884ea81d33bc5aae439
54:13	81292	fa1cb47797f95c2cad6d8cd318a2c123677278fa4e1dad6feae468fde2a1810e
54:14	100518	bf5e5dfe6f569bf6504a40a17e763c0186cab72ac8a829dd48f079f4dd3f249e
54:15	119326	1eb1066387bd5373e8824d934bb18fe961fbdf2cfe4bb7b5260985afa1eb8a1a
54:16	57050	94d42422c03289e2b8ac87f67955b764dd879d5f657affc0ffb5d1ed25b70caf
54:17	107623	272d21b7ec8fc4f7baa1d8f419cea9c097479014ae58c4391c55a4c59ab1440e
54:18	92994	ccb424f21008b246c7fc5099b5d77721f58236923ef8629ef35911576ef4973e
54:19	154434	1eff85445681ce6e86de42fa40a4acca2b08ec7b8e23c22073dbaaf4071b7612
54:20	108877	6974e97827e4fc731de7310a0fc0d5441408df7cecba8ae490795ccd9a76649b
54:21	63528	4130da755fe24c64b08d7285eb18cc4350825312493f641c1c13c49b24cb8e5e
54:22	105951	2c4043913fabcb71fc547e996c915bd91b8e466b2e25b32ffb5009c794fa9046
54:23	60185	5128d3ce9888f0de5ac69ccf30983d72df6ad4c01061e0429da662fcd2bb3012
54:24	170317	22a69f5b281dc0a877d027a767cb224af071f40a8f1818d3a3a978c8847829c7
54:25	104279	3ef46270f581f373230d6457164d62a27d4576b53f28e3304c467f16a29e3b3e
54:26	76903	c2b6c4ca5a528ef8c101165eb1f82ffeb1647655a34f3234766d4865c3b5d11f
54:27	121207	9584219f3fc9412473bb3c83fec22ba26efe4cde192b4b9f3fc1de6d20eaf530
54:28	151091	ef2cc538d16ec330096e2d1cc8d0be465594bc6f5dcbae00f3bbb9a5129c400b
54:29	70425	abcd6dd806cf15134f28fa6ba8bb5ba55a65964996850ba30cac2c42e224bae2
54:30	55378	cb385bfbeb918d6e577c6c91c397c9834fdff0fb92f66d12d9b2e7db3fb06314
54:31	160704	e8cf0e72e7ecf0fec2c51ec8a7c4853476bfa9562bb94019cb8596d9c66edb0e
54:32	104279	8e9176069c8672145b62857435a2e2b4c91c7fb33b83df64c5fecb93339a0066
54:33	73141	0a471b5878980ea7b01691e06e01de5079a7680025dc964c9dbc8ceec229c6ea
54:34	165928	a906f5e83fcfc929b2a48dbefe0f57fc4ee07973d1ac423e6c0d917b89c1a155
54:35	118699	4c999020f5734bc72ca18e770d4580fa4722dc3aa7419630500496f9e101ec25
54:36	105742	34f9a157e0b5ede983fbf6ac81d4a341509fa9497bf62bdce2189557e408cba5
54:37	145448	e469702194801a981c3fa404a3d1d2c9f88fe862cdd1157dc83db2782434e55b
54:38	98219	9a4b1d06187f18d4d4c9d4aec2723c6ede0ca3f47bd3738260a0012190a9a64d
54:39	50990	386a05f4436635a6f3ffeb16becbf5dc353fa1dfee0e2271c675e4a8b9a22d66
54:40	92994	3195ed496e60ce9377b6056e6cfe182b7e2cb0411a956f6dba2169b3959469ef
54:41	79829	b7126302b247e051d5cf2c638321b62f95623a138f81acb3f4ab05dd77749081
54:42	130611	aef2d35852014aada2725c1276825f9ea29a6974231f8b64c77381e6b4d04b52
54:43	143776	39d2f6cd29e32232d353932dbcce2ee67fbde36294eec20861e71367c8a0b2c6
54:44	83799	9d8f8d748df2894b7b846ed5ef08a9fd02c1c879286e8add0e58077f53251afc
54:45	66663	a8ebb0642aa0d445a9e473424bd6889ac3d3a794b457d848224b7f8fe1b99c58
54:46	102816	9aa1f7e1cbc3b74ea9e940f0ae81079284d40e9ce92a3eb0014e559e5d182281
54:47	85680	4360cea7fa028e94053f0d4db2528d65772348f4fed5ef2f6747823a2b8443af
54:48	120789	9f023086bb644351f647c6c7a1534bf0a05615077c2a862e649df2d4866695b1
54:49	88815	28c3691e7e8cb697dba5a53d445bc5becf2fd6de8ab921fac206904fa9da5c54
54:50	129984	bcea7ec487c21e0f5eef20e6b51cada916992c0a3d2acb3ab451ee7d40bfc1f3
54:51	109504	1c3b6a3bae82646de60bc72c56529393e72bfa4ac5748f84a6dc933a4c1d3d26
54:52	69171	7411b3816a6ad0f2ee38ed91fcc80cb75e48360969f877ec55c6f4e52a8fc9d9
54:53	82545	53348e9e5720e0f50579946500204ebd1a63a4b45a6c8a8da5f1ee5e3e92e61c
54:54	89651	6351d30a928f811714f56c96cab6802e7335e6dd5fe322450e564c147526cfaf
54:55	97801	2ca5f7fe68ae4ddef96b35f243638ce6c53022efbb9120dfd24ec53d460d510b
55:1	34271	c9dd02c19481adea11d9852e050fa1a5ff17a81d96ba788216ec2fdacd93d83b
55:2	37406	75b9598b2a166e545572a4efff9617569dedac17d240f87e2f04fd7b3babe0b1
55:3	50154	664aa6fb717a083e08cd6c365f3e6bef201c820ace7eec9cae27bfd183468e5c
55:4	40123	07648cb202bdce84a0d45a6acf8538870359514dc148aff64bae57b92ef7f11a
55:5	63528	8c1d9b1871c2e531a501a837540f265ba2a35ba796df2252d089486a0e18ac19
55:6	75231	0c3a2ef441da11d43840ecc8771af091fda5f10c4d04bdad8529fee018c5c5b3
55:7	82128	078ebc497fbde1f61aa87f3eeeb90fdc3f75853955fc06cc38805699881e0e01
55:8	78157	c388db4758724d9aa35bba469dd564f91bb06414d3dfdf1238a06f1449b83f8e
55:9	90905	efe715fefea729c1a9e87581078c6b8db1ddd3106583c340ee9de7c0173cd86a
55:10	61021	5eb44771420d3ca36bfad71e7a441e51154280d148dc888e69485c2e2f970b97
55:11	106787	1e3c4896d9cf65f527dd6a6aa6389d1ab01fa5dc57200ed29dcf6d6be2dfd579
55:12	68335	d71e73bf060f9684e70ea964d4d2d0e2f934b87e152a3b51cc301d701c3105a3
55:13	117654	b2118635315111769c487be398d6a9b89c2349af761aabc5b451109f163a74b2
55:14	103652	4655447da0322df9d1e3276fdbdcd8e7eed0b461e75a378b33293a4bf334bdfa
55:15	123505	5051167277aa47831cd4f955e79994e6474d613b4df89d08766b79fab4de53d3
55:16	109504	a6d92959825931c56f340b6abb6e96c8f4d7dd264a48952c57a57a64763908e8
55:17	91532	2d204b82f717769cd1270b49b34326d7ae66cf679099b91aa8f1342b5cafd180
55:18	99891	8b072f84ec45d585c7280d8bfdf2f5ace46fcaac3a40b80424c95be1f4063408
55:19	69380	7721fa2425a18b31391903e512845c778d531900912df6897efe05af9e21384d
55:20	92576	cfa564c8b2e0f0c852afa741ec64ae2931565762b7be2bb1399c744e21460654
55:21	98219	c3e18f362296736255a205cc048cf435f3e36d63c6b26b29b1613402a6750ebb
55:22	83799	3f21040d274cf2ed7957e269ca4ae09a9a31802220b455dc5c05b6e1deb7410e
55:23	110340	4f9965df34187bb0481e74e81f8ace8a0b92fe5ee53265c8e8314a2fb12c61ae
55:24	118072	a2d9116a60189b96ec82773fd0e6cc4b126e4326de8ab56c09cb160b7d848ada
55:25	107832	34f984be0e812f7d9b9dcc7f0d3b5c4b7f3a209f081acc15a89c7300c7827f29
55:26	66245	e71c1118491d4c7babbe2cbdd73447ceca0956e805b8a1edacd2aa309da3d046
55:27	108877	3051ad76ed35bd3a7dbcbc32330200231336015394c8759c9ecd362cbfdbf635
55:28	111385	b2cdf8c5290ac136f465189c6fbe66623d5f734360b90637574b45209d8cf8af
55:29	141269	95642cb98929871f8713a26a8ada3bf729a519ae5e6405fa8ad087c8bdb1f645
55:30	111594	1578bcf63650c82c45b56c5e0c7d891e5cdd7dcb52d916bbccb4ae2403e05370
55:31	73768	8786f98a96cff9c31336cdf6a5487c5f8d34cd3c6ad4b597575163fb2a81654e
55:32	100936	e934ad16047747a10379f9f6badef839d402c44a8537eaf5f83da1ddbfb244b1
55:33	277314	28b6159fc87b81acfdafceff099a5e1827613cf194e6a41dff5a02cf35268b01
55:34	118281	280ada81e799abd236eb78fd2be1a3d8de33466e2809a4eb24a7b6a7866e35f7
55:35	148374	0784886867e3719a962d890abfd6288af399d08318d77b708fdf21ac4df8005c
55:36	105324	22e662c10d3dea6ec3ac0f7661f9611f64510ae944a2ffba7a5d90ddebe82405
55:37	128103	d0865709835922b3c64b20bff4a7af45995cadc091ec3ffe198945bb6116b593
55:38	117236	e1aef93116c8dbb282e60159037fc2513e9671fdb09c0520ab6cb894250b6619
55:39	149001	153c3c528eb9196a155829570644d354cb7f4c074c45d483b5ca18caf3398ade
55:40	108668	64847a3ba242e8ebd24ba8ff554cc455f26272ac6dee2561a64711fa55d1b5f0
55:41	131238	9dda135dc7249b3e1302af96712d400a8fa85408858f634f01be7fa7d1a37501
55:42	122252	abd589e7c39ea5ea590f4ed5a3b464608ec833d5616fd9f9e9432a6ee46ee5da
55:43	105742	689da46bb61cdab53b8950846b9d6fe4c1c386072883a88b24931408fd297316
55:44	96756	fccafa0732fe818df08df93938a633bd20acf3bc81cc4060a29109ad6fd8d49b
55:45	126013	d7a8d601142663981fbcfa37a1fa72a5f4e348106fe448e8d6459838e6b77ccc
55:46	98846	44ffc5695268deee524a1cb29a9559911795be42bfd80e71eff34cc3fd109eea
55:47	134372	17d5eecda1676b4f718c6bfcf037a139dc7adcc9c3f7555fc5d7f860df5dd17d
55:48	68753	5041570056ca6f45778d8593726a0576fb35732db4abe872d1a4cc3804d61b0e
55:49	122879	8b702058e3cd659557b7543f0ca1b2c88bf346ba22121a233c3e659bf6b72df0
55:50	71470	17083c6866ac4345932968164765687c7caf3258f18ae77f1fc3bc7cf389509e
55:51	110549	565d1b624f5acdb0c70c035d68d4f5eb90287dbde37682c2e46d2024dea7143a
55:52	101354	55bb7f971dd637ec0ace718ab15fdaaeb646c835537e1922128720d11e9bd707
55:53	117236	11cd75210d27347d9dca6c5369f62e16eca9729b57feba46ccb1832960d67a02
55:54	197275	2e3ecc26abdc02a0cb032a6907fcb437cead17179a1291b396f0b4ad80b050c0
55:55	126431	1118d7a4a20684e2f9a76cec3546711443b38299973269ae1d7744989fc46b0b
55:56	169690	4470c282e0b44525f2dda2358acb3e2937f80075aadac068864003a24c4c1f58
55:57	118699	c1e8658c4d0e308e406c6871db480a52c080892e481c1c1da8dc46f8f3ee4238
55:58	94875	00bef43009e72abf4862cffee3400db75abf6d4a4ee24beb6a1c204837e12d76
55:59	110758	86c2a699a54aeb6ff99f07b895dcba9e84f7278fa3625be02953f0dd6adb0a5a
55:60	116818	3212136a7d29ecb11be862fcabf9fb46f9e44d7b48e70ff6658227f9c70c0c77
55:61	124759	476b29f95230985e37a3fab4668de2c95e20fb0357310963e8f539be4cf9bc32
55:62	79411	dabd26c9c24da17e07c68e58a7d2383fbaec268e2df7cbd4fd53d3349936c959
55:63	115982	746b006a2b8f04061bf83fbd0482988ecf01d9d9d99bbc924ee27e1429b343d1
55:64	77321	48abc338bdfe975e502eeaf638ef6621913e2b55b70424f1d77aa8a9c20130e5
55:65	112221	2eb7c1536a42cf13a28205e9e3bbcf6aa14b149f15a8cd3fee232e2c1f45cedb
55:66	83799	f137278478cc3af54104da0df57e2a23777204d9a022ef580f83011706b44dd6
55:67	120789	9f32ce5114b483e21e3bf7ee7bb84c031f6afc566746156fe05133d39d2735b0
55:68	97383	59130aedb71e35bd036ebc0acfd8e52956376fc248b9a496328721fc900c2de3
55:69	117654	5eed5846c43907375b7df7bbed02600c36cdca5753474c6ada3dc37a454484fc
55:70	74813	3896cf992185751879c5b27c7e505846f0a074016281d13ea1ddebd792a59adc
55:71	114310	efe49c2f4bc65864b818e709b34be6016b147f2a43e208be02a362eed3645123
55:72	86307	16e21b3108e5d29674b41ee1beab1e5448749d3c8749a90d8c4514700b316eef
55:73	112221	103013b9826fe570f552c0c71f46bf1d11708ed3ba9993ea695ad21b0a4b8f9d
55:74	118699	4e1039435a034a859a3918bffb49b7c01ad67079c14e370e8e7d1696cd704cca
55:75	123088	64cff87485e5f825aedacc9c1ccbc64ac65020bf356da19168fcea14d783480d
55:76	121416	e3f278fea04f71582f7f16245c9ed40ab0b9be4e339ef1ec2df50b8ebd5984c7
55:77	116191	cf277128ba7ce64aa835bf4e1104f9156c2983731c45686a7b07b5ccece5f4f1
55:78	100309	dd910f7b8afbf73be29b52e350559f257deb07c43c9aed0fe395eefa64376baf
56:1	53288	0c6c475e5d6c2486a147f26d11c9e924a2529be5f59248b5ff43af28ea50472a
56:2	62065	3b922348100432c78e0ed7c0bc230380f63ddae46b30f0ff2d83dfd6298d0f6f
56:3	51408	dfbafe63b13cbc1cbf8691102db8d7d5ed28393149670dc92da40b02a3ff0aa0
56:4	60603	37f8a1b32436f66dd4a54c88ba852164d06cb3db5c251a29ee2bdcb20ad10dac
56:5	58513	1264b3513f4ef977e6e55612b9a63f187012dee7567927e85c162c9f19d3a211
56:6	82754	b21cdd363f2e2785094c45cd2506126a3cf248695eaf9217c63da1fe3d52670f
56:7	84217	ab1b4f8374ce31bbd5312858c82546a4d7a57b1cfd82d0f1e5933f01acfe8d85
56:8	99473	0d49996c845fa59d5d437ca65968cfa2392e338c47d3830f67713d6243da996c
56:9	107414	f713583cc0b5c4e143038f2382de6b2ce9461ffaa4a5dbb7223900555a193acd
56:10	63110	088088551faa3f5898e799706c9bd94d70d6b322b84ebf9e5c676852d56ae2e9
56:11	65618	092131ea04adb3e2d880079cad014c0f107aa0884edb60cf436fdfa159c44c8c
56:12	62692	87ddb3764a379c2b9c041b628d1809909095a5d09af3e43fee58cc99aed576e8
56:13	59140	44fe7d2b4e11d27080ac8fe5afd9398405001b06528318db355d6e0c4b790901
56:14	70216	7ca54681248a3bc1a230659a54c3fde1447d3f39a62ce4b26fe41ccf97bb4d5d
56:15	57677	b45c9c868f6ad68cd9eb03ceea8970312eb942bfd6ed97dea3a04f9d013f4891
56:16	89442	ad5a70a1778af67e55191b2b8184135cbbd1ecf38139b7d2f244961aebca0820
56:17	83381	516b1489611a76bfaad3485a9613172df0d1f80492bb97e1c428e2ea1c63da4c
56:18	114519	d03eee197b0e92728190c2dc05ce8a2f98a44038aaa3742e71f748e81e5e73e3
56:19	96338	c7570cc4be8d8b4990cf22ee7062ef255f3ffdf2f8c3467dc555c32987b3e6ff
56:20	89860	85b0a5902c2b90d0747babec956a19232e56bf6e52669f8eefb500c9ff7e248c
56:21	80247	fbd27e9cfb5cb2657c8e788b3c4fb092a12dfa5a68f029547551831a3f6d81dd
56:22	53079	e583bb264ff184dbe3814c64539022626f26efbf860ecedc1a4f5d9ad6821815
56:23	70007	730570f67920db3c8fb6dcb0a91fa9ea6160b2a31a26e09af42803843016233b
56:24	97174	203d045f75f557f3bf5c8af968a701568b66c601d1975637dae5bfb4042986d4
56:25	97801	d913eb71a48bde60e158422612138c632fa926b2cd36e0f89f92c5abf82f35ef
56:26	88397	fa73c55d0940ec72b91dfbb8bf881d3871002ba7d2fb220aa9f9cde82cb8912b
56:27	98428	1640c91c262edee0dfbf48716e4a510138b966c5c0f680f7823aecc6778dc8da
56:28	59558	87f60473654cf5e51f42900cf13c4f41e00d7b157aa503ec54afa59d0d739fee
56:29	62483	5e3fc8ed4b65ffe8d3e439c7f333cb4ca207dee737917443d01e51683d258383
56:30	52661	6c6b8f21baa7885b1b5545a5c57699e794ea092028568af6add98fcf67b287a8
56:31	72305	a5e974349bcce16688640f1f5f990feead90335d37ad6eae901c65e157947cdc
56:32	51825	376b32838cfcd18a70a1ea238e1609831d9ed803b04ea3afc49734c16344ce58
56:33	73559	8164a7f930739232479759916ea7fdebb0e38da6c8f685ece69accbb369417dc
56:34	56005	da9853d2033875d922bc7859fb9d17fc0444228f69fd0496f944b85f64266322
56:35	102816	8e4d00777de8acae342224ba3bab7011352cc1163f4057a388d7dae398cf1e2d
56:36	67081	634d8b92ff1ae134671996927b3cb47ef85af7e60f037a977c81bbc892cb8363
56:37	49109	f56e5e915e9b0cc0bde01bf735eb488975ec04c24c98508d39bacabfef30898a
56:38	57468	3bcde62868f79ac09ea0ccbc0a931956aba0ddef35a7e372278e566035e5881a
56:39	65827	92941e1c445550d6607fd9263336e84c8d9e214acb94dff23ebc990526cfc7e7
56:40	70843	274f70b2c4c65e6ee70225b35479ea6363fb480f5bb5dc1bc81e0d4e3571f5aa
56:41	102608	e9010c1926ca82b339a18a7eaa61b2852c9aa56a317bf63ffdca842e9ea70c8e
56:42	60185	324da9126b63c28fdaf383f2d1aaefd9bc863469a44edf58e0ac8a161eeb4578
56:43	61021	3c87de45e4b889724ef8fc6f52dd28fe9ad11ec21bbf2ac969538edc8e4c7dc0
56:44	67290	a39f89b9828553a9d9c7f9dd08159ddd21764a89942d2223e8c14e3b557455d8
56:45	83590	649eb37b0aa1bc40c0259566de7b68cc43b78777354e83b075e794f86ef027c2
56:46	96547	09fd2e0af1f7e05d47a09ac800cbd09dc79ade042dd97f4868918ec13b24158a
56:47	171571	9d940cc3a3c89e4722791626e8c2f02e005cd74144b0373be2b8c481b853210f
56:48	81083	e5aebf557d80845d79daacdf651f27eab68388d8391cc5c4bdf665458c117a9f
56:49	82336	385272e6f9a78ca4d7ff740220a9749b90ebbad43ff442b65e4d40832143fd04
56:50	110758	ac40ae2616468c4285d1ac7d78537836313dcab2f80f7f6606dd69bec20b2399
56:51	128103	6eb6c0a4b3728d5c1bf856d6e6b60c8bea238ff8b2d4daf561ecfb8f7143b4b7
56:52	92159	ec7bcfa05d36fdb56da90ab48a79a4a0da72b587bb60642ed5d4e2bf61d48eb7
56:53	57050	e1d51beeeb49fbe5a7c7e7b82680103060840708bc099b62e726ace9340afe8e
56:54	65827	46504e0f600f67f0865878faeaac4526f8d9b320db191b5fcc8cdd285756f2a3
56:55	58304	20dcec833505cf7338a7c86c5f5ff0b1dc2b229b2a6d95e5c118af260b4cdf5a
56:56	65827	f226f5d85e044091d97d4b534e54838b525b45445533f99ed6de22f7d8bf50d4
56:57	88606	5e9f98d8d6515278276b09cbd2748cc3ec9b44d6605fbb7ade0a18292b8a6177
56:58	63737	682bd9d215b940924a88d9a79ea969cebcb17e5337f10f58dd94672f7b5dc80a
56:59	101145	6f8842cc7b28a307066393ef5d3355db7c61301d806690f008e4ef2742278b57
56:60	113892	fa52870f847e9086ae2beb61f0fc1cdbeb3e39d938e5fd8c24b099b288d021c2
56:61	137507	2b204090b2666da7e55fe37148831dbc7462a33e0487fb5f5caa5bc42e747920
56:62	121834	a6a2ed39632b91c453652fed1bd4e5bcefa55411c2e091ca02a377da6e661b65
56:63	67917	0075bb42431db6990967d9810a0fea4685028391b417f7232a4724bf9b0732de
56:64	108668	3cfd9807bf5863983ad6b14062b173e84a150fc69f5a3dfa957d2ab8aa714a9c
56:65	129984	893d0e01fb91843bc3e19e7e9348c348c182944dac59f0b394823fa1cb488a7a
56:66	52661	6f1fcba6f1940e90ae32ee27846abb236b0a556748062eea2c8911dc6bab64f4
56:67	66454	187d548c334994989ee2111a7ad9e4af9414756797aa441dc6b7b9634cad386d
56:68	82545	7169e3c9ac3376f3e5c264806c347807445bc1f8150afbdb1d711b1027fd5b3b
56:69	115355	7836e624b1f9e7ff2a38973e20767523f9969dff43a130a1da38c229430ee2b8
56:70	109922	ef100876c08d72c999cbf5daee448b56e4270927ae5d6687c6de5cd07a850261
56:71	81919	a35d0e7946217bcae93b63b79cba3b5bc69543f7c25916835e3cbd71a6e61c11
56:72	126640	ea106eac9260bb3b18745a5ce140e4e75bf2daefd725c2c8f300dabbabcbd035
56:73	110131	6321765bf8b1d79fee69499c5e2ef19bb9cafb0bdd4c285be614b1318c35e46b
56:74	79620	445901deee2fad75bf9011b7ee543055d6982759838021261fed6bba98adb45c
56:75	79620	6c9da2a65cd24535c767f4d39024bd3095770aecac43bea4697928e34c02767c
56:76	85471	4b97c869844e5b5faf47944e2072fd0e4b2ccca7bd107af15e577524bb5a09eb
56:77	71470	a27191f5617acbd1273f40a6e433ad81bdd882992b7a3e4d3641906040124fbe
56:78	56005	e43c208d6cfa6e37b8335d678a4347ea2f1991c48eec5690271b75ca87a9e42b
56:79	90069	4de7eb6dd5f1e1274741be5fad9ab470e216a2d04cb6ff8b9f1014edef5d4a21
56:80	81919	f4e41463340479fcee090c4b18724a2e8b4d959933e6298822c139d65ab77678
56:81	87352	4ff1f50fe8cc9d0f95feda3e0b89de719b27c0f9339e4246137e92fac5f61689
56:82	90278	d0f1fc3688544fcb5fd579a0c3b571409f2d1c148f0a60a48c68de6ea1e2370c
56:83	86516	8a93c4de30475d6bcc10be087efe4538e71a715803f747760aa5ee0276a1510b
56:84	79411	5df0c69d9750742dafd7259f32f637099e70a6bcb54cd9c5874cf175efc56c9a
56:85	105951	314320a4d636bf10aa4ec86eb67588decaa78e388cd621763834c50583517749
56:86	103443	0fa9ea72e1cabc5db8f4cdb6ae978ce3e1b85116573024767954e4d954cb5b51
56:87	108250	eebc8ab7e48bfcfb0872eb8634eedff25b6959c8071436aa3b69493435b45f33
56:88	93621	68d38e9b7764d2a513bb73b0c861fc0ccd1178f5b747f9f9c40395603071fb2a
56:89	102608	fdfb34b65a8e09f7be87de2d6290b7663ade1dabe2a9230b3a2f5c459d41af52
56:90	96547	8e46b1290fc8002e3752390262c9a2b29b1094292a77cc1af39d20a2c35c7ea4
56:91	76903	f69f18041a06baac95b76a4a043052836b3619494da8ddfdbea2c36e72b5e652
56:92	129775	79c8fb4fff52e99e4b759c86dec8f8a224c05c931fdc51b5a117f039dfbf2901
56:93	51199	7e06a97cd7fc4117ffe351631a58e17c2f8e71b74554279ded5827b8ed38e0e1
56:94	48064	0371ca6cab093e0d55f6d66a55c1b962b37e61c299e588be0f1769712f29b233
56:95	80665	2c433edebba4381c73dfa43340d2330815942cf8345e549cc2441e2d68dbe5e6
56:96	70425	0e9c3b7e1d85b498fe06cbbfb0e2d5631bf5e1292606563891c395a759f85cad
57:1	155061	e7557431ecaa9763cd96f86cc180ca09de2aba1b8828c9fb0f4c979cb2845b91
57:2	185990	e0d25f7fe9af4e6d2e7ef6f4d545b57b84463e84543159578983c9b098843248
57:3	159450	2430b574723ca868a69d40bed5fe776111e2065234063efdee830a86b2eb7675
57:4	481696	45c9da89ebc575ffa6b77567340b2243452a53073c5f9aa5f6900f12f6a3990a
57:5	133954	acb8c1a09766face22d4731f18d8a437fb20b196dd420c5473b2eb8a1436ce26
57:6	189334	55b2534f0e8945db23fb7ed84456114d583f0fc4f5a96fb17ea4284c35b6a8f1
57:7	277941	613c32da8492a805afc74a20bb5fe2d509185663cfc858c26ffa9c965d1df26c
57:8	230085	2457e2b8adc3c715dd10761639949beec32f7650ef6e258a2ebb718febacf2fb
57:9	262477	e8fd9ebde525302b2bc9c5e144ba30d1ea75bbd7c6219062552caacbca20a496
57:10	544808	7b927e9b040912c2315d2566bceab755c56af6365f50fc3557186df9e333a1ec
57:11	173243	f7f65bd4ecf72b39c4c1b2c4e587147ce26cd8647bb6bf6e140311ec31f95e65
57:12	396224	c5bc6aa697e17a3a2a38efe1589ddcded9144e707e35199487e68c738377a835
57:13	367803	e596dc2faa0333c27acdb91676305e57de5add5f2a2ed472f14f9615e4aa77e6
57:14	284211	c8525b73a7fd233616a1d91ff8feae7a28c18889bab9a320aa304ceb7386d175
57:15	199156	c7d6a39baaa517731d64596be06446a3dac5ebcf79ddb08117fc494d1d9a4ef3
57:16	333112	67ddd1794eb62e15859582cbe60c39bb04b1693a417c7dacd508ab245aa1acf3
57:17	189752	8f5025b3449ca9ee9d190afb751d0e47ddbbd7175feba4a17aa24009441f1087
57:18	174079	346a48b33ae072ef2a26b5b85c1068ab95bd70bd7891a1a1df845267a2745e37
57:19	374908	94500a59f1b325df7291fccd1402f0925fa9b4fbe8457e319b3e71ad84989469
57:20	607920	a7b7342e00ca43670d890e3adcd72ab0af32260e6125de6db4e9ea966332e3a8
57:21	363832	3e58ca08fee6057ed24d791e9f353cd0ee082f65bcdba08d1dcf23a61bd86308
57:22	264985	6953f4100362cd18a5bb8595423d1208faba728ccebcc68b118a420398c72e71
57:23	213576	9f9b077045bd43b7feed21a1c92ca0ac4c6222cd912d0e3c3faab39ed013cc1e
57:24	185990	a66a381f75775d0aa6c64580f7dc2f99d07d178e5dbb403dbe64cf8942fa4ae8
57:25	538330	a0c0fe83aa335f81d14f9d95000c8d0e6a265ab49b6daa43b10ae476e6fc1a74
57:26	261223	4408bf6cc0e30cfae8f9fa87fb7a5127f6c66a7c3504be3fd3048190d3dac94f
57:27	637386	278428213b00d105828d4c57736bb11a922564cfbe44690b09353c0b37a84b93
57:28	330604	a217ed865619cc8f15c1caad0b52e0702ee44ad86df1397d280273fcfb2c7d8f
57:29	291943	127e0be0a69532164657435525ffe0b2d23baa62689665efd56e69008bb934a6
58:1	276479	cd7ab487e1e257389b63dc937ba249e1718c124406997fa452553d25cb1e6d33
58:2	429661	4b3c95242aabf1b0d07efc4144a0d03c19b0f012a4b41dff432de2850db554aa
58:3	365295	76b9e9659438cacfaed5884b0696c4d6bae8538588ddaa910116acde8c6bb98d
58:4	452230	85a276c6c80ea3c9b5b731ddb2aeb6b982202ee030c7cc2fefa6220d4a2a40d2
58:5	364459	85344e597384a4d6c72e2cf9e8f1926f994dd9c82d7df9bd1939224fe9a87ff7
58:6	263731	7b396b3d18ecd344319aa92e859d99fd2ac39820859c97a3d4ddc3d821e31984
58:7	703215	5c337108c5914d57cf9b2d3e830fde05c221793d6e9d78e446d0d4352083a264
58:8	614399	1edefbefe285581438a22446942858814d6ce0ec636a85e4beedf0cf39c213d3
58:9	350248	2e615411957e61ee90ca707f29f3c9f9069dc319c0c9e6ed06a38b0a517434dd
58:10	309915	f058ea4c8d518a3621a8767f3c10c287d2bb8a35cbe1a87e2435bd3b5ced34b6
58:11	471665	bd86fac03c34b4a9829dce31637b7a357f67a27ff5723ed3174114c467f731a4
58:12	347114	0db2dff246993033e56b8d644990ba7d9df8ed8e3ab3ae280b7761135b70c332
58:13	382431	5aa2f9438d6d8ba2d0f1c1e3242308fe1fbf5161d2cd57caccde4f2d026c7320
58:14	231966	ccc8bceff8841ac8f2f28e2e176c8f0671967d24feda0e12831b7e35b8b953ec
58:15	161540	15a4d9b4c8c3093eda62b908baea0c50ae9e4a6b9a6dac29b3e2dc166e21cd86
58:16	182438	d5e4830a8ffe0ded34d08155f464a819ddf5801bd2ae841517723e875436fd2e
58:17	245759	fcb058e99c454f2022ea218e1bcae3033227f12f732346c72a7a2ca789d93a82
58:18	286928	d560b39a5b617beb737e9ccaa8894d06ad719f2e88789bdb774a383d9eb70a3b
58:19	275225	2e2061544c2d6cdf472691a5e0b051a2bd62a7d075d1d59720ce30aab3393fc4
58:20	172407	863b0ec223adcbd4092eda052e5571ec5c21e8dc93e087a80d0dbd9e944b53cc
58:21	155061	799f4f0c39d07328fe26ec28a4ddf3534f71947721fdcf116915f2bbc6a04ab2
58:22	868309	5b1a67a648696a2a7a52b625b0bcb0de06c9eacf9dddf5fea2f2fd5967b5a65e
59:1	147329	992de2e9a4c3990b06d1182884509033c1ae2013656306c8224c97ede8b9b8be
59:2	648462	ad3b685b0a53583b38da8bfd1ea523f22d536f6adcb17288b842947982c5bd14
59:3	226114	3a04c63847e9002985e8716d78eddb245f47a221acb5ec9a796478323b91991e
59:4	253491	c5289239328176a29c602c5af2d842d2834f6fc5a785d0c1e7c5db35f21e5054
59:5	220263	31b1227552b9d44f6504103ccc4446dd9948470ba5fdb137847d9c432a24bb6d
59:6	380550	869d06f8cd1b15e445070029cdb8f9253aae413d4ee6dfcae6dcbed52ce2826a
59:7	636759	75fae414691ab1a5524d8d048ab730ddaa0c4c587062e136167da7dfb9090b02
59:8	358816	b3e417d5659e8f8135098ed7ed4c6a4de9c3227e2788109bbb37ea517d0f4f2d
59:9	559646	a980df7463271f3b0bf8359682ede082143a4e35b16982324f37bf0121777222
59:10	426526	1c26d2b0980815f7fa45c9b9ff4d2207a60d8a5a34b75e2ec4374b1d9b546c57
59:11	364459	ff878ec36b0e4b550c0320b8569507b6ee4b1bcadd2957961c500f7d3c75ced5
59:12	230294	d11d575c203bfb906dd62bd9662badeb715e154084cb1055a472fc8e77e31517
59:13	200619	40edb8ff95c03a2e20c2ce62908cc19798360e414c8660c018c0bcb2eacc8eba
59:14	271045	40d61fe9b54b543eeb4612781b4d57865da6f467119f2764010b316d78b2f30d
59:15	123505	35e43de0cd9eb412cae3f89a00cfa118fce8c78783e73d6d4f8161716499574d
59:16	201873	4739b4164eb2e73e0852e59d226cda98bdbdb80b47761a01a98191acfe0ff04b
59:17	156315	543ec9446ffee3052f0362169ce10e386b84c44fab88bb2bc61d008c25e3ea3b
59:18	192260	76f66b1095374ae0e5825a295b5be4a1d6a57e2ddb3c5a6bf0bdc608c1e52fda
59:19	143985	4912d03174f41b7ae1452bc10f026c1b779e4a9b8ccedae78bef65cdc4a546a8
59:20	145657	17d4cf2b9151c6d1fd8923d74ac5dd98c071dba4616290ccd2940c8dd37606b8
59:21	232802	e26cfa5ce339a44f87c47836ffbc9da73b336f0550d442276807b706b166fa13
59:22	138134	8bbb51814d71ba7fa7d4a8f2a0f0dbb6c9d04ecd629494b8fac2e9ff107d0609
59:23	197902	4f68b8d7358d9615a77998ec168715c8393991c07c2f4ae36160acf29603f8e5
59:24	190170	fb1cc55eaebbdc2fe2714c7f33c0efb0dc909825f7fde935451ce6d652336440
60:1	691303	588f064172194fe814f009566c5401c1fc1fa6f657762b156872435764c381d1
60:2	182856	55a960e4b8bcfad74f9038eeea6f5b6452fd560a8562dc71834f291ad53f6bf7
60:3	176586	caf1718d3a818f80a3abad65430c799123416400e3676b053d0272e0d0757b54
60:4	688586	9c3ef99c26e99506799c2e58c4a8eb597ac809d79a75e35ee9577765d7bef691
60:5	145657	2a059ef61219835b39aa5e628193b31d2b9483a1809f9c529e2211ecf58e2068
60:6	182438	cb36618d11df5ca78a035f6ce879c64a7ba91623bf56dfbb749a369672b3d5bc
60:7	192887	388dfeb775ddd66f38e01f88101c772b580f46b21d7a526b633a18fd2a01f981
60:8	228622	583dda868094c29d6daddd9592ff9d2ecd879b2459273322d59497c58aa91971
60:9	280031	01945963287078ea3202d542b7c2175321c5f9c29579bf9ab7ee8b42235104d3
60:10	861621	0d7d2ce32b0ac7cfdced4a52429bebd55495e9627a4169bd6ca9988739f3862c
60:11	284838	b777d547f66fff4b317278801242a257752ec507553a81364d46291c325cd959
60:12	649716	0717bafd1b55c8c10fd88a74470ec2701f94e75febc5b0c0047fa44f80245e21
60:13	208560	f2b047a508dd54ed818cbf6daee16809835e79f70419c233bab063bcccae30fb
61:1	127685	4e415ff1bb1bc1cb095ec81b8e29903ed4fadbf5ebb18685a8ea1819a2b6beff
61:2	119953	a2b0110e568c653da3adb8618b072a82b4c24c64d4f0a599a26be3538002e7ea
61:3	100100	4a071fb2f0601a721126a16677fee0ee6cfe65bc134b87c64996c58627ea8341
61:4	170108	36de5df41ba8edd12a89ae0480ad4e37ea3e8a8c330f822d6b3fda6e169aed1c
61:5	316812	ed546ef03525b3ac2cab94dd90a7a17a1f2f81d677be41e741667779be86269a
61:6	513043	7d7990c3dc2bbaa50154e7e8ccc84fe00f39ef5b7788d3455239a3ab21ffd5c6
61:7	185154	1239d5725fe6bc414a7041a7b15d741ca4fc0c49107c73632ac67d57dbd659aa
61:8	157151	aa32d927cc7d616a48c28cadac78a3aa3ca2c541e85afaf61c0244b67f590363
61:9	175959	c878622c32ac65dc06a2c3724e23e216cb255b893a9de5286e9387e0a7dd620b
61:10	159241	4b5a2b7eedfe4d61d0cd61dbbf64662d7a33a973f561b0cce616738bed9d305e
61:11	257043	430080602ea02a18fa0e3cf956b8b09adc4900c70758324e8b81a35dbfe04829
61:12	244714	d96d9f4feca3666660c2827d515c35a807c4f3b39feedc534b297e3080e9a86b
61:13	185990	304df410800b4052d87ee1ac2133d7ee90ef0eff1eccbe9cdae2931a05047f98
61:14	576991	f511628cf0cedc33363193097b18a32c574e9979f372804e441f500d2dfb7304
62:1	159659	5e428ae42e60aaebeb02e89ba679d8fe7e72fe59c155774a2fd9e4f4cfaff34d
62:2	357563	003e6309c57fbb07223474bece3fa5738153c88493a9e318b76606de90df04ac
62:3	121625	8201aa2889cf02a7daafcbca54af3adc034fca2a0e4c05e6d3a4b0efdbe25564
62:4	152345	2fb7cf967c31f650e948a18a3ecf6626dfc010f4219db76396db811d18968b97
62:5	326425	bb71e57fa5b175fbe09e665dafd7276453ce6d4d0b65357e2b5a50d7bf835af1
62:6	260805	9de371f362d7f9ac364a8c13e63a490363b0cc83972d3108fb8ccbc6ffbf2f85
62:7	173661	0d355d002ffad71787aec0f19ce7edc73efe4a8a66466e05355a467fb62e9ab4
62:8	257043	f099e5c3c9f1e3e39c65eb055fb5c5c45e57082f1c455ad08a3fb6d9bffabd49
62:9	289853	821f588a78411f4c1bb20258d280635be94f58e2f5698d3b57c0499194eabdd5
62:10	183274	b63675d4b80a176b6fb3a91f098324b555eed747888fdb634d34d0d8a09fa770
62:11	293197	f85fbae1c60a69490849cd2070e564c14283e874619f132844f573fd44b21be7
63:1	287345	c8e4f28cfd11b34c1ef276c41d9938b74baa957195a2c9e8f0a7f7692a87f815
63:2	214621	f36acfa6b0e2b61a5416a675b191dec0ab702d308f7ff0b96d7e4c81a7228748
63:3	154016	4d68f249ede6310e01214e996985bdfb9c9daeed7cad3ede4a6c116217e4e9a0
63:4	412942	3d8a19695160e7a92f37d4c4fb419d0e9b2a599fd33095f28009f10a41e41401
63:5	196439	c286137ee87fcd09bb777e0f63ce96ced49e9d6ee2b370b308a10611c5277792
63:6	241161	b086d91659c6fcedcd1831a3e3907903d36626f0b9d747b55555020bcb4d51a4
63:7	322036	672a9719769fd0dec95ef39673bdce1e591f294d818270512a7951bc7a3de610
63:8	294451	c19fe36a433b5fcc001708671044eb0196579baa95f1cb638b52426ad622eb73
63:9	284629	a7aed4db01a1f54a9f7119a11bd37528044f901a5a51649f5a3b68d21b4f57bd
63:10	463515	2303efabab67ea893eae31dc099bdaa63d045f7bbdd07e609b55fd3e390aaba1
63:11	170526	1fce942665417ef1eeaa7a32be1ae1ccb3e3fc0fd11d8fd5dd090ed1fea53721
64:1	206052	4a42ae97b8ef4d82fb4b73e301c58ffd5a50008e31542f68cff9655224021995
64:2	189125	4bb772ecb96d5f14207d26fdfd17a6e660b31bc5aa3888d306ae5cdab9812b16
64:3	158614	ebc87701f462b9cfd1cecbff947f306a2ded3f921a2c2ae30de4c79e6f53184b
64:4	212949	a062f5b3f9b723d03b8f5dd60511c934d1774c79dc9caf031ee2f37b3bb6f311
64:5	163630	cf87a71be97651b990ca1d6c6daeba0bdcb2f7ca3ada9b13b1fc57184c3a18df
64:6	317648	7760e2ea459e9cc84140f35f3e39dd3a9495f5baf5217319e942446b2cc71767
64:7	257670	74dfa81bb8da382a41eee55a09d0be64e38e079a8616452c292ea06db868d8e9
64:8	198111	f34ada7247fcf544bb46765c779b7dac6e534f1bae6a9710c80208556215430f
64:9	565497	c5f3a2f591bfbf8b9f4be7b2f8375572790bfa617d00b9ac7d70922c1eb5b90c
64:10	203754	9265dd8913030474d4fb6418b8c2aa544cd335273711d132b89b898f4aa25c0e
64:11	236145	60261a2ef093701a9ba8988587a0a0198e50670c46834df76cbc64eba3661d52
64:12	182647	da0abd253049fc47eef9370b710d5ea2c6baabc5fb215b99419015826afaf7c4
64:13	156733	ca91c15151e6580f396bf776ae44b6b40f83beaeb5073f980911605c3f2e3751
64:14	282748	69befb12cb65aaf8607ca928ed09f7b1bdf1a057e37b4593b50eb599a8c109f6
64:15	165719	b91422a02a129cd487badcb7748ddeb9681de6df1474836719f0f0a5110f815c
64:16	228831	e0645d988c28ebf2ddb671dacd4d8156102dbf3ae31384f9ef70484669da29e9
64:17	167182	4afd20691b3bcb03124af3e2dd6792b08a0ac683ef69a6b3949c89e087725989
64:18	88188	ad3d34f3a1d375b1327ae4ec63ce7e27cfd77842c6df5743f7bdf471f538c4c1
65:1	517223	65ba4bba7885cae47496116c23d02e3a2a305bd60bbaba996e4a97419f1f321e
65:2	406673	a4dec3bc4b75a38adbd072d994bf3cb25df673db98641e105aeb88ec0c1035af
65:3	257670	cffbb17271ca19148b27a6b725c1d7a7c1a0ec1d817dbe2cd07c0c9a0270edd3
65:4	425481	8cd2297562bae4a59263697ad90693b6805f45a27a72a25543560785046874e1
65:5	211904	b29212d37aec8444f4c87a35e7843f13770a9d9ee2cece695cd8a3fca1ff5f70
65:6	583679	061c9cc32084cdd04080e4f045f7c24edea604ead92e6f69e3aac95f7a586a15
65:7	377416	2094e41aa69a3a23faf97d403bcefdfc2a8aca9140f3071c199b36ee10757939
65:8	227368	de2c695bbca23a74c873f31f48492b6ea5244507636024c5e9da9cd97ed48708
65:9	108041	823813945340a01f4d33a2f84e8d093297ad0501d74afe55d3d1caeb9f6ff510
65:10	249311	1967d79a9cf2ae4674348adb98bb679514c34453295664ee83eb5a84fe8157ac
65:11	505938	0907807f402af28e72b9d67cb8a15dde996d2122640e19c4fafbbc05fcfa8872
65:12	404583	fb4aed2db901ec2d6a2aa56ec2294e5f1f6263f9c0e9c47c031cca6b45c32689
66:1	222353	0ee4b76b0f60fbc49f0baddc3d383afe98ed54a895909203f2b4178fd2796cba
66:2	188289	4dffcbf9212104949f48448d26659a5330a3c2cf917af177c2b66d29980aea16
66:3	413360	851dd073e26f2145c7397a47bfd05d502c588bc4d72b6e043ef06c3a050452fb
66:4	348159	89fce5e664c6633ff09d2ca88b9b461404a46ccfeee63cb2dd2c6140b3443d3f
66:5	441990	8d52f2aadd64aa47782b90e3f1e6ae70b2205598d543cf76003448d55f125368
66:6	453902	f151a91353b7593c74f0e6687150d70b689ea7909b82318b1571d50d90326163
66:7	199992	480e3177070d39e38829d7d95d10f0458a113059f2ff002058b3fde9c3b6d5da
66:8	905089	f652337da61d18cf21cd5dd8245ffa73010e0d85936f25d271071846ea896a55
66:9	247012	02b8786e95f4493b714152fed8de6017698afaf39302bfe55f3d0b0c451da1c4
66:10	431332	87021e866e90fc6a46ea5c569fecc560a3ed0a0e271069952134a5c1f5bbf163
66:11	448887	6a750eb088e2f0b294065e54739cafd2eac74d991c12c863924f784b59773c9a
66:12	262895	0897004e2669859a18cd6b824e6eb5756e2721e954163ac25c929300db2628dc
67:1	121416	6ccacd2ff143c5ef231a4b37410c2e37559405423a3b9695d8c631113227adaf
67:2	178885	f3ef48bd454c890b9aa7e887bfa03a1d27a263d328064effe16e0e9b3f0240c0
67:3	259342	207f193626b2d038af726cf71f4e62735b84711c240595c074959655c1523fa6
67:4	145866	022eef8e86ace341557e111280137005154c3cb75d1788e3421a3c15e70e235b
67:5	246385	1d85983b289da518204fdece92119d07b29b93baa8a713a5a4c48fc403b86296
67:6	138970	4eed1e317613adfa4642b82bb7130c8e933402b8831af3f90861dfeebecb5a56
67:7	107832	4d19015bcf91d016542f4ed4e25992ff70653ea2d539462f607c103c60d10fc0
67:8	221099	397a9351b640ffcc75dce340f1e84d2f3e6d440efb53bf76c00347dc56a704a1
67:9	265403	f4c9baf527a20e349333fef625e9fbdd9a549c0d0df7a1f0677174e5e65d5bde
67:10	148792	c13c1e024ea15dad463df32c58b2ba1ff76c8d831c60533ab5edee3c01d10c8b
67:11	111385	9e5131e617350b4ae1b187a8346643c2cffa37875809d4b92a26ad12ff4cf25d
67:12	155688	c5ef3ff7cd6dda975a234691a9ae09a39c5bbc9227a9225a4f456d0d26b4c0c9
67:13	149419	93e5ff2e159c96e15dfdc2e11ab6f3e230ae6f6bf00c54cdb62d10166e5261e7
67:14	97592	8d86fe0533a8d849046f662494f269a40427c7b0649551b8e0028a23ea286110
67:15	208560	b550284b3e1f321049b3e3a0d6e63e3c11fc0120327a39ecb71206c65f1206b7
67:16	149001	8390b8c6a60c7d245504be9ee61c73bcc08738a52596134024815e6558ebeb76
67:17	197275	0a254438d35b25643b431fa0ae3150837ffd0f66d5e334550405e46471906184
67:18	120162	cec90613fb6c34728f7dc952f05c78f4bb9a21947074cc2d4186d1b480868140
67:19	285256	bc6bbf5e74ff2932c9a5e55cd046e4fc63daf86f0d6b1cbcd9c8b8f11870c1f3
67:20	225279	162c6d479ce7f688e2c74ff85e58c48fae834b49a13056f8350f761b1ed77014
67:21	180139	8b39fd29012eaaf93a1bcddd26c97138c8ae941af27e98e14c39e8df3b05b956
67:22	212322	ab34f32e9f3ff70f7372026e5e2add04a1c5b7dc1caec9330425a57a2a9efe4d
67:23	209814	9a90d76d755d6931b141ab13b252d3bf3cfd962245c949f7349ef2369e601f03
67:24	102608	fe8b227df5b279df96f28b6f5c474b043f534fe3e203dc6ea94237dfa8cd3645
67:25	127476	1dafc8cc7bc9c6d5c3a3038c1f631c261d428125a11b7413a7952e91eda532ad
67:26	140433	8f7cd25598f158e8a5696851e968d99b34d6b1431ef1a460b3bc6f1954877003
67:27	222771	db69728b6b0f49bac0600cffc1d2ab15275bdfc2e1e070383d867c8bc9773455
67:28	196021	83b06f1870fee372ae0fd3b14379dc271325a96d493273c3e122886d653040c0
67:29	197066	9b3d16053ddb29baf23ecc76c4bfda68b42736a79153de48adc7adb8f8bf49d2
67:30	185990	18ffcdb5779fccfc3236557223694a034e228003beba5a33b74597b25574862c
68:1	106160	3bc29c0d93253c02997939c17a71b0bb6f6f0c8deb512729f93b3f0ad96d8839
68:2	85471	1bfb39d4cf91dc4de17fa6654c373fd90a08741c604f60d8803a8313800c7ea3
68:3	79202	47eb2744dd67fb19c670d5155ddfcd9726e2b37f409eb4bf50cde36e17209aab
68:4	79829	79efb7e25a1746036dc850464d3fb215eb3adede49914aeacd36a351c8815937
68:5	57886	e997b89e583d93820e0b0b99289ce89422918cff090017456e7a5121bfb36b6a
68:6	58513	2618955cedfa33a283a6725e2a8bc82e7db86233944630527c20e6c6e0239046
68:7	169690	a02d3d906a96c8a07f10dd4dcc191ce74dece12d4fc24b351c342f5e2f982a02
68:8	56005	98f6d0e6ba6f713a5654b0ff56a1c8c9c66d8a3ce962d95ac9a1d16a1e6777cb
68:9	70007	85c51f5dc7e70867ce3996aa9bd80e409c7ffa02ec6156c4f74e3edf6a4e5d00
68:10	80456	9cf7b77bb70a9914fca779260a3f6afc8cbd8f7f4199ae8a04531875ce471ce5
68:11	89651	259bbacae1b323e99eb92b1b23efbab50ce66f8bbc8f7796a088dfe37befc9c7
68:12	82754	e0ab5ced3ab645f56851bb86790c143bcc5353ce04a29f5612e0cf81bf53f604
68:13	67290	81387b72d9fae7bf8acdff30b535f132a3673fc13f974095653fd745ce216d0c
68:14	70843	f1f7cd951aad400039d353193dacc076a0d21314babfca97dee898570331f344
68:15	130193	7205c5a1ff4a9e5a1eeacbf1cc8ffee45f4f9d1eadbabedaa821d159baf2eea3
68:16	56841	fcd8bc7dc8fa3bb9e3f00f20671f8b4965fcf3a70fc09d9ade29fd5ffa3b91e5
68:17	192678	65cdbc2d91497738cfa4215668d1339f4d60de0f6dd122584e8ffdbcb4c7a65f
68:18	49736	044ac4a0cb9e82d29e098c3711dd4ccd57586c8b9908c12c72a5c02c3520ca37
68:19	137089	6a3835d0bb34af3eed75ad8bf416f2962e2d6892fb11e44bb589d1856901e3e5
68:20	49109	3aece212655c00eed2af9020a3db280c134bec30b1517e9e1e852d9ba3f1c013
68:21	56214	0452a00657e5daf37ae2ea88b7a92640a3dbaad3208b62152d4352b89d173590
68:22	108459	0c4f7110628c51d4e049e38637f857828075dc52cbb9da4bf3a31a806c68fd69
68:23	70634	d0ef6ad15830f69983208216e46813a626a3982187abbb645ea50ae09069b699
68:24	94875	7b332524738113ef3b13dc00fd33bb04b048ed88876b5e2e9466c6ed952d608c
68:25	82545	08c52b21d764adb5d7e080992e4cd0263d824da859f81a7dbb517435aae5f047
68:26	117027	30bf0b99576aeb049a3361aa1898e6a262783206588fb805308df64f121d6842
68:27	62274	9d22b1c3c45d4ef9c176ceb02c8105095e5df4c17a3d03ca51aa679f6f6d2fcc
68:28	103443	08fab0763fe64238d6e57c2fa77fe3a8e44d25525f4d9bd0d4cab1575b589a2b
68:29	125804	9923780b2be1056f246605114ccd7cee26803277506ef48c75e0398d90531701
68:30	97174	cee56e7fa50d0fec3f8276a36220667bbca9d5e571cbad477dad3d853723201a
68:31	109086	d62627a1823ad39090626f6671c5d3344296a418f5c96deb18633c0f286a42c3
68:32	183901	bfd6888d91c40cbdcb599bc98bf8d10fa8c2971e13371a6ac74e05a2c6d2c18c
68:33	172198	3ec946fcdbebe75d1e0fd7fb5ddb951d6c3f61f58bcf077dae3498104c6e4ac7
68:34	116191	6ea7d21a30be02a5f94ec3f829a4bcd2eaa82ecf04816b55e3d8fc4f1a76db35
68:35	73768	269002bf63ad5a2066b0100a9309a6ef290b1e1ea59cc5d34a3594d8e5d481fc
68:36	55587	e656fe4c9fb1a07395aafb2e32aab88183e00d4c685c55c220c2edee5b253abe
68:37	74604	5943e0b830da08e8b06ee55d07fcc51dc4746c66641b2f055d423afeddf06870
68:38	77739	77f7dde4feb63d55142d69c4e13df38b58d56575063d6577b57ddab71e2750a6
68:39	158196	19812d380e39c155f8753f9e00bb11bbcce48044548c7bfe03dbf058adb820c0
68:40	73350	ecee837de7b98240ea1a29eeae49489fe7d023d513b0c17bf9b06ad00b161a69
68:41	144612	5b278e8f2f8d6e6610b102c79d958fbf7b77da4c5b8958471c7ba98b78637e97
68:42	134790	d104566a1d415830bf55543e0e7bb3492b94ea93c4cfb0d13651b697edbd4073
68:43	181602	0ec7ce3eb428a237061b2281df1afb82812cff6bdf14e32abeff11507582032d
68:44	162585	dddd110a607f1618e34230f0dbdc3b4b76b5c89d8b2481239c6acdfa0a3b595a
68:45	93203	0187e9c8b7f6dd47cc6dee1e470de34428e4ddc1ec2aa90e9a34392cba8dbd48
68:46	113892	428019731bee3f58ccc42dbc86328ea6913d49269dc0f8929c3cf36994fac14d
68:47	78157	0c43fe7e4a1ba572470aa9e313e160f2ee803aa095e8f0e863f05c6b57b24974
68:48	145657	6a5532748790cd7f88a9c310ca542058a350eca616bbfa73126ce1b4be6f2d48
68:49	165928	7647c3a216ae4c2f31afc174789f736d9c07f7bb42e8bc6df85f07eb0edb01f0
68:50	97801	12ccaf28925a7a6f407259c3c508479257e8470d65a147e960a9e3937b185ad0
68:51	205008	b3d7fd0d270e60d2d4c416c346ee10772397788fafc1dad47b3975803836e340
68:52	89860	655ba14591403674c92e9b910451c5d22b9e644fea5e2978cb64135aef916b9a
69:1	42003	1989522c4fd5dbb2e90d752c0bbb0109ca433b864495e784fb75c807f29ecb76
69:2	49945	93ac163a7ab95a4377906eaac1453a41398fda8657499688e34dac993ad5f201
69:3	70843	d5c15fc49b31cf0161ef9e96294653944ce97375142d8ec003611f68cd5619ab
69:4	60185	9671a761ffc9011bb63996c2840a5d8a3e058a9b5e622d5c63396cabc0b4b465
69:5	48482	5fc2a868979c4c6ccbf051be97c0c247f4cb15a30ad819d6b433341f5bc23352
69:6	91950	a1a76d04115bbb68f4024ada96a04812e9dd988ae614324bcffc501123edd2f4
69:7	165510	30bfb0f3ac7d6355fe466dda89a06273ae42019c8ab8ac8fa879830597f99f4b
69:8	52661	4cbd5c1c2ee2e8e10284e32647e2102146a3ac2de78d7f449b2741a170058ef0
69:9	89233	a2cd1c21a586f4309cb6150d8134cb53aec9ecf1940ea9cede1367154b631f99
69:10	70007	a448e2522d0eeeb514ac5be1bcf0555b75c4821d85d383ed983b743996dcd68f
69:11	84635	79ac16754d2cbdaf787dd0fa4f90e502e78ab3a0ec7d553362f7ae8416d2f9a7
69:12	95502	ffd5cdb0a32a4983cadabecfea74c83169e89c6b104dadc14219e718e48f8d79
69:13	62065	77eb22501b2a76ad61489ef9276658c6117b4703643672453c55af12bc97a11f
69:14	68544	f8b4329bdbdd2da05a8b3749d02b62b56edea2262ba4aba071fdfb8340afa0f2
69:15	50572	a6d5efa4c00122f8742c2ec21613f1bc2096bfac7c932a94b03bbe5bca6444cf
69:16	84217	d4243a457c820cdec5bf6bdc4622bc1a9d2df32f6cd60d77bb4ab2b26eb64c06
69:17	150255	9180c010693ffc1d0619b3d8cd313d65c28c1c4942509dce98db9e8b0502f8af
69:18	76903	719bf159f381e3f858aad2a23e021481c113b0e11b77941aa15e99deb056855a
69:19	132074	2fa3351e0a56f8f53be684b4b239312914c2c8eee6b60ae49dc2000a928ca1d1
69:20	78784	c224bba6c7bc40478ca493c024f9c4706f828d29124f30e8e4d6b56a4db67c80
69:21	44302	28f5e7a7da3bae3b725bd5911ac108f8b2cb5006ecbd1f2013a516d716a94141
69:22	41585	b29a45024131e2f97967da11dc03658b699e5a0d8e85f413ab760f91ba1225b1
69:23	43884	82fdb6c51783970091d1ccfad38b0ff61928e438bb03515a63e26b88a59ee730
69:24	131029	a1960a5e0de89e0043fb77a4ea67f4dfa88dce818f73b54297c9f19e961aaf42
69:25	116609	42614cfa24fda60c6a3b2c585330f2e203e83163353360ec4473ebc065aebcb1
69:26	55378	eb29a30419ad977523b1c63843ad25cd1ff701de953440a069ca622636d32ff2
69:27	52034	c6338ea485431e5bd6ae3ebdb254d178545cf5dad43567f06bcffbf9c97ef122
69:28	63946	2b514116cc5dd12a6f165dc71c14589ba0091811ba0e8e0372573d606690f47e
69:29	47437	58ca207e56bf317715236fecc0a94888740047f454620671d99b0c5bb1887a82
69:30	44511	405d472950becde9afd5b0a28021f228aae5e498396fd1f23167c3b9e2dc9243
69:31	49109	88d0d604152feb6d7b5ed20d5814c48633174699e8f8a65e47f3f06e2d7f6f7c
69:32	91532	4c23e73f55aa5793186f0dc09048222bd4484d078dacbd5908af42463b450b08
69:33	69380	f51dba9ae02236c5591831465d69057eeb3c88c63322d417c3cd85b4d3876453
69:34	67081	a0933cd2a0f04fcbbbdea0603bba27791431999e74e1ea68e62a8e003afb2581
69:35	58304	b14e426af4be0ff7ef2094fdf9b6c2e2b03655d3578c557d4f370d02df2e95b4
69:36	62901	11855213faa42b67af88246e8acf3e01ddda05be18a6737effecbeb98610e028
69:37	77112	7641e0c184ecf27769f58bc929d67b9039dce0060d76f2330f063d3bc3cc6b52
69:38	64364	2bfd30df4a31e59efc12f98acb57829ca416ea05725e342f79f3dd093e57b200
69:39	44929	ea57119460d197431b6d9d95461c7f7bad15511ca398aa8001e1d8d799ca3c5f
69:40	63110	13ea08dc0ece66c3f996409c2be764aa1f7181f8755f481d400d38db9643abe1
69:41	90696	69076c4ac3d69e49887579b630ae0ce23514f650c6c22413174e355f72e85cf2
69:42	96129	c1c39ea13dad577124ae94b13f76ab85922715587202e3b2a7f153c225462f9a
69:43	67708	502a5b0ba8062ec2317d00b26c5122a45544c3fb4dff245fb14bdcd72f2ca9ed
69:44	83590	6c5a19f223f59d101245892de6689bf73a1d5938a5e28c1ad48e951579f70bc2
69:45	52034	77a3344512f2de7edb0f04bb59d38960de08977ac8a8fb56d4413c06dd4a202a
69:46	62901	8c08e96c72fa5a5ba67225de3108c3b96374311e17f02df21f232352be92ad8b
69:47	80665	f451b541d80388156fa566eb7aaa39127791237c8d1a1886a759fc2b7b2dfcec
69:48	69380	a4248d45e2fdf1c386c83bc4b0a95b4fbcf478ef430a5615a2baae8eb7a6bb8e
69:49	93830	0bb188178379411a2832d1c2b57fe73e77550fada0d161297590de72311bd814
69:50	68335	43c65573d4644fe0622fe9b716c79ed273bb9d2f498a225417fab3bc0694f7e4
69:51	47228	276a89c283db985e2810b2aa6407cedf6b0e694ae2f8884534c2abc3deb8cf2c
69:52	58095	e6767bd00c1a1eadf82bfba35074a0a059023623723ffa5ac2a8be9abf10149f
70:1	75649	0f67d43b24566028f34c9d5d47c5356798640b38e14cc55d19f8dda128a953ec
70:2	54124	73400670aafcd13861301d5c3e534271dc33f3e9ef21a4bd84e994ca8ef43f3e
70:3	38033	e750bfd237d28c5916c6de395be9892e579de7a35fc9eb167b4d9079abd50a47
70:4	139806	7a94daeeeede7a7e1567dac961bf7f32b6c2fe44f72cc5875cc59a0c12a1c70a
70:5	44302	6eb69032a623c64fbdf7a26c3b51183bbd2d6ec9d897e6ddaa3a4f4d4bf94e12
70:6	48482	31de8cf814ee8bd962f2ec9e5a304e0530ae3006e3134be6e9511afbd885ec9c
70:7	38451	ac2e78c5728aca8fa9fc0328fbb84c90a9a6955f8a21e4b024fd993a28f3abf3
70:8	59767	9311192eb52f5acd8571ae8f308206797ff7a7644ed758445628262efe63d1e7
70:9	44929	8b2550eb96b5c073b783f8107f19948e35eb464a71c31321eb22ae604cf6deec
70:10	57468	447a548a3892ab994a5a6af828759eed6a7582d512bde1654137ca85cca42164
70:11	126013	7398e3ec734b6641a5d99f02c88357006ff6290d26f5f7dd3f4641ffa4812c84
70:12	46810	dd162708c127382941f05b6019c16882870ec7e256f98dac09c8be0c57096ef6
70:13	52243	18dc7cacea78e23b9215272f4a66f49603d2074e6cd48215d671ad747d779103
70:14	88815	d631b881f8bb84b0b972e434b393b1d62aa1f4e7d242bc799e90f298dc5e3019
70:15	60812	9a16724ce968f6d04ac79570741c4d1745ab0b743f549ab3a89587ec32f6f7aa
70:16	46601	0ce4928ce39424f5d12ea69681fc808b3d52d5acb98640bc290d00a49c112d83
70:17	52243	e42224666de5ca6c2bc0cd41d21931a784a58bc8fd5e2806ecdd446e7ad890d3
70:18	35107	bc75912d980d38682785b0565b1b867c645b08c30f29b60c1fd905fd7a1e8b73
70:19	64782	01ca09e0b84b48719268de3f9f289a41012992a670f6c0f9b77cf238a9ca875c
70:20	50363	0f05216188ff7b322f8fd7f81d5b9917c0ba30d66dcca08b064d2c03f3b42b8e
70:21	52452	4f07cb5dd2eabb90ad6e6fb5edbf8b64fe5530599b327e4ac4570dbe28179f5e
70:22	45138	9919fd8966739e498eb94e1c670aa7ca45b607ec553c27d8597b1fb9f4e8ee0f
70:23	93830	a5fe3a7d9aa931b4361b0a7b1354af06f3136f290aa2a9dc5eae010328e03062
70:24	85262	4fc30fb22f3b4ede3df3314bcf06fc6f01174b7e4af41643230f2a4bc55d2151
70:25	68544	66badf2d2044353093003a84c27ebf1617e4cce3d8d9cea0baca00125f7d1e13
70:26	70425	0fa46959ed427993b35250759b5c6e5726fc0b64b5a12a0628b8ed0f9d94f2bf
70:27	81083	b23f1293a9ce95c0402da192bbf6c7307651fec9ef1b3f269403f1b37d174240
70:28	75649	a517478e07d2c637eb5955047909a8019cc3d6f545a89501f639aa52fd4c17d1
70:29	63946	59e36f92021ae7775b311cfb7ab86e96a4d92d431e438a100d9c0a58c336d5fe
70:30	146702	dfc9289c4b9ab4a1c08dd0a41832163e65c00e0de9e5f188af18b3c621f37911
70:31	107205	92c44d27cf4b0ddf15cd1abc4961ff8484bd25ee909538936f9ece027f796345
70:32	85680	4b17a292cc01069ebb7bf2991c97307a0fdebc12f4edf01532a8f0b9ce0e108d
70:33	84008	59b5bccc91cbcb879de9852f76d3fd0b8468c6d3d67d9e7a5e425ffe4ae214df
70:34	76276	610c59ad8bee6ab2e192cbc18d97b442d2947bcab0d57e35ceed172d0e62df04
70:35	91114	db3edc751f3d669da2efa1130b19d626eaaed5104569a99e21887617e59f291d
70:36	70843	482b140e792bc750b8bc3b817942cc9a21730635aba3e8d8a7ce97ba26645d31
70:37	63319	108ea60861d6eed7b9c68d5d23ee229f2d000cdfc796eabda4f8546487d9a775
70:38	106787	032d3c68585b1d3e594f0a742d45f2876bb170f4b003791c26386b39d7a98fd0
70:39	123088	f57e7e798c52ee04162df46379007597d7b61d745cab3cbf7d4a131700277c91
70:40	112848	82ea756b75416dadd7d474161ff352cfa8b895689b9dcf1e10194a8ff27c8606
70:41	108459	c0b3402d20e83793395807cea3ceac9f3062670371bdabde152b097655fe8dfe
70:42	122043	66605ba1c11a69eac4d7e6ba0d6d85206e94b1fb5186a41046f78df240efbd9e
70:43	136044	754ed734b32ea2cb8b0fdeb877b0297a652b58efbbec22d46c6ddaf9d8992256
70:44	146911	065153bf8c487092b022574753ea88577c42f1cd5b411a8eda282f22fa45fbef
71:1	189125	8d212c0f535d4503a821ae9c3907f42b7ec30022a79637606f695d0ad99b4bae
71:2	91950	d8444c4c2d7f8a0c2f87f81da7454c09b2c45c316ebf13894c334fc263aa2a5f
71:3	71052	f2a5a6a60ed71520225cd8e4948b149af6ba24fce7ddba74972ada40f0789ab4
71:4	271045	52e8242d854efd45ecd38952e80c0ec1d70fdfdbb939cb11465be705d59a426a
71:5	89024	8c33b6141af0d3c74278cfb2b7b8b29a6024946ea29e364700841e8ebfd309cd
71:6	89024	ddb028e8feac2de073a1215c84c723d0c3576a9b96fa64e2d11fd5740a57fa73
71:7	230921	4e445258be1592093916c7e6bd539cc53e8026e08550d32a22e9c59ff9aa3d0d
71:8	65409	59e25e6a8d671539e569127c5e8da65e264eecb5c179e8d51f06d9513a768ae2
71:9	115564	2c59a442a08aa64fd9cd8af5019f5782d999a40c1fb3d6dad2ca209bc6b2da98
71:10	94248	404d823a8f5014964d7ff5f1d504b555ae505ed6a8dcf13ff1e718a012aaa8a0
71:11	72932	ec51dc486f203a81039a1568aa7da79fd7cc0d1be884481da9249c355d0e1fe4
71:12	143985	3631104f0797eff37850391b8797cf0d46ca39923ee878b7fc6507388261189b
71:13	71261	d68e5079e4c78d418e9cecec09e35fdf5a3b8f3b59a7f04716295a807213fd08
71:14	46601	54a94a9d97186aba334e4864addc55078053b724cc4b961b054d5edd1c4c69c5
71:15	105742	ba986632db98841a067efa49541f4d87804a785b2cf8dec2a13cd2a009cc18d5
71:16	93412	ac864099af8c1062a640dbc76785fec0ea4ddbf3b95f03733662413b69752b75
71:17	76485	e9a69ca33d8d95d2082090acbcc8839a9d9d1ddd098aac844f1fe7be17860dce
71:18	87561	9aa4a67bc8fe20a086030f185a9dadda1f0f73cd13f1b0522cbec9969c53ba71
71:19	59140	d7422f5d1bec89369b8ec6bf0e2f45e6a1def12987c459d87de00be4fe0842f0
71:20	61230	39ddc7e5a0329bb02186f0bc397b76dcad9c74e628ceb37aa55df025aa915b01
71:21	166973	f7c615ac27dc7f0e3b42c38f2e2d0a934aa6e2ae734f17c0c2f1317f662ef0fb
71:22	57677	2623c027434ba35e4955d6b8abd11ed423607e319d901720070e070add1c87e2
71:23	165510	3613c744d87a6c213435851f56d4d0739f566eb3fc4258d0dd3b7278649b90cb
71:24	126222	1dd534eac8a9ba8c338a009ac777e305eb7beb5f51d57d6d3b616806ffef7b50
71:25	180975	c1afde8f66484d1c960ef4109ed5202843b720252b2ab0caba620053ca7cf807
71:26	113683	1db919fe50c8a9f02aa5f2b4de4350665b5bc6facfeb7ec562c9e4865836463d
71:27	161958	f3a51f0f9c4a276db61edc65957aa14254d1d4dd968b8e4bf041d049ebb35af6
71:28	196648	586731548471161e782ef37f2acb6e23bccc6736747ea3edc55f7517ae1d16d5
72:1	177631	2a8e3e9ba5edfb87d59bb78b99301ee4ce8b9f97fa3c9cecbe37cd782c1bc808
72:2	142941	240f61ad8ce762f737789eb085c5746e582273c8a563289dc88b42ef4496a68c
72:3	117445	b2cba1f7036a44a7305ef873bb2ae2c40f5432435d3c077057ec9c70f017073c
72:4	108041	ae517e03ed4467e59da84cd7b248a5b2c866994181325dd608daeb28dfc10bd0
72:5	134790	cca6df266bf2e64302f2873c5034be277c94897b4aca01ce609dfdd7ccfead9c
72:6	165719	cb7729a15463d7cf87a7f46f1127dd143cabbf38feaac4a7239f1381c1a009ec
72:7	118699	94c5f3d9d4509dfdfed7ad60dcc58088c4665cac7f6567a3dc73d34d5e92b022
72:8	144821	b1b934fd442a8a23040f38a751aa578009dd8e69a5be39eecbee53b5b931a84c
72:9	189961	500ee50263fe08adcafa00c221091efee0477ace36e22d3d9746bb5048a919f6
72:10	148583	b84fd95a643a1f667fa2fa1d86a9fc3a2a4bd8af0550d9f17947c5589d3a4385
72:11	151718	5c0e2b473ec945dadcc498c8f48e7bb3f0ee2144a2ab4422f22fd25025cf09ae
72:12	145866	a39ad653f1a8161c9f87134ed66515b8c5521467e43942073d48818b1c578007
72:13	194559	6a1f4ee6278670ef401eecdebdc79a75675fec91ab7ea097dce9cb223921c785
72:14	172407	75c0cf7549f2e8fe0f6f0c95c3ae52559babaa22c07a9e7f3bd2083608e5f8c8
72:15	90487	1712413742e5e2afbf967bba3beb4d1c5956b952d4521f51fd6a55dc5959fb8b
72:16	115146	675ec787425af8d6dba770081015d94a4cc3270b1120dfba5e901fff7aa8d39f
72:17	155270	ac37568c330abd9e3582bbd917b30b5efb336a4bfd7823d4af974c2e00290261
72:18	103234	f866728a3c9ddfd2b158a231795224b04e869ae48afe1293fa05bb5d7858321b
72:19	146493	7dc550881df3725cd49190a6e9e17341709c97221292fb7ccde0507e9d075f7d
72:20	121207	728ec95cb4735f3ad43a8a61a9436a09f4af2b4c957d4f37411bc50f4e98aa61
72:21	95502	ccd4dc7698e895100dd064091d4d9cb9c41db173f1c260ff95b89c2bf344430e
72:22	148583	c0aa813b94b322d9a5e98a3142bc0b6dfb7e45d4084e9494a85f421529c8dcaf
72:23	244087	d26cf17e01b95cfc3ec32322f805978b15e61be5405d082a0c4065c4a4739b57
72:24	152345	c9cb12a855af4a3342cd9d4d1fc01d056d3419eb11c027dd7b9377af4235d321
72:25	140015	7683b2f77b18236568246c9bcec864d90906e2de1ba152ee74ce8be7a5da45f3
72:26	105533	3f44ce9b5532de097776fab71844b0b3de7b5525085e3905355b09eee1c41cb9
72:27	161958	34f7c8c1c163fb3928a5db380991bd3837aef3208a489598f01a24f526d1033b
72:28	161540	56e95f0a80308017196d7560db2ff240a729363c59bf2302ca0b8f4d0c059c41
73:1	68753	a6489c3de5621f22ccd043c9a230c1d6a378521147ca3dd709a727f12d3ebf24
73:2	58722	2a5f1c429c61576a347f4c85f27a6e3f82619deabbe36d612a04209e3fe52eb3
73:3	72305	3adae446da6a864bf954d6d8632872137c8bdc4d034c88e636e24762cce3945e
73:4	81083	e2ad07d1ae6821a350b60830c14b99d1a6fdc8200c687232d20000ac7ed237e1
73:5	87770	7a39c776f12861697bfd082afb1edf526d4c809198219a9357b881d49eca3dc5
73:6	101354	70c95a026bd3abf2380b87038fe78f9b65918e788e8d60cdd1ff5dd47aac3936
73:7	71052	a0a1d7078a6a79d0b8cad15c9070b7c3e676d4d768ba54fb5725638764503f79
73:8	78993	6ce478c3ba352e8782db5a2bd645a3a11fd5518a2a9e31b273082975916b75af
73:9	119953	f85e64c332e16fc7d41f35462813cd3cd683119ec1e953d3a3f55377ff1161b9
73:10	98846	077f207f9645f9fe15c32f8ce7d42b5ff9de02e4861501147b2a1bb6059c7102
73:11	108041	dfd242a0598f8e2817237cf01abd809cd42dc56c440484bb9ff42f04d0690aee
73:12	86307	06cc7d1294c53878fb0b1add1260f4eb82ab9c9d35ccb53a8c3747b8f841b488
73:13	92576	4fd24c3d6ed341f9dc5cce26896ce53e27a98f7ae5e746ea9b21e2e9890f0502
73:14	114310	8145f0847e6f68e8698dcb3a07b27903590056c774ac56ab67a64c390b3d16f5
73:15	197066	56efd443c5d6e73ec10c8e2f578ec91ef34abd3ef5ca3ab17013e3248f6f3d20
73:16	97801	44841a870f11b54f96dd271e3101385b2e7b43b6e708c1bd9424d424f8449e25
73:17	113265	c33a63f09b185ae2f9a9f710378b05f11e0df79294b921dc2f3edae8e53de593
73:18	125386	a7ff721412080a4139e5a08c370cf705571f4e8840d582bc29cce01456068927
73:19	151509	e46d5f0cbe026c77d3c0b999e6ada8c6e77dc1d12d183eb1db8528acab32f6da
73:20	1066839	36ef1b5fe0d2bed90d97644a298639d8381bfdbc92016ddb087564ae20b2762b
74:1	57677	5900d175be314bec7433c5fcbbc1e4e66db9e3b4dba6fc2fd50744f838b74820
74:2	35525	f23b6ed85fb2b3dc1ff9b51ee5ad56a0f80865912bea0c7f29518d2d324249da
74:3	38869	4688274616bd92d352e7504502b711d62e4f4221989c036ceafbeaa8e8e49bdc
74:4	39287	4dc5b8de426b05ad47fc00a8abc5e1480b324f9048420dc551569d08066a5d11
74:5	34271	1c2d1cca51e404f629289ff129b0b5ad046bcef61f37011972969cb866bb9f03
74:6	52452	9647c56101f41fb35c3960028d908c5d29b3831008b9e89f385726e002cac2b4
74:7	47646	fca678a4dd4d8eb85188f1e2c81e9f51c013937659010587fa2e2467ec913a66
74:8	58304	4024fcd9a499d46826918721b935d0f415aeb39ea849208a37f94c20ec545d77
74:9	72932	5ac2dc33df482d347e7d98877de5615043d8ac8af8fe3239459c270339ee66a9
74:10	58513	37dd323be1f5bd81618216d6d8f82501a9e1a7365e747044dd8f52625608e05d
74:11	56632	17014bd13bbe79f78131400e434f513296a17b56c14d5b32c1de65f93bf11dc0
74:12	64155	d492da0e63daa81019ae348385b51af6e6ff1aaf12a7d6b473f3889f8cbb99aa
74:13	44511	fb18f1325306647a9d4d776501ccdc059f5b53a4e5be0b30dbf9cdbdb1e48a47
74:14	47646	1f0c635df7ecf527bc0cd49f514f899aeabd260e060e4accd889534ebe378505
74:15	53706	605ae7b36f480745935177ae0f76be407be96c93dba5977b241ea4ccd4446953
74:16	92576	5c0bf4a120b8d3f30b0097201ee90ddc8d3267ab804cb6c2ce477b2552a6663b
74:17	45138	d984348f204eab621f5af19ce145bf140f8e912f1939dafbfbab17f2bc0a2daf
74:18	56005	ef724375589941382a22cd133acf1f2b8d5473f02ff8566e93c6f084e4ed8c34
74:19	39914	d9fe1e210dbb88f757d210836908cd24a16028f22aca310f7d8459a2b801d52b
74:20	46392	b0d485766a9c9e91d0be0ad37c3795b5c4842fee5ff976c143c15088ed4c4db8
74:21	30719	c57cc435b5e424079c6bf9278b5c3bd3577f6ab42332534b53a7a3ffa1e91fc1
74:22	40332	4a25d8e694b180ecb086c0e4894088d3c7c9258f2d77fb8d4903d939edcdd2e7
74:23	44302	cb0b89b85746f4441401975f3fe42e23ebd4d01474598cd859770beb56094a30
74:24	85471	22d427c9830702154ef3607ca574d71b90eda38fb0495d0eb06fc212949c36af
74:25	76485	f00ab8f531a47d512dea43120f1a9b6853728d2e2e7e9ad043e41b92b357ab5c
74:26	37406	a0771283e9d3d736edcdcf1d19c5d641c9959fb654759750f61fe249750c8500
74:27	56841	20f7f9e3738e6fc42270f49161bb1669cb721089696eb13c1baa8915e4036f24
74:28	49527	9c79c45d2d522d940003e6cc74b87628043a69d94c3c2dcffa7dda81fa1542c9
74:29	41168	a099157cee5d75bd4cb84fcf111e44427313e87963aa8dc19880193ecaf75754
74:30	51408	968ff21282880bfd4e8ff87e2b1eca134a5750bb2b968708654573369fd98a8b
74:31	659747	183e084363bdfea9c20d36f5b3982a1b55a78ab721297b8a5b1d6565debf7801
74:32	23822	9a3a2a3b2240183e8aeb50ebdbe50b04123e48f81469711650c7d74b8acc084c
74:33	27793	1b8be4f2ddc59d23af8d3a14c6e96f4a474b4a3c2c19c3bb420be0de64c96f3a
74:34	42212	b37ffcb14cdaa9c49baf6193fed5440b4b01748035136a85ecb74320dc524da1
74:35	36361	3c121281965ffe4621cfbdbe321dc475d0d356ede8ef55d3a3b1ac48a49d2759
74:36	25076	3beac53659e64a1b2eef83e83090fe0a20d6e31ab6ee55466b60bac382df74b5
74:37	71052	0bfa5d421ab37795d6e87296dd80b68f3ca3e5a60ce5e2bcc914a834f9f54322
74:38	59558	ad1335ecaeef68fe25b4da2ffddc3e2f2a189618f6b0459b25301b3921440c3a
74:39	53288	9dbffcc9c073e13218ce7e227199c79d95e72669566319cd456f03cb78bc6873
74:40	62901	7f43cd86acc113995ee4fcdcb7f1dde4a4eb07316296758af36307e6fc563b35
74:41	29256	ac36c27c202d6fbe752fa2a396bf4a35229dd2c289c410a8533af0ef62555a87
74:42	51825	93337251215b6d6cdced10721a39f88453842f4834c64e3dbfe27d4af2516012
74:43	45974	1fcdd48d06fb06acdad57f097024ebd70d1f11c036b379333033be9d27f5345c
74:44	37824	f9f7c70242b40d9f0e4b1701ea3bf81488b2724b126e68890b5ed976027a4de1
74:45	60185	b7deb245b191a67848cec180acfc9e642a97698f986bdaa9696f6e7797d31786
74:46	52661	050e0b3db5277aae0a69cb26163b08f7d1702fcf779c18ebfcb3f726c62b9778
74:47	69380	c8d16c76b93f2242280ffc9ffaf2042514c07048e773345850a08f32a81c37a3
74:48	57259	0b06b759e62a68880f3da391682256c7ae50d17d4e3d899c0f07f530e7366a3d
74:49	50572	c1fa4d20002154ba5ce601d31fbcc9c1244dc4990b06805b5c95270d3712ca0e
74:50	50572	e8b3daa7cb93c4f3d48e279274128683061a88a9af508101a648def5830ba952
74:51	31554	f254ec51527977688f6655a9acd54457e1f1283ce991a965ea61a7d6db7708fe
74:52	85262	ac2c42d06078ae8d94e24d0ccfcb72c906950c992318ebeb6e2b8d9fd11f1f24
74:53	50572	1229435a970fd45f9c566c6932a418eff9518d5f9cc43866f83319bf056f72c8
74:54	44720	f44fa9bfc86cb763fa33c53024daff1a004d8d06d1e9d2ef2b25f9182620735a
74:55	41376	75e301aafd604ab82442187bab252826abf001a8c488f0fe3c048041be19672d
74:56	131238	35075bb277655dab2d452459df6c2494957d8c2984eef13cf6be65cf17d28c10
75:1	51616	30c44d334c5e884e23af0ad75552fcd14d4b98422b001d06c54f0d0e0c98234c
75:2	60394	e0636e4da9a1973af2040ec71cd08d66bc3c7d1efbeca8b6e685239dfaac3bca
75:3	64155	9cc5ccc73a81244ca9013cd3d21a6f3f80c018d504bb3c452fdcd26e983af9a6
75:4	85471	873f8bdfe0a6a28b9c86f7de1c71ffb36984f5f63149d076a82e5f0afe618908
75:5	58513	818c115e9310bd8449205d47a0c157fb31a4074aa3bfba7f5714147e98eec47a
75:6	50363	fd28d3660e8cfbebf5230b5bc9145b4006d6bfe336355989abdf1fcb79606eb2
75:7	32599	164d045284b14a1b5d24dcdfa78f4c24685db0fbb73b76419098db6278bf7dda
75:8	28629	95c745512b4293a0dadc5fe0728bafb99e3aac6cbd2fc636339d1d0def73ca07
75:9	39496	bebcf8654e1c77da73d2e1b95349e6930a1cceb51a2fcf3f0a61f6146d1f1249
75:10	80456	6c1dcbd64d85a0558aaf556788cd8ad6e021176f0d1e8b3a53aa28d78fa4b72d
75:11	31554	f99c36548a0f95fc7060354e4f31b04b7388a0d80595448269d64686c7b45574
75:12	51616	a1a6464561124240ad7812b55cd78acf662d6fd767da06ddea7f42854d3451b1
75:13	82754	8c9398226797da87e06ef1803360fa9a8fff4e8555266560de1a0020c7024c22
75:14	76903	4396456b2a43d22cb76bf43e4a707017440149c39c51fab27d444bd4484be810
75:15	42630	58ac98d7b8115cbeaf16ac3727299a476b1287333ea43663b2b6dc68ea0b0b03
75:16	61648	972ca87bbfc29ef3356fd6df7a4feff3b506b562b1596cd9d56677b391a5b6fc
75:17	62483	e8763ac8821a364e76bb9a73659e90f99f35b1f6b2e749cad54e3d27767ce98e
75:18	60812	b97a2aec8e0c35d6bc09815225edf77bc003f2b7ee70f7dcc4081eea96fbee03
75:19	65200	87399d7291259e1cb43f5d4e0209fb511560cf73e4163bfef118ea71086500ef
75:20	56005	f24f3f1482bafe8cdc722779ec7d381bfe376a4f85c02f1e3e91429a51fec71c
75:21	40332	221cd0a8bff773d14b7691c13af55543bf3be0730f3ecc191d537d34d4b5f21f
75:22	60603	492ae71bb6d11cba5e27e343e66727d25bfd5fc8773019ad95759f24d76d7829
75:23	51408	fca346c469be28041b2519040fb4b2fb4e8e35c6aa3a6c61d47043685d4ce76f
75:24	63110	593947c61c3d662a286e318fcf0b4e28fcfadd0e9bcda0e4661ab3431e803ab3
75:25	61021	e95347d176e84e067dc5e5c1158c596176bc8f0e09536a4f0031cadaada08104
75:26	66663	5d1a29845e2cb47b74e53570ed621a2d01fb5099181257c4c66e5f80fe6591ae
75:27	64155	03c3119c3f687b0b7832848c78684b842784557035d7db5b443584276656ed25
75:28	57468	08959eea9dd0bfbbe06acf5b2b1a9e1d02696c724c059ef72a5ad090094d84fd
75:29	53915	f07f80d2164687519d3fac9925cbd4b5c976a3fd7baac03cf4eb4530de739d7b
75:30	60812	0bc2044e93227bb42e5fc4c858885d0f3d74ac75f308cc7a82eee16e0a8556c5
75:31	47019	f35ebf6da62e28b34fdc0c1162cafbd90d98e5038fabea3d2111c50a0550ab6b
75:32	52661	68e84baa37dc472c7056f658736ecd32d141e3d5843d02b6cbdb912cc14a24d6
75:33	75440	cc61d01e88a46ea51188e94d6251cb57b22a6d9ce6508673d0fa409b1c194eaf
75:34	42003	43fc0b6c4de64634ce6c12fb182d7abc7b18715de2ff70ae25aee09dd9d5d365
75:35	56632	c94a2cfbf86419bce5851319e70cdd562a11c318a15e724e3ec051ccec906628
75:36	70843	4869ea4a0e6296f3c59aaaab6a5694d06c8a828cf8413ccd973e78d9a698b825
75:37	69171	9b19892bb2ae9e65443fe258499eed1c783a43ba9859b9766878241762892907
75:38	78993	d17edfb2b8a1f3aecb45b2050a37edc46fbac63c6c6fb23bbbda7946427f3688
75:39	72514	1976366cb50fec6313df10dd606137c95a7d5860ae8c5af8ca417a75d0daa8a9
75:40	98637	51c07254084bc8c27b7a90fb5fbd85bcbedf6025962ae6439bb40c13bbf342b6
76:1	120789	477781a17b5033a1d3747c025d3b68224a5a8637ca7b659f0489f5da46a8ea29
76:2	160495	173a66ed731ccb4c3849af4a28a15e0763339e90f52b82b1f142b22fb4c8dd9c
76:3	118908	9f700721dbb1816bc5bf29809905634b7648f1dd4ebb41ec2d5b257602df8fd0
76:4	129775	cdeb2a835d804d51eda0596597ddb32ba3feb1500973ca340bde41669c3f858c
76:5	125177	ffaefb08dfd0dc036ff43fd6e5df27ba73b60bb58f9de493e42d381ead88acb2
76:6	113683	bbcdc852f19cf3b5687b8d8c206770aeb36f72300eea7d6b09eebba2d90d0b44
76:7	119535	7c20a990762e03c84918a2e6a8a23cff494b02d939f932e2d1efb381b35f2a89
76:8	134581	2ba42edce762ed3aba1dede3300536c11392f71f0242871c831f1b18192e1cd0
76:9	148792	aee444308ef592495c2dbbc2ea7a52340fcf1256df4ce6524dd9f1d036d798fe
76:10	117863	9a032eef25be23b312e7693844be5691cd18373a6538001179ab21dea704df22
76:11	130611	5da0055e586c8d03f071ff94bd6faa4631f437d369cd68839233f88508061e05
76:12	98428	7d59690d633ca2b0f532dba727cd3df5019e873c78e5a6ed4cc141cd5a9247b9
76:13	149001	8ab0884a6ce81b8a2a50a428ae6cf80d30819096bbf5bc0b04120c90ad6f6f0c
76:14	122879	7604bae2391b2e6df3bab9dab8369fbd72502ae81c930b7baafd78cd945961f9
76:15	148374	903eb2521df2d218f62baa2e8f89a72b4a84951a9e59eb300e62331cd7755939
76:16	101981	5f14627c908dbf2a4053559c8abececadd254131fb87d3a3e465eecdfb1f39a6
76:17	109504	0d8b19a22db89eba30f1d888df09e7149895d3d31e92435d7a2f1d5a0ea38477
76:18	85262	ac46439c505034f269a859a74663f38c3a07287fdcbd158be96ed3fc016c264f
76:19	164465	b7a76002a1514423572d2539a2a9df28519a3956b5e22708c7d312aff6f7e7da
76:20	111385	b394a77df23d14e6adda263c0a0ca5ae867e098a716ed77f617e491100c78c99
76:21	250147	0b9d3cedf2bd7a5ddc7da8d398c7eca16198e5719e594513322e29dddb18bc72
76:22	138970	60d349443ac89dab65e6d6351d09cb2bb316c8ee6b49582fc0a951a6598f00a7
76:23	109713	c437dda0987a6388005d45c57ebf21abf8fb75092bb423be41bf6338ce150d23
76:24	112221	003926d57e1179089786f89abaca8163be573d8a355f1488436d77fd78362bd2
76:25	78366	a3119fb92dad62f668a32a84ff14a932cf0600ab3fa196a6e7fde3c96942e7a4
76:26	97174	7ac08fbf86cbecd7b7883ce0f42676d2f034cfc96a93d05544704576eaf80dd0
76:27	169690	3d753c3bd2152a2b19b14e7544225966a97bad5ad1e7763a057600bfe898947f
76:28	180139	724ea9532a7abecfe34cad273bcced3bcdfdde92d603d07ca2475bd8ba84fea7
76:29	146284	5d48f4e1277aa61b785e51a5a3e8581f8ea5bab73a845488655e208da505c5a9
76:30	188498	e80a6ff467cb726b26a5736bdbc6f3ef573ce2af64eaef5b2f9523cf96e96d76
76:31	147329	f7564c71888ca008ae99e5b7afffc544a78adac1863736d194b42871ee4ce4d7
77:1	45138	fa193081fed60e9f4f2d15c0fcded07330af8ede405acd413db10ac7be50073c
77:2	45974	44c6d805e570ba0c90f1664a60175a32d75aab35353bd18c61b0d297ec074f58
77:3	48064	392213a66af5f6960f1d9cffb8b5ba418d5aac59a9e5cfd11de0b2fd34423434
77:4	45138	00433e9c74bbe35e71c29df52155d1a3542c322668406c795922295dd2b73b34
77:5	43466	9c1a8c76fc3a53890805cea72777c2c18d3ccbdaef6c9b6591a9bb22b5b34ed7
77:6	45974	bd9c4b529e7a9b5caa422270db974707a8ec4adfea56fedca8ea906566ef4ac0
77:7	67081	60d307bed93e6ef1293225a42a056f0fedf3359605aa7f3dc08f4000e03e9d0c
77:8	50990	3908528bda3681b82a3d2d15c73f39f90bdca6fdb0d380a9ade02225d5ec3ea3
77:9	53288	9454e0386677c2faad9baac80612dfba02807b0dc9ef1054604e5bedb8f16d27
77:10	46810	dbf96e33169e5de82f2cd9662d8bc59736ebd758696aa726d23a3cb2f784de9d
77:11	43048	f2a68ae5edefb9891f346e6e1e9ca5fbc33b32aa610edd2f700c392d3191d4f7
77:12	49945	c6a4014a931ee16992505889c230109457f05fe418a53c68656071d44eda0935
77:13	35734	b01717ea6d8a83743da98774bff2186a87e1ff30d26ed7de43e385657606fdda
77:14	68962	51be69d4f7496a394800ecae3f568514fda2cc95cd78a68d9748cb77f8ea3a93
77:15	82545	1301ca47a876f565badfc6cb744184baf3d429e83e404196d39b7ad71efcdd72
77:16	53079	cf8dea5b1c363ee10566ae7c3cec0da952b72e616e02b0c3188a3b8bfbeb350e
77:17	63528	4e0922ec530b161b8b8cdc243ca0de278b114acf173b6a43343593b65a24e542
77:18	64782	d9ead7125128e22f7ad84c9fce8b96c4ec70141c71d00125ddfbb2dc045c9234
77:19	81083	4bc442c8e17f6820adf2dae3f62643216666ce0d4b5084f635d80221332ad670
77:20	92994	7f47a8a01d605bead826393e1e9b3b01fdf5c12a53f5aeb7ef8ff060f194fe3e
77:21	74186	09583468ea079c5566bea2935045cfb573b8ec2966ff101b76a91b948423d81a
77:22	49527	0556a7d98337f8d905e117a1fa296a2fd4ea19e1627ed3424cd8b37caa07b131
77:23	59976	d2d06574fa06812d87d725cad2614e533d35dc6d02a532c2bf635519f9a24cf8
77:24	82963	a2ee408d35f247d491b90b62d1904386313c2711c6ee09f7565a5efc4d9ca487
77:25	57050	4854cf9b4fa92f18290a48505fc22916b1f4a692d17db162f1b9530e2e6e1a49
77:26	61021	5bb7648a9d746f11114d20871e01e7f96308c9cda6b80dba895f189b2400912c
77:27	150255	1384c7e3dc3395b4cb23fee3e90cd98736c66a18749cbfe047079e64c8dad472
77:28	75858	765fd89104259bc55015065a59127904e1893d5624b9cb0db6510767f99c776e
77:29	114101	12985bb44fc3d8d31b15987aa35b42c3e6964f168fb4ac33720ee5967836578b
77:30	90487	2fbf704443c00ffea464d0492b9e0deac0f4790831d1efdf563bd1dbc658346a
77:31	74604	960bb1bb5001cb74bc55c19eca7205c0fef42d2e179f461cbbdda75f287668ef
77:32	74813	9ad6f478590ab6afadb1a447769fb3f19a76565bf7ff28c010e8c43d4f5ced37
77:33	58304	230a599acca6f5d604c2b5e34a13bdb4c859517b2a76b025dc8e54e7f251162a
77:34	82128	5ba9aca43d5573899937e7fe5ba7a56d63941cbccf31f84f3430a5f18890a287
77:35	60812	eb14ce1023a9d9ee08b3da76d2c9bac95c62cf84f0c96dd56de4a3af4315bb94
77:36	72723	cf4c63f7970db2498cf1d35d7b09eda7b6760afecf52b4c130db4d5815ad4bca
77:37	82336	2c4af4a027ebc65d1a71da00ec0fedfbafe35bbdc28a1094e92ed0971f33510a
77:38	108877	fb754111e34c2dae160724518e8b29dfd4dc7a053cedfe1c94bb664ff5ff1130
77:39	75649	c97850250318f0485f18380f079976d9dcf2933be1ce7fd9b341e232bbb68088
77:40	87979	18519e50c0362c606e3d65b19214fb2cb75c56a2fff9908d6cff7d5acd343495
77:41	86098	099001d215fd221dfa4c156d6365eb23136b4400519afc755280e171068f07c8
77:42	62901	de5f11afb74d07838a61e14526b154c77fd4e7be792e779d031baff9782d75ff
77:43	107623	2f3a064210807297085a3498b76b48e383eb082c8f031a920514f43dd9999d6e
77:44	71052	c95b7b7f2b521b7585beef7baeb8aa1e4f5ea188c4ab1bc816993bbde190bc46
77:45	76276	3831d781e99061ed7e4432f2bb3eabcdf476a91c3003513a635e9a4e76955910
77:46	94875	9a51aad315163bcbb04cfb5acbc26efb0cbc5cb1dfcf887463452c2ba68aedf9
77:47	72723	87cae985dee6742ee9257c001822ec9e41112c1b60633b99f49ab397e627d726
77:48	82128	9fcfe91df74a2e55f2de2a4481908d80aad788dfc1b7771dc9541232f7056558
77:49	75440	2b07d57d35486681f5b9d05cbbdfabc9e8e5cf522141353674ea20827475fa93
77:50	79202	0d09b369bed427f01c9c903d1f41eeffd9dccd4b14151b9751ab0fd371e29ea6
78:1	64782	8396fb33ef31a3ad400c6629dea385992bf2d74fec4fb36bb1619adf505290a7
78:2	44511	1cad77ac8df144ee7a75c9ce421198812d654451b6bb6e491035acbf0f485c25
78:3	62274	69b490bf3416a6b504607604b4e0f59cfafbcf34767e25cdba52123b0529078f
78:4	47437	8bcbb6416cc92e619c25fc01c0a93465dcc2720d77b848433a1d07b632060e80
78:5	68544	059068ee93befbebeefb661aa51a2a66a090feff6a48e1ef854432bb6e6fec7d
78:6	55378	fb7b4ff139276dab16e4120da85c6f8e87d7a3cf7452c15a30308fe843ccb8cb
78:7	45347	02b22fd07742cc516d285962431fa08995cfdbe5f2dd281abd7937dee179ec6d
78:8	49945	234eb4306f9130f60f01df1f79200eaff755e9d890b1b3ba35682a9ade56ef65
78:9	56841	bad15ad0984e840558c832081d34c0b0455b7622524619ac75e10d58a9524d40
78:10	52243	f09ff92ab264a27cb3e0df9415e604eb1fcf8617fc62aea518a47f3fc80fa5b7
78:11	61230	2a217568b9f4cab6bf5fd44d82fcfdde3c70de0dc05a367c3b975eddc6ad1930
78:12	71888	fc6256b3d572d05169d6e74f9dd9a72aa50cae7f5596e5296da5e17144207bb8
78:13	68962	f55aa8bb3078ff11810c96f036ced08dc032029bb77224804457dd60abbc39fa
78:14	104906	a695def6502f0acee72915d973be9bbf0723c3fa062de6bed4d4093ed79655cf
78:15	75440	35e514068db644307c4efc04f11d9d608318a42262656d2ec7750bd834fc656c
78:16	53706	ad42992426d492ce4b586dbb30149b0a362b4ceb083bcb35c05f05cd166f8880
78:17	77948	cad4c7b66d1efe0d993d6d43eed3bded1afc50830eeabca6ef3dbc28c1aabd31
78:18	86516	877e6d767a13aadf7fe9b8c8fd1c4c235b39543bb837dad3e96e870b0e170abc
78:19	83381	1cd559b92069214ceb5e0ec551cf32fdd517287e691f5c57a7cf7b1704ddf66e
78:20	71888	12bfbe8aca168d05bcd0bae60a34793583c5d37aa4953cdfff4f2d1ffb067656
78:21	80038	b7422d272e55ca8681973b216ef4d1d0ce6c697288e9110047bfcd85120e5769
78:22	47228	e7713fac29fbf246facd33f1148ea2eb25b7177c106b00d8ad849c3d02281864
78:23	67290	a34a3c09784c902a4e25c0caa7638a2728525f694ea7ec2471330e1f6d7e131c
78:24	83172	6162f95238227a3209ea798c3b0a088c2057f8d6e6efdd6d931ec0681075b79c
78:25	62274	c5a677425fd7307583ad97d8a0dc866ffcecb954424570c0102b386587bb1726
78:26	66663	e521ddd917e068e0bbc6e6b8a5244a28d0b1f379b2ad52e4da960ec8c502b0eb
78:27	74395	e8fa0cbf01de02f2cc3a181bc9593465682e48b9b17993e50dac863e9761edf0
78:28	70843	1e47fbd98baccf7bc3be6389be0be3e4c0b3febcc6129675b1e35778f3d40fd4
78:29	69589	a126c65172bf6f6ffe21a8db60d04a077328a6d261a7e0d69eebb67f1faea449
78:30	94248	fdcfee3de0a094f7ff07297a4631931a42fbb470becd4cdfd9fa6abdb2af24ed
78:31	60812	18f37816cce95e5bb992452453e5cf9c6e4f7843fd294f7f9785ac039f4ec02e
78:32	55169	2021b6e3a3a4a293bb7812f5ca15e8ba69fab2e7a7f9202388cacf4a94a2087b
78:33	47437	f7e18d4915b49e9914d21b952c6039e35318d3843fde9c0802ff6246121a112e
78:34	45347	b402a63fb4fa67ee8a788b181fa9fd8675e9892706169cbfd9c1ef74acd9ce8d
78:35	90069	e4b4acc7feae3358bf5097bd00e317dbbe32b02a52a20c84452f41a9cc42c096
78:36	101772	152aa8f11f5cfb1e1e581b5c4d18340dbb96b12b964f4f54b3c4aadc10f46d0f
78:37	139806	886cd8fe88a45f63d4a8789853863ed8c89fc7d807c3716db84fa82cf4b2c9b2
78:38	203754	d0ee66e1160ac0b28e0edbdb7c917c955e531d80458f07adbf53b30ad93b84d3
78:39	158196	281c49283834a64956c4d1b63f076ad7d86e0ec83c56b660826bbbcbc2f4e3a6
78:40	246803	d815581d8ffb5a48be06fcd332e8984ad3e18b8779ecc1ef59be8a4c31f231c2
79:1	49109	4f2edc731232a491eb721d6f0bd41b48594b04cb62dc8591403d328b75060335
79:2	53497	e20634e70a9f5b9b4f68dd9e15ce771e6e25d466da5a8ff2e75a3d17ca0d1ae6
79:3	53079	df9b4e8d85efba3d1110b60fd316292fb1f1cde607bc80644e1c352be9c3eba0
79:4	48691	86dea1cb717fb621ddab623278513191f0be27fc9dabbb88f11ea87fdd616e84
79:5	54542	1a0d17f5dd95079ee09bea3c52e6bc5e69a6d1391be911fd02d2b68217b4b06b
79:6	46810	1d315c23dab6e08989c69f4104b232bd59a0fc702e999c96410484f8e302f550
79:7	45556	9a867cba2caa079989c9007de76c27f067a3288d19c37f8871b4c73cb0d73620
79:8	65200	409e0abfd0f7b39a87300c7cd7c5d3eaed2deeeff3bd77d434bb0349e248a0f3
79:9	49318	9de93e8363a213e7de463ee65539f6ccc5c65fa8775eefce32e8eda0edebb324
79:10	90487	ac0b1ac1cafc6e41dd67ba31ae9135075c945b68e4e277d474f7d627d37eaf51
79:11	67708	6b19fc8e35d3c0109dafb45f9caef8d2cb29573b8088d66a4ef3467cc63e00e2
79:12	76067	61eac91d35a8f04412678854728c6a6f12fa964042f0092b8dfba666236eebb5
79:13	76903	e3a9745c587b3ed757667ceb83bdcc8665c2fb1bd4378b339cf6d4c3be60d752
79:14	56005	6666304ecfe592b92177efc8b14983ea226729e32ccc48af8fad2f2d3ac81a62
79:15	54960	402d24129e7052eff383726b61f829c7bade3a9fc8f030bbc71a7b64c727c158
79:16	91532	f0293f7e032ec369f4c0ac7311136b1b1358003046e83d56a26da8a65a23ed76
79:17	70843	6299d951079071ca294ce89978be86dd6121635d08356223f594ea8254116eab
79:18	73768	61fecdd066915201b1e92c73efc8250b0c3c50257ca6b997607abe1e183d7fb4
79:19	63319	e99cdc5e622509b6c868be8a287d5781b35d56888e2bf92f3e045bec005f6686
79:20	59349	419b4465c43768473db91e1c5dcc99b9e349a8f6febe8c746c9439e3c91a5a59
79:21	35525	35c7be3bac92be8582c631fce4b7816081b9c814dd7ac0541d8cdfcf8ef6eee5
79:22	48482	115f798f5bc2950c8dc902d8bff94ad49aad4e85bcdf2427383d2a9048350366
79:23	41376	ca027d732c95e8badf023062361b69d768e180c897090542ca4f2e4cacd1f95e
79:24	56005	daf5c73cb7794133558eb94bd5bbb197fb6294a07dd22174613858d6700f4c93
79:25	87143	e2d4ad86e709cc4824ebfdfef48bc0fffc7445a8cfaf31a16d21b6b4fdaa8be6
79:26	87352	05787250bfe11a15232a5d26f7bb4de09399761364db6082c102fa4b2f18a5b9
79:27	113892	4169a937ef78d32f17a49eb3e8e7ee7c97451def8984c311284e0c5cd03ba899
79:28	62692	0865f65490eece6f8faa15680c7dd4e1e358dc44e6aa3e2f6a1a7528f8a1c517
79:29	69589	146cd43d46925c6957580a5b54f860d10b6bd3c80c561bd180fea3e3a530525a
79:30	63319	87f6af646884bb6037fb635913de8b46c729f6dfff3e698bc2d18bdc728ac11a
79:31	79829	a09f10e57b665e3305f1bc211a7fa9509c7f1d41e51bc1cabb4db1928ce2f252
79:32	46810	265a395bf1cb844bf39992404a24273ff06bdf542db7f7cc5c44e54bd8e559a8
79:33	62274	8039ad1318739c4754586662c4b6d7d411464f16936174791d2b7565ddf53020
79:34	101981	d00acdd758fa63b5e1ccf82937b0adecd178f50147701dc0b6c9f670ba35d02e
79:35	82963	d440ead2cc670ae72477513a2ad4d73d4e38496cc6411559ed7f94e66846d210
79:36	64155	28bf3f98463a3a87aba9fd450b096cd012be649d6ba930a79a94df77b75c0299
79:37	60812	e919fc6c070a14944b24a25dc87a31fa52611990fb80c837ed1e4ece553050a1
79:38	54124	91c4e633c6372cea17a8d4ea4047b92738873321828f05a2ac1bad5bfac2c66d
79:39	59349	3e2c7cb2a30a3207dd3615ee2a44b8c7896c2d4280916bbb2b41e2d794cf1005
79:40	115564	2636adfb462cebf7c6a1db68412af53b8eabea4cfeba8a2f4d569c54a2822989
79:41	68753	34bc76d7a24caf7c9dfa4cef67eaea8d067b773fbb5e578660871cd5b9333bec
79:42	93203	be40dbff4428cc40526fda01d7290de8fb8ff9548d5a06d24c7fb583912d8385
79:43	63110	3bd2efdfd99bd0f912564a981acb3bc74b79fb4bd48aa207072b70d579c0c96e
79:44	61856	06f125583a8d166f736a58a96e89eb7cec4cfb898bfd1150b77de512ca0897af
79:45	95084	723f71545826ea334d3f9c0f16011428e9cfd93d29b4a86c578ca13e9964c8db
79:46	138134	d1ad970594c56b1aec7d0d6845f7027380d68ec8e5d55cf3ff07d992051c2f28
80:1	35316	b09197cefa122c58d39a98143dd5de42c93c76191f32371ee03c981b75debf8a
80:2	53079	c5107b1494efd72f581fadd007af601aa3d2ec6e423a6e0379ff6086d2da5759
80:3	66036	8dfcd34c4e5608531c949db84883b3530d6c0f065f658d0c2043a7a85b1cb54c
80:4	67499	d085555735b9ec8eae1e30c4bc6fc4b53a6571f633c1a08a03683585f5aa508b
80:5	43675	10e9758f6d45c222def9ac0b388cb3370bc728cd023e63acd4bd5531a7107bb2
80:6	44302	adee2a49ea978894755a5ad9fbdbf74a349d069f4331360d8df6bff4f0ff0049
80:7	61230	1585bcd73dafab29dbd229e6b79b39a38cc2471e0e4707cad1efdd09c854dc70
80:8	69171	39cc220d7aaf59abdaeaeff73e016bf04ad4429bf4dc9b9d0829cf625f0ae1bf
80:9	31136	e2d533e892da0e66cf5a51f0c87e87692d4fe2bfccd20d365ac21a87174f1934
80:10	48900	f1031678e288e5c2d9b9640f399ef426c63702c1105526fc2858b0d960c48fd7
80:11	59976	bc797c43ba6fa2f3779aeb89802e8bba651ecb094bfb055714a6b8d4d6cb0429
80:12	48691	67f171ee4df1178146d68402db4df461436b448d5dcec036850c46a3165b637d
80:13	43257	88b411f1c477a5a8a49e9fc3e99228296a5d152f88cd25fb90662e83c1a53da9
80:14	49527	6919c67b9beaab5bb8f333a65bc96726d35c2ddf8bde7cad49d6ead94ae1b2ff
80:15	33853	121377a1599f0c393a04289318007147ebc6ca0d1d2c94e620095b2471bc6a90
80:16	35525	b9e39579728dea75f2b58722651376b9ee5ff81236e006183b7c855253c19a52
80:17	59976	01da81c1c6922825fefd13d8b86453f6a766e49c6df8668e4771ed495268631a
80:18	35734	190cc08fecf28c78dcae4eb1ab80c365fe33644e8d96939ca7dcf8e1104832ba
80:19	47855	0f6d778ca665fa2749e3738dad4fa355f07db4e83af0dcb0cde18ce8628028e3
80:20	37197	3e8f4d2c1ad1870af7482bef758d9873bc94251e45a2f734882f1765a06873c7
80:21	41376	cd24c872e57362355ab485fba4eb1da52e671acff3ddb7ae271e9c2feab34751
80:22	65827	5b7805c4c442c28fb4fbb6d6fb695d3406bf233c1352655d37ef4770232aaba3
80:23	61021	f8d091eb2e44a49e1c265aa4303b56a24aa5d11f229fa0ab5fde203df5aa9ebf
80:24	63737	c6e476fb760040edf158f16a92b939b3935f65e15defed4987abcfca53f1e540
80:25	68753	32763aa396e01edddc4d07ed3040786ec322bd99b3eb141c0d5037e1c8250c3d
80:26	60185	b4999c189fc6d8a507a4848cad50777e43ed725e73dc5b8c0760d41c34258cca
80:27	48273	fa4a557486a768861f3a36cdaf61d288c65f04ae04b602c0312e217d357fdaf6
80:28	39287	53821cd0ee7cd5b2bd38cde9cdd6e8b7754d3e90c5b1744c79e6de6bd6cc2b0a
80:29	41168	62c67205628fba045d93e4752305fb4d750aaf7ceae499fe9ac85e2a4fcd1567
80:30	41376	5383e96e6a2e18bb7a1189b3d1c108aaa20065915c8d85828c9e73527938b549
80:31	40332	9418a5fbff26a04fecf0c5e3ee712d98922031d67c2f2e84b5129c0035c5a2b3
80:32	57468	16fbcfc0dfc10ec5d37344ab9a371c4c0ea4179a8c5d40b0c7a636728f082796
80:33	77321	ef3e4c8f92c6cd43201497f64e0204f73e18bcbc47007421c7d2add0fda6e236
80:34	67290	18918691c3221f09a16d779edfa94df8a4676f97f039753e6c3a6e304a591626
80:35	44720	a18d5b2c0970fcbcf4c73b5c47978e14e6e58f70220d6cb541b9367d49e26df5
80:36	48900	09943a3f02a7d5a30dd190d110e0b8beeb6611ba17d2ea1f337fc7801b77d7ca
80:37	92368	13502360d2b94d51454668e2dd2d6643263ad30932b757bb54aa5ee7c9d5e2bb
80:38	60394	409e1da9315a964776c5f917c95ae066c1434321ec5176b4599fe88975dbebd3
80:39	51408	e765835e00d50113203d78f18e7efc26236cebff2c8a94f0892d97608cc3037a
80:40	69380	4696a8d7985e286a44fa031fd3c06492ff36e4b8a6dd5519de258d901167bd74
80:41	38242	413b7eda038986a60fd1e1d68bd14412f00e9b8ed7945e9bef131926b07c05e0
80:42	62065	44760ff637447af49fcc2ce67369e528ad24afcba02c7750b5c77c5a57a8d607
81:1	41585	d59d9c6ecd3f49270986c734c224b52a264cae2b2b97839523139b9c34d06dfb
81:2	50990	241402a915460c3a063f5601dc34e4e6c9d6d88fa408277789fcdc78a79c5efe
81:3	43466	1bef62966af22dbb3e2df2c4a84ff6a45b28858a8f69ef21e59484891faa4a9e
81:4	45974	803a1136569d654b937440c863193d5548397f70a444cf40ae801c0e9b87e93e
81:5	41585	6d211ce3755a99e5452334b26fa61cd21740d0a41d89792797b726cc615e4635
81:6	45765	7cda631330e082b15785cab2a43511864ee38b82ba382fc6729b21852b2d7df1
81:7	48691	9b3775cb38fa59e47e537711d61013de7213195ae963e65a277a03387cc84e48
81:8	45556	ab64d19db52f8168776167418402b0c598fde2bb5f4e074cfec8d9a6b0cfb094
81:9	53079	a56d0349eca297ad48e0e0cf2e6badbd431bc18c5a76e86e508cb6ac4076d37c
81:10	42421	9b1aea82554942373737c4511ac5f1962863dc981ebf6906db5d38907b11f20c
81:11	48482	3bdcdbe17cc8c857ff18087f836a94136680dd655c4624c8c6db3a91bce84560
81:12	42003	ce9b76f36f962f168e815231b408d2be19b0d1d85819ea3b033622f23009e5c9
81:13	46392	0ea294153840406395eb53e2ffd568448d1962832000412d3dc0648e24b4a11f
81:14	68335	192dc3033f18a7c97be31a64ee31f86673335fe476f9c59cbd0b50bd5ea23f97
81:15	57677	104cc93ed4cd8a3e70aaf81b85231dc2252e077498a042c302cf9d1c3f37e5b2
81:16	43466	a9585b55cecccbf96a05b1c676168213e5f95ce44e4caefe6485ac218d0bdbfe
81:17	45765	8e9ec27b0a3d38390e23f4fe4cb13b076fc9256c5979384c2cc8438afa2c8a47
81:18	48273	a8f5aa4a27ef2e876fbd15216e966f9ef80956777dc188edf19e0d8db72d9e57
81:19	83381	7019f55b027d32566874572999f54d4807cdec65e0655087637f87dab1903071
81:20	73977	1602a73c0b2500df8f705a266535a9a6302cd98c112c57be0cbba0b7b3a1acab
81:21	56632	06d6d8dd7d1f5fe268d97ea739c6566469ab64a0d56b4621a3d70521716555f0
81:22	72514	73a466a509815ee7157820c5b73f0af57d819ad6d1e2706634afa50b9c26ab4e
81:23	60812	51977883a34ba9c6c9a7820698432270703af444a525bb944fc0678c6c9f8cb0
81:24	62692	63be43d4e08cc18899b6f46793e2c376081edd66a78b0ed2a276aae273a7881a
81:25	74604	95693f524131c1ad360fd41d64e569bc19652a45252213ac7d783c719681c728
81:26	37406	26f1b0a668c092e50f71861d83504c397c92d6638d43a0852a7d224b0f32b1e5
81:27	70425	f678b4b6295605899c28e7d9fab99b763e9f73c08a1a9cc3c606bd26543ac789
81:28	84844	d01204de909fcb06ace3ae6c46fcc3ca5f5c3b9495cb82a3c27f4a3706859e49
81:29	139806	1ae2e8ac11745a1aeaf91f64eab60b1ba94210f0ece8fb99772e0d243607025a
82:1	59976	52175ba880e13e3896ea8de2ae5c259f9de08fddc9eec6995c598f25275ac8b9
82:2	52243	7f8ee8d7f538d8da73cc4ba2bf47f6fa38230fa74d238b5ce31bda592fca25a0
82:3	46810	bedf7a11d8fb84148915ca5b2481296026a316ce1a2ed3192bce5cfd65a37008
82:4	43884	695b138a8744c63666d3c29025b9c07089e8a4fb2c8c1c221aa3fb86b860d730
82:5	70216	9413b420dbeee634526119be3aaf7adf1002068b8b5b0b8f5f57ee787e01e7a8
82:6	110340	1962bfcbce568df2205023a6c6ae2be8e0f9dfd63be3a215a3ef42b805f54f2f
82:7	68962	3c70d6bd0b148ad53a2f4f98091c388f4da113caed9642fa4121c1ea80302d39
82:8	87561	8c05be0ead14c5617dbc1e6eb0f859b242d1512dba39e87eeae4107fc01fd35d
82:9	67081	bc24fc8bf27372bfa6bca3f87471adbeb5bb978975f578d143c2de4693f7e8f8
82:10	73977	389f22a92ead7e169ce39e2e455c680ecb1b94458c27129334263f9d1c75fb7d
82:11	49527	b4b755235962c6a113782081229172f505847b7b8d081116d72aaec7e043ba70
82:12	65827	4bc71b444ad7b405c2dde21bb056f23c1f67488b3ad5332d7defcc0ff8927a5f
82:13	63319	cdae6bf35de0bdc4c8e7e86d86850d3c38bbed3a75dd2f99105e86ecab0a6a32
82:14	67290	73eadc6cacabaf1125ae7440080668a81ed180978c9c2220aa434c6a4fb5a6f0
82:15	58931	59d2518fd9d41fee4a118946e5db1b2316c945df250e6319c3fdb5b8aa2eb2e3
82:16	85680	fd136a42afa75e57b2bc4527b3bd19815e3666331fa066c0e21d82bf87808e63
82:17	77112	48087a50d18a050a6daffc78df496202fe2e2050782918a84a507ca274c1aa60
82:18	92368	6eeb49205cd97dc4d8b405666c09ee49a8950444b317cb99d1ba55d5c180e1b2
82:19	136671	f48ef01ee1d6ac8ba52fdea9a6c54a40df6d8215ff8614e4f83152dabfdb1a6c
83:1	47228	47cddd705bb25e6f0c21c2576bed7df373abe324d9c4ad51597ceaa43a2a872b
83:2	87352	f3543a31967e934872cd4a8dc088bc610c8c46b350f068f1c8260e30019882bb
83:3	92368	91ac7de9f96bedaff50ae099000afb573767277cd22077c90d8676b691ae6bf2
83:4	101563	0e3ca27f8840e729e4e917d5195acc6d21e0757851ac63ab587e9b514f66afee
83:5	40332	c6a102c35573e6a911b552aa43928be3614988febd7fc99a99184aee1dddfc75
83:6	89442	704882ad7c479a21f95ca084958725c8535792607b9ad9606fe3e864f5d754ee
83:7	105533	9033c0aba5f32da69d3c96fa0904514cc2de674ba62e6b69138f13b1d404f991
83:8	69589	080523e9a2a8ec7508b89f360d6f6c062c9a752670fa71478f71f3cdf881a192
83:9	51408	96eaeed1de164572fc7b2d7a32a9bc9cd6f1443cf068b9265cdb0bd14133f57b
83:10	84008	5fb0eff107efc760dd9bbbf33f8d7330979e4e1a80f1432680e0bfeff192ebe5
83:11	75858	63f145f58a62cf78414b28cb8ff68ad42abf269411a52d64ece2e6c10eb5c09e
83:12	101145	cca6904b19ad31a1a27a8670dc8080423b97b278d8279a3a31d19ca7b046e9bd
83:13	122043	fbd121aee9cfa63269a58fa5dd65b45538aa8965c9e3edc5a724fabc78d43c46
83:14	116818	f8947d9c6eff4cbe67de2d93ac33170a38b99a7c600033c396cf279883d279c5
83:15	118490	691f494e35c94b9b0119e2041d575e0f142807f01f8d08bf148ae26a76934197
83:16	72723	5105500235e6902b6adac810a2a8283f6971e7d1dc8dc583fdb6f2050300b5f3
83:17	117445	563d17eac137e2bee942f727a8de6fc85718e63a05c726bfe143f93b360d67b5
83:18	109922	fb0b14131c479a78e7009d90045b605e4d3b3f7fea9410d3a8f376a49e195999
83:19	74186	d8271f2272167751334c4b2f527f1e850cfb6b3a82260a061e6e4dcc6b5b27b7
83:20	52034	2d03e51a2e23204e627aa54e9e002981f2523f4679bd78b9bc0e930ffd972794
83:21	60812	12806c1bcb681b53d28e3bfcf6eee4e659a8403a965896b6ad41fdfee31caa5a
83:22	64364	44b6dc0012bae4762db741cf512a6ffc17a48525b9931f798a81ad2cf1e7c112
83:23	76694	d389e7e40ceb622c240c7068b6c9d3831cc2d444dd762aafca3b9be7446a85cb
83:24	87561	c251fe2852f1196595938604d12be120e5a786a5d3a8a5234178155dd69500f0
83:25	70007	cffa225a8df01ff949470f1b2bacad1cdabfa6311d46209283c714a1c3ac226b
83:26	130611	da62841254a570e74b598cede22f47b8b00bd753faf97e74f38dd1b4d70545a0
83:27	64991	3cba5dd9dd2b03a6d49b063f79f78a630f4b415f043b136a006a78005c31277d
83:28	77530	73c5c4423f92baf788ef902c4788a8dc23ca52aab057734dcf3a03470eed1c0e
83:29	129984	ee9bdbe2058ce38f79f470fb74cd911f745f408381f6dd4683a2bbf611ecd76a
83:30	76903	12ca1a03b35c555e01a0635dc20d7fcca9bb555e293d76eeb850e61962d7ba35
83:31	113265	d18e4c7134653fb5769f796b98ff478ab118fcaa50eb9eb51f86f04b59fa7ee5
83:32	168854	7b9a6dd5ee5b2e4b5a81943e78ff2e33a4240645e61633ace69c44cf09aa2c92
83:33	89233	4bdad091363c41c8afe1c97a689e22e08de9ca12cf9c2e438f2d9ec661ca027c
83:34	100727	56a133298f7a5112bc68097e78f5054135c86de161add9d007aa101bb91e73fc
83:35	66245	fae4445f0fd0988049e09d607eb3cf58f33f04d082a6704e13ef897a1541ebc9
83:36	88397	263a97b5ec3407ade2bc18cc4464e71e8664ebb2ba9ac44548431c7f47cdf134
84:1	63737	3e2ce9a8103ecd665cc6d954033c66a9c8870619dbe0c14c7f0a482ddb49c6f1
84:2	57886	327909c63f4536f20ccad72235a3becb3c971f322b2edb3655fe63d3a8d5c6ec
84:3	40541	1fdc7f4decc1626a744cd6328147e32ec99eb3b62a77d6a729d9ddcc23710037
84:4	59976	20461e4af748e292c288b60b187c6e715bac004de473f9ffa84453fdfdca55f3
84:5	61230	080bc77dbfd4028b0f2949a7aaf73d729ad50d7552424e053b47683b80a0f381
84:6	152136	06d6c9116adeda7cceaed264afc2f29a2339f8c07daf2a21bd42fc88719d2829
84:7	80665	54f1ae08fdb03e072d2be1d686561944e37a3a4ee250f9c2bfb7b31cf9a54986
84:8	72932	0576851e71b8fbbd8eaddca5cbd7f0a1b2dcfa6943d26b4912540527bf09b1d8
84:9	82963	bc9788221be1047f6517dfddb8799eb0dfc5bfb5fede8fb075717b6157ffd4aa
84:10	93412	4b0009265d07fbb2025a80aedc029f2203270b1f6af97be88f5dcbc37242fdbf
84:11	46183	dafa536ca586195e78392e623c57a6276c4234b70d8c9043713d3f6d9bdd4b4f
84:12	44302	2ccf8babf4e6d1b309aea4e8724c3b4db8c83861ee1955c9ac1ebcbb17051d04
84:13	86725	ecbf1ca892251707da09f8f35d8b16233df7a15fcac96d7620d8d2466615cec3
84:14	69589	56fd94aba8ad79a11455e569fee4e177c30318017f7b5d9ab099b8762126f868
84:15	96129	a468aea2e300bbda5be2f046d404e60dd06da7f66576c7e255119c20fa588bef
84:16	56214	84c406339fd6eb02997dff7f96da74449e612247f119d9437c973ff163d709ea
84:17	44302	1d74dcadf3f13795c751f2006bab01afde817e4c5add251f42168b28dfb233b7
84:18	36779	8dbcb18f0d0070f4b94184adbeafb0b29aa35573416f2963c70fc5883ae8005f
84:19	66245	8e7c3f2c09fd0ea9a3d50192de0ed2af4616f98e02f330221bd9eb49e607ca8b
84:20	54124	27c3dde897caa64c801cd6315af122d00c4fb304f744e0b13ca32aeb446ea5c2
84:21	91950	7ca015e85dcc2085696457d0ccf7dbb10f550bc0850e6eb2a11c4b70f8828f59
84:22	62692	337cff71f551546e0689ec223ac4350d9f2f4991e594bcd75682724e1a7b267a
84:23	74813	f8bd14f56d0138677e6d0965f3baa148188da16580bb314b6247d6dc845044e3
84:24	70425	7198c6965bd29cc826a29251e17d49c5a3f65d63213469fed3fc3fbce04f3507
84:25	127685	5d6bd2468ea66c0c1c8652d4dbb5732466dd784b730c3a4151da57e73ad115f5
85:1	70634	281e79aacc0d09b36d8821f83beb1b60660b8e54ea9578dfb1ef5e42a653a971
85:2	50781	a2196fdeb570eca7c1e2fc0e50bcca1661c9d7ff77aecafea1b012d1d710d679
85:3	53915	041e8ed6a874ab9eb7c431767e1f520e3ea109b77cdabb4089c077807a8216fb
85:4	54960	d0ff9c1c7b2a52c2f6618322abfbe1f163ef6531b140715baa83276a3b90eb37
85:5	55378	858c7bcb9343367c1ceadc1eb86e361bc6fca16ba78e01c27fb0af9af8b6bf58
85:6	54333	34ff5a667ed2937e67074daefe26015685f71e55aff8d613495d68c44b8fd105
85:7	105115	95a71f7a8e580455c74d6bc61c52f5caf6e0f00f773f0466b3fe3d2272d2749d
85:8	143776	6bc26fb9956a44dbaeead30244b47f58066e567e7bf6856d56779bab22e5e712
85:9	165301	0c298d1279fa5622878f7a5f88ca8ef2ed875c3fa66cddf6a8211cd964c77047
85:10	204381	4fca83d9711249b486a9456986c6be0ff848771a898bcc25142aa5321270143b
85:11	235728	6083863f1b882c980f0d2e65e65e6d930cd2db3ba2b3e231a90c3d001a0a7c8b
85:12	57677	e229abdfb24bf65c16c46bdc3d0b201e8d11d5d1feee1604eddf764dad90beb0
85:13	62274	f7fae0f31618120817de43081c4abc37fce7450a56e9810e18f5d7abab2b41fb
85:14	48273	cddb567b42fb80d9702fcd821d6d63315fd86b30313884e22bba8fb9d022c962
85:15	46601	df0882960b366fa99eceb4aa73de0aa3ba4b81f523758a7385daada58a26b9e6
85:16	56214	9c4a41657e65e25deeb21359ca32b9ef67d1afb0ba34af60cfc96c6b1b266032
85:17	57886	4076789ea376f9ed45f71bb70ba557809a290521e1f1840e44437edf42b15f3e
85:18	48482	01d43041dc2002db962b03f7ec2de135579d4404a20e269090d09179bba6f009
85:19	73559	5bf32eb91580abf42317b14c7a196059085cd4a98a4ddd308ded13f091041192
85:20	80874	2689b90dbec032ae41bce1f81ec65c665f03691caf306a16af7b9cb3e1ed400b
85:21	61856	7df51a292648ee1db4a3b08e659b5897418f73507eb387234f0ff925d34c5c4d
85:22	53915	60f2cc6323dc8705474f001cef1df6524e74eb9dc9fad6bb12116bfeda7c9a7e
86:1	52243	0ab4d499f9fbc587c5a441fbba19fba63e0b4abe1636a0ede222e758ca867ad4
86:2	58095	8f95c8aea28496fd059481c31800f2f59c2d2cc7ad62daaf7c774e243352e829
86:3	37824	672f4735209f83ed74eacffc19a7063d59ab99ee0d0139acd05541274a1a1c4e
86:4	82128	724ff034d59eab17b8a97fa3474ad2b53c1cf174cdab0167e411f17530fc8014
86:5	72096	1b0979d2e00b400942414b8a8b50ebcce3bb98bcbe41ddd9e93ea104b0743175
86:6	64155	4ae0e1b15245f7118b25c969df0046bfd55c62237e3ba39f094dccabca4dca07
86:7	74186	3be11d782e69bd74f274f1b2603d163291ce115f5bfacd304f3870e67894bd65
86:8	73559	5e7b38cfd962e545749d0aa9f1a1a102db95aac9b2ae7cf6db6518f44cb90ef8
86:9	52034	0db24f9d1d9e28770618254611287db82fda7d6ed157742e09fcbdca9ea0afe8
86:10	85889	c763d1dc630fc365c76443502904b44f08ffee0850545d045f183df14853d5a8
86:11	56423	29999b6655c9180134bea8b90b472cab5ab78b32eaf05c76ae68911127e89114
86:12	46601	467776f06b423b10e6517dbec48177d732af596111daa9162f69df7b5f36aca5
86:13	55169	ce310e76902e3a008146259df5b912fc01b3705f04766accab4dcded0b6597b0
86:14	42003	2872a9fb811523510114e07015e0e77098214e022e551006d79206ce09c70197
86:15	57259	c51d6d6cb0190e6b9657192f2778ed8897200070dd523b3341cf3b09e4575c85
86:16	36988	37ef57b09e5dc1fc299afa34f4f40807175277b7e01491c8536328139b6c6e6a
86:17	72932	0a2ccce1fe2292b812ffef72e49a05948be063d24b07de4236c47cb702b010da
87:1	54960	3d3f1079acd272dcf50d0603eb0411c74dd0f09c7e94e10c20c68207bafae20b
87:2	49736	5c01169b5266a770029b5d73b802cabe3cb01ac72765b3999a9a7e098ae1bc25
87:3	52661	272a523226a89d31efffb7396eb8ac2484cda1678d9c871b22ae0f8eee98b552
87:4	58722	3fafa416e71af927cfdac61025f2521981389c11b7340f59350217d4ecfe314d
87:5	64573	a8450be56fdc305f531ff65b62bdd6dac47035de0b2faca1246c9b767f26fdf8
87:6	56214	b739b3be5d487c0bed324f29000816a350e654017658f21e0c4daf0462e42f16
87:7	143776	4ac77cc35b65c2b26d9df795a137abe687530206ff797bd73608ae7b3bdbe573
87:8	50990	80e971d4643090a013c2418feb7e057a2391d5632161ccb61b119011ff362447
87:9	61856	f6cdde2288ce6b578016be074f987ae512bd118de9abbb7ebff48938006d26c1
87:10	57468	e516e47f7ee5babd5daa2b25b775da56b46c5792cd6f656de190f7702981d286
87:11	57050	db51ed6c5ee51f5616ff97b6e14a5a261ae1855751286f61ee775781085cbc07
87:12	57886	69800edcecc962f2cff0289c4f929a18ca92ed4622299d3214ff7071e9b16bf8
87:13	85680	c46551536547b72ba2163de13ecd6b01c49ed498788767f2b6d746aa4e62f3bd
87:14	52452	e2bb3ef26a53d498a07f9fece2a9f108ffaeb09909a769936df12c0b9e496c88
87:15	56841	5866963cb323bf8d4c4143a0f70fe716f5d1e796fe4929a03a11653447cec06c
87:16	67708	9dc6966ffdcf1900130493517aea64cbd6b195453dead0f1b2241c200e109113
87:17	60185	415c85d2a434e3df05d712cead839025808065f0b1ccba609bff7a209b87aec4
87:18	67499	1ef1fc24ee36fc2d9f8fcbf39855a2e0663c906281d9a9dfea6a5eb64bd162c3
87:19	58513	cf8ebfb39f5054c9d4e05fc39c2f958fa10b7762bd409d4af4b1106342f03ade
88:1	65200	a1d4284eb7a4466cd7165f05870fe52916be8f6426753973d5ed5e0fd72cbca4
88:2	68962	b1d428e333f8e17fad2dac2583524428b477119bc1e773889c018696bc4cac38
88:3	50154	7436825b82404105f765c39fdb264b4c0c1ee690c8516d9bdb55d97a02ff4adf
88:4	53915	3c364cb8d1d1abc32137132f3e81ab3473d8ef2456856f8f48c51ab0940aac52
88:5	59767	450dbcc9ae3495ad7f22ba729e95b2273b683aa2c16bf8261fd9fcaa074d4762
88:6	84635	f4dfa47781320da74cd180d4d7149d93f7fe679abdcd874b83971ff94904553a
88:7	90905	db0134b6bc9ca43b661021efae7b28120c045ac03e5ff7253dd24c3567eb8b28
88:8	64155	538bddcd5d586dbeeb0c5dc12895d2382b11c546611778d058bb7410793444a3
88:9	48900	5912a2262ef01dd3c31fb842404093a68e8de2ebb165c8617fdfa50d029345e2
88:10	53497	4afcbfa312ecb525a1ee07d8ebc3eb09bfc4fd1f8004d726d7979a51b79279d5
88:11	63737	fd382bb4d5446296d069871856fc223d5a5219dd599aa33378f0bd80453d22cc
88:12	59558	645497b043d98bc499bf3c9f6db853bc0374667a8d73599094238f31042e17ea
88:13	62065	809100176f119267352fbf6588d5ec4587343e63843ae21c0b1ee3b50d39e2f4
88:14	56841	dde2d8631960bd9d409ea31cfe475b3b82538ce6016eef2f5341c3bdd8d3d95b
88:15	50363	ffa0cb4c32e07977c28b6f4a9de979dec2abb99286b9e4dcbefd84f10a95632d
88:16	57050	cf19f1a19f31f662c4fbeaf3e7671980bd7da876791443bd5a0fca5211ea1cac
88:17	85889	254fabf66f142625ed4ab81600633f8c8bf172cfb6032182740cce30f8ce9cc1
88:18	69380	9560add75f4c3f9f8be433d84d98b9b4afd0467e2ca6e8d1635e67121b0353ea
88:19	57259	401e51c65d3f1356709a9a5d8228e1eade9b0b6f678a2305e42e37b9350fabcd
88:20	60812	14413ea21451cf8c9ae72561c6d06ec86a0b95eadeb9092abc9e77f4299ab811
88:21	82963	f521533bea3268c7a617a3527ddbe2ea996a02590855f3607c097bb583fd2494
88:22	60394	ee92ca50bad91f1501a8f3c8e98710d16799de8da590b1a8c34b41233e40a826
88:23	62692	df307b7cdfa47cec4501eefefec2ef2e64043dbc0a287c94fd263937e35d112c
88:24	78784	b6bbb1dc86dad8236d1d570793bd2427776a8a57ef4b8b7f8efda2ef408ab8b4
88:25	76276	8be72daf53ac32f17ea20733fe2bf760fc5cccf33aefb6494109698326a3908e
88:26	68962	c886015b088fbbceb9d59208bcf80d64fe5ed2e4fa9f4f72b5b5a071e05bf17b
89:1	30928	cf1c014c60b0df3fb12e0ef321fdc626c5196df6c25a89b8f9ad251ae51f448f
89:2	42212	9c7a1427009281a20b67b94c4d1b52535fcb34cfacb94d3f3522dcf8027d20a7
89:3	40541	61db59516a72b099ae9737886c3d5ac0e650b66c6b811e146c6388c0bfa30da7
89:4	45556	64be43e60bd2d46aa1362ab6df5a0f0cd3ece3648ba21e3a1939dc8ad7a1890d
89:5	66663	93cebdb4dcb6df3341da543e630d2396af4a2b0a26875ced01ceedfd406597ff
89:6	81501	25fe8f795a1f2841b07d936126159dba5981899e27e0942f2a08905c94db99df
89:7	49318	afb6f7d30813d9ceb51163abc74e4de55f551bdf49c9bee4323195889543e139
89:8	85262	c61e912500f9482c5eab03acd02eac0a0088287d1e4da9378156e65a2111569b
89:9	86098	615847a568fd30168a7bd05e4f80d9eed827a02964e7c61dc4d72493a4d15337
89:10	58304	45367af766419c047d972e2b8a2a3acd7b5206536c7a1a1dbf3b0cac0f28bd78
89:11	65827	e9febea9ff59e300f244478c44df47d33de16b5e29aac9c68ca732e97704e20b
89:12	59558	97f25e590fb0a13a8ddeb64ac6c1fd3f06327dbc0744c19552829e94fd61dfb0
89:13	76276	ab34028e646153949b7163231e8e777a4df3f0b776df56d8543f881a4670d524
89:14	78575	8a76dae9884c757b30d347a70c04f8f9cb527890d6953ff5d7573564b44cef13
89:15	186408	f9231f79c3c2b9f6fa3db40e9d8f6e788619f41b97b6c858784c747da4bb44fd
89:16	161540	f3953dd1a65723778aa7485b357c94f084de8da011960f5c7b4c184017f71bb5
89:17	91532	be4acd40a6f7e362a90b7c4f758c08fdf77bf33ffd78b06a993f04ba8b0c1c69
89:18	113683	2d6adddb75a243a2b6745a845f929ad2350020411830bf6bca18a6ca1c372313
89:19	80456	303ca2e5071f7984ad0cdcb53d91f04e7fc1ecf977c8815f81dda03a91ed68d9
89:20	76276	dbd4428db89616344a838ebb658957ae6e320855fb03be89271c5ca5f3de4be5
89:21	102608	697c1dae80099323154d2efd8fadf0a046460bcd2fc0990abfefe4c21994b238
89:22	94875	60c6ee2c1bf1f8e8f8dd78b7b35b3025132c01d6e6133335e5963d059df61e73
89:23	197902	2e6b01c031065f2c6b477a2065517b29ea18b15f902abd6ef59e7c04a5b755da
89:24	104697	1373e8339d92b96926a2ed0c8d760ca3dceef6a316aff40e52cedeac082be18b
89:25	89651	6721b0ddb1622c2f2ee7dc4f7afa909a997742300e77199ac6166a8683af6610
89:26	71888	0675c4cb1c05162b941dfadfb5b61a6a359b12dc5b2a8c59593afbff70b60cdd
89:27	91532	15d2bc08830ccc5491f4d8fad8461d44477768e1828b61a0e05b23bdad247226
89:28	97801	6c390eb366a94c211f39dd4c75c62a7f5780f1aa7b2a2b3fd929cb078fd02328
89:29	47646	56312409bb1e2a74ab2c479f5b7fb3bd6f77fbdab38390874d185096ead02800
89:30	55796	83acefa76c0e2a940f2a327fb21f0755b29ba8ff7df3857e0c4f477b15584a73
90:1	66454	d24e8a6fd89f037c8a4549c43891c87adc0b6139539968633f0d0b9a7a238837
90:2	63737	9c0d3e0fa1aadcafd2da2f64f4c18bb90565144e6479a422c04e00311c9cf557
90:3	50572	b5fcea5d68296b5a56a0ea12abfce6ba1b8c65435cd7719a85ac600fc9b62941
90:4	73977	79aabaf18293a5727b55756166b1a4bdaf67b771ac27fc3ac179cc2ba0e5f0e4
90:5	73350	ce1f9ee6b3f142176622b43646755fafbe1dc3ba2e571aa43a9657a0c2bb9892
90:6	62483	8e081124ea860f6cc8f9e25987804ee0950063d92c0e9e69864bb705f0921d84
90:7	76694	860a63d1a5050a51ec6d028c4e314e069b9c2a587e848cd66e47458f4944e485
90:8	61230	1eaf6b057f4604a3ee5b71b667c8847b64ffe24f11cb4e73184dd10a978bfdb5
90:9	61856	bd809cf8e26a5dc8fe86b54922c5bdf01ae559c881a2344b4099cd534825f97c
90:10	67917	cdc04a90b983829d162970e9e86778c8acf67760dbae6b5d7b0f65bed91d7964
90:11	44302	2e571fdbc47838f1a4d9e0433b1b5c20a20d555ca153c323fe608fc4f38ade12
90:12	63737	d7dbb5c524e2dd1247e7f7ece060f19819f3a4755ff32490979e2c11499a407f
90:13	48900	2c1729fb655c3463edbb63cfaa64734cb6f5c57cca19b42fd69d289a37de5f18
90:14	81919	c5468f572237427604397eb1850cd9013049a31b6943ece37f488ab5155782b8
90:15	54751	a2f02f8df3d00fb6d277910f2bfabd05b71782bce6db86f4e6edf7f048cb9aa5
90:16	59767	9aa209e09b145f7b318f81fc85999051ebb6beaa6b1e40bf5c05897c83a56b37
90:17	148792	7199bc942784d096f662119e290973868351b37c6c7fd6e2ac791c542bf80383
90:18	66872	b00c27ec6208e946113a1226c40f6afaf3398c4d9b9ca425c264dbb68bdb1950
90:19	109295	69066bf6dff64897332ad63cffa3f942a792c5ebe81c71166789ae0c19ba2b72
90:20	56423	16b95731ee74740fbcba75ce01f73877fb4528a30e6a1715a36011fc7dd0af33
91:1	40541	478d29ba2789dbdef5b82de2d6ace7970d54ce150a67251e05793c50fb679e5b
91:2	40332	53601931762bc0d641dc1995260422c846dd905446a48e0b1095deb8636966b4
91:3	51408	fa506a8db692a482dc95eb51cc8bc7caa0b787fe51ffa2e13b0cc26940de76c3
91:4	54960	5e5f788efe07f5e3805a5eac297d5d9cb2d7470242e6ac92774d56c334d516d0
91:5	60394	d801306820e7f93282ade65de4ebb237ac8735597c1911634ef4d103c56f7423
91:6	47019	6074f18b0ee0fcc8b87151665abbf457479df0126c0a7c6c8a0da71097576c41
91:7	55169	f49ae0f56cda242d522e6f04bbd754f73635c5ab1b4be50addf5b8b4005fcb6b
91:8	76485	ee8cd954454609e31dd1ff1bd16fbcb1767a0ca826980d222bb56ee7f17ef6a7
91:9	62483	3fd6e711104c5f7f65bf7d19ca4ce8ee9263f9117208b7fb4806b73ceb724712
91:10	56214	7242b5224d5301f08f9b9e7a0c8cd00349eff24da87031f725433be85a0ae7ca
91:11	62483	57f4157e2b6153040ed62570eba99c97f032e8fade57b8cf5b15bb739c95c657
91:12	49109	3ac94003f4864c00d873e009e617e47b1cb1fc6dfd487795640786cd2b3586ca
91:13	97592	558e7a3ceabfb07f0889f5fad4e33418ef687ba731c000cab5b6070a25f36723
91:14	136462	0377aea7029cb165b038454f446a60efcfc10db4a117d42bdb6814fcff2f7b8d
91:15	51199	f225df387452a7ed8d31cc29bb0f0ea9ee84f1225b694adcc046ae52c16061e3
92:1	46601	490a45c4bae4779ada6e7074736c6f5a7b1d986310e3c0a24df61b0f48759127
92:2	59767	13d6967c0f36c9c362b0775ba3eadf2edefe07253f3bc87b5c7cf8587dc0edc4
92:3	57886	52e6852bf4598bdbb5d3b6109924654bad9d65940b511bb90631cd93d45b4395
92:4	54124	49f617be0b636daa93798d714365fbb9c00d38a69136755ec6db55f9d1f22e05
92:5	61856	8196bcfb2dda598d22001d06b06a036e1db111bdfca32314f7ce8fc46d3d2828
92:6	44302	b80f4396abcbf30a924036d3df611f2b09c1dc490d652ef29aa3d7613ad3218a
92:7	56423	aa0acf2eef95df5e111b33a9ec9042eaab859460288271488c30d8ea72c74bf7
92:8	61021	0669a5d013379deabc335a0fd058ddece492654e40088989f06c13812f7b2508
92:9	40750	e3c436fb0022006cfd18600754fbe89f72a3777a1c3e554f74e1d2f394d43f5d
92:10	51825	f72d8e2d07efbf9f27563ad6db55a5d3662902f418c88d80ffaf9488c7bba866
92:11	94666	35c1ed1d01a3316a348e317c311c2abec072fe20351123920f471a58abacf27b
92:12	52870	3cd50d4e6d1debbda90db3c7321fb66ad782ceec94d72ca3fb43a16b79580ba3
92:13	71470	8df9f1301e01aee1fec2cfd83af8bbfd958d1c039215a884cd43cd42363ea8ac
92:14	69171	8efcba1c07d18a8ed0df169495d7077d7c26fd130be0e939ddcacedb9180fb88
92:15	65200	08857c2f4edf1cf74fe3140a577b96197c8e371663f17eae80c17fd5e195f450
92:16	51408	b82b940cade1dd0d8f96606c3bc428241079b6641df26e49210de6792e92e6bf
92:17	45347	cb7ba85998faf7fa6d1e0392659b30d14c0a4b31df8e1e3e3f4e3c6d0cb0b0d0
92:18	68335	6a48a6f1311ffa85cbefabffe940044db245c4908ce0305c04f83b8c96481bd7
92:19	91741	688c1bccf87bf56ab31140cb9ad0dbe59a11098bbb24bceb16cb233c5e7ef00f
92:20	75649	989a4df93da7151286bb53052f63c5d38ba61334bb2142e6b8cb95e265e213ce
92:21	34480	c220a5f8cc61e9161e42f2bb7f9e45a7fb019f1250903fc9d91c1a72bc714e21
93:1	25285	0114419e9eb7c71fef1529bd80596b72428f412fdc32b8e97a26d9c139aecf66
93:2	42839	e39c990da5b57ff05b6e22c03a8e4507184f56baede81deddfe03fda0f91c5eb
93:3	57050	6663b16e76beff3d88c9252c5654451e41e56c44b9891d9817400d5e1fde005d
93:4	69589	58eb7b9c55a140a9a6cc78592a8844ff39fd5c66a38310ef103333b6e9369c48
93:5	71261	aeea94a5255f9cde86a932eb1868c4cd0ce4523401501c066ae4003a1b42d3b4
93:6	61856	991419bed5288ecf7cedf793f63bf796233503e96fe7ccdea18c0bdc580c7589
93:7	71679	8aa256455d1bdf86f65214bcd67233b1735fd8c720bf4d63fbe7db6a880e88e4
93:8	69589	0c031dbea35ac18a145c78181476a317fa609a47b2edf22cf02bee5d01b330af
93:9	61021	ab918d6f14e3a7db030016834ac3a6f6c76560bbaa32d059cefa2605527e703f
93:10	73141	a931a1600f66b2b75147feb90349f2e73d365febef2bfc2ea3d27a730da40326
93:11	65618	398e6f35ce538f586b7e21d18fe56f336d59e2e6ba749c0a019a609b31f5ae5c
94:1	50781	bd19dd64292542cc4d387a8ddc2e2f592a194fa3efe49158f09b40a0e0125918
94:2	53079	fbdda37bfbcaec7056f485dd2fe1dc380384cc9cfc80cb5ebe29187a92590d81
94:3	59140	fa874d8eae060c55d480ba10392add644a7e6baf1ae88c613b42a7f6738c2212
94:4	50781	8bf0c43207e5e3693e6acf04b2c531829062d51608458ef94c3c113c23f57e23
94:5	58931	60850ffc6ca6fb219ce1eba072bc8113213a1c73b9e4b658bf8c8a3ec3b1aa09
94:6	51616	113205aa2be038d5895a3ebb9fd9d5825659c82034501c4036c932e32956280b
94:7	48064	d2c754e83a101df0623912d945509c3cbef40f65b4a6639484f7c7500f6fc849
94:8	43884	4c89195849e6f250a3b0928ebc0231d4e602747e61557b43cab875c819b8f64c
95:1	48691	c23e96bd982f13c74aa832828da422273045559b6f4a0bfce5e25cb35acfafde
95:2	39705	c12f0a7586c53eeac94091eb04969d30fe66a62045957fc4bc8e4cc414ef8b5c
95:3	50154	cab5b472dc69ba673b9839f3b26f60c1bc475005c65c069d177a22bf4dd2f12a
95:4	103443	1e9a637f6b792fc9373e791d7317783c970e2129332bcd7e580e2806b78ed101
95:5	76276	f24188d55fe2a59444f2c5570206a403a6f10aa04b7515f1d3809cb7ee617506
95:6	135626	39559e0860188ade1358f50b28400b8c431884c6914de1f785b4b4d41e0f9e1f
95:7	67290	8d9ef1071f69cc2b2d5c879614c10a12ef9d34c4cd7709fe1a2f1779a9e8e91b
95:8	69589	fee1c98fa1ecffc9a247b4a1913551b11e9f906e4acc0509da03a304b782a361
96:1	63528	17f47f7e4762c812a966d07ce38a5e23b9b68d5b70c5f9059b9ae25f56acdefa
96:2	57050	74d0e1c1c633d6cce7ad796bfe82f6a2711e33991807c7e86bdcabe73a123467
96:3	52661	93c968892f1b8e5cc20c3ba1f09ac2d24a5a17ec4c3956549e262d37e2fd5705
96:4	48482	87e1276e6e2ed57579c178dae02407d4f02af7af7b81d091105c8a3ab0219221
96:5	79202	84223cffa346bd7788aecfdd490f697cd5726e2cd810fadb1bbd8cb8a54ae2a4
96:6	85680	6d47413dbdbea482ef157cf84d1abe931e36ee5bdda77bcb2568666f83d4cdd8
96:7	41376	ab2722ea233b9979f7986c244073405872f4919445a71f0a3bb1c6d21e2a905e
96:8	70007	0eeef57226dd064736949895c052741da8c34d9a367fb82f982d20b4a685676e
96:9	49945	3141a076231f43e9b7bb6215d1c1d6e40182e6c1ce814059be3a9a6c4ec08e4c
96:10	51408	20eb4514e825b8ebcbf06340b45136c64ffb9c204e626f6e5a549bbaa2f44684
96:11	61230	1887674b072c26aa228d02edf1a4a3da306ccd6d4d397bbf8842262718d909ae
96:12	43048	9ac8cae8225ca2d65dfd0c9066e155d9fa460b56e9230d0743f3cb39b8cd6a45
96:13	61856	d3871c3d233a5b55fdca3da2a62a029078b1614a34109c6dea1e164eb9dd6de0
96:14	74186	e8259f0965741352507cb6194329b9631b0f6e473cc42d482085f9d12c03de79
96:15	104906	fa1e956b8e5272d2c4aa4fa5336431d1d22fd09a2775d7ecc19c524d8147b745
96:16	70634	c2ab03a4a74826617e714f3e82a70c07ea96cdfb436f0a43811076d3ce683576
96:17	41168	541f59b6f179a61888e1605925b9016f0d7af8b4c5122407cc64c5cfdb841f95
96:18	43466	054d171b6931053c155e2ebf7b5017d0f9814d19b8e321771fabc754ba3691c4
96:19	67290	8422ca7b8d771b690bf23e0c0b398b4428bf26848d14345a5ddf2ac499a71d2a
97:1	95920	e0ec252c0acc56ca95cc19eb8e921fa95ce7434746eb33bb77782985e2cda213
97:2	74813	8668d1870e932fdf8a64f6aa224e07223f050cda9a95705d3ef92f36e0f0e5ed
97:3	79411	0d76bfcb5b1bd420a5e849d3eaceef5be63fabc4361b3b206ffe16496a12adab
97:4	138552	eba521a18e96e0de4ee2645df8390dc269adc06476d983864f01b74101edf609
97:5	61021	9c56f4974e42dcffdaadacd534769fb7df750597dce94ef305085ba1dfd6fd27
98:1	183483	d223c9dede9d44261679f9d166c9c8eae1973b914b52e4888109efaca7c80b67
98:2	96965	05f1b56980f1fbebd992de7bb06c6d533d0c26594a1d8f915608acd2dca2b82b
98:3	53497	324e906c6f9ce0227b4867af512802562e3faaf7227f20e8e90a4af408022a46
98:4	156315	901b94a6d95210db4bf5786e1e333b8158b3b2bd7c838529bb855ab5a080db66
98:5	249729	8e1c3e043eefd203e0b9e9d403cae83819b41b4b7317b21aa472c1beba32b529
98:6	215248	b01d36a595a161d5ae416ed257bb0634d210561aed9924f57549c1a9e3cce586
98:7	142941	a213ad25f388b57d6b8cbe2530bcd59248009a992bdde15b3490bea099ccf861
98:8	306154	d81bda130304bf87eb7756053172121782bf38e953e2f1c622468b270f15bd50
99:1	68544	e5b5c5ae2c01fa0d163191d6f436f30aedb40baf3c8b4758f27fd27ea0540abf
99:2	60603	00774180b7f4da59272b98895a50904020a8af3a244eb1efcc2101a4017cde77
99:3	63946	2eaf3568e6bc322f1face1984eb144b1fca49bc3f22a37786b3528fe59e45dcb
99:4	70425	6f8df08ab53a77d2a6157be7408a17bd880d8392d527ba8271d410d5c08f6d74
99:5	61021	d87eb36e856923ec4b3dc5120540af5902c48d2172095d370f304e2952eeb08c
99:6	112639	acf7a06af8ef3e41fd94a254b20f7f9aff84cf787ba0589139bde2e59dfee403
99:7	94457	63a3ecc762cdb8d320a0b00558486e44a922cb0c681ce0ed0954d63eaa40f313
99:8	89024	371c5ad5d4140eb6a70a652930446fe97e00f491e1283eb3fec7ebd67674a6a8
100:1	46601	76f4469ece9cb09e27cd1fcad2ab090bf2b10f2fc2f1c82a21c37d8a90da8e6a
100:2	46392	95285fd44e66928350255ed09198f7d296624bf52634173073f1291fab404f14
100:3	43466	429f7f9201965f89de2a6ad0af625843be55200654996d0c4a7a56a997a337a4
100:4	44720	15bff404dbb251f8525b1280b90124fc0bc1754cd610d409504c94bb79ddb5f3
100:5	46810	c7ffe3ee16e648810ca2e845701fd5350afffd65bef859554ba2ddcf0674c481
100:6	85680	4be099b0a0ebc5dd5d1cfb4075031948cffe2f348db971e6721558c953bd478e
100:7	66872	24ee897eff3e73794978c6814638f401f92a706cb01610ef0f7f9d6543104981
100:8	76067	fdeefdae83feda9db3f65b9a73d4730740a2f5350b2dc582e9cc8f0da86febe0
100:9	78157	1c8b17b9fc47abe838269b82ed4529b70040983cb9611c61e5d37ac51e7f775b
100:10	48482	18a872b5beef3713fd3ca3a8d39373fb1630777a5a99e2c3a0adf83ef4ec4e13
100:11	85262	a074912a21c7b3c7acf1f578fdc74ce8f49beb776ed99aab653658a388c52438
101:1	30719	3a0542eba22be252bae5b9f79bdea5962ea058bba2189b54b1e67fbf8285123a
101:2	30928	4a13c42faa1ac14fc8c5a1d6e58e2a2e60c118ad6029706b45671ab4cf275712
101:3	63319	11e6599c5496dbf0f3903273b66202420ea3184eb5109812e1ac3372e7461c6e
101:4	86934	ef7898067ad6e2a44c6a121f0069c39dffdefef1368b2179cb47bbbfabcf0aa3
101:5	89024	ae12d6033d137961af566cefe743faec733d24427d3af4b6c90ac1dfa14bac00
101:6	69171	aa5be346798b9c046f49e34f87e8652bc24c7bb762d18fa2458bbca64e6b30cd
101:7	57259	9843110adda8f72e88ea7a33d36f2e7fc8d56977081cd53eac46e848408e6d22
101:8	66454	e7df59232811ae7d60e29a3b2f37c6e23a7a004a05dd50ead8c4f0711339f1c0
101:9	44093	151f3b6ad430dd61ea052de9bedcdc8cfd6e87c59c8299ce3eafe5cbcb6e9fb7
101:10	56632	df4dd8a94f1f06f3eb46782ca69c29944de735e86b2f121aa719143977baecae
101:11	42421	76ba3eae7d3b603675cb19dfed6bbde8dbb8622e8cc61c1432322f3d422e8802
102:1	43257	6297b2ac9a13ba6e93f6a8e857c1be49dc5b32d7a86d69401993fe9043092089
102:2	48691	95ee1e93c1d85da78bac060567ec5ae908da98e82e5a6e403ee37d1709823f1b
102:3	54333	56c1b21c50e6d29d20e3cab14395cd538f4e20d87dfb326dc1df6eb5c32e3f9f
102:4	75649	1b49d88007c80a79617a44df022515a365d290da64b7254dc32b7e0ed1b53680
102:5	73559	3c21a6ea8fbc035eb2d40f33b2d9610c4dcf97c6870271f3cce409a5d504a615
102:6	48691	e89976198e9d7f038ad01ea851154d81ffd6b950dc957436902c41dd39bccc14
102:7	73768	99eb1580db8ffda919b42fb192709413c21a74f23d212af13b8bc231fed68eed
102:8	95084	2790eb9eca0efd0d0f465f81c32dd53f3f33a3daddccf12ad0912e65d343dcda
103:1	22986	9d89913e5780b9e877c5a03058df886dc9216ffed779d418b145a1a115fbfd6e
103:2	57468	3ad6209b25cda107c1d865a59c0a6097e66797435d9b2b071bb7017c9cc754eb
103:3	157778	d6049332e4566d57bac5a9e7b71ada9a116b797c07d32ea6db8703c24ecc92f2
104:1	55587	61987bdbf13d4fdab34a0531d1a9b0bf7a3768d3d9f1904878672b1354e62a78
104:2	64155	e7b3ae3a2e6ea41ddc10e7827006d8728a84bc39a9aa19e572879d1f5fc3b1e4
104:3	66454	918fd58b1b66418580f8126829b582d1779cda368a74ecb2127d5717dc3b75ef
104:4	73141	c0741a1b9a76cc7d0ea1fff9dffe0b8cd0cee7a95a2cb8bfaae1225c2ffe2bbf
104:5	62274	c46ad2fc3a3677519a51b245f6e30c04e7ce2161d42245b740d9302aa4972cd5
104:6	55378	4052dcef479c3333f37eaa4c6bfdaa425c6a1431bc82c95aff78c34adeeb7a7e
104:7	61856	b6f4ce286323afdc3889f158e2e14de41401fe17a46bbde0480ed29174acf96d
104:8	58095	13fe5f0df99aa421915b5598120eadb613d9a940d6a5141226f0742b2bbad267
104:9	49945	88667b8eefb185f207bf40d40f9df0ede2cc0e68bc0e25ce506ef3d419614151
105:1	83381	44a135cbf00403891871513135f2d2365ec0b721abd58470fcde1b472e77579d
105:2	68335	3fbc56c18ba428ce1218e184c06b7db32434140c58dbdd466054609efe4c7872
105:3	75440	4511477e340d82dbe284eb4914af0b8cdb409f309245c5bfbb07d14acea97de3
105:4	79411	a5dd70f4187d78416dec917764e7b0d5e64794c7812e6cf026a998880c272083
105:5	68753	32f11f68785d4382f0493e8ffed6ba940ec4d161654f425527eab473f0cc6d01
106:1	47437	5770d325288cb6af559a1cbeeaf0e452bdca339837a555124b3aa082080966ef
106:2	88188	5780c9a33160cce1819312331b6c205748b71c6a035d6f37a0e65825a625bb00
106:3	70843	42045a9954813e87b0f3f4894bd76702ac334129dad281012c5977cbfa504a18
106:4	117863	ef9743fbaffe44d1fc0e8314e9cacc8c4b43b29879b7c2514db0baed7ff5be03
107:1	66872	38c01a1b5862f7963fd8281a46e37e2da1c821723c53e77f47112f507f7e595b
107:2	65409	6f85802e896f1ec663e47deb0401c0d77ae772f53bd4fbd8ec469c3de53a0db0
107:3	71888	de0eb0b9d357d90409c88ec6cbc8d0b85ac3c3c8325467b6dc94ee322700d85c
107:4	50572	03bf538248599259097b6f58078f5bba7ef94eec7e679d62eb92cbddeaafca6d
107:5	83172	878fd5000480f88ae4ec8cdcaa978b1ca7619f5c89d8192b10c6cde6eb8dd9ae
107:6	63737	d3a113a646da2e4d8798fdb287185f814ad0c0faedea56b2187999e300e840a6
107:7	54960	1b4c82336daa7a99bb0560f0e3aa03c714ffe06ca69135f3f5748797ff8188b7
108:1	72305	e7f091fdde68a5cd6d03c181b1b52a00c7329a52beb0f979960bd20c343e293a
108:2	47019	f172a946c0e768619d45ed5609cd7b6196adbbeb956970d0fbab752a738c670d
108:3	63528	846e2f9c7dbd531aaf5e7367e8b161d6a67292dba11ed11714e7e772060e936e
109:1	78366	0d1066bf62c9ffb34972371e3222bc755801c18e2927a084ca170d4946f6ab5e
109:2	61648	d09233783b2b3ea976d1d52f38e949ae643d5c2edae97db14ed9982b65c31145
109:3	85889	6a81637e410590dc070742b0904e4f3dd03bcbeb8aba79ccf3ef588ffc9e3480
109:4	71261	63e699903d033bb6b2936424efca9d32ff0be3f1ad87c99b2f1a396358780f8b
109:5	82754	11dc0941eb73b4dd2764e5b4559b5f2d911a9358d94e042ca320fc805b9a75cc
109:6	57259	8eae5beecb3833205b5345015baa4118c1b96f7981ba4a1d6b63347ce63ff020
110:1	74813	d68f1b917c9d2c1669d8439eed0b974f74708802fcd69a8982a07a94f65e4f52
110:2	103861	e15982be29f4cf259d0148a88cf96006fd5e83325989505bbc0440ef62bd8a24
110:3	129357	eae33346f0ad8992d0d5c1c5c1fa7b8e1ed7c5383d0f33766a94df0cff440bf3
111:1	77739	eb619ddff4894bfa5479975dcbf9a8db13feb33722a60d7def7bd2bff6a8b5ee
111:2	82336	495a6bc406077bffd35cd46804160deb90804a29f32d5c622ad77d2b2efd70c5
111:3	63319	f52b444c919504c2348a094f1d50cd47df7c60871423c3c6d8de474434b2efab
111:4	60603	c683ec1dc70da68d1ff236dbadea49ddc09290265784762a3cde6eacfe800b2c
111:5	65200	1a8493b5e641fcc1335a099fa7c6b2b660594d7b472613c4bc8ad1651b4e570a
112:1	47437	991ef4c352c841d4f832ca3b133c1df46120ed713a08caa0a28100d7049fdf7d
112:2	41168	f6dc6fb371e04f79c36b8b5c68896a5a5716a45d0bc2eeeec94d4be41f7077a4
112:3	48273	5d7ecaafdbbbdbca78ff144bee6d71959af804f852f671d3f2da17f96c74f42b
112:4	65827	4d39323e420aa6eb73d92690fe1ade546275a37f5f03c7eceb64218582fd2c22
113:1	51199	91036a95499f945a28b9f43c43f58800146ee4e3bd91d3ce77af5084278fa7b4
113:2	44511	1d5ae12087369ab9d60b19859cacaf79982831a7bd9e73d11de6d94d4f4f513b
113:3	62065	29cc0af333125c7f074ba29e11c2424d891148648ca4911da09b36f6b015d45e
113:4	74604	29e243c97e9b88eb7aeeeb275953b8ddc6bbb987a897255be0ce0309f22c770b
113:5	62901	7d2cd272228fcc3cb21868b66a424fad9921f00b9c4af04a0c72ca7914c38c2f
114:1	64155	948d56169166a2cc40669e362654db3d76e04e5a37cc5426e5f13811649e63d3
114:2	38451	69ca77de149dba6bb160b5d376f92cf1d531b7ebe10a4ced5a1135b34f2e49bc
114:3	40541	eb2ec5057b1e20b0186b574032f2937fee49ccea1ebdcfec7d0dfcb200e525a9
114:4	76276	95b33059fd1e26263a2fd3f634f80fa35d4634228f8bccb14394b5f84e839ccd
114:5	84635	f4903c524557f6a6c56b7f3fb1c068aa982ba207f59d15674337682f42b7540e
114:6	68753	bf3ab3d20cbf10bc4de237d01b626a2722b4473b4551a323c358e9eec8d46853
