key	bytes	sha256
1:1	126986	f4dff7d7b3624f4ad760f147425d6b63381d12852e258717641f9b605944dcb6
1:2	133130	9717bbf9cf97e0ab38c59890e4e56a5533078073d7bcf34a9a51b7b4f89ef863
1:3	96266	f58ae5ff1f7b056d22d29d17161d84e1e6ec3232d35099e2ec92ded07d49e56b
1:4	96266	4c0c5741098f0599a3133492e6dd8a2cdf3c716ff732a78064c4a3749284cccd
1:5	149514	26ce1573bf520355a77b7cf674b162cb98769558436f87dfb4abeddd11d3db68
1:6	114698	e13a1b33937d53fa3236d00b054ed0ddf8f5ff49b21ecebc2f98dc4f294af839
1:7	329738	b9dd9a11289b55bbdd6c0e8d739a6340c22093fa7366c971710194a55206b77e
2:1	194570	0842e483356639714c3804ea4bcf76065b3cd7579de3e95b30830533af6b679b
2:2	227338	cb15d11b5d7c1290c70b54fe2d650472f072f9b70624273d4c270ec1dbd39f2a
2:3	354314	57f371101eea47926845e8fb0db1ab80205694dfde98d814a2c273b7f02e6ecb
2:4	323594	3f31cf970358287fce4fcf461bb6d20e8b89ebe425b496c320d2c422f0832ee6
2:5	317450	5246bd2332a4940c36fd070a94c98242de8cec5e83d75f6963f5286a649188fc
2:6	411658	3efb13ac4e6e85748ca5db8773bc5f33e546ffdabbb26011eb93ce6a7702524d
2:7	421898	357e7ae74d2b9bb547e3d09f4129acd4eb4779eccf2278ea14fc5f35d9d87740
2:8	294922	ebcce4e4e009f6a51a68ef9a21765f845660791385a241a4b70cf20d1a3c2759
2:9	522250	3956fd9ab26f82c772afde0de1a22c68ec881563b80eb11304fce22a1a72d404
2:10	403466	0595605b17bbe529977cd3989de9aeda72c14997a745959aa14236d710b8e2fa
2:11	286730	85586a709720ff5fb425c8fb26451b5e9460dc2f3970df0244a2f8c091a22cde
2:12	243722	06977d83c0ca45cbc52be30b196648b2297648d7b10889210bcc1fa9d3f2d421
2:13	727050	4da815c099f4ba6f09e3e003f94b80d8b1fb4b5a33913d3c558859fe314de293
2:14	544778	4409959e36f507bbe795ce11103bcf790ea31a71d2b29dcdfb20ca013009376a
2:15	243722	a4bb4c7c3e8a229fa493d82b7dad883052a766d41b687a3bf4a1e523907ac59f
2:16	462858	e01c36ad0f79889fd73bdb09ef5409e724e3e2dc7704c8f2206b1b5d76619a75
2:17	745482	d90f7a07d2911e91ad516f71bbc581e3c25db50111d4f07cecc2c2e83361a642
2:18	225290	1c446dc2f6a2e745991a989c8368d40af07b16e88db33e89dd29dff440ca5227
2:19	698378	6de049696812ecf4fdc6e9b878e4df744bd219375ebd17440cdd48076b1fd858
2:20	950282	d145336bc8eb24d4a01879db49ebd8b063bf5363b1f4ffd71ce2ba8141ae5ad4
2:21	546826	0c4d8aff411696e8935acf6052d721b499ce7852ebe3acc0d4d248c64170fec0
2:22	841738	f57555e63fe8353b597c181ba95773e78a0f2f1b1c5cf6ae1acc879994343a85
2:23	710666	394dfe182a90df2065e2e02feebbded0f9c8ddcabe6bf950a2e2de50e1ab0915
2:24	571402	aff49cd6076c89310f4c6f789323c6fc98eb853777f16806a35e1a63ca5f9740
2:25	1275914	b1785e98dd590c506238c1807a14e19ac0ba80ffd0596fb47041c14e5c057bee
2:26	1198090	83353ee81e46bde64a63ec306043b1eb2cfc99c3a38f7fe504ebd538f4249ffe
2:27	706570	94cf1ddff18a0e675ce573ae2dab25ad867798877b8225fd92c977b9d640dc1a
2:28	473098	c60c992ec2b590c68c0b3ef8bff44556a7e03b93a4ce23d7d7bc90bf83e3ee80
2:29	645130	353231b220b1aa43b4fa4665e2c52344c433fe380a463141b22694f2b203d613
2:30	976906	9597a5ab72e10476635fa9b86a74d5e8ae2ce1ea3ac1040f81bd641932cb93fc
2:31	679946	c7731fb854a3bb7240b442bca6c93cf2a853e84974ab9ff229b64d6a54c7a8ec
2:32	407562	28f04bac4c60fac2aa8c2aee2800255e35d83f8246703b55b9ab693d28dd672f
2:33	1005578	a3cb6e5737f5b443cd2c1054504f2da7e8d0e9ebf5f5193fb31a47d4a9c09a84
2:34	516106	c1c87c20137b04cca1cf4ee577bd4aaa565c5e4f3ef8b194ccd4eec9415167e4
2:35	698378	e3cf0a7563c2b420d716e7b360d2da010fb85362d11df667298d56f37223ade0
2:36	608266	2d2caf01753aa226e8d2ab8d310d8d9f0710f7ca003791d09fba311a3175c1df
2:37	421898	9416d3ba73478afc41c4c2c19b89ea0fadc795ee8511e25f69947b5033f4b3d1
2:38	784394	d9e63de2f50b30b01651f7aa656cf81e0add368a5709f77814eb5e67f2d251bc
2:39	438282	e188f49034df3e410038bcedb9f43a5ee01432aeac3c4dcd15f29cdd0b32a0f2
2:40	585738	4fdce7ad099ed1074307f76fbd8bf26aacb94c41d0d4ceb7bda389982e0b660a
2:41	749578	a6e7f8f43492eb8fc38dcecec2c6e2a4106738a550238994938465622a05b78f
2:42	272394	557f5c1a7f9fcc15c207dde064a6ea581f70df7da0de6459b9f931ffd5b49f7f
2:43	229386	109c59a3fcc04a8d41c7aee222b1a0c496288ce30533bd60e31484f6f4021f77
2:44	450570	e9c36804ac0ddea457683aecbcdc8870ee2f3e886e929437f7f76673ecaae188
2:45	344074	6c25d6e02799e529036de0d2c37cfa29b632cd30dd945984582587f55aa4f2bd
2:46	319498	67dbadcd6f4ce6c13ff00543b7459f4ec89416f5d9a01b05966b3afa170b9918
2:47	614410	f8d7f1c3c7f36e6821c00121ed00857f37b9640f9815e533e2fd8ba517ae50fb
2:48	626698	cdfb8ac6263d100684a540abcf58d8403976d1a1faeeff9647bf7853797f5832
2:49	755722	a91dc0fa7509f6a15417b4c0c0a3affcd76874ef86a00b197f22bf98b5c2f11b
2:50	376842	f093aa675e66d0a6ea359340319aa014764aa69399ccd172e116cfebcb165eb7
2:51	514058	37488082feeb0e7a47fe605a6e48d44440d37c008a5db3bfa5b0c603c3eebfc2
2:52	294922	8067647626f0da129f5d96d85adb97ac00d0c4be6c2d1909632684b560caf739
2:53	274442	4945f115b2c8ad3177f7410693f0df6be154fde15ddc10ff0f536d89f5668239
2:54	960522	ba9ccba802179da75d03565e49f95d34e68be9926ef3d9610da57069ceba8601
2:55	460810	f053e6782de53a1293bcf6a9718f7f31a7fe33fe7f3f0d9fba77663f2c7d44a8
2:56	270346	5b465675a2b4a4dce266fbb1a262dea1a98d026b54c31876db4ef57198d77956
2:57	675850	2c39701a3116ff50f331ed84a976d501c6bac7404892765e879ba8f9988d47bc
2:58	770058	f22b10986c38750acfdd2073570c909b7e22111f4c5b798ffb3d631d7744c212
2:59	536586	825880ca39e54c73c368735286777c83468412ac5f9ab88a96a60fcee45d456b
2:60	786442	fe0d45864a80a507283d92a82b00edcbef1422bbab5c1795720704be4051de05
2:61	2043914	509609e687912fca767840933df7592032a81eb8997bdd9c8501a32e5912f100
2:62	845834	d0beaf9ebad641adf38fa5a1b8325df2646cd361bc5842f212fc56618aacb551
2:63	567306	0bc02d07fb3c8f1933ebe7da3d6fa06f26b4105eeb0ccfa61ecd5157e15e3d37
2:64	442378	8fb54dbdb3aa13cbda18fcd3bcc0cc019919058063ed333e92a2eb8a4a19d565
2:65	421898	18290161217eda18b4f755ee0821ea8f2b222b5d0ea7e60c00bcdb904f2ea4ff
2:66	315402	acc0ae43691457bafab257b7df0d1765e02dd3e0fcbbbbb8943c22c1ab63b37e
2:67	661514	d0c8db306667f21988417d3512b0cfbcdee002b91fa6ca753741fb114ce6b6aa
2:68	655370	bbad840a9f58358df77589b76ac258a1b2a3c9b106098fed9cf746ad6d948c4f
2:69	671754	37d3c08c32ed0f9eac4dd66a7d86706c92b31bb617cb7e35db227e8ecb8608ff
2:70	598026	febafea19a8b7f14a5c46520996f4a2d1fdf1a12c45c6cc62a1f9269034aa507
2:71	833546	a820151b75b9f6165d3d981b7fd1f29ea365dfa624227b8aadaed5da52d386c8
2:72	417802	4dbdf002157ecc1243c85f5c255463f4c932cf3c76ff9e3c1423451a77bced84
2:73	436234	9f59e0dff3dede7b569e8ed86ec3139123da630ffc58fac3b9584ead01465025
2:74	1222666	24c00654c1b4dabc1e736d979efc77e7c4a591fb725cabac6c6c9ce6d0f940ce
2:75	667658	92a363334bb98c137e1f0f1f0503a1bd6b6a9ff0bde2478272bcb1c17c1ae75d
2:76	868362	1aec4c2bbfad1143eb77c657e1d8d917765a85eb01df653201e2b8df5f34f722
2:77	262154	ddc45210e5c4e21b778aa935fd07b383c5ca9f2399588c8790846ba0261f1811
2:78	362506	3fac3bdb8eb04e64da51b000a481d5943be968f05105e06163a3b31fd3ffa10e
2:79	843786	41aa3f89c4f6e0cbe9bd11622e5f212a1495dadb9d69fa81d5acf4fb8e9422e5
2:80	714762	bea445267d84a78e342384527427d9c6fde829ce5b9bc533a7b3973268c960cc
2:81	579594	d44a57a98fb83b308108b7ba44fc36c7aab42c3bf50b88dcc9a55551cbd0d431
2:82	423946	088bc8d23d9543cf4724be7eb0f6e58705038bdde9474dedd15d7d8e2be50a60
2:83	1323018	69207f065fdaf6e24822f27ee9eaf04bdc948c71cc9d73c5faf3e34d5212c50d
2:84	688138	4377d03a1d8ee98de1e5a972af0dff973d212728c47b80a214a6db1109f97a28
2:85	2205706	91de4dd2bffe091b693bc4a90b176d2c0993bdb8a56241b0755bdc4d59df842c
2:86	499722	933851d46dee25893f9abe3e8cbc2f8ea21835033d6d6f7780cd5b8596578c61
2:87	1146890	6d1b9e001c95e45f4c45d7a7b61636883b763186e490ce1ba8871405b0dcfbb0
2:88	362506	86fa4605e32bbf593c1e15b3702e956d317fa96d346ecff6a88e9d7b7eb6705c
2:89	874506	71246637057a74c2dda888a14c1e26651c1a78d1fa7ee65954a37c2449947bfb
2:90	1304586	f9b41bbb566276816fd210471fa7aede67fd114f1a7b4cb5b75f1ff0e48e7fdc
2:91	1124362	727ec7832fef9fafeeac795f78379bf6cd2d5536daab3e270b6194194f507708
2:92	516106	5843b4efa879afa714d488e132a19fcaad42853778a57267d75f4c49127c63a3
2:93	1132554	51e3d5fa75b95dcc02cb8c01ab71dc46be9ea54bb80866dbd6e11c29ac20d335
2:94	567306	0b3d6627a6062a60fab448ce65fe9df5f2c49e93292479da43d8ef87652015ff
2:95	434186	c44c36cbad2407e302fdb958f41766563c428d9bdbff4f6e44245d440b973aa5
2:96	954378	b13182acb922e04af2576f86ff60051a2286e98b94bd39dd9e0bfbf838aa84c8
2:97	602122	c417eb743ba07b0809e225c53ae084dd627c3cec3a7a80c258fe69591866e9c1
2:98	530442	f82bd77245512a07ccee45ad2c08fcde89bdae5426848ae08670898039dd39ca
2:99	466954	b362f7d68f65aa24abb16799ab7db7d0aa978e2822c832440e4ca24b7a743d49
2:100	366602	803b3773ab7f486f780744493eb2925bc811cbf8badbe8e44f45fad0adfae786
2:101	669706	e424dd57521a9966efd43cc4dca0f7881e52cef9e62d198392fa3693c26e2da1
2:102	2430986	23fb80c7023fb8c027c9d9dc8bc621d336630f7e7c061cf5b30ffcf24a5bd797
2:103	413706	e88f975e8c46799c15e64c0bfd45fa4bf34547b6670e9931df0b6308eaa32608
2:104	473098	9d08446775149af3c0f7158135f8bcfc29cd27d83372fcf8de9f6bf4442c2921
2:105	796682	0f2e6010e8fcafba4fa0e56e428eab1675288c58249baec6863c328a411183ba
2:106	520202	e03bce24b0fd046c693d1602885dadb41a35bc6727cfb2f9a8aed48905f12e1d
2:107	483338	104b9501680178757920c16599ceb10857d4608e632932e70a556d210fbb401a
2:108	571402	c921b0567928de064faf3669da0ceb18364139e20e0e222214dbd65bcae33f13
2:109	968714	daf5b578bf86a61dc8a5079374d0d8807f75787763480f506657facce9c6b9f2
2:110	595978	f536cb2b9757ae233681486688a2eb35eb39f6678e487766462e2e1fd0780aeb
2:111	602122	e1f7b5b4ca0e44c5ebac042c4b3415eabc6d1fd4b049f48dee981dff93d930d8
2:112	636938	68a55cf6779cec6d294aba1ff37be7cfac9f83b831d7924aea9a4ac76ee3615d
2:113	1056778	a996ddea8937e8c75603177267576b1d2d1dc9480578f67052b722d19c77a7d9
2:114	856074	4bc1738fb96f50237948ec17a7cb454d65dcb4d1345cb4bba06915be89d35d64
2:115	473098	e892388765a8c6d71f1ec96b8bee46acc86ccb3fea5e060f3e1b403efd26c537
2:116	536586	1602cea2d8677f79685b9d5e10a39fdcecac9b990feb24479b74dde561d4961a
2:117	415754	90093e3bf42e1735dab71b8fe6ce42cdee3b1401054fbbdd86fadd9a6c0c76cc
2:118	880650	ea15841e5a32e8d570b4abc6b0c202a996523f5f3935c7c73a47b0eea818fcbc
2:119	401418	f917404c5aac0c8e623ddf6e972edd42312f859ba97e5aa9ee6e4a333f05e8c2
2:120	862218	e4de7017c659c4ab0889b113659fb0410862d04cdbabc103f2483430c4a7a395
2:121	571402	9cdb10ad1cf59889488cae8a70cc3dccf82b3ca53eacdcce806000dd9e65bf48
2:122	509962	796f3f603e3e3e67dec1ea89b2a20b4cbcdc446890f38b2b1bc56989485db950
2:123	581642	0e4a0263794968914b5ad21e4181f6057af596be382b053353fe560a00cfb4be
2:124	821258	46e2a50cb7c945c58b1c569ed11cd15a30df82fc7661bdf895cc5ea94d650295
2:125	923658	b8c32b3fe5efda8a7d6ec41af52516f38d8a1ec2134bad511812017452877c2e
2:126	1011722	835bfc162e944b6ff91a07949f593d8373b972e4d9dbf3e6f428dd1a25f49e7f
2:127	487434	e7a3e862093788df84c8ea00df61a3b71551954d54e5f04363c755a92cdfe7d7
2:128	737290	578f65ebc3c43ad64574b32159a186e5d941639f3008207b2d50007f47705b2f
2:129	718858	b67a3d319763d9a6943af418aa6a3681907f9036c24eddb4d9d9d5f0bb59514d
2:130	522250	ca4569d830a9f1c2a17fe2ecb1ee9fbe4b55ad6d340bc720b2e66ca9e676b7f9
2:131	249866	a69cfae365c6bf97f2c9ee5d5769df361e4bc340de29ae597c776ee4a9c41112
2:132	567306	e90ccfc7ccb367891de32296cbec4b665cf13fbf080c8fb5196b1bac8ce5c0c6
2:133	1124362	5e840477dfaa3547d6ae6d5565d618bde4b8bf60cdaa33bba5339c46b99131df
2:134	532490	53f00dfd471aacf587d0f3e40fb0303308f3ddaddbac44f77c82396581581289
2:135	589834	f35602b42b8557e83904c9c31beb3c23af145cccb16b8dc99bcaea8029675c9d
2:136	1392650	fcc6af21b271cca48fbeffe05e48c040bae257c2912ee03059aa21191db3d0d7
2:137	765962	8f4e2c027d91a4f6ae7e477992b0d0d46bda5c012b48c70650bf74e89c7e9646
2:138	350218	6caf09323d468b9e0fbee497a6cf0d49fbd203a934efe78d7f08e9ffc92ed635
2:139	638986	d923eaa4f41af6701d0f2112a6a5da91ac341ec6dcd495ec7285ad63b1c93de2
2:140	960522	aad3ec69870786839f4be61f48feefb0b66da0e3958c107af2ec163c782db985
2:141	479242	344b0e4ecc1c6f2506220156f26818b0c276cc41638c06f3fdad3e8b20a39a1a
2:142	727050	f99e7ac0ef5f1564ac77f2ac5a5c72a39e8652772479fdcbf1eb22f74be71b52
2:143	1755146	ef4520b2a7bf569dff5535c5e78c8ebddb95ba753035e16452411d4bccade1c9
2:144	1185802	36a1df20a0c83bc752d0d4a4d6c5b4a806aa1f7b47558e26d4a4d48f41013810
2:145	1890314	cc4640fa78a211b598a6e5f47880a5ff39112d3f8279d5260f860f1e1a1cad28
2:146	569354	007ef4da55ea2d2eb7ed25d5a4349417efac666e322b2c0de62d902130a72925
2:147	251914	0a4f5f15a9632b85358013d3863bee8994f1d7520a945c2a2693d24eed0a2f51
2:148	571402	d7c74dc64969411f2c35d0c4ae35d67bcbb4e042a5c3feac20982fd3ae2309bc
2:149	530442	7c47dab7d22643e417c69e7d945f774a31362d031be5f0221e896cf173ac48de
2:150	1198090	73eb0c1b736a01acdcd584f9e93343fab9b11fa78673567828cb39fb93f1a214
2:151	716810	f60d31e0a7fca599dd14c257b4c355a809c3fb3eaa6d4b6ff42c36abddd990e2
2:152	264202	ddd4aa81aec696baf1b641c9af41b70e73d9e99fd91ea3925303eda701f8ea26
2:153	419850	bca81f4331db7bc86e7dfbbb1e4b4a2fd50f909a5e2ed1c9ec501bff7f8bceca
2:154	471050	7eee1a82ae2db609033b615d9b27ba2b81d5b40a72a6f103fb07293f67448ae3
2:155	489482	a9be613d2e86de10d6514b6326037f327228d359137ec7972e25c1f9a8f4b9fc
2:156	598026	e73fba0787070cb88027855b985b7176e360012633b05d1028e413a384b428f2
2:157	434186	217ff7c2d2132ce4e3c2fa27cf37e9a85dff05a6d145a24b62a206887043de43
2:158	733194	e68accaa152eac9d1783761e0154afa395cf4407f379a1181274a908dcc7c7bc
2:159	745482	31626ee365c882f36ac0f76bf0b7a69db5529c94330593e0e430b46201212976
2:160	397322	f3784fab58613784fc23acc4a9dd4d6beb1d6745e071d3107d4f97d2bf328a5b
2:161	616458	dee937053d4214039c676f25f8cda87dd6ccf042be524783f40898e0508248ea
2:162	313354	dfe145dafc21ed21aca5b611d8171c147a108cb0da3fefc40d406d0aaa067203
2:163	370698	c5c20323c15be53a18fb6774c484d8a12db9973c6d3481a1592cf75353c3f8e9
2:164	1572874	a838d27b5ff55bfc2af2122eb3f675e1e4ce6b18e47593570df2e8b135a5eec1
2:165	1077258	42a3b476f7dd4015b2ea9fbf4695a0e015f33e7be9334e37aa8d7e287378607a
2:166	370698	6b31bb509913180df1515df42f52f4221d4474c34ab58e6254d228970eb99b29
2:167	741386	785b803fdf32ec5de66330e8cec03e568c0232629f5def756662e9e3ccf29a74
2:168	778250	2dc8f93a411bca77fe51ec729a3b7e572b22bba4a4c0b7325d2eeefcfc72bc89
2:169	378890	74897711d40a2f7755674862f923a69c7b594a15491be2bf786442d36e29e2ec
2:170	808970	b6f11175e0c2edd773a058dccf437742392f64b3458a236e013c309e226da4d8
2:171	628746	5d18cb3240b04b8d9ef3a8b97b982d149de45fbe1eb9174b3bd9875e46dd2845
2:172	536586	2690128ff82ba630e8aceaf86c2fb76e4bf82884e610b70627ad44cbbd634065
2:173	819210	5f156ac63265f98c452e03ba8f5cab141c370e46903835af2cee8491bc9f6ed0
2:174	1009674	2fd8574e28df2cceb8ba1bd4229cf836a816082e104f0294e903d98c1d7fe6af
2:175	425994	26024d7e2271a2e70ab01ade62d4bd1cf1e3bc72a31901355b59eee73e6df0cc
2:176	469002	c32dd7f0b8d703eae1e9207db747fd5cc151b06ff7738ed2409cc7d21fe8b666
2:177	2013194	efffa2d91c4a63b357d2d8b538f257ce72aa33894aed32fc060469fc93a4cad8
2:178	1103882	a1c403112a8defb2ae2cc6c90dc0fb46a209208c66a04805ad825990fe4ef8e2
2:179	251914	5348a30764ce12bed0284b6b6ddc964bc464ba24c3fcc164490898341b26b99f
2:180	501770	bd7e45ee159f2f0bd4b648771e6c650ebff71c09594ebdfb0146d5c2d1d1a99e
2:181	458762	d48dfb103d096003e6e84adb98c00506f5379ada5b2485d24bc128ca7504e00b
2:182	460810	12ab47698489c60e5d8fbd7f6041078aa44e0271984896cccd1fb7d361721a1a
2:183	561162	eb0da623b06c5a12844494a027293bd481f7aa5541d12f291bce7addcae363bf
2:184	1196042	a461a2111ee5e6a6e3a88d00f23f010b0a99e2c9746d7cc26be7cd5636cadee4
2:185	1693706	c19f048c528ff45ba914b4f4d5d7721b529a74ffcc8224e96f2f5c76a5d4f173
2:186	645130	a0523f6ad54035c92d38f964a04f247583c3fe0692be12883b64c2b6a21d7151
2:187	2293770	a3d25bf7f69ff923a01357588798dbd17f63c67bc9fb09188b4c29b532e2a822
2:188	698378	1f9653e9f699fbb1e71e80a705a910df4453ee3cc1101ad1195beb24dd857080
2:189	923658	c4351c9cc51d9779f5c1013e40782e724a5f01da8141c4907f66c4c8ca963997
2:190	442378	d11cbd14bcbb1428e18058159eb69b8a03e4daa1a59397203785da894fc5b3b8
2:191	1015818	297021f1f37fc62052a96c2f06d14ba5b0a3969ec153266fbfd13e83680e81cc
2:192	213002	1ba9001f2a70d3afa3cb3a3bcb887f7dc89c2618ab287e06bfa27f184e25be74
2:193	532490	e0068f441b8e1e7df970c7c9fd7f3720e74c4e3c2adca218b9eeb7c4c30ddf14
2:194	700426	5e4addef5f8ba8ce7ec04dd3b1f5c2f19c14c4d75686a124c289954e7d5db36e
2:195	471050	2ce925aa8882ee8add0aa4b4ed06c04a0f98eb1805562e3888e400314797bc93
2:196	2267146	ed229e7bd32a5d5ea95a5dab7429aa2da8828b7d90d2644b09be8dc587966fc8
2:197	1026058	59026a485f0deba2c5777187891960913538605c7c0f5bad9a5c10abdbec5bc9
2:198	1036298	149424224d68643c7884e4bb49d23b9f2153383ee1f0542d1a92fdab6b12cfbe
2:199	399370	35e0a5762519c16035b021aa4bf946cbe4b1bf9ba11fbed9b4c5dd2547563a2d
2:200	804874	2c8d89262d3c1d2b9cb6a9693b963a4c471f40957c7824b12ae853bd7f0fbe12
2:201	616458	0b63d20ab88ed1105b71c9fe3789e47fbd1689e237a73110d4ba1b4949f65711
2:202	331786	2c78ded6216e4b158becef2e35eb5b40b4bee5ccba95a56b0c09c92179542c2b
2:203	864266	5cd83c2ba95b4eac55e3a5984d1186994fe2fdecda1e0376a9047eac87860156
2:204	567306	13c68a520cd1c06bb8dd5f5db3f4826a1856628dc6bc77ca79eda84db7ddf23e
2:205	419850	6244728997a223c0ab38b5ad8fb8374a3e6cddb5381a097817ded70c5f431c08
2:206	446474	10c38f325be34313c63e44b58f22be5dde8dccc01d150d94fcfab12089b43f88
2:207	460810	6ccb1882105d9c9c414246f778a45b451e98442a538f0b671efea9f5cf917303
2:208	843786	7a05ec6ebf3c86e6d956e5734a7da38aa6100915094ab9a476c19b9f4d79db1f
2:209	507914	bb007ee316d8a37dcafdb3bf91c20d2724aa0f6f3b276f67e674be8cf74f1bbc
2:210	585738	04f0bdddac37b8329185ac6b885199dc4f01ad25ad2351cb040bd85e4547d705
2:211	686090	bf72bc8bef0545f2bd7205ce4665510169e99c7e46d059339310acc258fa8107
2:212	688138	b20209a3658d60f8be39e0d86532e3bf76a3e849521514f063b39a838da6f695
2:213	1810442	ef7ae3ac4d48b4e077afe935947d7de3c9ae561a89c95d91859f55628254cd18
2:214	1097738	6758d169598f226788556cbe94fe92f9d908e40878089c3f2e099967039dd91f
2:215	843786	a23eff817bc7fc8edc60d27030aa61be059d47d0e328d1d0c3b38a72ed05bb99
2:216	798730	d8aa01cb226985a10842c2001af312f80fb70dddc862ae20a9f78c8c0498eaac
2:217	2002954	160221f690172a47aa447a9027b4498a018b3a0790bec02298ffa0fb97c8a3be
2:218	645130	e0307905d59f98c623d49d65659598d805f3febefe5378272de02c2594b5c21f
2:219	862218	216d70d8cc32573e4b026fd38631b5b96af215be3e60e0cf025791441b99c798
2:220	931850	842b873ea364e1ef1909b7e8a5992ef9a1b1e2c3cdfef80ae700fc2acf263890
2:221	1462282	08c28d78b7cc018db62b46642c07c5d552766bb89564e562a0ac2f730e66c759
2:222	958474	513746d3f91e0eb8465199b901ae286ef60ae8b0ff41f13fffc06ff8a64af475
2:223	716810	b7ba8fb77a58881ef5625a2aef7e1775070434eebb009e9e2c449447e595e407
2:224	518154	3bbf3bb08e26536b5ec90450ae4d5a1ff86590ddc2e366d0781b2651d1a9bc29
2:225	528394	68b09c5c8ba323865f78363cd96c6794b02dccb940bfb72bb54943406c1a4103
2:226	487434	84276fecd6709891fb79f9fdc575dff6db9c2f81d3244dfdaf3633de52671cb2
2:227	208906	c5d3a3f2a48c32592b300105b0e7ff283e012d0b570b28e0c411268c6f308b3e
2:228	1646602	323e8eca2a1afb4b8e41259d51a172bc55024e593447d107b8de2b6f8c3d09ab
2:229	1648650	43bc2e228e17e29470f800368f5112580134eef216091da639979bf5d2720e51
2:230	1069066	f3c6163249c7a8ef1b4b31f0af41638ac4ee18c55e1cf32b8b7cb0100dc3da7e
2:231	1720330	2b29366d656b40874d129dd27ba73ba20e1ccc28e53eb1803820f53d0839585b
2:232	1243146	1c0523f269e944c1f6cb24e29442dc24b5669950d71045a7fed0b9a1a3b3f708
2:233	2392074	81412dc5486337283ab1fd94bb3dede067260c68074c7b85d2d6d29c67370def
2:234	1097738	3d335901151b290b90fc5d46949247e49754420cc1ef92acdca63d09f29265ab
2:235	1701898	433e016783bc7925b527fa251e2696b63ea4dec3d3ec32683dbc2b72c89bc5cd
2:236	772106	3f96dab2d451dbf9510996c430c8e91843eec5ea7b785d04eb7769764779cbe4
2:237	1421322	9bc15fa5a5013f766f79f4e130bd4c0a239e4b1c4a3c303fbadf30c3d4523e8e
2:238	270346	32cf25bdc0b9804c786d2bb76d5e9d46dadefec726f9e97f6f1c6e025d5fbc46
2:239	477194	da7fcb231857303588b49a946211f0f54295d0be1742c128c6e82e4cf33aa447
2:240	978954	d729ca9b21802f1bb2fa2c303739dc892196e5a08da7e5186b62492931832e88
2:241	299018	74dcc3b7787c1cd83215a4a0afba0fbf67627e7ca6db6880e4aba03a8f919c35
2:242	251914	d159a36d7f5e1a88bd92927329b97a71b9805217f69b5348873c8825594277fd
2:243	780298	2eed3cfb16e02b619aba75b10b36fb0a2f502aeda5f69666e1d76ec9c01cfde3
2:244	268298	f220fdf6b3855e5d4ff49c3b86196fc669f479d75a6ec23dc5741ecbc79d3c27
2:245	479242	30a35f07d380fff526bea5de58467d93fe4646cc2686be84f0596000e03da7db
2:246	1722378	94ab7861cd93eae08d4c5483821e2eb832f46f3ee51811e4fc65847f1034a568
2:247	1386506	1dd6bda0fad1c78fe3b6d3afece8ffa3f5a922bc25710382c25505beeca92e8c
2:248	1329162	29bd30b598df8bf0a00630a6d18500d3777b46de473995ed958a5d70df0b4ad3
2:249	2111498	c8593a40542685324e4a418a7f94245cb2c42c5ad558e1a7025ffd99d4633575
2:250	624650	d24a78923faeed93ceb5459a811f5593a43f7fad9cbcb9b244c46b552f46cb36
2:251	995338	ce1f1786a06b2cd9c7a9825974bcde6ab37b82e87a039f9882d7029d85198bf4
2:252	344074	615756a448f81a863710d2d2ac544249f56863235488a140452cc4ed8184488b
2:253	1482762	7a0ae990cbbc5e08693ca0d2927c9205664e91fa72617a11b5aac14d7dbe58fd
2:254	862218	8cf88f7d0783fb46d6c5e87774f78d141c99ba2979295255e0dbb466d2bf543c
2:255	1835018	dd9bf4c7cf855bbf0f4d5c6f6bf9163e895930090f9134fa975de6401be7d615
2:256	815114	de01035fdd0f7d1c3fabd1162a0db62cfe8530e65fc7a87e4c11d3e990d0dee6
2:257	978954	977e28fa3b8480825977a65ba9add7c540396ef5a58e94d3492eadf54e1cd36f
2:258	1298442	c3a158d81acd2ddac3308673ec947d49b43c98105f74962bc718ced848664ac2
2:259	1994762	d4374d6feeeef287b2044be172288fcc792763063b60f7ea79150a7c85aed239
2:260	1302538	e108a5643b5c37adb30a565a86a0f84bfbd49ef236d99141016028bc6476212f
2:261	888842	44a1ce9ba5b91bb51db7b37804ddf2cb315113db512d825053a4ba394fd7c203
2:262	854026	d5d5dc331b859e3f4b39e61bd0de4b0bd1d2109b37dd7fef7a9c6fcf88a23650
2:263	417802	a6f6acbee5a26e221fb13e61c3e41ca9940b5d5beb318b4b641c605006b824db
2:264	1323018	5a72b142ada5d45e1c5bd4db91644e07c1c47d180a63209b5bbd61da8353c103
2:265	966666	b45f894c7d40adbdd8c61ef312cbc6bcec395811d1f098354feafbd53582a8fa
2:266	1382410	5925eaa254d29c711308b0654f18b6eb1e5ee0441e65d327c50904138f0f33e1
2:267	1114122	59430260bc6bed636029b5481588e4cf5b8a3db35d28f4afb5c74a1702c6d53d
2:268	538634	9f18dbd7cc2b0341117ac1829bf6706071efd2ca76d89474e53d7582da1a9304
2:269	532490	8d5be820acefdf0c37a64b5111be63ff195d1a682fd1d772605142c5e6190661
2:270	501770	03f5b3948fa301fd7e1c7e52e1e150c80c497ef493fed4465dceb8a3b201d41c
2:271	727050	607abcb50472d1d0f67febfa27ba5f67edf07246b562b5849a417c81d4882e27
2:272	1085450	7e296b1070452113532ea8a9f52817363a6dc99cc5188c4a9c54a5765234296d
2:273	1261578	a6844904d4b32e4a41bd144991b77a5760da9bde3bb9f9d8da7ae9d937aed0be
2:274	659466	c35c5c631668083db33a859608cfdff3fdb8b927529e696aa5271c60335f4c0d
2:275	1517578	4ebf55037b8b28522eb6381f8bcf0b4057ce3d4fb1fe7eb7dda15ded6e7b6165
2:276	391178	faa6df42b5429a69b867c69891ee1876c550831ca59aaee68d27578e1edd5f6b
2:277	638986	b778f1de1e2872538b582bf80cb5d605c1307b53e77a055adb5491fa39f3115f
2:278	622602	e18cdcfcf16ba9186f9fb9a24636f5738a52c07bfec8cf2da6ba0080a537fab8
2:279	567306	593b6da653db51d10a0d5c921932c61b1fd4395aaf651d0f8a612e0b5e0b3179
2:280	489482	c5424db1840836a4a9434bf455d41f5b9d146181798d3de6d5e16fc9c9b644dd
2:281	479242	7d2a39158dccbbad3308daabde35dd7b798250be95741d5eb6c6bc0fb201711b
2:282	5416970	3cb5608917a77f89d38f2def19879de49011f406c3a330ff737bb67b94e70df3
2:283	1118218	f6317393fca6c494d748159f35684a8bc78c817ebff43353215800d5ac42b6cf
2:284	931850	acd562bec15c699e45b0648e6fb7a65d57592fef6bf72a81a1b5e19104376dd5
2:285	966666	ac58a044d331aa36706cce0e8c887faa9b3a1843a655c75906166a37d11e54e5
2:286	1546250	ac1bdacc26914f6fc7a2f3cbfc63824edec98e0e38152c5b52cf1dbb5db91ea9
3:1	200714	1c4f55bf02e89fe4a6bb47a29299688f26e733fc0d4c783b76173e0e452259ba
3:2	196618	496feb1fd5b3fd425678e7d9d93152ccbb9066cba24da883e2c4b122197150d1
3:3	389130	7dcee7b8042ebbadf657e0afc698b34b51d0513d5129a0332e9f97e3417be0df
3:4	509962	e4d78c9b56c97007772c455e776de7d70838ac26963cb36d04c18b6cf7a7edb9
3:5	229386	9924101d5735579c56749f75858cda893ee6724aa585c2cf7744414272a77f18
3:6	380938	951013524f144acb8f01a75721ee0aa4676d7517e54708c492576d59b8f34cee
3:7	1574922	d1674a4b73fcdae373a074b5afa8fefb3060024d0932d80d74d8d31428847d5a
3:8	348170	d41c08a20dfe433bae5c8ad5e0584d3f6d17290c072574c15f06407402518bd4
3:9	372746	052189985429128d9c211afd2ee1f40b5ca72a3de543bdf553b1582d20fccb04
3:10	471050	bc1eadc7d6527750b32eb0685d1d3e75f99a1e9a839316c1da3bd5f85d142d09
3:11	464906	e232d93b33f20a25229e59880e8e5b9380984d584fee6b64f3a150e1f657ca43
3:12	329738	71d37aad17a122764edd8f952ff0af1fe0abd0344689684ab1df3ebd566e35f8
3:13	937994	56b2f71b58a9664ce1503708703d146fbaecdd651c876efd2666f7fb114941cd
3:14	860170	43f4c3edb3fcb139ae238f3cee763e514a6fb1fdcb874b794e20a5ae2d661e3b
3:15	1077258	f65c5ba0517285af100fe0d24fa19852f11bf0264892062937de1cd926ea0ab7
3:16	475146	95922acb7d583844b18ce97e479e8a706dc3087da1c15d3d6406bb4d11648ea8
3:17	299018	9c73dd9ebf544a321b7baf4aef5c89094697543e8553594ed4ab75812540fcf0
3:18	530442	c8a3b35b9b30e7ee172ee67efe4d2a1c6d3ac699e7e4e3372463b4eadac3ff40
3:19	745482	b28a8977bf36c76f240be1db4f3653d89b6f553849dedefc00ec3e16f873cd42
3:20	960522	1e81fb150765eb03d20e474762b2d59981819548d73d245fc2db24ab4ac38963
3:21	641034	3d196f0abb990ea07084b2e454f450486a8dcfd3bcbaa3f06dabbc6ccbd39bef
3:22	346122	141d50a3463bbf9068ebf8916c71f731f62696e2f2ffa47b41781e8c65d4805d
3:23	655370	e2e042744560427543e62e05e4d83f377571596703ab0296d9d33f7957f0cc44
3:24	540682	6de9fc5d5ee9802affb6d7d2f5ce763cde99996b9e2205b851e9dfbaa8a5db65
3:25	534538	7d9b358e85f1cf9407d45ce279202130bcc1d5292666225a79722ffdf29609ca
3:26	942090	be1de14a5bba540323d654bd3a86738d05d11d9105f04ad99df27ad4deacbd9c
3:27	681994	245d1e81c92cb9b60545f9fddf0cabd8d40fb660ec5a4967c66abf876d8ddfa2
3:28	1077258	2b8083a7d9517054c576a53acba695655ac001ba6b1e2f5177c5c0d1fa612263
3:29	630794	e0e5c57470193a4c303a2fa56520648fc33587e2e775935f45734b44dfe0d3b4
3:30	940042	72ab39abea18dedb374f7bdd3241dbd7bb3f702b35fae8f5796dace2560321f7
3:31	471050	a5d0e0221625b9e9d808010568561d8b612f6f72bca63859fc8ed4ce25cf623b
3:32	395274	ae722c1e791d607a4b8c578210d79e7a356a3d2727fcaf95225b9b0bb595dd49
3:33	354314	2285bf21a7bf8a866e5ff78c18ba011c7090ba4da9b73c24544dad030a1ee293
3:34	323594	0188f415c928d83ce35ca8d4d5f4ff83e0d449601b3c3f79f61cc1e2f5b51281
3:35	544778	1a12f3b5aad2a1d5063b1af4ed3ab664ce724756bc0d880286ea781841e808fa
3:36	966666	df9ee0e9936f4d4569b9416b4ea79ab542bd3e119d08cadbcd2bfce8edf0012d
3:37	1198090	4ccd661c353720b645911cfc35ebcee1132f004931d76fc2f7bddf33e2a08e65
3:38	520202	6e04c561feee051c8888722fc0928e261b5c21b21e82dcab4fc335c1e6fc4ce1
3:39	937994	bd37f296bec6a361e51b3dfb2592930ae20db87e9f0e755c2b757d670dbbcc5e
3:40	548874	23ae24636c6881a36d854450ee052e0f23fdade1440c22e432a421ae8ddb9854
3:41	710666	06df8450b85cc79212126d1382e79f7620c78d280b56730a98cf268f07537d21
3:42	561162	0981301333262a33798eb77593e7def5699b3be5c3677a33dcebeed511026632
3:43	249866	9cd05e8fc3aca6bd6e43cda336a4bbc4391ab87509a073d4a8ec84621052362e
3:44	688138	357fc73281cb39d250a94f57322ce769dd337ea4fd7a55c99936110cf44805f4
3:45	692234	815dc994418f1ad7b6a4fd40c1802ae85b6d8522a784ae60807d02a361609179
3:46	241674	ec401065e6f420665f8733e281c1b8de72a549c6144adfa20412d63811fd53bb
3:47	739338	e40448d0cd1b9b55f39ae5e93c24f24cf4c32f75d3f6a029178b265a4d64bce1
3:48	253962	fd748fbe1065ec83fb629b4e5afcccf17590aa735252366704c28699a59fd6e4
3:49	1603594	f9a808a52c480ab8e9a432c76d9ab915b0b61e9fd33a55b2df6c7d48cac691b9
3:50	641034	094fc84777bb8979c894e4471a7d34aea32d24a43b028e5b70bfe87856b0be6c
3:51	358410	56de61240589bd721f0b5cb56139c4f46f2f84e1887c2b67c259a29ca2ed4b08
3:52	821258	f2cd377977503111eaccd49a6ea8e1e3be27b35621a5d078eb934a08a9866182
3:53	376842	6c5553997347503477a9c8337a9ec454e28c7bfa91d5dda2a2cc54db33f454a3
3:54	331786	05f6da1ddd230b95b6352fe2e0749a97ede8646d480de6ac06a7421210673512
3:55	1245194	81c93cc5abf09c941e47affe133b5b9791dc00749a24fb5e514565b438516480
3:56	638986	e83b2ee3903726165e98c303542d310ddf58742c5a663f586bdfacfe77e71ef7
3:57	425994	ea1f28e84a7393b9bcbe5c1c7714f9901d4170159472ac2a06ef71c77a413eeb
3:58	233482	dd945a62c167da0fcba0ea3d582ed8d74ebd8d21d7e64160eb599e09a506b62a
3:59	458762	caa49203b2606da794278268c7090226add9ea60665949e6f873bae63de7153a
3:60	210954	a6687080e68a448ee68751f774cf7c8e233468dd19d930cbe0acc2979a7fc01a
3:61	1200138	f5bc347c54971c13c4951fe0710092146e99ec3c4a5a2492e3f635ae040476ca
3:62	485386	6af43dd38a7a67ba596de36200c5d655c31d2c05be51457cc3e40a963582c54d
3:63	256010	b897fb74e9da50ea3c2dab4224de01bcd81832709f07ca8f9b268d67b308145b
3:64	825354	70d62526e2c0c85340f3012bac9fb43b757c4a27a13c54be6f48202972556438
3:65	745482	dc58cfb16b8c2d0df8fa0fd0bc0eea22578fd4a7f2408eb421bfec4fe86ca35a
3:66	813066	686525c036b505960fe0e76801986906c2457fb80abf7b265f59b6f3593d5116
3:67	514058	806bf31575b90992efbacba9a34b042693f767b758a96e786ac63c9dd367df95
3:68	462858	6e50ac2d78c331bee728445b257afa7ffab6a9455ce90d0fc2aaa197b89b5fe1
3:69	489482	3d448690956d8c9d91ee3e2842afbfcf383e32f4d4f5638842e1eca9a6bd243b
3:70	284682	43568fa66e85e0603283cecfdc28b3057367b4ab867f848f12c3b83a7b1c3308
3:71	352266	144b52268b8702956232b7da9bd061c0ce610cf834a8103b0a05190712e639a5
3:72	804874	86bbb43888a68616281e2d9ab9c869fc1934a70cbf41dbb823d875a6bab1facf
3:73	1118218	ac4c5292a38c77dd395a502e9481f7b6fd9898c886a9907ace2455f8690ba7b7
3:74	348170	49b2c0baae73107d8505c4108d03e93bc1e4ff62eb37ef9150c52ca2edd3f7cc
3:75	1224714	498355a8e1920d5028ef83e173df2ad837d1807f5b5bcc142c98745bea223e3c
3:76	350218	122bd563956270f126edcdb3d7de4459a224b92a2db15e12cb100a6c753399f7
3:77	1032202	d28d22b766fe71f26e6f9e8a1e5b56993d921ba0eef4abeebc3d55c09e5b4677
3:78	1216522	ff138b6af6f502580ceae6eefdc5eeeda989ae3fc76357a33e64574b82d74c4f
3:79	1054730	4f20ef0e6f85fad8bd8e2d042aaa6e8a088056a4311b415dd0a56ddd3b9774be
3:80	565258	09f883b63daa6424f46fb99f21e35e4d42e1601b9ec0195a26c94e62654b2230
3:81	1333258	600b66e030b1bdfb982b3f0bfe66c2f6473a805faf0ead60a4d19bc293033d12
3:82	251914	c9627a3df2b5486036a281f9a33ceadd61ff794fbcef87f9895184b6d60406b8
3:83	663562	d59c94ee9f8381a06d345d2b602c5f81397066a9ce10d9b655453365fa5e0a11
3:84	1148938	45ee98fada3bd6d2b4c6c21ec4945905bdb4fb7da29238a6a2a5d32c32b7a03e
3:85	348170	9d071086a80638b5d08aa3f6f67ca49e9af4ef50d4fab4847b74917667e45535
3:86	759818	e2c5abe453ca14fdf66cf63637a642dbb4ee1312e79d655fb6517678ad156b29
3:87	395274	437f98b3cdd54ed5dcdc3b9fbc7601bce2ebf16bb95968b1b3174a7dee4f9549
3:88	282634	44e58177f72ab41355cf45637012ffb5dd6ee31dc4c498fc2ed8deb19d26c8bd
3:89	327690	41abd212577b54391fe9e50478da473dcb11dfd49a427196f7d1b7470e1e9641
3:90	620554	b211069751a69c3867368eeef568dc654e97ec6bcf2804f3c362dc23307fded8
3:91	821258	fba31be6b53d8e884baa74377a7d699f49fa1ddebc5a8970b8b901637f153f83
3:92	456714	496b8cbcf34aa44dcd946ef0934803bd092fb462d701967759ae9dcbb447720b
3:93	1015818	ca95bf06e731f7b505afa14fdce7aa84bf196b8b6776087966a913c01cb966a3
3:94	301066	061eb3b1de51135e930baa8c5e38f2d0ca42cc5d11ec30321e28033a6f4ffbc2
3:95	477194	026605c3da980394a901a87ed5a303f606d402f41bd0531298f744b1057addc2
3:96	354314	6a20f6afb7da9525e21899731453993e89af63efa89b7c5a4f109e4e75bc89ca
3:97	886794	ffd28f1a68a8a03d3022112bbd4828ee870f4eeaf320ef09c9f13a9dd476554e
3:98	391178	650ad64c81b32f1e3494c7ae005ec2702022036d3a05cfda9ca4d11c1725ffe3
3:99	768010	6b5b8cc92d65f8803127e6f247fc831e0ec2992a8c912ceae2a959bbda501c1e
3:100	606218	66a797185da28cb6bba8303a3735a11d27f0bb799c3637374534a4abc4e338c4
3:101	589834	de796c2976f38b55401427335b973b42fe5f44f67802e2ad89948541249ac0ec
3:102	602122	bb3cc99647ba6256034fd9f31a7a0929b8f95ab2e0ce64a0311931de83a1e9a2
3:103	1376266	f70228769811cf75810a4bdc636d32f7592a0a3ab91a2e758714af00769259ac
3:104	532490	caee047d2549493ba3f56179847c864243b0aa3ced175e190d76842abe8183af
3:105	489482	7614cbec5cb175b79ff195b16d95db27f2d122dd7b0d6c9a5952e6dd969d05d7
3:106	665610	1b75c8f389fce426470c165dbe13f9cc88049116f45fc13c108a614121cbf313
3:107	389130	f061a47e0898faf2ba6c414da33b813f64c9954f73f6c5ab22cef5bd25243075
3:108	417802	a74dc61d01c9011357510edcda07316058ea40384809f93a5604714ce56c1bf7
3:109	346122	4fc2f43038705dc81955d4c4f7b84d0931a7d98abe3bee24b4850c188d618457
3:110	753674	a19bc78e9ef6934bd4cd8855f354279569985acc8a8a0375d536e2eb333a2ae2
3:111	471050	30cb1c080ed0ba0442b9878a88e4516f3df76e306ccc65f2ed3905b470ca2e09
3:112	1181706	9c23cf604f90df6dcdc1393034ce2a3638b6ff6b3653452b3dd95315bc2b1eb1
3:113	675850	f9b751fa25c6a725dd5720c28473777dc2ac877090f9028896d7514deea6268a
3:114	737290	e091d7e612c944f0bf769da25e1cc0efb98bb1d3c8e6978b03d2928cfd6d5ee1
3:115	397322	89329a66ca62cb0f495dd7d6244dc1a039c3a618f4524adf8ae2780cf95f3640
3:116	614410	3406a2f6519a7430aa89e4acc3e1d02b2817e635223368afe1a6dafe7737344c
3:117	843786	1bd6c95bc48ee98500393fab96e2b8656faed690e622d15377e0f94eb98da0b9
3:118	1118218	f95bb0711fe69dd23b16b00f76ea62990245b5c34394cca2843b2edcd0749840
3:119	1159178	17d2d18fca42c7edbcf0bade1d5a0df7fd0126fb9e94d3d8e8131213eaf0094d
3:120	768010	c222830b6ffd734aef43b0824e440ee9bd955f16f3d1101b2422ec048864d93b
3:121	307210	5cca93622b14c86ef083fa6b1db7bf544c9e1011217a6e1cf507cefb08692194
3:122	417802	1cac8825447a94e5e1790126b74135829571c90a1fa81163fb05abef980802b9
3:123	348170	ee791293363e30913c66e8ca8d89893a314efccd0ef968e82a1e97920bfa446b
3:124	473098	54e03668a20089dbf1b33e1320b01713c6f52a3dfe2aef3576d54776471f8921
3:125	575498	b4d681ae856a38c5c89a3623dcdd742575ff47d98a10e1a70d8cf09f0c5bb6e1
3:126	393226	78bc7006904a68765ff34ea673bef011241f29463f07c262d3c35a505b29832c
3:127	272394	e88d3d1c62e94f48f3905966fc7a97554a3f352b85dbd9dfa7afcd7ff0c72aca
3:128	260106	b77cfc65d02e46ac9237060c5bf472b2d414c19be1ba7ab30c303960ecd4077d
3:129	450570	8a550aaea65549d28bd9c0590665e65bbc03e5ab4476406c64d7f29059f99465
3:130	380938	64c5a8465a81953984c834b7f285c045d88b23795a01ecceadcde35720e0366c
3:131	172042	8ff19182ce182188145077c1eb583b0a3a26b3ace6aa268573b8645dae950271
3:132	184330	da85f88e78feb3220d4e54a1c7c810df717bc7c0ee5661418f44aece5f0bd946
3:133	348170	5754ad48c1f564460e730c5f663a00a6d459e8899a9c0dda8232d5e7ae871b92
3:134	589834	4d185a5b9875673deeeff35aa5d5d766a6737baaf5d9f1f70d3b0e20f9a0db7a
3:135	819210	5faf2f06b7ad531e2f462b6a8ddedfb8759549103e103623c66a88f0f83917b5
3:136	616458	136f07223420c9199bde18b27ad6bbe17a7f65c7b5e91e485a7da94227a979cd
3:137	401418	32bc36ca6909a851b351aa659f01963edf48a543ee762668ecffd47f3e1f8f54
3:138	247818	55603f236aa3f5c588ce52798af61d508033e30b97073bab2ce66891a50e86d6
3:139	272394	401e01e189cc47bfdda3bcccdf0882fb9156b07d505262970047f01a16ffcfef
3:140	925706	5937d329ea45955cfa231c8a8fc5e8d0e20eed4a11f7ad18e4f5d2ee40262fc4
3:141	241674	78c07f895e36266bc748aecdd0c82836c6005e89471d98a52eb1c0435932e9db
3:142	573450	9f5013162837701f9b4963f6b7f06f12167fc5e8aed79469d9399ad6accd8e83
3:143	413706	0126fa8065210f50840bd8bd53d77c30f91e087641e7ab35739488f1f00be6a3
3:144	825354	7eaf99f983248591ad94e344187bce5692c1aab829540a411246ccd07c8a0e2c
3:145	817162	0880d3be2c0ad0041bfbf2488157152486c6e7b990f7fbd371789d606bfc4ad4
3:146	735242	32d44c5722c9ff5ac781942452a1f91c0b5b65fdb811118e3273a5c5591d4b89
3:147	684042	be42fb68bf79e54b22def99cf74183108b0bfce5c33f7480e4a9f9e3692579ce
3:148	393226	fbb12074c8f0b245cf17ce5c3f6c76bbc3701317fe3a12b156566a2f085e3b19
3:149	528394	954ace32cf915247951865e59f19a7c7ee82e4c4c0c452e18f60221bfa279767
3:150	249866	cdd14a76d8bbb30b942cb85507ba0eba51eb46a36358d21e40ecd3aa115b5ae1
3:151	593930	b18a783819c9915076bd833d74016d8f674d5ea914f330b0a66372528eb47100
3:152	1490954	27b4ec2db4d2e39757bde2880546e2c61d246e4f0b680c7b4206a9549e147303
3:153	1001482	0d83b82fc23e41f9d9cc900f2f0cc44f9976343c1b51cbf19948ca77265a7c8a
3:154	2406410	322b6e817ab42bcbff5125262c12f059c348685a670e40cc79b579b39910d1fe
3:155	784394	efc1759dafe6f7e7b27f4ce0d7add5a09588301205de1802b554ef9bcd51b07b
3:156	1454090	0aa0142a24dea4fdd4c99bbd4c66813086e72d9a42e5183b47ef1844effce6bc
3:157	577546	ec92b2b2c4a28462fa1b56ea776114f54368a4d358936d8f7d8d97accae50236
3:158	239626	9cd51530eb351f04e833b556fcd458e995e2641be8be32b19d4f2db5e477d1e9
3:159	1013770	d2c0ede5638eb4bd1adc22be2fdd40036bba51d1707b47ae448c8105902c3b92
3:160	600074	f201ae844e05be50786e97ace48a43573d4a47653170f7324921bfe6e106c91d
3:161	630794	59a8cd3a6b0bf55c89f32b8e5f6a7252db0d15fa5165264a29426bb12306c17b
3:162	479242	d3fa7b00291b6921f8837c0ec158bafd968faf912f2d6215d73bceb3320dc189
3:163	321546	f98de16a610353b2f0106767241108f19f32d698056d214576d392cefb4aca97
3:164	1017866	0d960b9ee2b96a5fe1d6a7f3ea2364436406ee7cee01e12266e2574859aad690
3:165	702474	03ebabcd6064185e2e9c43d90069e42cdf7c878aab790811fe869fd85eb4e61d
3:166	311306	ba86a775769c09e0f2374e111a8628280fa82df488bb556cd0ed268446802d8c
3:167	1173514	95893eca0b2f3749564e7f6eb2d325cb6f22ec39da149a18f17e3eff2c9352f4
3:168	518154	d73b8efb093d4c26fe13874d43adf734540dcc673ebd4a1f6b5e742ea5dd8605
3:169	469002	044c074323964c7f17d50cca0f3be3b7278688a9a0e427b136bb1e875a3b6f1f
3:170	813066	057ba106c0f67611397e7fe0bbe889715993f2257de2b793bffed2496223f28b
3:171	339978	555e482bcc617209119f3ad225213f12d07868faa109aa6e148d6e7f291455b6
3:172	534538	50e2918716397844ebeacc9896805cfbcfd9d3fd8ecae15b06c225472ee21a51
3:173	628746	c7a1cb32a7e18961893bfc9cd9cbbfef6b723b181f2a868db2d195f267de42da
3:174	540682	ab8b1c064d90d179c2ad0ff2c8b078b8e0fa80e4c3405079dc0b49fa72d300ae
3:175	503818	13e030b156093deedf2798a58655f3aff8f6edc757e691fb55ccbfd7771434cf
3:176	712714	b7db75778f1ce1bf57cdb09585a8966d9d2324adaf72392beaca4df51b947db0
3:177	323594	8cce8a6e63428139e70d6b741dedbda55ca671bcb8f68431edba2f28fc4c1a25
3:178	692234	59d0ea406e4804200fd2ed52f49a5029d428ceb035f049f6c596e3d65faadfad
3:179	1007626	7ccac76ac275ccac817807e39ebc01e8b998209f32dbb1287c2debc61a190772
3:180	874506	d5c52cbe14cb4346fddeee15d19a4f053dd0f1c5bbddc3064a594bf9b99bd789
3:181	759818	0d9c8fe96236f6b9f5f7052d979a071f8e688a967ce66bea1fe1d4d728d1a79e
3:182	276490	3189a869d1f323f17efe4eb11f91c0c21869002ef11bd23f02932b505b6aaf1d
3:183	1040394	65515ab1afa8c8eca078669d8c4ac3d9b2de2b3aafbfae9f2cd4c9765abcb381
3:184	374794	21baff5c140e91a556266538156a5b23f4bd3d08c4256e74bfe3ead1a720a1ce
3:185	839690	db0b84f443010a4e1cf8ef5652494c7e78ce537055e7a521a0d6d18a59e27854
3:186	882698	aebf1ee56175d3e251cabd5080f40fe0f691dfd77b492a876e0852757d5c8ac5
3:187	860170	d3d793832e4970f3096ae0b012c0582a5a2a0b95121185a97c00b9dfb1b89dc8
3:188	796682	02db3c59065e268b81191fa7281fe7b110f5fe30cc8dc99000d74ead688d913e
3:189	378890	233725e993fd1ce91c72e6f569552500c340d723727185792acea680cb04e332
3:190	395274	0ad499a24843c74dd5b7322a3b0412c1bd3ed90bf12f856253e57d7f695fc317
3:191	925706	27d54110d78dd8f088c46f18a984595789bcc4f19ce8857ca15a85d9a7d3893a
3:192	464906	b5065106a618d13126e1dcb7c1d83cf23651943f9abd84fcc8cec0151b7ab8ba
3:193	798730	345581b94e36c7347b231ba9ddb4038bdc1f56b76d898691e4d471fbb9a9fc1b
3:194	466954	477b718d27baaca5f03cd00699554bc75a4f6c641cd17b8851c3be4069d7d0f4
3:195	1781770	114c2f766f292abce8e637c981096c16de52d0432c26ca2da98a8d254678c909
3:196	229386	c604ec2c2dcdadcf1214e7fd8a8616c3f112de0db84b57111db6b5da3c61a45d
3:197	337930	b9aea6d47cad655d9b5eb2c7f8c990e71dec341bcd9a3674345a93b25aa4ea65
3:198	874506	5ed12fd88f12e7867ddfbfef1e863b94f15748020bfa6ca3163ba73147ec7e9e
3:199	1099786	136ae8971cdd2dcd748e14f4ada456581da1f12a3a80e287d131fa7a2e3c780c
3:200	450570	15f0fc93220a9ea0ed6b9e46ba6f3bb7cba3b5544f4c0fe01aa827bc41c5e1c1
4:1	1273866	deaa3ea87d88a0ea898aeb9838404ca687314ad7eab127b7a063a93ddc1cbf53
4:2	786442	53fa6be5294bdcc312b661e12583b54ee1032348c17251f04e16c741ff6af67a
4:3	1026058	94173acc5a1b89cdc1b93d33f29aa28ff58ea658fae827c54dbf5138e7c49a62
4:4	548874	72c515c7289ab37058273aef77a2de8585409a1766353f1dd59e7d2fd8e69bb3
4:5	612362	9288e7490dfe4af7b894caf32d9e98926af0be813a439005d04c40c610f3ee60
4:6	1585162	abb60ecda3b6157867e1a0a660929f66ebb273b385b7bafe74433c9cc42e1b06
4:7	835594	084c0abe8112f2f5948f2f1ea223580d18e56676b61e66891634cba4d423ff9f
4:8	561162	f56ac71993f9eeb54532e89ab01dd885dd49e014adafb11bbdd54eaf52858a53
4:9	579594	fd258246215fad9341c2f2416b2f3f582449f66fbcb13d97242d9d3a06387755
4:10	503818	909a0caa9bab92bfef54ab9e90e6ec79d3de7b3738d5eb23d4e8660d9e51c70f
4:11	2461706	c8f78f728b0907acb61c14660158508f183f13fdfc58d03c5c785da63a8353aa
4:12	2779146	7f433156c4a4618332c10564980015c5976bad93a9686ee5d4832e013b5af16a
4:13	749578	d0257c2ea29f3c74ee9337bcff92f5a211c784d4f2b10beae94dc5438b164366
4:14	434186	c8434be2d0aeb46d9fc7f79a3a9b4d5edd97f0e491980e60963132bacc57e13c
4:15	759818	96849db748c642762daa30e609e965803a7ea6e3fc7c92d44d501bbd6434da3e
4:16	595978	52dba85b0cd5dee4040a31766f6253769aaa993605fa3bb17b9908fd91d21399
4:17	815114	95c50b746885fcf1e7b307810b5f20ed513186ce45ddb3f02f48c4285f0bf0f3
4:18	1083402	d253b84ace59c62efbab653d22d29d8defc01ccf132d63ac3ce30e4913eb3bab
4:19	1417226	58ccf822cc931d10398483f31ea282d03a6477cbcc731d98c182c9a42916aae8
4:20	741386	b070236292c374b44c4e4347b3bff5e7e01f275330fed53362d50e5771b57638
4:21	380938	d44a984820445ae7dbbf1575ae98c061849c1685dd407f9c638c138e04f316aa
4:22	602122	d81b187d6ed153a571260165a227dd851550e715e1a746ff6ec61cbf3aa10a98
4:23	2473994	a81e94ef1838a20b4c30737b7a362923bed40b3fba404efc993325d0d2014780
4:24	1277962	b9855c52af85288b29a6e93eff9b094c105fd231a4340f781c52a5ffc3a47c47
4:25	2234378	f6ecb252403431cf0da7dc1ae762ad7b5947c8730ab2d045d85678489b5c254c
4:26	434186	80b6f0ab5ace21066bdc24a90f17961f50addab97101017e7c434d0d7a9df227
4:27	366602	9ba3b5c5335cd8ce49336014af42953a00ed33b642cacb91ca7e7275961281f6
4:28	319498	c98d303e4b497c27c20c9e177f6748c813413d826c8ac6d3fc94ada54c555aaa
4:29	921610	61580cdbe14a294d30a6eb6dc2c2787229b259a2ed11e2baf0846430fb799da3
4:30	415754	975c86a0ac7c824197a3cc94f5e860f65c3a437f6ce2705f3eebd09a32fc8997
4:31	524298	f11e7c4e8e1f14236acc926ccca6ad727bca1111366af3bf06e19d1d004b5e99
4:32	888842	174ded45171cd09f03e363cf86ce6ec92f3cb57872e48ee7dab002450f01ab21
4:33	741386	fed6ffdf94364617b30ae8b5335acfff0f8156d561f70ca388336efa55527f04
4:34	1638410	efeddd79217c501584f3f25f7798016899f26a7c6fe116636036f69d82b11b6c
4:35	827402	da10eac4b08f843a59ba37b7e32d7aeee093196c3eccba4fb9d33e886c5d875e
4:36	1122314	13deb2e8b8285f07d3767b752cbb0bd63ce6b87db678cbe27789a17b04ac578d
4:37	688138	75c2faa7d4cf4eff63ce3764db6dfd81ce92fc3e7fa6866c35d72eac8e91eca8
4:38	612362	20e2389fe5fbe2b4baec4941c7d92d079bb4350e4ad03c5dd584ad786f7ec817
4:39	522250	1669e6cfdf847839920fa56dddf9e783f65849acf7366df94fdb187564c545c3
4:40	493578	ba152c123cfc2b81f07526f87ca0ea391547c308e5b41fa2ae0f927b49f5ece0
4:41	477194	a6565f3eb5e5cddf25146f1845730d94017b46ce8cc57d9b9f4336dff9fe043d
4:42	565258	59cd316f2ad001b92a85455e3b6e54239938b14e6a95bc26b04921e964635f36
4:43	1857546	c7e8527d2a96f9fce21c41b399a53a6657b46c5d05988bcc85aa52e80eec124e
4:44	489482	876d7f0cc2f76b998f0285c5116dfda8d635446046397b5d41e033ae5956fc31
4:45	421898	5f2d67e8ca183029c6b9ae4318ceef7e7e2ff8d5d03ea021c2519c0feaa55227
4:46	1572874	1d0eac830fd7f295e3b8034269a82c37ef203419393ecd2e3188e660aeb1ac89
4:47	1226762	bc494b75a4ded053bc039413d7985c0016209097fbbbdaa499296b12f2726604
4:48	571402	1549ceef469dfae5545f5a57be76a96e933df569d589c3c9e50932eeaec22ef6
4:49	475146	49bb3c10e7c5b20eb06484847421cea337d49a05364a4811a2bee7ffbca7f6ad
4:50	403466	a6ec93f12bbc9fee2500b180a77c84b2d3cdfcdf05449f2cbd3bedc5f95312b8
4:51	641034	2df1af8d7d67c08f87f6a403d700a3735f0d292c239e032a903820e48c1fbe39
4:52	421898	9d39028791c17d52e7c4f7b4fcae03bc1b89faeeb2ede8192a33096f760de4ed
4:53	299018	e5212610a2d4180bc3d392530ce4b0673208c2848466ba54a917eb51c284a075
4:54	641034	6e963c07eaf74f8d70ce6bcbd5dc6e0e707e01b608247535803cdcc130e15fd3
4:55	389130	6314b31f7e2247ce4f291117070841cb11874d7064b05edd66c3c6c5feb70da1
4:56	806922	92ebd16e2a3c1cd501895f517b6d9345ea90ea9713a42c19a8295057c3ce3b38
4:57	968714	06ace200f8591bdc56b5b7c3b8f2b53787058102dfe190425d3627576796a847
4:58	995338	0dd1b76334d7d646a3b8e936a46496c572cfe18a58c82cfa97a4d18488a6110d
4:59	1175562	c031c93b1a9cd98b063d71a25e6dc0e3480257502ab0179678a32ef85bf95890
4:60	1179658	b6d70d35e2d11b2d48b0cac411ac7b72cb51942b62fcf869d39f86afb86a6b93
4:61	583690	39d42541c289661861f8bc78c83997b4d28a217a402b23070c2420232992ec8c
4:62	743434	ea99499c392e3e229acf0a544127f6f2767fab5be1ff933fb277a41151899e39
4:63	626698	b63f1f78c72048897309c74745900bf1afe7c0d38644d6210eb8a69832058be0
4:64	958474	8713dbaacadbaa6c7b8ad6bf59b0d6f0f55ab008f2b6df45dbe1b3a3232a2eb2
4:65	710666	51bd2f37a4c3591cf0854cb9ff56ca0e1c3105d89e42888a0a5cfe3d8064b779
4:66	950282	b1078b68d856dfd8a4dcc8e8ffe9e6d5b2ef5d69ce5ee961b01bf82cf44830c0
4:67	268298	cdbe74423049effece95351025d32192f9351f7f064e26d45cccd34541a1663c
4:68	204810	d1497e81e0ef1befa99bd6293dedfab8c68b3f7890e22db7572cc2b0c113c467
4:69	872458	cf75a5b687d49fb99f7aa42cb7812b0f52c5e5b2c3ca646de57f0a48f2283fc6
4:70	325642	3afc95128de0d4ce9a4c17591d92d6d892c3ffec900324db80b2076b079b23c4
4:71	380938	9f93a73e73cbb7c0db2097d04adc2fa1bb43cb33d44b52a8a3f3c95fb16e2199
4:72	565258	52412e1612e6306dc1860e859c9558f6192c4b3e42f521b51aed115316d38897
4:73	632842	9b1e13ce119d94407fb720a9f96f92694a41d24b3e785dc4c85066dac09b1da7
4:74	495626	47521cee7ab75752431bbe5c8f94b2140e209153c1319fb49cc25ce39ce5b24e
4:75	829450	461be8fe3e4b7ddfafb500bc21a7c15f1cae64f33a921639d54962df8354902c
4:76	712714	8bcfba17c803e6d72d9bccc04cccf59cce0f6fedf04bcc7330973d29da523654
4:77	1433610	bfc472dbe659b5350970ea70fd614d926ac51f029fc25486c55c644031b81a1c
4:78	1056778	0b766d3c18a9a9607df56d8dd7fd2a7fb204c718ae0844798cb0e1130ad12979
4:79	653322	6cbd6d56640f29b03a1abfa1bf4820c726a615ec66080a02b246088e8de51836
4:80	374794	89a47d7843a29b54a6143c6020b7cf7bbbb8db7b7145e804c708b12c700dcb2c
4:81	897034	cc8694ac62546c20d9ca1c44ac3c19abc5bc0a519d815b3c9e6a383a894cfc81
4:82	413706	c8642e32f221cc10e25d01b65efba8bd8fed509c150c47b54ba3ccb12931d022
4:83	882698	4056dab645c3c04ba2d42e6e05becea9aba2c8a2f0e7b16879bbfe7929a34f70
4:84	647178	186be26f5f896c0417ea25bf215a2e5ceb2b6e6fc18e75bc0a42799e68f0a1af
4:85	706570	555fd8114e1168d76e339f38475d6c05d173b76633b1d897100451336c93328e
4:86	530442	0c9a4332f7a9f305554355a90eaeec21c096570fee15f55d0da801cdd850eb57
4:87	518154	a4cf67da843683bc227062f7e7d69189066fd694f3e2022d5b260178b2376590
4:88	675850	e86e32ec9551d5efbad0bb0b9b2fe37ebcb92224337631cd0be0187a72488bd4
4:89	1056778	7ab2461a90c22be701c04aa38800c3bb8df1dafe9e53dce8f2571826c5f8e3b9
4:90	1480714	d58b4c06c9e679cacc2d3987ddb84a7b83735a85e8b1df62e8f589f39ceadc1f
4:91	1439754	22319d62d2974a134212778b0482a06d9771340ac9b3ae87831bae342b174572
4:92	2238474	617b7cc3a695b6f937ca3323fabd260914b61c4a68e038f13e0327343d0743b4
4:93	665610	bdc84e5088ab10a8db72ffe13a0abdbd2fdcf62c227b1a8ffc90fb2b5879bb40
4:94	1421322	3078e368da2f24210128cc0d9f2da86d36962cfae39f26f085af0d131f10f9ea
4:95	1288202	f3706a1dee4f29a554fd9450e7f5afbc44406066224d5b7eae3b714b4ac02585
4:96	378890	10c12e96c03e15547c055c42427c853bbd7b7024cd58a042a9deabe2b78b8f11
4:97	1163274	44bd4c4d483ee32da1fdc642b3f0baf4d7aa09db45340805c722bf133f3752ea
4:98	534538	22cf3f7c50ed235106879a2526117383b2073718a586d3aab67c1e7c749848c8
4:99	374794	756bdb0c15ca2af0baee6e5891fefe5db2dd9a4c50c5c97215fa1cefcbaac1a1
4:100	960522	11e332e694786ea4ce074cc4a313b2baaa6ebafdca96c819bd98a59ec10787bf
4:101	768010	131a9ad1bdd076ae8c21a89e3387ee97166b75d18aa4bdf0b04bd5131118a73a
4:102	2553866	c72ee22628507f65d61bbd3ba9400ed7e6e717a923189b22689222e02282034e
4:103	747530	59b791211072edfe773ce556bb075ffc181ebae8f5fdc2dd094aa66c8508a7a8
4:104	735242	fafd334617ab155c0549a2a5c5382379ac439fa66b1343146f0c53b5a7562cfb
4:105	620554	6c42155ee7faca6853d6207ec8c5100beadebd554703b39b3aec30b1b17590cd
4:106	280586	48b129249a9992706fe94ca328b656760ff85c2957ed83539db81a5ff6214209
4:107	419850	6e305b7e85146ab9d996ccb1d45115ba105b5047e21702894cefb5e40a69ee57
4:108	657418	52c87392740c8b22a90f15277741e1b8f8ef4cf3a7468c82aadb01538cba7a6b
4:109	745482	cd94a847405868ca92bd97bcd75cd0051cdb6a8090bc6689a2dee21540761c3a
4:110	370698	9c44d6530826fbafc090eb72918e0eca5fd7ab5a580382179f0a2294afb991a8
4:111	380938	9879c472d47d2a5534724fff1cc6fce9f9a4a8e8ae0c3a1071104b4e160f820a
4:112	534538	76b945ef0e2f676e330ecab38ef4da7ab5e3abb02ee6633dfb7b543362037962
4:113	1210378	2c569a9789cf807d5f7a07e450a020dcc2caedbbb3973fe4528edf655432edd3
4:114	843786	842c4e4fd634081a232ae7bd5b1446e15c3edcd68685449b3cc2af535813a8b9
4:115	751626	2c35fd953fc60d923e6583556dacc73a76204854c0048379039bf0d37a719e5a
4:116	475146	51c2e4fba8049969ccc8263619931c6b983f48fdd8b1d83cf794a496c2c525fa
4:117	382986	996afdedd72fd21d3451f9f2307a039be22a39641978268b158d042cfdca86b5
4:118	276490	04879926a889b95ebcf6cea56742a5ab4b7ea525787ee2f14cff921196e88c78
4:119	813066	677e8d41e396350180cbeb1bd6758717a925f5f60ef78790152e99ce21cf54e4
4:120	286730	df573fbb65ef495bc3907e606897133e648334fa1704e6359cf7dc68a881c447
4:121	233482	7907b6e1e8fe10ae14ea903345f5aa7763de2ffcadaca7b14205fd89707b628c
4:122	647178	274265119cb3fa581a17158512a5ae03f24eb5ee66c28cdc024e1f61ad24a50e
4:123	555018	688ec8499adafe448d63d467ef2318b179f4fb18ca7bc16128281211434087c3
4:124	536586	6bd7000d05d8e93a7fbb75aab818c7d1b5899016324bc7162892b99a4ffa94ba
4:125	573450	0df7ba200b2a0b28c8db5823973c1a87203ff781a6a7d9fb36fbd08d2b195dc3
4:126	346122	5a0fa9bcfb1ca84f30c7533ba2e3102cd916487c9b7c658a3597723418936cb4
4:127	1312778	a1e635b1c69d6860243e35a991721e4953d525bfa5c67b527c00c729b32a4bb1
4:128	866314	b0bd50d79847f24d549e4e03cbddc28f30fe995f8e99b81f95a10a5dc9aaa002
4:129	722954	079356a8998d718f0ae6f48ebbf5ba569b334a70def443987d14cb1bc7f46898
4:130	348170	653c7d2703d0c000914c6acba73eb69e98639fde28d9b9a372b9be376a1ee1a4
4:131	821258	9100e2810b17a091bc9cf7b5d67dda92a1c0744b8ffdd4c9ed6c6f7056fb7f7a
4:132	331786	0668f60eaa077cb1fa60a9f31e00eb56d20d8caf2d4352239f2abf3c4dcd67db
4:133	380938	0a688962fd8896c417f655e97d44ca8afa8d53b9445da0ae4b3320eff98f2255
4:134	438282	46e2896e635e0d24bb2394646c16525f9ec0d2f62defe857e03c43c2e8f2c5e3
4:135	1329162	52a050c86928dc900a3f7809de6998897ba2803e01fd10a545ad3d7bba53b469
4:136	1054730	64ddbd330e085781b7d44beb962fff20d53cc8013dfb1d4220807fed0cbe0ae3
4:137	624650	d2023e44979c80dbefc0147472540482aa046cc885a1daad1ca98f628f83064b
4:138	215050	c28106ac00670ebe8bedb08ad9f806cd2ae6c3836445abe13fe51330495f307d
4:139	557066	a6cea292efc0c476c5201f92cd360f3134b20a8eaf0fffd04bacd73ddf178836
4:140	1062922	ccba51f68339d930351d4e5c5ffc53cce7a571d2ca38793d312e87687afa0d43
4:141	1241098	3eab8d3d579b589ba89aba54ac691c9c9dfd850563570847d7623894d216b8cf
4:142	851978	2669bc0325246b2ee2c1e56169b6918a1462c640856994fb1724e4c3d29e9f5e
4:143	626698	419cdddb994e09d9cc01afd03885208fa3b0328ffe21c9d0ac5ca5f9f248abab
4:144	641034	cd10ef4c8fcc2248591ab7cf3ddccf5157fc4b32d64882a5c3c2b7d76aec3008
4:145	307210	ce359c56506f0a2a5b6563cefdde80211380d296ba517a9afcbd306a65eb6e86
4:146	622602	7e46ddf46783629e935217e749f9140c0fd62a3b15b2334e0203e62222bd3d3d
4:147	387082	25943159a734e1c848db41a5acbd951d280cf52c037e1754a0a11d3a592f115b
4:148	417802	e3d2a01303edcf4008d340e101e5b82e7e3df350f3c4477369a5bf033aa4d828
4:149	409610	5aefe850e29ca7fd6ff2be41038d4c25ed8a31cdd7d53b149a422ae90d152f95
4:150	772106	1c7dafd46bedecff9096cb775f3a0a1d82f68f2709851923efcfcbc84cf51aa0
4:151	419850	4ceed0982619507cf408c7eceb9fcab1e9b2fe213471bfe064173e0934868be2
4:152	702474	b68bc3de20f8f757ee35f22c22e3b3adb8e2667db3d2b1d53c8e76b1a63afe42
4:153	1406986	c00b38232efcbd9531769a380316f9523f3b95017edf10dd87e8eb27e13299bc
4:154	684042	b6513d61e7f18d7a2126a64e51af25f494f02843562c640a57eb598fbad89bae
4:155	972810	cb0cb9c76c4f26ac1b9fde13177ec62f296a8ab763d4f9a5245cad61865c40f1
4:156	247818	040fd2e249f0bd905e6f896d0d5f8a0fd3b17237117880f3fb54b4009d3e5561
4:157	1144842	a127b468ae6d13dfb2a392f1643fd15aea2af65be5342cf9ff4002ee2eff1d65
4:158	323594	b65b5acfc7162406f4743204e1558e798f708e30e5824920de66a44ef93b156e
4:159	485386	1c1be4e0790c74418c4899be7b975a332de2be347289ce56197d1f27a449fb5f
4:160	450570	ddcd82899ed4f01bf502b93c9d8a3a51424d836d1718d905c02f7fbd47475fef
4:161	538634	1633050075cca29b4a8c64e253e8715ceaaea25ef81456e068174c354df57c74
4:162	1073162	6e57b0734b82ec26be4fdf94bf804a3dd8f2eeb1ada3ef8044e0df1cc9c867e3
4:163	1378314	369a9a16762d9b44301415157e9713f2155f737a50760cc90a5e38974ee2a82f
4:164	540682	9699539463cb53df11d721c0d10e72ecd1e5ed6e3202d8f7a3c646942c40c2ef
4:165	559114	4bce1aff0566c7d00e1b40911878ed20d9eeb9f9e9850a6221eac25aed6e2b87
4:166	677898	bb330d2b67198386c0a8c7068761050b9504e22633960ae0024809136cdbf2ad
4:167	339978	686c190d4e5660a9cdd2ab2c6b10aa4ac89f27b1d841e44d2e9a8c6e85ab3482
4:168	337930	2ecee611f940f9985e0a66b97170592babcc1c96c2fefff102d7bd9fb52792b9
4:169	458762	518512f4ea7d01846d0a909d238da1739fd4b5e742c844a5ff0a6486cd61f43f
4:170	837642	63d77c9083b2df9541e670fad6b5aa9f00c15aec7ddc158f0057101399508493
4:171	1875978	671134a906ca9b762c2e8a9ab1528d3149e6142fb7db7ce4b3fa5915e0a98880
4:172	612362	eaea8c2d72ada6876de4438550bc8cec80ad4235f891a49c9269dc4b57145d86
4:173	890890	7c6ffc2412603bfa25339caf4c60ffe9b504f2f0f50844b3c9d107f7dcd9c923
4:174	540682	6ada065f43d678598486724735a4faed514d44aa8c00cab59d82a62144cd14af
4:175	555018	d4102a9d35ac3721393138aee80b6acab0917b6cc2626bae0f5a0c0b971a41a6
4:176	1603594	23be52f8a7022a82ee55e9623627290445bdf2e64e8fa1b5e2585a089365df74
5:1	725002	4a5bd0a76ca9a15cacabc60cd0fe824d29e94b51b8b173285b275fa50474ccfe
5:2	2017290	3e3c6cd37562d644838d0f0c955f1d2d9a9944bf548dce2d6480621071c15d80
5:3	2297866	ec305e40320c2f8146f10ce184830ee2c5d2107c5909b8e60ac33169fee704c2
5:4	1226762	5e36f6df7f1870f09816935fad6f8da496f44e6eb1838c7f57fed7e092510c96
5:5	1488906	7beb7d845aea7ff8b531759998807d572907a7dc659fea3107375196cc9de6dd
5:6	2504714	a5196d3cd675a6c5cbf13faf70c64bf7196cb6180aff8f8b2fe0da28f75b4e4e
5:7	704522	fe90e2fe8f429e20795d3991a32ae58fc38f92adf1039d41cf03cda38986e57c
5:8	1048586	7194793854991bcca890831b3de8665c7e9eac53e3f36fc43eb11182c928bbc3
5:9	313354	d15b3d6dd26361ebdbad602c562e2d9c76081415ccf525e4462c447be24f381c
5:10	301066	d824abe6daf56856f2d12aba4fa45140fff0300c17b38d855a1b9061a46865bb
5:11	968714	a2fa1483fc2c30b5912dcd331279a2977c78c4b9856645147fc4ff2ee3f2826d
5:12	1716234	ccabfa38c113e7ab02c85a8118883c0a1ea93f248b6ff13d400cfb7123c1501a
5:13	1220618	11b100daac8eb52399569de480d485d5b38a3657a60012a645299fb2e5fe1b08
5:14	981002	e7230bd454aab7a77646686e96f4250d8991833c6003c3bf52bb7716ddde2af3
5:15	880650	a98a269f8812ec3a6ff96cc545dd5d472077e1ab9ea5d9c95ab5663f1fe90120
5:16	612362	91560905b7ac891e9bddd8ff2eea68175ca30b02c8391ce6c83f4893fde419e5
5:17	1411082	e6664e3f4a4219b9878a8efeb75585337753c2f869ac6ee3dfaaa5d35b9e4e8f
5:18	1202186	b76dc8b7daf558b719a1af147745ae83688baecb71ae1b7827287f1fb242cc92
5:19	1175562	b67bf779f365488d5ab441e52589a476601f3260145a3114ced3e30bd11a2c4c
5:20	716810	0cec60759d460ca9481b7bccb1a2eabd2b307a21c5024458dbfb5ead58935dba
5:21	589834	cdccbebc833a2c0bc725f8b470c48e348f8966abf3b0af4735016b977d1815ac
5:22	739338	6733857882a7f4177e212ea23f54642ad94d6aa9ccda8d7c593b921dfc97c8dc
5:23	892938	8a335595a31615582b2f04bf6b8cdd8bb34bc9e85bcbc79f4bdf78dfe1a98c6c
5:24	610314	0a8a7df6c1d9a51fe1d53a49d2d60c04c495489273fd6159568868e2a368351f
5:25	434186	5c59cc95282913703edbfd051cdd75e6b00567ef02b370dcd81cb0386231b9ce
5:26	489482	fd5d412e1a1c1224614ab0905b1c1b12f14576e96aa805f5078b43268cfd0c0f
5:27	888842	2e551003fd9f7ab0d4a11ba4f5029ce79d1d7a627c4cce842d423302dba26423
5:28	532490	0b1ec990f5577e374fff0b586d9610a336b96ca98c4020c7633d19a346c06c71
5:29	507914	ccb9a5412fb7d95de1f549be9f22371fac144ca321a52f41b535ec032eaa1285
5:30	311306	b76fd78f238f59636339e555e752c4c8300b1c8871cf464335c5b626fe49f5df
5:31	768010	3f7f1ee8e3718b605ad4afc69206b1572024bf37c9a8bd669431c94e636b4693
5:32	1544202	8dcdbc8cf2f0bfcc5dc6124c056e76e1d38cf79503331aa1289507fcb648396d
5:33	1146890	47ff361e5604756762f8e61897e6b40173401426208258f9a26b08e5f70e33a3
5:34	452618	b63bc2f2570495392c0b9cdd4b95c2a15003d90709ae2ea01dcdaf169d83bc4c
5:35	458762	1365ffba8f1f21ed6cde9443668fc0b1c63f978bd2fa7fcd02b806432fe2a65f
5:36	614410	4ea1a7f1bb7a8bc4dd5c21d4a0ac7a3f677281186a57aa72a9153f8a02277f4d
5:37	368650	448df70934d08b989e5474aedfcf84de5e14a03b199f2cc028648d2fd759d351
5:38	577546	11db83dd7b44f487a0277d5f28e395028d742955d25010bf2ef336ec3402ad01
5:39	378890	0b50d1c2932281718d48d621dd4b1f6d9aa53be7eaa2d5796be914f4d2266c28
5:40	530442	cd6c33b1a1ccb59aec40a16717c5c67cceea6b660790c235adf2326e71597413
5:41	2000906	3784858e42abe5499ed0c4e730dc31341d28f5d97dae91497f2c359a855a4cc2
5:42	933898	9fb72aa9fd3330f30d85cb05f21ffbe31452083b42144f50fec1c8e5218e5ffa
5:43	636938	f43774cd8a08ef0ced88cd238c143f520533778fb0ccf07d55db00a2a40fe96d
5:44	1431562	45bc8f03d1a3756ee8cce1ac7a43298ae4b22c7897d92cfdb08aa0ea74803408
5:45	1083402	9eb790c1440836e52766d7c55b55d4f2a52b995028cb54612eab247c26d0fe2d
5:46	882698	872d75c21477c9880b2a45c062d547b06aaa350e6f15fdc51a4a959757cba591
5:47	538634	73e9a2dcc682c9899039a18e49e9384fdfc33bd06d93026ae8270a030e2fde87
5:48	2019338	02da3d6933ed326d6757b2a6d24e9d65a04f33009d379549b02805534f8c30a0
5:49	1142794	4c904484833398de044bc802c13b1de18ead990af3baa80f6bed5bb241eaab81
5:50	387082	f2a16ed0579784fc5fcb56b3383374b6f1ea0c4b80fc3da63a1da61dfab94965
5:51	919562	533051405d9408a2e5bf290fc8d10c7d6a79560cafe20f6ed3106ae6d3defb03
5:52	1071114	2a6c55a1d8a6586b4709b842451829e32caaa90edccac67a1c26314e950577bd
5:53	722954	963e3dea2b5f211d65fa852f4de5e46f782d1b7aebafcbb90aa7e2625a6e02e4
5:54	1329162	eceda82331a05917f690405f16bfdbc55b228d5def23df2716854afe83d67f42
5:55	522250	3cd5466054f8da852a6385e14f08cd6e861ac9d7c800ad727de5f9aff2087717
5:56	333834	7d123dcd11773f058626df2db21e964e285af503d90b6b2c02162223c1d5b0bd
5:57	897034	4ab8b97727d49c6dc2e830e8c17a891d6c39e01be7bc3c6a6310c745d91d7108
5:58	419850	4d4961d1fe2e923bd539d1767117115c0fd6836341c76bfacab687a92d356ab8
5:59	794634	a8f491ac197db6559b5ed584dda31dea79fd990c4bc79b1aedbcf0c651728400
5:60	903178	2c220076cb8637c22e432a64f0b1db255b9a4675c4181ff01b8e3e3e42b425a7
5:61	528394	9638d00c5df653a8fb187560f7e4b5dcfc78e380fd5b4d638e46a16341b37532
5:62	440330	342d09ab4047e304ceadbdb939c31c52f92c392f75de860a542e099a0fa19e9f
5:63	466954	120c10b3737a51fa341062e455bc75235911bb7cde32ad08ee8fa8baf3927382
5:64	1703946	63b6b630e9bbd54890e23fcabf026679bfbfd2f6c9e09d73d1447484fa0528ee
5:65	575498	0d9699707c817bb03b7dfe13acb2617a26718bcea974f504880335682098c398
5:66	864266	984c96ccd6f98803e3968e4f17af7943486073c84c7d915eb7deb12f1c3e4fc5
5:67	802826	b0edd5c87aa45e36b3f56b1afef1c78273a1ee4e5e304d9d7f11eb67efb08d73
5:68	1077258	8233464079d9f1252d8dc46c06de70b801e599e6f9d39bcd9c4468d5a7e59d1b
5:69	657418	5fa6a11f8e641cd695cba072d91be0c468d5aa75cac7393aa3e9e7300e1cd287
5:70	839690	6f37dbb9b95ae5d915a04be3644d6886cc7ffe533c2b633ce73a964bc7d53bda
5:71	798730	6389aabbb629e8f1f2d14bb5ad69d45e56c42dbbfadb9afadfa67b723ac13171
5:72	1077258	c9875084e3985562d7c8f023daa6481abceca856bf924e35ac75274afd0384a0
5:73	788490	16d11b46e2eaeb5a82cce72306c9fe30efbe6f0972e0a837761611f7312c9771
5:74	348170	2251d95bbf73cc8e0d3218b42297d82ad86f4b52b9f7296471d5e6ed20b81f9b
5:75	804874	e903297a7107a26edca3882604499d7ce24a50f9956b63f250b2524e5645f2cf
5:76	442378	375e941c933366117539dddaca275d6e9af7f401b12c647e2ed0d02ef11121f0
5:77	888842	99991876acb05905035e24971bdacdee2bf01814227e25619c6ae703525a9532
5:78	548874	a3d5c116cf749bd5eecedf3b90d70ef1ddeda8935bad211b36e56810979ef7f7
5:79	370698	21ed09fd53968ad4c81fd75968309550dcd5d7f8d6d534ac2c03e2c9535fc1bb
5:80	559114	38c9c9d257f5b77b89a2238b70f2c22bed128418ecbbe07fd0490ef59c7c0b68
5:81	579594	11a3b81bf004a208ebf093a616d9ae0e84bede2b2135b09af4cd3016ab1a2a66
5:82	864266	809a748615cebda7615156944f142b87fef6e39b132b406a709b16ef7eda741d
5:83	645130	9ba2cbf154627573a15d7694acba43576b8109c8b339fddd777267113738ffb5
5:84	487434	1e1ea96cb373c08b6140d25511dde1c0b370f310b214047b93dbb32c3e30524c
5:85	518154	e33d18740fd22930b2c8fd6169798bf8ab9296086591d435e1c9b10753605e7a
5:86	296970	c17e1bb821d413f812e3d131345d72c5b8f5de7765f3a15d6e13c02578f59c2b
5:87	552970	8f3b75f9fd6133e547ac86a3ebb9ad04acb93849dec7ff7219cfbd5733748132
5:88	454666	afa6141535c94fc35d2215ebb950b320d38aa48399fa20fb386ceb820b4d9dca
5:89	1798154	92cac18b6421d290acb6b44c7683188fdfbf942ddbc1f41d7081a702470e85df
5:90	624650	c6fa274f113e94bf2b1a3154b91fa380cc394dcf4ccc74bbf767e7ece6f15b3c
5:91	729098	dc3a303d9271d1f412600f3fac1c78c6d4959bfd33650cab03f6c3e0ee0ae00c
5:92	481290	802ff8546ec1543b44f8d132f8676f6efd163cb4b4a04b0f3a17c2fa9b0a1c0a
5:93	847882	251f3c176496de7547b6b3b1dafde3349b90ef1dfa68f0a1a28f997088502007
5:94	843786	c4def86265dd742e289ee372ad2c859e0b1e31ca8922c4d8d28f73ed85e1b2ba
5:95	2019338	d4860ce97fb93ee02ddd1f373c0e985a00474f3f0c724eca7fa0ddd085fd0e8d
5:96	673802	29680c283e984e362f75126a729dc720878a70d16daa428a0503aa431bd58728
5:97	940042	9e8e852cb36224cf1af10fc40389571b54bdf15bbb6f455694b02f3d495ca6ab
5:98	301066	db1db12ae1dba6eeb37ddd17e61e9de9fed8484daafc0db0ac00279e3ef3f375
5:99	368650	91f8c6000b0ac12153443cd3b7c3cacf5892ad07e5a20f60335a5a8f0dcd2fda
5:100	507914	7b1348f615e00add4c48583d600e788c57d868305ebbf05cc17c0aa9b363f11e
5:101	872458	954f5d35f9aacdb1ddc231ea2d0ca9228272f1d34745cd9aa4fa189be5715512
5:102	274442	e80abf933f4faabc50e8ead58adb353af0d0740d99d59865a879b259e51c1118
5:103	708618	b48835be7bcec938aa1143c4c6046e648f57155c2d1267b081871f7553bd02db
5:104	831498	0a147b615261679bbc45ff2eeb1e8c95622af19aa26effc0b3369e5aaa14f034
5:105	706570	10ee8a39e0bb9fc8262c522931a6899653633a1c059078b01defac1e4dc5b305
5:106	1937418	987668cf8c273e2be05a3b24a108466fb7169cb14a012e759ada881cce79f2ca
5:107	1288202	a679a755659c99ea7a70e73063eaef52a1e24bd7866ff9c12a8402a9d562e0b9
5:108	958474	2b37c2a3625a7b44692d2f692f8dab7c4aced1e9c5a3eff6d7cc3d394124678a
5:109	563210	50cbb644caf6e652c6fdeb1e783347bfce3d4b8480cae156893a4fe0b18d557c
5:110	2523146	0e14ac7fe5e52edcee4173239497300fe217680b3a672c12d1580c82401869b8
5:111	641034	e353bbd8648b93f92e7db44c728a3b1adf810aad4e50fd80c4c28d40b89f5a5c
5:112	823306	6e5ca7da535350c470c6bfbb5184e9167d42ed72ad87af267c11dc0a4298faba
5:113	548874	372e497a2bd5f69251a7b38aba34ba30b6d00714f839e896293d0151b9fb78f0
5:114	942090	fd6c75a1b318ec27620a22878a2e865e9ef67629aecb965cd5d1460c5d787774
5:115	796682	d324ce3a867f42b3c9aa571d8b9794415a75a28d5c43074533e564b9f6911cf2
5:116	1523722	a56e83b920f85505a759adb744fd3236302b46b265282a05026ef3a494c32267
5:117	1001482	5ce08190d28d301747b945044fe9d0f4281de219a5ec79aaffb00d93ac288a9a
5:118	473098	4f617339cf7d1b0c27d43fd62dd07d9e35dd73313c378970288ed6009907815c
5:119	894986	5a227e980714c19d3d1828c85b922b9043d8fdf8fd0445ddc3a7d49d50eeeae2
5:120	335882	18388e2095ce714afc444e8836ab31857e368de426f49c3c44da7b04287cb968
6:1	509962	731ec48bde14d4da95798d3566b5e7077c5a3b57b1a02163bae754e9528d009f
6:2	591882	fd890a4900f72f50f1321af4759022d83b97cc6260cd8b0d267112e084053695
6:3	425994	58f2b8522dad12fbc7231a520d8eb6122e72cdd511d71b35487e5d241e5e95dc
6:4	364554	82eef665b78d552581336a95683557386167ff148142cc30c0444daee424916f
6:5	509962	f180f667faef7a232dac9d67029ed88f2a23ec71199241a46ff858e416c9a72c
6:6	1411082	b16a6c8a447bd4c6222d6cbec2acfd08b1b2f339f608b59dd89bd98d152a7447
6:7	704522	4ed1da19f68508041865a4e1c9a1acbb3c88912e6847316a643ae6e0482ad7dc
6:8	460810	fdbe00818e029a061ee733af96313c4c479f4c2a04c72c5e93e7a7a2ce76ae39
6:9	323594	370cd9c27c020357164ea245d56fff85c02a416cb460bd5ec725bd94f4cc8b45
6:10	563210	8ce8ef870efd713914b4ac7585a63498a15fe7d7b5d2f75c723472180c8f4211
6:11	286730	8ac3a52819c1e2246f0fe3ab71a57f0867971ad402816c3440e3c4591713e7a6
6:12	876554	4d6c59421ba4c296afa1cbad2bfc1cb5fadd14b75debd9b65323b2a55472b812
6:13	225290	8b17ab6f313e2a951dfb223b5f6ee8b2ee7b7f7237f48a2adcd9d8cf16a0353f
6:14	581642	1efe597b39715acbd309a366aa10c4ff54b3ced40f00ac77971d49f33869eec1
6:15	210954	3348e49cf51f774a586da4b5b8d2300e611fcef4c8f3e3787e26962c96a8b3a4
6:16	274442	12084b3bc1b679a06665042bdacd48dcd3ec55125cfe36d6a5f3d7f8503a9543
6:17	438282	10d2d5647551de774f68dbf9c606510b762c387fe3fbce604c60242e177243f9
6:18	260106	e00817343c3cf6de1027d5f4d89ca50b4cd848f2c5701ee6062e7c6763f531a0
6:19	1237002	5ff952b4a335a043e96177df9fe57f426525878130c26988004b7919c0e6ec1a
6:20	536586	12f68763e346960b5b78a2f1c4feddd19903a6b85d095abba49d9279e3940931
6:21	425994	12d668f360da7770bdb75ff1e9651018e67954486c30168be399c6155a55a7e7
6:22	528394	571b20a517e067bc6229f8b96f4f19e0525d8f24d3c06fbf720f9a5fa24e80da
6:23	333834	2a856303166d69570d71fd9a10e692e4a69460bebce025444d75cf4285178916
6:24	391178	66806d509529991af95891a640640e250f1fb8e63d4e03a0046822b938a04be5
6:25	1273866	666d9d5d1747bb0351c722cbba96361bacbc221ba8f729b1d3e9f7623c60bfc5
6:26	407562	71cc509fdf5a99631ce242a3bc865caedd580431d9cda1c08b9857a5ae8ab149
6:27	540682	b0a3b906a96a00a669e77a15439f84df8ac5f31d8016b583c8ab12fdd387006f
6:28	477194	ecb59de3ac8e7705404b6eebed711b4eb21d11ad000091212fbb0872cdc7680e
6:29	307210	605e2db0141ca87e976614af27fc889d4d66570400e3ec3284b4929a64479cfe
6:30	708618	e7463ac3c36d1d915eb09a24dcccc0506a8d8bcd25f7f883cf2b841ee0007828
6:31	978954	8e032547221b9755c0e0999a91cad35d743575198e6cf4a97ecbda834095628f
6:32	555018	8563ef35ee9eb5eb83d811de24d4ed38e2ac20b2a284c0785ae6484cc28a42b0
6:33	518154	6dc6566dba401bc191fc4305247da21330af14ece1a08bd38cf039787b2e35bf
6:34	868362	205215dddad872df1c39f80e1c78f87f6c007d6dfd4b14693cddcfd64424f5ec
6:35	985098	79b2cc7f29f6630c6b1d545d5f626279be9f9f8b64339bb093b9dcfc8c324da7
6:36	405514	ac9ec94a73fb098e5ae66607d3db89b566a778c18cac89d0a693448abef48682
6:37	614410	4a91179d01c84f0891dac1d085d6302be47388765f5eab4ee86c44d9d2a4f4ba
6:38	878602	b9ccdc81c5511d2091ed33b5b86f5e5a31fdc7bb5a32d173a298baae94400370
6:39	585738	cadf6af3e7643ec90c6987a7f07c0d9ab7aa505d65b4d1b03f8635073f72e33b
6:40	514058	2d46e50cc2d4e547c4cfb047a7522cff1d9af46d281ec3097bc8c0eece7f6be9
6:41	403466	66270362f267329c8d4a34db4b563d9bd6b9a4a0e5b2dfd036f642e35fa42042
6:42	587786	ffecc26798e931fb1f3ccfed4a8429db7be39486ed2ae049ce2ae36cf47ebf3c
6:43	520202	3a89af0f925891bffe7b7ed7587e8695d98bab81dec23f9ef64cd9e744b6f009
6:44	671754	b18dc9d4db5bc70a61fa85cc3b30d6b4505215ab6a0367ed2564f502754b3d59
6:45	354314	b489f626ff4d405f1c597f55b20c93aacf8de33b10def0f7460ad00e9c880a7b
6:46	778250	3941fb5447e5caabee6241aef7e471357e54909208df8824052bfc7644b50b3b
6:47	364554	fe671b8ef740afa0aaa854fd90508dbec6ca6238350eed4e366c7030aede99d5
6:48	505866	0e4b50d61fd13d0845c74e7fc9f67c2c59481609bf8d54557d4db9538b337eb7
6:49	311306	b53e40c3db444c6ace370bcbe7020c9723bddaf30737cde5767cecd242471876
6:50	1050634	8d7b2488ac59b15b9f54be1399643978e5874e62354859ea86d3af7cc0706697
6:51	677898	e0104d699aab512e3f8f3a6bd951a81b207e0edd5d9b918ce5dd14faa4101ab1
6:52	821258	baa4af54607616ff3b44e4bd6545be2057a9d5c6fce9c3fe92e3ac5959cf2558
6:53	684042	8c7733370e5a79dc580e2cd056d03ff5bfff3df561e09473dcc307fd16c47102
6:54	1007626	0aa1a69ee701f5fa7c4833362c6249c989076d22968bef65ca393554f6e0aeec
6:55	266250	09563d4619e50aaf081e1b58ef305a4ab2acc59cc5e942d6d36956ce39fc2930
6:56	708618	087d47db54a22260008af1af728b8fe22c987659d647599b18dc8ee90ce6957a
6:57	774154	9431927d0ab3980dda528c20e34cccc74e038510253a160945c0b10d7a48e9f1
6:58	415754	e295139c29d4805186af11ab11986cccded1e80d8a5db0f94803a5666e14ad91
6:59	952330	f295140ec80b064d5ac09c32ccfc9f6a72cf4b9c6357c6f47d48be05d1a6e256
6:60	872458	2fae9794a4378691de2e9a4a38adb830cd738ab17cb89bb882b87a6964546b3d
6:61	620554	51b6bdc61c1810d76a91c658e47cc09f720efa07406d04d104dad91cf61544fd
6:62	430090	c2da159de6df9c8f95634860e3964a6222bc2537a518712368801772ae15b989
6:63	741386	379e3aa99e2311a0898660ffcedeb2a61f2ecbe513b42e482508e26349ecdcf1
6:64	317450	e5c475116ba6fa1a3258f5a43821e9979dfcc6ce7416ad664bb0c55d580002b5
6:65	907274	c9d55b0d43d8e6d865fee69cfb80226ca3fc3c00983b4294c86b8ca7fcd8d716
6:66	317450	d1af03afa10eac7557e75b538d06b494b26784032ad90c56e657015045862c87
6:67	243722	1722e539d0bdbf0fd08a00da23620c006f2e30659c077e2d93f64274019c38cf
6:68	831498	18298e5330a23eea827061b0be2efd8beec1beb127e3f80ff89a6c8a4bb36f3e
6:69	382986	207663581733fdf5231ef8ac363de13970d2f64e4bea8896a67e5f460f6e0efc
6:70	1536010	28803dbbb9f5e8abddca6678a5d1728a362ab8feea2c4ed13af77a0adb665bed
6:71	1531914	e533e931350be4772ff271313a462ca1345aad8852d68dff284f5b683e9f6db7
6:72	313354	9968da862954cf5dafedba5882891e2fc6257d17907b3656576dd0dff4077979
6:73	927754	8bca3a0c025795df993f9a13e21486072276c25ab0fb157d4d53e94574caa550
6:74	399370	29adedcb05102ff401362ffd13426bfc0b2f58f198b17fff201f7ae3c2cd48b2
6:75	284682	d9ac4928d33135296c87a3721d2dbd6d89d2ab5b6ee22202d5761bd491458c1e
6:76	542730	e888ea7b8a159eaf79353434f4d56340d76ce5682e553208fb6aa09852de8d69
6:77	675850	c418110bf8b657fd518813dfe6918cbc4e5d6f50eeb3b022db24449dd6025df0
6:78	567306	138a1c97d33e6f6e9163861907f3f73f0ffc3f7fc3baea4e42f37db842fccc64
6:79	466954	c40f7bbcf0c3e279ec8717e0e768ff9f9cbcfd96db2451184048429b29f6b30a
6:80	1071114	6d3ff4c78fa1d634d2e3b70e96b0ff948ffe79aba7afa5903e13d5e27663438b
6:81	821258	121672851f2b7837a31939a83c56370d12af4395538e571d159858a355a02888
6:82	501770	cc4330e974149026deb5e34444cf37773070b20fa4afae0ff5eeeea8c5c5a732
6:83	595978	dcfbae07c0c78f27a3665dee9d722f870330099e004c436d7c48060077e75eb4
6:84	940042	42b34549aa31d606e5639dbdd1830cf96505cd00bcdd083c01352d61fd7df3bd
6:85	335882	8d13a9f70a07862afa66b993bacefcc0ee207d556161258bcac93dfd7623adf7
6:86	362506	c1e10e4a3fb5fbc17f239b00df1be10115999c4f6aa614aa3e64fc3d795c3cf2
6:87	466954	7335f8443b96c32ee2c13e58826e85e32c256b726f064060157727ce48ede259
6:88	477194	c69ede4f8a3e4fa1b212303526089a1162ad389ae11076e51fa18cf6fbb6f6bc
6:89	624650	0ce7a3c689ba67f0a23bc23591763144c6657f0e5c4b27a63e9fb697e0e3857d
6:90	641034	478634fd02eb05a9b120e70b82cb1442c5fdf94c598ad6b8c3de60631d069206
6:91	1507338	dfde14f99b28f90ae417abd01625df8b1fdefec1d0039b0ff9f4a4a6a4145886
6:92	823306	f552c0fe77ada0664e7ff33a45edfcf55cdcf6c4fe3ff8f6ad553c8d1bf30f01
6:93	1757194	2272d270a98f1ee3c3cc7f3305d02ba62835f10e41c85ca92d4ad2606b71cf67
6:94	1062922	afb426a5b7047dcc7fbe09047973da4140a298d5af448f92218a1d8ab41833a4
6:95	622602	46f0a352d92eec48b799ad6acf46c7e47115e290c10ac7d77be679bcb936263b
6:96	512010	722c8dcc0cb0f843e6c8940fcfb463f00a77ae61c27a1d92e7116b2602ce3deb
6:97	501770	cf365e003c57029ab9ab2d0a546f2fe493672f6aaf7f4e4ff501c05d12952a8b
6:98	520202	53bef5e202eecf846bf8b7a1e33bf9e4bb243b0ef991b916ff21bdfda958a93d
6:99	1718282	ac98b0db24a2d803eab0cccd3864473376aeabb2fe251ef26a1d9e81ba8d72cb
6:100	579594	43ff55893b7b064871d180eee1a006bd48a6f13be3c11122d01f25d755d84b5f
6:101	602122	768ebbce582e9890e526d3f72ffbd208cc6b8b8dfe13db471a32db84cb203c4d
6:102	675850	08d8fce25f2f23d969171f71854a2d82c155b1358171ad11227ae24f2d2aaccb
6:103	292874	75580757f46743ef56f9f25ca402e2f066cd1cf6ca6867b69e2188dcaecb145a
6:104	626698	c2ae8033aa69fdb41b6277b9027a78586e223555d734ae4eb1b8989a1e9274e1
6:105	327690	e382f155846589d1c8710bc8a5506f7bbbddd0669369155d601e6fc47e8ce17e
6:106	528394	375dca95e47cc810b096c527ba10ef396ce851120be0a41a48d6edd5f892f3d7
6:107	559114	76392c8429d25f4042a89c455c731c7678763f7a2f4060f2600f52920a7a3d38
6:108	880650	558525948fe9ef02dfecd0b55d907414151b89a9eb00161238df989c255e605f
6:109	765962	e33a9eeb7dc227d0fa968ac825d71c9c7ef3c9a9ca3d6488d281bb1c422f786b
6:110	487434	a1c665c311d0fa90f9a3f1629d25df8332b2141058ff09f343bae9a35d198311
6:111	1021962	3e5223bdd29a3abff853d9a1bd6ec9befd6e9c927e4f67600475082a45ae00b9
6:112	907274	07b131941cdba4d57f934486ebd2ddf429aeb58bae87f02ad16279976348a824
6:113	514058	0ffd6246929080238f847c2173c7f5a2871b8a0302f2a8e5491bc2411002ca2b
6:114	829450	7ec8d3e2552d2bef4570e7aed35aefedf6af4512e25417de31b90ccd65366049
6:115	479242	be3595a1e43f5e6c5cbd8a5fca5b7a2c49e137528da29659e75d86789e07aae2
6:116	522250	fe2fba438b6b37085d2561ce6b10d66596a3c116eee8247324b9b5f4b7c84788
6:117	366602	c86d8b5e494ed66e8d03063e41b0c1246a3e47f77ccfa88bf55e7911426d3404
6:118	329738	e564043032ef38b1258c4be0642ed078a98746b99464a06048989e0c39797c97
6:119	1015818	566d539184356f6ff56f47cae40f31aa6870c86119164eae64dc7994b696c621
6:120	436234	5f459deb903421bd996d720743802f54eaa1fbc80e2cacb5547267de2f1a61a0
6:121	782346	59613a9ac189c9860095014dadfdd90e94713359f9238aec2da03f479f310f09
6:122	806922	9bfd1c326dfc8846556eee26c64c9b961412f0de4218b74702332747020026cc
6:123	542730	c06ba25776f8baf3fd309bca698364856d6f6da17a91e557ed25d94e5f6b3e26
6:124	921610	4edab2a143a445ee7079c87061fad54f562cfff239a696421b25d54976bedc52
6:125	847882	e1fcec668756e9a7ff664f4356247567cf8060389ea2eb37385559ceea5d3183
6:126	382986	440531a995e7ca0e62d989cdc882b54eebabde4c3daf476a0acb64a17f6dc827
6:127	315402	af6ec09c074a71947ad78a9643ed079dfd2403dcf3703156abb255f6dfe1a932
6:128	1288202	5e66cedd8075866c754a2f07cb1809352eb71580c3943084c5a16955bc076d13
6:129	268298	c18e91de95073b21e647acefacde6c10a12bc8c0b0bc47f7ea9bf79ec07c200f
6:130	1234954	3b84494155dc6714ecb79b7ae2a2f7e2dc6bf61fd5a668af3ea2ff6558dba689
6:131	282634	b57de64df0fee0f792e5bb050d9ca33e5fb7a6a61319d34ba59e324a9c01e2bc
6:132	419850	0ff40060ea8d8b5d9e21e650e054878135b66b3f81bf0277a574944cbff576ea
6:133	561162	40146ca7ce9434717b555cc7ba17293509b9c1985dfa25ef1a0a772beb089160
6:134	274442	ec91ef3d8e0fcaf33b3f742d9624e657f484cc33fcc6e7d1c8264c5046cd46b6
6:135	491530	cd33acd0ef7caeac18ef7f293b88a78e266590802c9b74321c8660165f59d62d
6:136	878602	d1b321cb3251136c5a80a2f128925f34746464cba50a8c68d865dc42ee4ff1a0
6:137	675850	106a6b5d8dd4e22aaab9c55330b924012a60c07d9caa4500c4d90687b355a2a7
6:138	892938	e151582ca9ca94ccbe09f8b285c79f128f5eeae71d4f83b4953a81b17fb3aa83
6:139	681994	8a8d87e9c365aeedea46d83e01f955027e8d6a517111e82f171c113a4dd97325
6:140	571402	02733e47da2b9e3d5f7161842f62a9dd728a5494489d959f1c447700f3a98d57
6:141	1116170	9d8fec8acdc2778937d9adde5167a9e5562fd65eaafbdf6c224e666b89ebc48b
6:142	542730	493b4b3c601faf2b4ce8de167ed02d027af754e4d2aca427a05fd0c37f9b7d59
6:143	903178	1676f5d158418539532bba884ba7c664a2884bd7544ef5fdbe6913bd5ebd121c
6:144	1292298	cee2c5af9d3f008c0c704834911e0b9848cbf5ad819b6d841acf7894cd04631a
6:145	1062922	a6b34f6e03db64e9ca2039a2c81edc4748fd5c12b565377e06b7bc63e82e9e81
6:146	948234	996565d8a00d2b77d7086dcde128feccb9677e5d7414689ed11d83bbb0b02c3c
6:147	301066	738d284a895fa9a30c5339fe53121a3e177364a2ee61a31f4c66bf1e4b0db254
6:148	1116170	7721e8f5e4dd60d4a7e52b3d118e23667c6a83eb86623a349679f4dc5a57586b
6:149	253962	eca4285582d00061d713d26a901c06543d5d79287e0726beab14235cc25119b3
6:150	839690	c4042e6f13356159e4b21dae69cad6a1682e73430710b763968182f389233983
6:151	1323018	7732848253bf86a083d4fc2f7b1c95124e1e4a492d27233e96d42952b792ddd0
6:152	1003530	7326c8a552307746c02d6c3517735268d81c633b4e839b5b4718fb7666b5a802
6:153	552970	d5b86f96aad7e707225ad74f426c5faeed3fbbf245c0e4ccf70ffeb56f6f32fa
6:154	542730	54e98e8a8192801f4aa2fde255ca506111b13c387c21fcfdb2d8702edf99146d
6:155	288778	8b534e3248cc7b013d789a19d88f3a8d574d5ded6321b6e609d730170f0b8d39
6:156	548874	0348f5442c8fd3042fbd3c9780e1e897696859226b255af877b392208f6164e1
6:157	1079306	5c8d09be3c33f24a473bbad412714366d03b8e55fc0cb85e52e539cf39b28aa3
6:158	1191946	7faf02266fb4c408d361b29594dd2b2fd74fdceb4309d146bf1a1ff3ab1ffdef
6:159	546826	ab0813d1855017ffe0372a006696ed26db85e98e7dcef97db6db6013bde3698d
6:160	518154	03be1dc8660e06c85b50cb73b24db87ccaed52bbe0422b202822a457034f643e
6:161	585738	5f0cf72743dbad66f11a420f0e51f772e750745db88d701b366ec040871a9744
6:162	260106	1f26e32af6b65b97f1dc1df4772de3ce2b9bba2432d2782c785f16d3d0472894
6:163	268298	50d3b0d81fdbcab5364154a05e3211ba0aab8f9a0d674b112b42ba7c1670ca9d
6:164	821258	a39c03ae7028f1ee30e635e9d40d37cdd8374c36004490dd7685c598e6c2e57c
6:165	653322	29b35a66aa3ff240259e34a9a55b22f3cb9f2f39d14ade0e857d22622032db37
7:1	262154	ae36412d25be05f25a9ebe0e5cc2b34843e8ec13e0efb56ce61d45789ab1afee
7:2	462858	af100bf6286d56904b68fe37b5cd97561f1fa1ddacec2a625ae5c691a1f54efa
7:3	563210	03f3c5671af621315b5a047ef8868e1e6cac52eb741cba59c2f9e6fbed92f444
7:4	331786	ff69cfd2718eb1f857a877de639b730dc4b0b64f90697f92f8f4a0978159fd55
7:5	505866	48578e5a3f9391eaf90d952d4cbce6f17bc7b19a10cc1bdd34e0f5f296c87f37
7:6	239626	62774e1107570e0c4a9412965d21b1a1e192d8ee80bc01c798bb9a38b65a3aed
7:7	251914	b7ee0d32edf4dd19635205e556afeaf89c6a4ecfdda199f4a8a729a68c2d0ce7
7:8	360458	4abdc2beffb82cb1ad2392d95340d74eeb38fa281d0ad99caf3d0ea0696eb323
7:9	501770	8332a4c4cc4e8c3e9bb92d1595cda1b4f5e106af73edbba0d9ed39b12b8822f8
7:10	387082	2cad550dceb6371c53cb74813017d982dd63d28b9debc9feaa672ff7360c9249
7:11	722954	ff265de9bc5b04525b568869fa3ab8dd58e35439ccaa6e4c02826a79c12c8013
7:12	454666	0499f07242348520c9beb699f15e32dba075df7c789edaec1d46d273c9810822
7:13	327690	c3e2d8778627c9b858446ede7b9075995a9417850e3f927870b926e657193aed
7:14	204810	d509dcaa9ae0ad862b80c82be8f783ac0e28d8d75d569a08450f4511e164ddd4
7:15	161802	435dc657115c70a2fa282b13b46d5332e6295f2cf18de3097735b1ca38ff1821
7:16	288778	408588b8c692f00a07b2395f694a69bb0d7d0b7be9eb44be288cfe138e43369e
7:17	520202	fe09b709035fc5104b6f68a17b93f3a55af52bf4f842ea00ed9e870715f775a3
7:18	425994	240dc65a557ce69fc4ad125e747f98becaa3f0b66037a80baf2b5cbdce870d6c
7:19	559114	5d0f8f80683af829b677a8d50b96539684d8c6641e6f98c3090aaa67338e2c1c
7:20	788490	79c4ffa624bd63ed907356c436d0e1d934e10172f8b850ec6f83cda38134126c
7:21	215050	be83cd4f1406b91c7080c48cdc0941a013e1d3fe2e61c356486e6b1f0713c04f
7:22	1138698	3f3ad0a6dc3abb30d4cc494b6a28e0af288ddc627c98b23320bb6ce9c86d042e
7:23	380938	e60f14de831f1a3cda1a67bb944fbb1397d351319fe57e460749be2b585b578e
7:24	368650	af9e734fd71d6d82aa63e275cdad65063f6d33741f35644f891b50268d9d8aa5
7:25	253962	9bed042c5f8ffc08ccae7f712d0d2ad82206509c4212ea4bfd1beae7061c5f04
7:26	550922	92ee85046d279caeb931242bbab4ae4d657732c13b229c4c8393ebe683d23a0b
7:27	1009674	24556a6e6f9bee80585cbfa14b5b881ffcb18e3daa7ef0a508c94204481a1228
7:28	557066	8cdcb2ff6158f9a85a170d52092b6d9b3489ea739e7daa85899183bc9b732b42
7:29	456714	9e296e4c01adce507038ce322f0a55aa07e1fe1332f0b20af6fb285cec6bef53
7:30	557066	fcdfdda9111b46538a4232a69de8af75f5991ce246947f59134f12b3b830de5a
7:31	499722	256900b6e8b7835834b06ee2ee40a1decff7224b1486c6f2d9b19862b28025fa
7:32	636938	4c61f3ba31fded5621c3facf1e07a4cd6eb7d1d4382056dad933dbdd9cafc089
7:33	708618	0ea6268f53199c58d980d184a9d7ca6129084611737b1389b5b3dbacd4749b17
7:34	423946	e8a218505f13bcce2fa6b436cd2b0b6676ed3136a9a597bb6dfc86f16fee9c7e
7:35	491530	bc4345a988488acd9d4760c92e0e7be54515b3313278c6e0801f2afc1f94d681
7:36	368650	087a96bfe68b9908bb52ea97b510dcf640ae7cfb8ede7db2193dbf20f0532191
7:37	1120266	23c2fce0e0a8d24ba3d92cdbfab3715027c70e82867ecf243bee2032704493b0
7:38	1150986	e9124efe54b365a5994889b8652eb877b514fec0865b5a8816e3b90ec6f77b4a
7:39	411658	d57b3eb4b4810c49681e7ca2edc81c2ee5f1ddd0fffa3d663621fe8f0d88b0bc
7:40	690186	ef615e5080f79484d0c69ea9bbccba1aba6b2994bc76aabc1e927d27e0f44a7f
7:41	303114	1c8a02e11356f4c2ba13dd699c4c00ba3cb43bd5a52f27d6f0d77ad69929a651
7:42	585738	2fb9f66f9de6b215157768433eb9d7f2d05b3c4e3a9ee1a32d301e5b781063a2
7:43	1069066	bf1915b069f5a71bd91de83e6e3090ca553ba1042e81a30e2b8e1dfd01e1f306
7:44	763914	0a0104a73634311c9c948be03cb5b09f2917214ee5afb042e2c2f6f9c814798f
7:45	411658	11b3f49c3a771151c3f30ef70a4023063fe42e2cf61531bf505d4ff172e78f95
7:46	641034	6ec389d2edae6dce42dec9791ddef53f7045b681deac590489fe796795f90c21
7:47	409610	77cf02995a7c71d36849eaeac8e04ab150bbec15ac2463243bf8aa45548b4004
7:48	514058	f2280fc65da9ba9610c3b2463ff1afe6af18ba32a6f1efd915411146a5bca5b6
7:49	477194	6339c1640b4cadc5bd42ea0f2958609a3a2918411d68995db2f2b0c354f742af
7:50	675850	bb7b6858b470407619550c07ece7720b6de45055225e91d6601d709af650c40b
7:51	555018	95e6a94f5138714a9065838d53743e74964a5d0df813f9cb449a1eb1c67f835f
7:52	301066	c488c5fa5f7c21275d4436b1dd5aad0d2f91c1d5babab406c647a0ca7c5f00d4
7:53	1122314	49f3d87c3a0cb2a31e05a8628aedb3d32479fc8b20f46c96a476f2e5c63aa22d
7:54	962570	f5cdce75193745ee11983e5d40f8ae83c4cd798c92570b76ffa3b003dcba5715
7:55	296970	960fac3faa1a747d3227ca088020552c7dc862a3e87b412268370b5682b5348f
7:56	399370	98fe5e2b0a6c7309f70fd6a50ff92e65a2c1650f54a6028caf619271aaf98f57
7:57	942090	17f6d2aef28c1a2d8d8170dc27130c34947a95c389a049b6aa0544da6abd9534
7:58	528394	1cb2828d78ffa5942acd840dc781c640bbf44602257d5f57e7aebd7052fa61b3
7:59	473098	e033808260ab1d9f76be13f5283ed27d7055506b8a66d45d8f8f6529b6148b12
7:60	292874	f703db8df5f42d3ff3e620c807f18860a49780269e21a05a29c493ed6fd71a36
7:61	268298	a2b0b37a56a58f755ce6f1967b408182fea61d115301547770b1b271fac0d5dc
7:62	272394	bac68ec44b19654fdffeb76787686ee178d01e96f3e5ad71b39669ddd197272a
7:63	501770	6a9a5116391bb8b712f5a1b9d8f92eb91f1c197badc9fa8cb4c3373051d3a78d
7:64	546826	34796be82f52dc07ce58dca2d056673c6f57d58991989337ebd43ff861822d7c
7:65	423946	8b24d618080d762e31667241ab8e214a2493adc0dab66aa15348362cd6f19b40
7:66	366602	2f4692c4d43b520826cc977bff355efd1c2e14c0d7e49e0a8d05ba35ec2cfdd8
7:67	258058	ad768cc9bf69315efeddd5640b421ae2c7530e35b3565fb8e35c7edba367c4c0
7:68	200714	1ef06edccadc17092fa637f1edad62709c56a55bbbd01a4c8d12f2ff8531903f
7:69	821258	df0a4e037c66af8a67b77ee519aacc27f946fcd2389423f9debe67978744093e
7:70	538634	87b3880b4ddd9d1b741dbb6bb1f0cd36a68e24d5d6d86ec974ffe41a8f6ec054
7:71	1110026	b58473092a7d12f59ab2646739e859198a5baab3cd0650f60ab4e75b28a680f0
7:72	477194	4f27699d22e963964e9a7c2da85ece8c7d48308274dfa769a93937ad6c388f5e
7:73	1089546	903a8ccf47ef75d08f2071e87404c1aa6ed9fd457e1c1fe7839fc1190af9ba5d
7:74	843786	d6cfe8523928dcff61b7442c4b55b2eadb56ec2b1ca11e49c08bb439ca258880
7:75	776202	18bbd11dc014b964c0b113986cac834ecc6e44889f5b25433c55bd823c970b60
7:76	288778	2ad6de1d310a3a08be59e254dd8447c67f5530899b77e9c29555eb6ab8989d96
7:77	444426	ec0ddc8fd85c156fce31d9cf15cddfe39b853b9ba688c25ce6efe0e1eb946329
7:78	200714	054d0c1355ad95e14eaece05e9815a362629ad233d82d8fa1d26df835cd7b352
7:79	452618	36a85b890e848a981054eb46c5bdf2bda0f1f312d746fe0a82c72c3a5a7d4fbb
7:80	419850	979e3e34aa6bc4ed7744337b8fa15cb1cd4fe2f6876fbfab5203f0a7f28218ed
7:81	409610	e9b05126fba6f2c800c4d1f38ae400dc6672334b0e2d221d8435926a7a2d4870
7:82	538634	28f26a696ae483132a8eaaf32969afad9e1cc5bffc9791349cb89c1081fc7e4c
7:83	253962	6dd355e64368b28abe5d87208761c39991d8917c21b4c39f33d45fcbca0a80f1
7:84	335882	c460df5b78501ce8e85bec26bbe4920409911d7cf980abf7388ee32100d317d9
7:85	1128458	684d73e51f0822bd2708eff70e09957b775e4b60fee293487f3878836f76f460
7:86	841738	cbcd3097697227a834bda3e186c7a668c9372d47b85c3c077e381e51edea4d9a
7:87	753674	307da628adad3188cfd65c89dc7cf6cfda924b12991a490c3e377566e79e9dd1
7:88	595978	6119ab14d088ceb50d7e651edf3114ac4d79d1d44b897d80d38bd1ca6fb40eb9
7:89	974858	8579b4967cfabc4db26c28e63c40806e27c54da9289cce416ab8d76cb9c1ea20
7:90	243722	00adf410c8ea3294c98918babb63d7de58f895c8aad3031f52a539c17dadc0e5
7:91	155658	6c4bf817b4ebad0c8e8cd301ef12f48a68183b55892c13f728e2328b2c67eb7a
7:92	329738	5951ba0bfeac8c4f39098b313762e9ac10ed484c5c19a17a27762042e80018c6
7:93	364554	155f2ee3684162dbff0c94bf028925104d002013fd5dedd1a3046c39796885f9
7:94	485386	e10a3d04c0cfaeac114fe1f87e4cd3d9e31b40f2c8033152318a3b4d828c7ff1
7:95	591882	d4f3dee2356517e5ee260e07ba7eb3dad67df71d544f8523d36e857fb12d7da0
7:96	600074	3a2b2316a604e17da7bb5242b98535ddea747464f48e4761e0b6328be2547ad7
7:97	251914	e0912f61312a76eca9170f152b035cae4284997dd7565efe5bf9c2439fddbf76
7:98	233482	d2fa671d20c33487a313b55f414d46ec6b8c1c3fa1c85b7eace9c243a8edf2fd
7:99	276490	7664cfa292cbc6aeacede0fdaafa689c3f68d62ed79a24f3eeec0db76c55568a
7:100	473098	2c78d485c9a6cc4d685c9df1abffddcd3484ee6aeb3ceb05e4e49b7ef602ed9e
7:101	722954	3e67075c1ba2a34a765e336a70bfd3873e076061d7e4d17624c53c4382c10f92
7:102	284682	885e3cb5a48d14f5cacedceeef40931a2f5b4e818ada9e8caab765e3e81e8581
7:103	460810	cc155bf630da433f0af6ef706a5002dd40fb2984d024ece7b7160575dcd3f7de
7:104	223242	6c4f3d05865777c3943442cfc7e62ef4984351cb03af6fb23862661e5171ead2
7:105	512010	19fa42f0425c21f45919be5e7d253e7182fdbeeae112e6f6d3756b70fe12387e
7:106	264202	4161257a88cbe84659a431bd610805e50c0fcdefe26e16156262d4774e22951b
7:107	155658	5c4f43135337bb27e08623c9ff7d63ce1a860904c1e847d782aace01637055e6
7:108	190474	31d80242bbf245f56a7930c6f847532c2677a9dba3fa00742c41a4237f39ab30
7:109	204810	d07163a94210d49966c145d9f3e71588c5530aa9116ef5c86ea6facd32de7fe6
7:110	237578	ae8f811415d3a110256ad87c75f27f70d34339a0fe83d4a30fd0d50ae8e7b159
7:111	231434	4e6da99b6bee1474bd87c342c533aa33c23002e68817911b73f6e2592822f558
7:112	133130	051cf890f638e524e0f195852eb9690eb1d319df760b9e4ee4442ad1f8f2b328
7:113	399370	824cd527dd5b2c6d14a8ce60059c25a5a7945c63b48bf5ad1ff20789ed38db73
7:114	169994	0ddd5347185f77d804b5fb9b682bf305efdd3b5b3cd9b3b57a7e104c48b47b1d
7:115	331786	c547d770056bf4b69fc71af5fafd97f0279369a27b7aeee00acbc2a44f7bcd0f
7:116	479242	39d7a7a544c2c1e8a2345a7bbede1793579048127380dd767d037f1a13e2052c
7:117	346122	988ce10055887d475cef3e04f2bcf147648b736216775787cfedba8d01c05860
7:118	172042	cbb428dca66ee19ee07bd3760f55751ce645668fc427a9c32cf00de5e58ddfc3
7:119	182282	f780a670ae4463bfec09f3b0c438e5a2f5340aa395f98c8d93d621f31cae18b1
7:120	141322	86bf55c8dca021529f0e473a43d4105d2788247728d27f929fc054b27e650fe5
7:121	180234	e2de591b00a25f4996aae4054619bcde913b1adfc88b9509d453ffbd25f52476
7:122	124938	8370c2c136a30d7346b22ea20cd97eb3712383346deb3b5fc00a839621c2da29
7:123	583690	f32a61fc08c7205bcdb958e010fc77fe9e70a75b881e48b817a084f645c66006
7:124	292874	85e50914b43cd598801ec446347b4b9f89478b6a73040af46e53a24a48625908
7:125	229386	c500b00df2b75a1770523775ba6c62faa52ee64776705c6b3578e48a9b37e153
7:126	604170	6d8bbaec80077e8aec4863a2b92fcc1177fb5cd005a09d78acb400949c1125da
7:127	643082	a7c16e34c5ac1d579aa8cc402f56579396efb6a720794822b7e0da4d2d4e505c
7:128	587786	95394129ec50736e198f902fb5744c57df32f78f138b5ca38446cfb5192942af
7:129	761866	9c6d52835454d00cecdefe62f4d169dc887e4c5c7da40791485626205849d074
7:130	319498	efa794c6f351b0c0246c4e0f50ba194f6860df54bc4401e0e68882b852d34410
7:131	858122	ddfda12b3e1df611efe3f4d9d3a0faedc38d1308a99170ec8f05c35fb8ee5fcd
7:132	337930	1377381e9f7e0f186ac9ba93a0fc175d452de4a8c549f90492230afe101c6baa
7:133	600074	6d69f692a2b4c2bde569c427b57e4d1e185432df52479096b2b3a8a935e1e406
7:134	673802	9afc6b8a7620b875af87c2fc0304dc801f7027909a2bcf3e55b37d79d4f148f2
7:135	317450	ab925e033d256c8838d3ebc9c5722e0087088cce4fcd1bd5af3a5076b26783ce
7:136	555018	e6bce9724f1d011988d085eaf5c37bd9e40b390a27d2d80b5fc16256efda7d01
7:137	993290	e88cdc7d0c525fe042ee64dbed94dc1130ee8110a0e37044d0f78a168a604689
7:138	915466	17414b91ae1cc14ce41f0bd992e2518c0b3cca32d212df8ed1ccaa6ee03ea5f7
7:139	311306	b97351b0da8135b329fba076f60afbbf87dc4365965f745cf0c180c652106688
7:140	256010	e23e88179fe38fff3d8c755003cee7f2b540a4617a9c329126fb30f95b1d3336
7:141	720906	33280dc84a9edc24b67eb07d98a44388a44f1099aa06808726f1f3922d973cc7
7:142	868362	827ce28cc021e20448fb195a8df39742343724e87c963fb14a2e4d3e75c120b6
7:143	1323018	485bd6c45de7a7fba734b145367f8d1650df1c5383d7d35f45714be0e0df0b3e
7:144	532490	d702cab6477bfde1a803ab41ca48b4a86e1df483e668e674a1193129da54fb8c
7:145	913418	0018043f59da650e3de46a118a28ba078b1ff5326da661332d841f3aec7e5d64
7:146	1208330	0ec5c309e28cf40c4c4f57ad169df41db1e46d0e0cc290586de816e2e6ef9b0c
7:147	462858	04a26440b790357bd1dc50a4616e24da458f0feec2feae72488cd49ede6cb876
7:148	681994	6cc595d06023af198e06ca422c8ce93121debb37692b66b686095ed38bd6605c
7:149	522250	c81f59d9d2ecec227db5d407f00b8cd99775353a833d81b8f0969ce3193a154e
7:150	1351690	727936f3f4fa9164aa3370eb5eed50bfabceb1f9f0f533045eadafb5670a7c7d
7:151	337930	2de7e748b047df50e168f675fce5eb68011754951c17a4bf26447e23a5028742
7:152	618506	d64e4ddaeb0e207cf521d2d1c75ed360a94bbe5bcf03b3f619e76963e72ed31e
7:153	550922	ca0640ed295cef4a2a380680adfd8b57897db8fa34de25fd7dd4c0756c585fb7
7:154	469002	80ec45760d33b2a29a3b1e2966450c32aa6d6567263e947c78eba9c35fddfed1
7:155	1320970	6b46aabba2be25a77e23ce884c9d19ae991b2588aeac61f2c1af12e7b90130f3
7:156	806922	885b749c75ccbcd2dac36a589e982a77a2b2c3378043c19702fa9dac4c6b26f9
7:157	1474570	0f7538f0c0dbb6c112148231c309938168533352eb7fa49c07f54cf0fb403e71
7:158	942090	9e167a81ae0c2cb806665e898f3ea3c933965064b23192db2c5f4030a75c3ecd
7:159	221194	caee9752b4cf4d315f2a5498e749f345e1c8c9da2b93c1c0afd4cf0d58e9605e
7:160	1288202	d870539b1cfe9a6425f25088036447db77a1b0669818db0bb996f6c29855546e
7:161	602122	094dd7e8a39514147612b6c513c7c7da00398b8a401360153dbf1d8bb0ca6e68
7:162	460810	a81b92ad19677c7dcfdd33c2fed31c03f4977fb4a2c3e552dc90ee1ebf0d27e4
7:163	737290	7e423cbb710bdf1abf2353f8645035f443e6ce7317086844dfa5a21fe76ec966
7:164	544778	6a894fbb23e125fff8089947d77aa8cc585f2f99e62d9f184e83c162b5ff2ff0
7:165	579594	9defa589d17f63ff9f6ab472efeb1688225cf1c9d33200c61d7aa9f43b51cd8c
7:166	309258	06055585c6b011132f1970f7d4210ae19d18ff8fa2017d14ff8fbdf378083881
7:167	622602	0d341b0d886c37b24811a090b4b9928b6e8bafdd119ba6a673d80dd0d942be64
7:168	540682	86b04dae3bee3b75e0ae5a2fefc543400164505dab296c6c8aaa7f1e988552a6
7:169	1224714	f4d1645d39d6e3dfa93d9ef2c9506d1d2d43c24ed254aefe196c1cb4b7c5a952
7:170	313354	f71b3b5354c43656eb5df54717ec3fc69d1b90758d441c32ff25dbbcd340faf0
7:171	638986	5c672c5875ab4039e24fff9fcd6ba00c2c7ed71953875ec7d229e955ed109992
7:172	1013770	045e9b0be61da8a9f85d2dfb2a9c5e8a452682ec8d5871c84d26d031f4b4ddd6
7:173	540682	6a5a38e3f8fc543f53172d6077452c359366e514498808f3efb1f8407c3db241
7:174	204810	851b0432721e7f99d861a2acebd5ada109ed0522348bb7f8be7670af491776ff
7:175	501770	c7d36fdd38299d035885cf374477915eebd2561022e96b65247c6d9e790bc513
7:176	915466	1a59ac41de32417156d7977b17f388e856c9cf0df84472ebe31a850e966300ec
7:177	317450	17539ff2f735a8b23e0bb4caa9c221dcfb66b5e4c798261c7249a4713ec25afd
7:178	350218	27db6bfb3edec092a02464e95adaf355fc2e5e707afc70d0fc20070a8eff1506
7:179	929802	6ffe64d21264cd103bab54bcce7a0d892c4d8ee0f79a059614a53d227328f60f
7:180	571402	769c2d3f2539f21745021fe817dea399957c2bb50cd5e655afd66ce5dd605e0c
7:181	249866	2ecb511f37ee39aba0256b64f81f4a2c8ff759233ec7324dcb8fde9ded779b56
7:182	262154	178b78f2fa4c85f0e7ed68853cd0846e9fb958b5df74f167c202203633452034
7:183	208906	ddfbbb314e72fcf88730321be0681d2301b3591450cb90ff627ecd880f53ad64
7:184	428042	66e0228ea1871abe74a04836d41234313f080c82d5d0603b4d1558d694d8b1a3
7:185	751626	b47dfe178c0c1f4c35473d078679e21c814a7a8a8ad90ef63d4ee43dab1dabff
7:186	350218	531592ec10bf3115f610b3d7b8023b95c3d4d83322e908f9ff4cb94b907f8533
7:187	1386506	e7e0d89a1248aad95c8d05e648f877b6e6dd3bd59aedb0bb3fbfa08a35b50fb4
7:188	825354	82702abc771bbc23072bcdb92efc93522045ea7f82957ef53d00864ed8f0816c
7:189	1069066	63b7b88ccf2e385938d4fb6b77adcbc643c29ad5874dca0ad08ee9da08faba9b
7:190	538634	40a2730199bd0d19d8205fcd379df147f53f62286b0aa82cd5d61904a3701152
7:191	213002	605d984134f98a5892f2aaff1888a0f3172d85e5b8cd44d45997888d2af4a44e
7:192	272394	356a11b7e3c1b5a6f6911fb5c3d486ce2f848441a5796a0c33bc104e3a0b0293
7:193	452618	537239513d9c0b2c24178fcf55ac50f391b6cc90280f781a7643057268f1586f
7:194	509962	26860b989fd16897e0e5d020681389249f9e8a4ca85101cfa6e7fea6be730687
7:195	845834	0d8fe6689a6f44a91228b09c248e1477cd0e7dd82adcc93f53e0f26dddce6148
7:196	301066	fadfc835593ec1b004e6315f2934a18802503c76febe93736ed1b77483115f2e
7:197	346122	1c67ebef112c8fa11156cc330d024d51f8eb1d52f9ef1f435bff603a7e2d0b30
7:198	419850	1029425001e857ee32a377048351b9e6dffce3514aa2a6b72c8fb2f80f6cbf16
7:199	225290	9fb1501887d7b183818a6d0b7d759ddccc2c81c382d2a9134d2dcb7e4f533976
7:200	417802	0cbbcbc0fe007392200347699f5b910cf5b2d2320abc4c1219743fd7c2c66c1d
7:201	475146	e191b8e98950f363f0b2b024c5beeff08cd52e4defdce8bb8a926c06769c1bf4
7:202	243722	7833012e9633d53da87873db7d44592fa60cc2ff43acf9229d4c517c68e64bd7
7:203	808970	93c715207d95af6322e314617395a9445379da2def9fe616ba8ef83bf8aa2af7
7:204	301066	594ff1714e18910de7263ee051b3d8d27dd888e279dea721679a344d6b1e9109
7:205	606218	4860c370035ff7ebf31a180124997b6dfd207468acf07dd6c8615fd3fad44583
7:206	346122	35822096bdcf1c236025e09e2a180f94b87349d9e39cd830feba58435e4d15af
8:1	909322	c719696c807d9c245c2b5e65bf7ae5b458a21dbea27af34686dad56916e4181d
8:2	1060874	83f89e7291d2d69cd9d687f607cb89e7f61acf83cf2af13c724307908a6e915b
8:3	278538	317d2efa0ebcba35534d25b3042882e37cc2f760a9387e22fc3a4bc6835ff68b
8:4	458762	edbdfbd07e0622ba02a6e96e5fbf300220a9942d0f2b7133dd02f8efb65c361e
8:5	487434	320f2feaf1f2054deef8d080b2f25983d962a26ebacdcf85d60c97331f0f2a26
8:6	389130	a47dacb869d78dd8afdf043a2f1af8366c025c741c28a29df66bc7f79fab943d
8:7	874506	151052076b42ded3a41954f61e5082180e337d91fd1b6ecd205a88a34bfd28e7
8:8	233482	5b87cf0b2c1edebb86d94b6935a594e39d4ef389e595fd066cbc5cf67405bcff
8:9	534538	4474fcf8423c68581c3d13174c6206f52fe2d0914bfbb05f8cc30c38582043a3
8:10	591882	925f023566b2a39153eb2bedff3d50b5c0a1b45c4e4688b3a64c05f32b3f55a4
8:11	890890	6d2204638dd8a3e8c63244663b8cccdbe027a239bdc4189c3b17098daca09650
8:12	602122	821143a0684503db182f69eb6af7263d7f867f11c8ca336d47068d48d368f191
8:13	425994	79c4fa002809683a8e569c54ac4fbe4e413f0db36efd706ecf1020a020d1f9a6
8:14	202762	6423d9120ecfb5d74331fc35224a46fb94a0e0955fa731d7658396169ab2db27
8:15	464906	9b91bd3ecbf8dacdbc7574a1e74471abddfe0d3748ac77ec06f3234fdda25713
8:16	645130	0bfe2f9d677406519154ae8a569b92842e85f553742560d7c113076664cd740b
8:17	663562	79f6cccb37f3e0e9bf06ad3f6291e49de2391d6b5c0882cc22b078808df2a89a
8:18	192522	f348589e678b421ec9c7f8bb21f4f0b42c70b9ba3395a27af273114d92cf8612
8:19	788490	00dbc393bcd2046e83ee7845a13426d5cd14b8773c1579eff2589303ddfb19e7
8:20	425994	c3fd251e8b88574c1f951a86b7ec9ad18ce593551e893063810093c80e22d6d9
8:21	172042	400398efd5c8073d2832f073b206ff9166efb96f27e7a18ada81a4c1afc5721c
8:22	296970	45c70d08cf9f2e4a5797b3ef1c516056fa74ff0a56369440b4f22149276c0359
8:23	333834	260ce883d5e0cd76d60df5877eddcd574d08ccf2e3275a35f5b15e268f79f1a6
8:24	618506	4f09c26d81f3bdf230f3cea85f55ea59829c5fbab9e06136972cf581dce8ea39
8:25	473098	458d405ecd17dc813dbc820bab20aa582de2a653549fc35a3347640b5068f014
8:26	747530	c01e9b9d355dc5514ec6b10d575cc117440bd37479aae8904d23cb6aaf4e80b9
8:27	415754	3411d6121e7501694a836be96e59a766f9457d5b6719cfe8ff292932511ab3b6
8:28	561162	deb6f3365638112221056a1f4071292786137fd0acfbb85d551d255fa4713eb8
8:29	786442	3999b62097aa27ffd6d13eed7c830f359ba907585e404535e2641f7693d5e053
8:30	495626	33816b459f00954c13372c8c4ddf6ad6fda3da88c3fca54c5d66b8139e10e03d
8:31	634890	4b4cf25759fac18a789857055c32efbb89b1d6d495677e0c8fa315fe44d57c98
8:32	536586	21dfe86a30602022ce15b896240995d9013a63468c7eb012c18514d99e31c1e9
8:33	438282	430ce9b9101835c2ca964768d5bc653a3ae2df429a79a0e3541ca7d5dc2c2e84
8:34	835594	e81b798711ca1e21f8bb5442bb84cc7501496587c8f9fb76b9f9ce297f9abfc6
8:35	450570	5e15d9437cba665ad33810d9b6528dda8223458f3feaa29fb6b750e011927e66
8:36	761866	4e7bf223e80bbe537907ccbce640401c5364764462fbc8e2d4e45c0f129cc22c
8:37	765962	1a384f55277990840c83122d604e216e24241f6fe63253f143c8af042af00fcf
8:38	444426	7922fb0253f40e94d81c5dad5fd194afd800752512f0af4006d2b816e5a8f6bf
8:39	536586	d8db76258286e768b20e281aea174c0a05bd1c9cf4c25ad25d541ce3447943a5
8:40	391178	be5444bbdd412a18f04c863a7bed8e8a7bd4792a480624baa0daadcba9c7408d
8:41	1425418	0a22ec9fa3b2c6e0b04e0086386059abb39f8d54ae6e4ff8c20dfb2fe896cd11
8:42	1282058	b71a6aa11497580be7a914f1e252733d34e33ddafa213d4c547c9d7d5b039f50
8:43	786442	0128cccf97dff1ad76a027b97e7682b574ee01b55de1d155a1386beac2d000f1
8:44	835594	2f25444a5b6d94ba4ff9afb796543913deab07f488fc214f7ca07b5c2617b96e
8:45	540682	84c4290a1eae2acab0a2a0debbd95413ae5fe93d0fe5d4fa275d639f8ac515f2
8:46	512010	3ee6794f23cfcc1397a8bdce03ddb5c88b807f46e80afa4179539881b04a816e
8:47	706570	7662a52860b670363509d728533081641783e90ba12b17ce1d50f7e2749153ca
8:48	1429514	e35cd8ec6e1800824cb8d07469383547e479dc2db00582de7b2588805c3990a5
8:49	620554	5a67c42a50fde5a7760b8cd38962282d000985a7ea79e10c5062ff9d6e12af6c
8:50	540682	fe38817d375d8b60e4f44dbb3fba22bc6d0e9ebb9ba7fb93f9cea3cd79cf4f01
8:51	329738	419afbdf5403a968e2967838c07e1674ffc6990edde4325d3c85422e9c0935c9
8:52	675850	6c6718e5b9021f95991c403860d01ee807dee21b672feee55f3d533c2c0648cd
8:53	595978	fd561b68e6c6f4edcccb9198a37d84969012332cb9b8f2e99d07f11779f429bf
8:54	845834	9e1fc007effb8aa9fb825be757eaf140b3989d0e06fcc414619bc728f16f00c7
8:55	356362	acd6e893ad2ccfb82d9fac0723fed8f63bcf7a007dfe4eff33eb9dac6b3499dc
8:56	591882	6b7a39121eaa884478a9a1e09868fde7330b319a59fd7cc6891807bd8fdca565
8:57	370698	a8256774e314a5699dd379988dc55b36bf4fa7de291afdc72d16cf9c9faee2be
8:58	548874	e7705997b5f80460e947cc54ba4f0bebc1e06febfb171cda1a1c6f056ba163f7
8:59	354314	41bef4e52b5bf22e303074bdd0f8b7f7d633aa9dca820aeefcfe347efe3b4c84
8:60	1144842	b93e32c8cdeb68c24d8bcaeb0a8baa008a1a6fdeab0155035fd8455af681ec81
8:61	387082	9e0baa489182784bcf30ee6f0ad4212eb10c23d59c9bfc120f5452e951734d70
8:62	434186	11580e2724ddb4560338800b776da3aa201409362afbdc3bc2ffe817085d61e1
8:63	761866	f4a65bd58352e8af0bcc9efca41c0e843117737a7b19b85408507f55d82a7bb4
8:64	241674	cdc4123e7ce41afc4f93ed53119d75bb92bf0d4bdb2f79b42964419553987c39
8:65	942090	97da3d367135d8f180806746f3b21bd92eff5413c8af976a1934eaa7e8b2d66d
8:66	905226	88fe2b672ab836753af004414ceaa8ddc2b0408e86749ebedd43af47c41b9762
8:67	612362	0be50e2d8ee7e3ff97cf526551959ff755ea042b9e32fecbc5157e9add441be0
8:68	335882	44a88da2f0f7cfc81609985042aa80d34b7579ea0f6914a8ce3bfd9767ddee49
8:69	401418	26498a3fe4671211ed90a6685ee2f101cd655da7b9003bc3b1cd60ee0b50927a
8:70	888842	aa4ae2074df4bff017d9b1c51396e4ba1b6a3071572639d2275ca0a0682ae23b
8:71	391178	ace92184a3ade3eb8c113acfb68671b09d2b1fa2a750f2eacb5b3f86c095c30e
8:72	1875978	10cf4a40cd6e0974fc4578b946e380513913933e1223d552fc835fce1e995431
8:73	497674	e7c4d0389e276b0b3a3f17ad0bec01bcba8e19c723d18f70458c45f63cdd3967
8:74	761866	b08559beeb7e8bc497aa0965a4eb287b42c9ff1e6c3c2b5cf1c0e9e045ff6c3b
8:75	698378	a13af10c64f27518b7ff22ae642539f9dc00e8a669e83e8dc75de4ca472a0033
9:1	350218	437cbc2cb7bede9b3dc55068a416b36a6a061bb539fd0c3c0dee246cb6b66cd6
9:2	489482	c9814ec07fac5a58f7d53cdce42f8e8ecff3b5188f3417396661a42b3b7b1ce7
9:3	1120266	4a6931d048c820c471b17568b6c9b841810acf427cbb17d76633d80e78370b7c
9:4	808970	fc4c0fa7b07bff7a2cf56f63a68e08e85f2898fc472f813010ba41fb2ec09c29
9:5	962570	ffcd034736ba8c71d52c7d1f20a3084cd677e9d192038c185b9bae2c511d7dc6
9:6	667658	a08c27dcf2cb69746a66312e2440637c987f534a1d3ac82883a56ad0df6ac475
9:7	796682	5bdc74a53121c088c162e405a47506e871e2529131f55ed164b094b11b9774c6
9:8	579594	670aab2b36eb9827a025c24c07e798b1d5b0e7b2c3aee17d4a14597bcf460124
9:9	452618	c36951dbbd58eaf2c5c7789a6de8696634ae4de91868130363ab95af49d1a495
9:10	401418	f00e7b5a05ca33a1afac7ab5c8d86ea79a14ad1fe31c7308b5ba55c45ab742c3
9:11	530442	2a737a7f3310a91688fde67f93bc19193a751e0e918308cea0e0fd15fb85d524
9:12	784394	cc1741c839ad5e88350e3a262f04368b578ee0cc98b37d858154a758587a5f49
9:13	917514	4bff81db106ff5256a9873b911e728a13a34f51ee6aef667aeed85dbcffe2706
9:14	548874	67c921a8eb1ddfcf3f6d89c1dc89e03dc9cd663dadd1edca7bef006ac70aa16a
9:15	552970	503258a86c17068457586a3ab2b5c94355a7e3a6b47e56fc01c58e9c5d682f18
9:16	874506	9b84d52761dd8d74bce0b2b38842426919d49b2bf3b5914b315d88d51d7fca79
9:17	643082	d09714b0edc0e23599c94ef8b2bbcc22fec04dd3bc8bb24fdb0707b580d74d21
9:18	819210	9bd887d9680a464cbf34cac8001ced93c11b116e85455ebffd8da5e4329df89b
9:19	923658	1d488ef5ec27c384327e255069dfc1da79752dd7766cda3361f38f25b47ca221
9:20	733194	c6f0a5992d355e64176fe123919fce6c861852760b76bc0a13f6fd0b5ec51444
9:21	378890	3ab41d59a9a581f5aa56671f56da083c2a991808f3dfd9945e970ee6d9648810
9:22	368650	fd7fd147b1a64ae32354e0fd7ea5848d3f5a39a4f3a27d1eac14c6677654d6fa
9:23	913418	7cab515296cd2d94d6d07e68ccc280d9fb9b14504ee6500d073bc7640e33dbee
9:24	1816586	7a67fa50f76f3381056c85cd1e59135be3936746d6060b4b4ecb4930c5c903b7
9:25	851978	9d7213e2395fcbac6d68832425b632f0613f0e8859a4c6e369442ecf70f7dd52
9:26	761866	97d879291fbecedb624cd99baae43af727b8cf98bfffa4c64ad3ef41bb0d2344
9:27	444426	c99bb72b63e26708c446de4f52029cd877beba22e59a96509aa12dc5ed3c58c5
9:28	1167370	bd0f3b2536885454a3f0678edce1efc716d5c8bc9bb9d4163373ff6630983037
9:29	1095690	54d2c953afa970a414f12356850c826df17f413288562e598bbd5561850778a1
9:30	972810	39054287711b74a71762c9b1bb31886aaa54c7ac5a5fe6ac1a66653993610b12
9:31	1021962	2b004b3ec3ed8161d9e7c4a42005df095a7bb1f44b333ff3d12f00589212e7b2
9:32	550922	cf56418c05f635730c2e2650cc4358af4635ddf814417d1b7b195039b3693b05
9:33	469002	8741868a9739ffed0bb033c1585bf0d22328b50c36609704752cabd7923d9fa4
9:34	1175562	aa3c342de14bc295debd1ba648f289403acabc297b945c906d3d0c8a1e14a909
9:35	876554	8c5dce3ab23eb9cb0d481ad63c2a83d624b0a97d909a651d5908786e4c5a7591
9:36	1177610	235dcfb75f5917385cd41a0a61a8751cf9f0b3e75d5b49106a5c1f353179d1b0
9:37	1038346	9d6fbcdc088477cb1329d37355e207c5b685ffd715be54fa9d85c92bf7f95ce5
9:38	782346	83b1babdcc182aeb9de854cb6c969ce80f4e8a0c17e7285ed03c105543374361
9:39	567306	e79c1d7c1569e257894188ec051df548fc0c03210d753019c59590a50e63969b
9:40	1435658	822a94cf9d9b8c843ef6aa6eb5b14b6ff7e4ecd5a72be44d6325c292f39fa30f
9:41	725002	90ced401ed155d53e2635b26b42726759c7739cd0dd0af1fcb9ee41fdef27ec6
9:42	970762	07efbd3e33012f26ee8ca32fc3e79be51cb940a91dd7611d60f3d32ad399f0c3
9:43	444426	3df7784ad7ea828d39cd000d628608478ac398288a0321f507984e08e2833cc9
9:44	718858	e452826f52119978ea17bd55c588111ff47f4f673b5d71409ec9602d92f2d5ad
9:45	489482	5356be693f9b65bf063e04032a132f05e2e56b43c9619180f849bae6805ec2b0
9:46	516106	b2b1a635c4cbae17c6ac8e0bf41af4150e5843b869346b560fc8d40196b14fef
9:47	714762	a7cc6c41c731586ecaf78e948f7b7db0dd77af36d7b705975f2821bd118b96b4
9:48	512010	633869a2f09f989bf25ab78a9199b0c30345430d81c5da6a6758176fe26813f9
9:49	573450	0f1a0bd4bd99faade32d16fbaa807339a9d294e7b36d3a65d37156c7e99a8696
9:50	516106	f6792da9bb0c50bd08945051dba8dbd74a1e751bf58c22dc98437d1e97c29335
9:51	442378	c31f9d0de829f2a52383cfdfaab1c87147e276b18ff5e5aab33c0d791a38a12e
9:52	774154	3c464f42cf7f5ff04f0ff343ee19ea3a5ed45204dc384319640584f4d6fc2d18
9:53	419850	cb307d3614a354e45e97417e07e50f150f5141a1aaf22ac11ffdfa04e4d4c133
9:54	983050	8ea9a0a9cb7aa9985cd0387eb8517bb86fd364dcf28371855f30de8fba1e18a6
9:55	563210	854e17ee44a724ccb97df3f665af70a05041828e9183451af3dc2c9af47446be
9:56	387082	68ebb99ea7d477360d33bb365da8d4e6a91930e5387cadc411542c9a00fdec26
9:57	323594	74d0363b79bbfb786fec0f9f51bfa1bcd4777e7d2b03a43b0bf42e74cb00be2e
9:58	559114	db11e221e7ec57df4b6c2d1be7d5c9ee5a9c9cf2f5b3a731705706391a289085
9:59	851978	3287411f5fd2081c5a8e4123f35f10517d0fc19b6361ecf0ea11d80bcd78e021
9:60	878602	97cf03bb8548dd943f4776079cf5aa6b8e5de19694b80b1871ed88e73062712f
9:61	874506	ced2d224c7effbe3357e07144259fc0317b02aeec1424f4f17d2da616e13a3bc
9:62	462858	9f0516a14587a4790f6cddd60c7f034db9463a1595069d0e4a0ccbcc317579f9
9:63	522250	eeb01cf82624deedea08a85b7192070700048f0a956063c1ea6c679b2f844937
9:64	602122	ef7f11561b33572c1a763a9bc97287f672495bcd42c7b1a5fd7a4ae11c57a178
9:65	550922	f120a55e565a2caebeba856c8b5e9b27dbf4426e5d31787d59accaae1b18161e
9:66	737290	3dc36786c3965daf74443f39715c929805397dbc696190a30c7e90505f74f7e7
9:67	765962	513ba31fe73a8f40b39bba6137b9168a4fb7ecd7583603aa9ad7799e08dfdd56
9:68	626698	1ac1f8af0c7230533a5da4062d1b98b5a1823bc79f89c7db8c865229af064c7b
9:69	1409034	60ef3dd9cdccd00cb2c016a07182ae504f138034681d1067e33175a1ed8105ee
9:70	1050634	f704516b55c757e308868b5bfec83304135f1fcc4c7fbb42cca5dba20b90a26c
9:71	1089546	5603068aad85daeaf8cccdca72577f61d072c8d5735e84db4528cadb272cd040
9:72	854026	135d7388742a2195999b444a116edafb4feb399354bdfe90d125780bc28975c6
9:73	501770	3d108d78ccc4aa4928a1603e9447bfe6d9fac6fe593a27a90161412c2929bb0c
9:74	1378314	0f7acfe03149b2569617c62b84a57b56ebe1b6543252f8be64f4940f1b8ee476
9:75	491530	d244cf15fd41f9970183be74cf44d5b6b5c1bedc2882808a44378ed3a545cd78
9:76	407562	0bda283c00f93ab8993e9d45841f07869515c074f624541749681903adf53810
9:77	538634	f099753d7f01a9828b0dc75f3f7b518cccc1abcb8c0a2ce5db730afb26ba1df3
9:78	360458	bf8bf7bb41524a523a521dab71d4c3933acf623510e8f0ded59e602f22b390f0
9:79	757770	8239182ea4f764e71e11feebf9a266ef591f0d9a57a0caff780942dc375cc3d9
9:80	858122	4510001e1f52b3140887e1647db315f7f72b49cd6d84fb103dd3614764b6cfcc
9:81	972810	0f8d4f83e59ae4f8c190168a313a2d97c174a0f1b15907de46f5d71cee3076d1
9:82	313354	399e8f1672daee38d12b50bb17d51a76c326b09c1106e42d7aa7181fa49b92d5
9:83	860170	5d36d89b9e6c1a99c47b5c3a19d9a0c483b1a7522353c0681c47cc23380131d4
9:84	534538	09c487eb90ee7c593e2ab87e2364dd035616e68e0209ab4e3905909ab9bd5b52
9:85	501770	430b183f2a8f007d4f2685b2349be8bd13dd1daa3e4fe300d88187d941aafc05
9:86	557066	9a3d778d91482aed44dd8491e16e848fa9413ef6530e92f31e680db7fb063479
9:87	296970	e31b006f2f3184afbcecdb3781d48129cfff484bbed79bd2e3ad7dc403b47e5f
9:88	591882	ec8efa9a0b7ff4333a9bb1d3d57787c8164ba807cdbebc96cf09386ec08e1dfb
9:89	405514	2cdd27e798bbbabb838ec213eeb5e8c0835f6c639a932139c2df9f84dd94adfb
9:90	514058	0cf95e4b88e24ef33311f0cef27f416e5c7b9315a85fa23c2151c02cd99a3183
9:91	849930	0de7241ac57b36153872d05a851d8f40d84c8b9223c43d97c32da2426e791c97
9:92	677898	af5bd4d8c26968dbc60765d3129582fc027372b8fa0dc4765ea0d8e2992c20c4
9:93	452618	18c441d38c68573ec3fe81ea23baf87e6d4db1885e86dab465728600b6440eca
9:94	792586	ba36d5e25f9024281aa577a2d33978f86292b1d206b3e8b25b0b0d8499cbbe92
9:95	606218	b59afc6c4e0ace5151967476dc15643bc6dab6a72fbef7b270318c16c99c57e2
9:96	380938	ec5764e3999d620c92a0347b66d950e16c24bf13708702b1faea7036ee6dda88
9:97	532490	2c9edea067e5095e17e9bda2826c71cc903706b751361b04baa46bda3bd77d9d
9:98	544778	9ac6a89b2a110d02cde160b4d214f1d5b14cb2b8c107c41ecbeef59b6cde8db4
9:99	841738	15414ded514dcdef4023cb74a172f5a0b1ed745344791ee5b7907130a7b593ea
9:100	897034	be3d274b2e14a8de9235b3ef3c8ba58251848b136fc5b4061294c4487c848904
9:101	706570	7a485f030764e5c249b775b12f152764a35cb55271743c3f00858a6dde8c4ccd
9:102	706570	bceacbb8b6f28b507865366da475f623107aea66b974812d572808c232ad1bea
9:103	534538	940a855b65db9a020f1733c180984453ff0c3de97cb036661142d5cda777a794
9:104	505866	6639a02b5a98533b79a40f233a5cf6c393e481af466fcd8b5b1f6f7db4767ef3
9:105	518154	b8a969db83458f95dcad6e076ae3d0f1fc9eef67ba80db65a68d57977f267893
9:106	432138	898d31b54a84ef9e4d4fa828ec8fb704f14cf9630125b0c5701d987fc0a0d2cc
9:107	851978	7688bff7669cd61d13a71e8059e6a821c512a5a5243238c5396975cacee2f9ba
9:108	784394	a8dd9bd2ac1cb9d2b8d57e91ceffbac6b873122ca41fdbb62bceb926497f4ddc
9:109	845834	5c3c3b404f2247b1c19a5862f0e3d3ddec51bf07335184e2ff56a806c8034e11
9:110	548874	6a99ce6f1bcadc7a732898cf4f4c7aa079bf18f79f42052f84b6d83ad9b36c60
9:111	1269770	c8f61b5d331489765fbd9b3421663d56bcba65c7d971babf54925d5ed24e9681
9:112	788490	5d74cddba201099f3a2da9b6fc683904ed7b8f6ca10be8eaec738db454bc0caf
9:113	659466	7dc4a8cd22d2da3f3676e29f5077672e6d654ddf22716756389acde20af039f3
9:114	948234	d0482b9d8af679a45ee361238a1888c34e70673dea936aae1449a893fcd94640
9:115	530442	eb8390b5b569b20ec47ab19031af53077290618936c1f02ee229388f1d32fb2f
9:116	552970	6a7b3095be8fdde161214b7fdde6b23b3623c66a00b2904e0c7a2fa10dbdf1f5
9:117	899082	d0e52ac74e41a55415b364f2ed246c50cffa06a6eb1a53a1bfc90d4bb4eda703
9:118	1134602	27177d3c4481da0104d8de1bf918e9d5c7f3ae17809d4206564c6541dbbd97d6
9:119	299018	9fac74a12adfaba5d48eeb3239811a89d3ed00379c05329f1a22d14ce3a44b0d
9:120	1878026	5a2e7c9b0d9bdc7082e08ab6e4f86f8c37889be329f33f574e21c3162a087ee6
9:121	651274	83bd8184a651dd2e276aac46813596e26356d38a46cfbce330a217712ef24883
9:122	966666	cffddcafc6c998e4c762507bc454bfaef1ead635caa57fe8d22d2316615be9ac
9:123	641034	5b93557fc5beb36a87955ab2c6f607115538ad4ba56e958316988b335b4dc8e3
9:124	692234	fc5d0a3fd157c899a1937e31bb13bd2c47de01f9254255311f3f4abf9ca26df2
9:125	382986	762b119b8a4d4f498cc94b7ff7930989b00713aa951c0b4031943c491085ff79
9:126	595978	ab25d5cb8e3443513c55941be8bd374c5e2ef1a9b1c65e0cdf168845b84dbbe7
9:127	729098	85793b36a642793345f3940bbc88285b9732b71029f5e50017bd330778a51c36
9:128	522250	67dda942684d9fa8cb48d4c79b65c55b0b649e670e8fd17fc4c240dc4106aebf
9:129	462858	2c5f33596dbfb3cca58ec106d9039aa5c2dbe0317a6ffb530cd611f3e08ef738
10:1	290826	14a89469b6511a82c54d9f6e537e784363be56ec947ebccee75a58c48776e24f
10:2	841738	6e873a524f1b8ce2ae381e8e9d0098dae96e08649483b47fdc219d4f37d703d5
10:3	882698	ff5a8e83bfc8c5a423d4cbe4c05a467ab6b21e2e4be9eaa82427f5df67730908
10:4	1099786	8beb43487d8f10f533c0b56afd063cb62166218518482e4b737b955437fb09b7
10:5	808970	27ad80a73be1ad351e0f491e3b2a5f25b341c63cd1212aa01bb3eeee297b456c
10:6	456714	a58055faa92f8020cce1f97698ddb2593dd24a96a0fbc9232165a022361a6856
10:7	567306	5a15a8e95f3de4c55b36759969e821b2d22a55eee6c6b8b8574bfa6d6409962c
10:8	245770	7cb274d6016f8ead66634f2ac1e31bde06cd87decd7d27b2153e0d98069edeae
10:9	536586	5b7dfc3c9c6dc43475a8adc66d25e6ca28eb7b81322ad94620a5907ea79e3eab
10:10	458762	bad5027ce5ca3f596d154ba4cd86d289ac0448b34d98674bad33c78324d06f83
10:11	614410	d22ab4ba64b225200f5ed1ee1a24e9a0e8f7295d6ad34519fd773ea21cf64120
10:12	909322	fa0a0150e1fcf769883c56b228b9da0324f535d9dbdcf4ecccee895bbbeacca7
10:13	692234	5d02ddd5afc468f48ae5723019dedc26d59f5712e809e33cc2b088070d664303
10:14	305162	a338ed429882b2b34e637d75cc1bea3b3e4db3d7c038e0f2b2f1b23071b5ee01
10:15	1282058	12cc6729c543525f865b6d8114abe4987225d26ea5e7f8c41b53fcffce0bd6ba
10:16	552970	f802d033e686ed7b768030d5240d61ca7664a4e152026fa29722cf1ac23ab254
10:17	419850	e51f1f8d9cd48fc366a158b7605d542b5bf801fa6e0bdfe011ae559b55e6b371
10:18	833546	5ae00d5445449c26a045e0a8a336d7a0b73b881fe9764111c826b757ad1a7939
10:19	501770	9a4d5bed7de84eea6d68f7dce0be606c9e96c9a37989ad9ec652046870685a8b
10:20	550922	92fae78de98a9a7b63c5b67532b4353a2610c433777db7afda36b0a7c46256d7
10:21	817162	e2e1dfaaada2c2c1a31951e54c49c5bc9c403669ec6a68c76f137ad8feff3c9a
10:22	1384458	2d44d9bc571c5d333d19c7eddd85a5ae19cec562cdf5dbba1dc9a681cb481ca4
10:23	880650	0b128bbf08440564c62a21bde9649926030ceb82790fb203a08003d41f103851
10:24	1851402	62d2de025168dfd9fe50716399fbaf5258e3c3426bea03c7cf07fa973f9d3d6c
10:25	428042	6cb8ca20b8dce11f04a7b0e0aa4f5cc7896556f8a8f26d414f65dc608b680211
10:26	651274	bd74a16cc8f1cf9621d3f91568040360ce3f44836579d6a88ee41b8ea6a5fdeb
10:27	989194	8a9cd8b6d207ba5a2bcb175e4e0c7a3125c5dc456d747b38501bda361520ed81
10:28	706570	cb469b500ef6e35e293e2282c02bf88b3be3fd94ab97174492525976be9e4533
10:29	309258	2fb639317ceaccbb356f3027c8d46f27b33249692252805474780183ad5f9f5b
10:30	542730	358920b7daf986e9d1166ddb6a8729ea6b9ff298ad6bed8fc1af070a4b46f83c
10:31	1024010	f4fd5ba216f708a88e8d98ea645a8e6bb91683cf67409764bcf5baeb4379c15f
10:32	462858	3a0dad898577f78e3f2eddad458cc6d3c85c5af296bf74c3016f6c71fe486904
10:33	313354	df2580085706040ff9c157ef9dc03055aadbeb8cb69599781c107ab13e8498d6
10:34	571402	33ba835370960e9546f781782164193582be80ac7232478ae9b6f7dcf7cf2f68
10:35	1044490	c54dad0ba291a742ac7f88b5eee0ec4ee12118a675ba6f47901fc941c505faaf
10:36	555018	91000c145cbdeaba7f2b97346959caccc9f9f13e91caf11f1d8bd7d8bb7cad55
10:37	681994	01f7c32cf2c91635f20c478ea5c867f86d1a32d4675b15f9a988d09b10985e8a
10:38	569354	e707eee5fe2fbca8da005d0bd37032a78bde216ef8f051957d1847b5c76ff658
10:39	612362	194d653006554c01aab2007466b6c5f2dc7bc81ca37c8abd9b391435f38f5b55
10:40	395274	07eaa194196ad3e840be57ae3e2ed793a0fb186778774245703656dc3825faeb
10:41	647178	230094913745b0d3f32d791b313b5c33331b51a54145792762f53125f25bdac3
10:42	368650	b4f30f7ff93d930b6f11f389fb504be00fa8a19f213b740625f29c98e28ac0b9
10:43	415754	d5f3c98292004e6d2de54ef63e3ef6f4d0bdc42008b203d988e49e2d133af378
10:44	342026	c0987b3ce965e4c0c6718c3dfc2479ddf05ed0dd6aa30ad8aee49c80130e18c3
10:45	622602	5094debf277c69b1ad88de7ea30e87340e6007e5fe9780f355af9962418e4599
10:46	563210	2e8da056487deaaa3ed6ceef3dbf87dc39917304f857818553298d0e2caca95c
10:47	430090	80fff473b595af0686dd723b2b69fb04c9e946af1a3f87bfecbc845d9ef62dcb
10:48	272394	cac44c478f1d54a3dcf22ea365eca5ee17012c8595c363faf3b2493419bdab4d
10:49	794634	3f1923894057b7d8db1ef8203069e0ae7af0419d13a80378c6017733caedd0da
10:50	368650	4a19e90cd424955910a2c6c98b24c220af2e5aec69acc856c8bb8c40bec1d703
10:51	430090	5c7473e28ade08241c0481486182e3cb9b7c898dbeb8b00798b200bf5d91572b
10:52	339978	23867a47253b64ad65f6658421f9e9ef8a5d8c6ddb1bffc282f9fc09b0a1718c
10:53	493578	cf1b035ae405aeaf04073578d124b49d6250ddcebbe0faa1f9a16237acb2458d
10:54	636938	ea26d2654cc04bcdee2bd13e12e0fd00d2da7cb69c2105e545c5f5c78710f83c
10:55	530442	ed3337ff4c307995d8156e7734255f35640fb32692ec3df33b852fcffaafa9ff
10:56	182282	70383fdeedcbe947fccd535cd8d9b4848dc0dbee3b09da2868bc74aaa5aa2f06
10:57	565258	95e26b97af1f3dea139037836e52f9d154e600686ef47df86d95b165c160a128
10:58	366602	e65ebe29011934b6e7eed6b4efc4cf66fe5447fbe70497a8956c01994437a793
10:59	768010	8a59361bd4e0eb619a18a9e5159ca22171aafc464d7aaba164eee04fae300ae3
10:60	540682	a9bfcd9412a173c7552c1d245de78353c25b5f5fb3625042bc0fc6cba37beab5
10:61	1161226	6363db6c7dbda039cc4cf0564656eb074b37810bee225ad6d7fb76f1491cd2f2
10:62	296970	d3908ce0e5d565eb47dc30a040df3f7173f5ae48e120ff5a178e0e4dfd7df159
10:63	186378	2492618776dd549aa59c46995d874c11c7590654f20cddda9c3cbde411045707
10:64	473098	0fb2c5651c1b7d5e32ab10b3f3bd514d4e5f435d868d17d103f21af048d70bc7
10:65	403466	81f917ada2cb995cf9ff2a3245f044b53ba6dbe7ba350e052f5c1c6f1f5b63cb
10:66	735242	748c00f59d56c9ab565b978cde6470a12133a48c6c7768175cbac7db6be2f148
10:67	481290	1a1aeb100daf80ded242fbb72f2fd95645f1ac06620f315aded2d5acd58d253d
10:68	876554	a9b3baf35fb64fb96fea942cb5a0fbe5ad273db449fb59a3c79078cf60a34be9
10:69	239626	e94131295faa8de8445c6e7287f864ac94f94d81ecb6844fc5ad41f658e4accc
10:70	489482	0cd8d7ce3d014cc228175b72d5d5ac45758c2c70819546ac083d2e4c39c1219f
10:71	1249290	8c3319b75a44c3f9d344ba8a4773c4143fec5f9685dec6e39860cf8bf78ea23a
10:72	444426	fa1f862a63e6475e6dc4eb601936d2564df0d8ef254a6320b20980902d504d30
10:73	739338	fa6b08653d79402980f3fc201b5b467e4596ad46641ac5c68e3ae26ea4371789
10:74	817162	ca253e21c2866a45df4af6de5e348bab894659fe6708b170f9d9dd2db9c77ae8
10:75	538634	b8a644e0c957b27e9251608be1b62b09b45151772a716726947b002e9e4159af
10:76	350218	2bcb44d0fbb064beaea82d535ceda4ea329e76b86a71b8dc26b173890ad8ea04
10:77	440330	e81db8e3af38b9000ab5d1a8b753cfeef8ebb9479d2788f3b4668fade468b113
10:78	614410	c0145803f6b7e038eb24b1817c632081807250fa10ba6110e4a91879ad3c67bb
10:79	194570	c0305f406d6062710d5f8b5559e9b29b7417b11bc72fb833cde2e592dc66ccd4
10:80	337930	678428ee25c43aa9de7541aa1f00efdb0fc0c92bdd68e463b1e4a8765a5414ac
10:81	538634	b9ac20867b366ccb1b8ed9e3ed22154384bee6746cf553073ed8c5d874a82780
10:82	233482	a915cbebdacc46762bb81a5f1eec2628c8832de1c81ecfdd8e76eff92cd86f0b
10:83	745482	02c7fe2c910ffd175f81faa70ada16fbc151eabd037c49fb7fafcce9e0029798
10:84	524298	e556834075120676d41d8f001dec9d3e9258e339d3ba81c3b54a6be82bb61b0e
10:85	325642	51d62ff8c212acd461802b71f8688060236434fd95dcd222caf7ce63f1e3d5f6
10:86	227338	9ed47f5d665afe3f4d462993df550f094b30d54f06a4a5453ab8c7a4452d2fe3
10:87	559114	8a332e9a22513c88927d2dc4f1c003293cc5d1e43a97b8c3099196f1e5bdcbf6
10:88	831498	90b865f5e6f606161d5c6fd90f9908ece7387f82e8a7c04b73c25420bef40e54
10:89	446474	b1a966005511529beace06184095dee4327c6ec3dc03175a2cbe51eacfac23bd
10:90	1017866	ec7fab3f6f9f7ce2bf551d5c0e98afcd05bf02e01d7c462c5593e0f0ff709163
10:91	260106	268d27cd03feb924169d6975491000a4534d070180dad1a10e23bca3bad149fb
10:92	458762	b7c89d7421314c4372bad5aa049a406f8a9d6a9f786d399e1cbeb695d9a02335
10:93	847882	d2ed3586fe9ed02d73ba69f679158208dd36ec7013ba6d2c1f601791ff5e969c
10:94	757770	33987fc7cf16312355d097404f5f9dda94c72cdeef5c2a16c7e9ac42fa62d022
10:95	296970	3c8525653a59d9564f9d04320eea00bb79c4c0e81f5f55883c6354af40dfda3d
10:96	241674	6b6b6bf9f0c3f2c2f2d73a880a2131d3ef4603cb370821a6b24815b4c12c0c77
10:97	264202	496ab9baf3ac9724a828d452b9ec2585b4388c5211cff4e48dff249e1765fe83
10:98	907274	def71c1eff963b69972d4d075469e6d92ed52535078e7077ce13204dfd201054
10:99	471050	90b8fdd650aebe37b5390abfe4ef8e259c25a761738c16453566c5ef803becb4
10:100	409610	a950d28bb9c7690561c4a15d0a14065050f6e8a3c0499517e486db972474f854
10:101	397322	4902761025448cedc01cdaf672f8698634b420d912b20d7187aa43888a7d4088
10:102	516106	240816041d56322653b0c6b8beb1f1083b0ce729314cebdc9e7815591434562e
10:103	403466	7d08728f8e939b3920b96b70abebe42f7eaad755f5d24a19f23278a84c5b1a04
10:104	935946	91d17f43e695eccbf1470033f6df97ff88562f9e646bf419c7854b4aa1f4de3d
10:105	280586	c924c953d37ec863c62c295441eaaea53ccf7016743bf9444ae4d23b6fed0465
10:106	444426	3f74edfad94e954b8ab56f1b0642d3ff2822c118c0e69cd6c2bd09fbde36ae27
10:107	847882	9d1b8596c225768f35001af212f16983539bffb575b3ac7f27041acd347ac022
10:108	827402	9a4e62aa751eea33f4a1cf1a9a71889eac45c1d31004ee10b1c83d71e5d6d25c
10:109	335882	03caed15e9102453aeb963ceb08f38a9fb9f29ffc12f6c024ec29e3ae7197130
11:1	413706	7d8f3cd3c47773368d521b960ad3db81997571b0bdeeb3bed8818877e2cf1209
11:2	385034	1a3f35157f8d70728dcfa2c520f58cfc7d7658bad5a18db15a24b9084510543f
11:3	952330	5c23bf095f5c18fafaedbba0d6ed692c51212ea708892fb73e2381e783d6a932
11:4	294922	b9c1acf4f99abc1f4732b86814982e55f95ceb4c1a9789a60084828339d87944
11:5	692234	8c2789fe57d1be0d2080c55dd3ce606df2108ce03d24ada5eb9e9756d52081c8
11:6	657418	bbcafb0ae611f979239964806fd64b3cfde43a5c8acca9e0e8c50f2983af99c0
11:7	1105930	000b22cd6e16a6469c8bdfc455ecaff6d59068f897a3b28e4a2886f0d0a3978e
11:8	671754	30e7ed7d0d3c23463128b44891b9f4bc5f329972f69297bdccc8e2670063b8f6
11:9	370698	b20472b3d4905ad2b43db01b25a5a700ef058cc76725e8ac52aabf17488c08fd
11:10	520202	f1038d6d79a565c0651eeb327a31e9bbe6317b5ac81b67f9c93369ae442dd047
11:11	456714	480a9691236ff8c9ea1073cd98071d01e82d78c3b49f9531a422aeb12435ce35
11:12	940042	b62e1b8d4da12c954694b9f6947702fae0022a4789e4df0df3bbdba4d154526d
11:13	612362	9f98c1baed084c5eb34957a24ce3b53ef3157d2fd00d85ef24b1906dab8ac1e7
11:14	616458	7e2900dd18814081055ff6955e5f04254aa7554d22841f2ebb9cb0bf8f47d362
11:15	522250	0d827ca47ba5f824187c8beca1ae83e54ffc33d31369ab7e547fbdc738f34859
11:16	559114	be01a23b507f064e21208106c95f8c7cb4a63b456368f253cbd2763f1cce7728
11:17	1337354	4b6237bd2b858e1faf1aa5f4125b5de66763853bbf4024b68fe56ce87a02608f
11:18	770058	6066eeca57396a0a04b0088481e7e03bcdaaf9a9b344202bbb4220a3b6e8270b
11:19	331786	4002c89d61eff3d0fbefce0a67d4868bb1488994de911a4b2526862e11268cc5
11:20	735242	30c3b69b71ae0c7071af6a12a659445c3c7786603ea5ca59803f563d0c85340a
11:21	319498	53468fd4f5656ec701eeda159b9ec1d7a7eb72791f958f2fa047ea496ca6a63a
11:22	217098	901e0b97605c086718c0d9bf4a126cde6821002dea2bfbeb5caa1f1f11a8c790
11:23	555018	2d85d08ca0ede0e56bac85008ba905ce2e19de9e649e7a625258d5147028e9fb
11:24	499722	fb1bc00ee5fad60f81ac8b1c1ff5a6004b2dba0d281691042dffae9c154b8816
11:25	290826	c3c92a01c9346c77d25861d13b04188a0edf8be1a1bcd9119dcad608d9a854e0
11:26	387082	954aaab57b519a94af06ce34fd2324e24c8bb3bae58a8612ec06fe2c1e988dc5
11:27	843786	474f763f7a3ffb38d65ece4d64aea64946b7723be4ea344af8470aae6adf830e
11:28	667658	ae5c5adbc3e9cd693f83b356bc60f478e37542471d8c0a9b22de28609086cfc9
11:29	796682	c0c501e3ba2c7c0887af64447c9fb69f8135070b1de626783af9204a31bcc0b6
11:30	346122	7bd01422a4525e6256a8a3e33c62898894bffa893f5c6a58c1e53f372e7013d6
11:31	1259530	5c1e53a277bfc24703f27ec4409d0429210e072e9131ce7a3f81a3c8fda223d0
11:32	471050	a6f5157afb1aca001141dca7aa1c859dd64033ac926659c1b656803782645689
11:33	348170	643b996f375fa3eac7c21aa04b365b5c17b93c3654989dce3ddcfef057a4ac9d
11:34	505866	07cc2a9f7b2732d38dfaf553a774bfdb0e665ad3c51ecc2f30612fd95594adf0
11:35	419850	ce9ae4ead5a99408584f9ab84f6d0c9b52d0830ad113720e17b216ab9bfc04d0
11:36	450570	a2fddb6779c1eae7000d256eb233f8952dda0d1a666340b7138f3db7ee9bd616
11:37	393226	368b52cc642f37b313676df1d83459a1db398f5f4e60c977cf7ddc2ee3093a59
11:38	589834	ed0f82b1f125d121c98474a1c258d5a88f09ce765271535b9fe480f3d1f2c700
11:39	321546	0beb138e2804919a4eea4ce58ebdcedefa7413caee2bd3653850f6ccb9fb085f
11:40	913418	2e0788404448629d86963494f3bac637fd6fbcff98179068a3874c27145a8291
11:41	317450	f1cd056924a883a8dfc995eade2bd033943d3f0e1909d6aa8f35da38fda7a1f1
11:42	512010	d154d73dec13c037d60ba5b15afc01b57fb582e21ec7ff8a401d2b9f482af325
11:43	655370	8ea42a47211763088836e91427d965d41da4b1c7899c96c9b5c8da0156e5ee7e
11:44	612362	086813b39294b9e2f7472edae430e42cd96031dfab58fd909afe724284706f03
11:45	337930	64bd79982df87fbea8e59cd47edadf0c6dda19008b721ff5fa8596d5c4a5cbcb
11:46	735242	3109a168fd5b7cf160eddcf090f05ddaf98c2300f3965feca34d02030a251d56
11:47	436234	c320b0c7bc0f3882e9e9fe400896528b2da112bc5397cdd27ddc28bcd5871374
11:48	667658	de50b125c2d55a3b76b0b5c0a49fa3266e91bbf2d1398de597b47418c408abf0
11:49	702474	27884a9fbbb4ba7acfd87bc8c9116e282e0477df4e01fe90ae0068fb971ec777
11:50	489482	722f1538d49e1fcd7f075894acbafdaa1ba134ec7985da6a4ce5a9c3234c6034
11:51	491530	5a9eae1b259a496523945528bc5752a59394c5f76321af2c95ae62cdc2b1b943
11:52	630794	518f8468f61d75a60d23a50ba66686be4223ddc14a2e0aca98b8ff368501c86d
11:53	571402	1f1104316308d95af044be7e05d92b12cc7b73aabc25060378f7cfff378c0209
11:54	604170	18c90da69cc140170bef9f254599209850896517910855827f18baac2255ffda
11:55	253962	0c58c84c18c9823b942b0066ab16ff47dca81cc223124ddc059c9f081c6b9c62
11:56	725002	4ee1eaf1102e870504c41df58ce66ed920150b690c5aa8f6f68de88553c7b06c
11:57	704522	e3eacc6af0969b3a239538103c0339aed41cd7de7184f950a1257ceba5a6ea2f
11:58	622602	6a6161304a66006f435b8caf3fda7e760cbe5c83bcde1950c248cc95253867e7
11:59	540682	3e15c02c41ff72bee39a4bf4c878db6f83a7cd780263940b143c841edbf5baab
11:60	593930	f41eda54be46fdf4854c93b948d19a19cd3ddb4615706f90816f4f13c6a3ade0
11:61	929802	05013675588cfad8ec4c30ba6b078cecfb8f77be7b54da7b2ab2378e33cfd5f8
11:62	845834	3fbc6dd8813efe43cecee319c6e3b903c9af70152dff468c17ebaf55da0bec3b
11:63	819210	5d78a00fb9c65ce129b1839d23019b17b12f0affb036f2e325469089d2884c6f
11:64	677898	1cbb3e8b7b19db858a27409b998b95b08746c17dbc2506097f66250dcceb2c5f
11:65	438282	f5ae4f28a9d6ceae585b908dd0bee037e282fb3c20a2c49fd4e178cfba48bbbc
11:66	763914	5750f4406372e1da3ee96b2106a7b69627cd965d7a6ab1439fdc58347e2d524c
11:67	282634	76a760b348d7bbb6d7eb438fd9d7c3e991271a9ecb1e5b3c31aac22d4714a59e
11:68	546826	d858ac574599f86b166b1f06c09c206999106c8c38ab234db20e3f48c35ec9b6
11:69	593930	48a217925116a0c9eb06834e02cad23fe3908b9abb624ae5c05b23db547494e7
11:70	612362	df1afe738fb25b2fe8ea49398a188e873dfff71611d1174242f92ffcbca27462
11:71	538634	d0b7cc5df0cecab1b8d905fba0cd49816b7e30170c1ee59f00bc4459ce94a1d8
11:72	448522	5f0260b31efb63dcd07cfb990092468b530337a770b3ccca462c5cc5c96168fc
11:73	665610	7aa373737ad2d5a848e47fed9c023e0493080cb9c8a150e54ab1c9c744909706
11:74	344074	e892e9461df2e8f0938ac9abcccc49eb33d040202d4d0d4ba98ace92eb6fbac7
11:75	260106	b5decc81edef1527a2fc450b950d5fe20429cc1108fa4c18b975f013b02db1e8
11:76	614410	0533fee889ff40224aba5a1a9327e08e0aa4f291c5b9d70c167197dece4a760a
11:77	536586	a18bd94ec8a676cdb087d33e1c08da89d95ad59262937ff84a3126c427cc14a4
11:78	940042	8678152741d8304eeec857f3cbbece654dadcacaae225969e4f6795266951a65
11:79	329738	059216a7015e099ce637eaf61711a0d694c014a6bb0dc2e870677c005dc56e5a
11:80	317450	e38976d2daf65b8a02884ef90c200284de97255c57166d8b5ad6a90ad6a2e6e5
11:81	1099786	f6f2abd74ce325b1bccf19ca38736757a44dc8c3fa302c3dd4a0c836677d8567
11:82	591882	e8b09497faf3e50e44a9bb052958bcb9b09df542057e70034091f2161194b745
11:83	313354	83a41fd57ce58725280f11fc5f2f229ea659f5c4cc384d86a037da0cead3161b
11:84	1024010	f0a8c9e6690dac8a15dd911171391b57463065770162b77da9cecfff77b12c4f
11:85	546826	ee123a57736684484a72d944cde626b90b623b0b9b48ead1ab3ab7b30b19c531
11:86	448522	fb53618fa39e4a08b3e4127ac41a0d32f6ad2168377809ded78c697b07d833a4
11:87	884746	704af783cc56239a7dcaae37a2b5516337a1c026c6ee5fbfef99fe50aa05647b
11:88	1157130	ddd43af91a21d6a284875dfca1c46a33fcec4b5534b959d8a62ca65750f23562
11:89	737290	ff4743760473e7249407dcd986f636e2599852dc10088b81e8550edfcfef95b5
11:90	378890	f132052c61d2a460ab745cc87c24b4a8edd4e713029d058794114fe058f63bb6
11:91	749578	a1f625421a01bfb59184d5a6cfd6289737506b10eb617d40ccbf13f6eacfb4d9
11:92	684042	2e4da527cbd276bc1710b3256e478ad38474a6df650067737442af49d4f0b73a
11:93	718858	a9d016cd5a9b77b0ae6fc2034d96f83d8c58f94b5924ef043db4bb8ef8e77b27
11:94	706570	c8be30e0b8dad8cdfbc72777b72e54031b8460e1b4901bfa5d4a296d262fa28e
11:95	323594	bc104e2c5afada98453c38fd67f94db7775adcd1e59392f71974455205a48da8
11:96	231434	3e17af50091aac6661fff9cc65862b0ac37870dcd0f8955f3e3dff07aa7260d1
11:97	403466	79bd9f6d1653393dfa381424ae6aff4e359b823cda85e892b2fa4a46055ce589
11:98	350218	00c93a0673e5df23f1a8322444641d8d791a6f525ec9e609109d9030b7f523ea
11:99	317450	a74be45ad905aa21462ae96dc7a8f88751907a5264f0a48de14ba3dd1994b8d4
11:100	382986	a36a7e6c3eee91ef426697f91bdfa5a0c1c60aef1657e8b2c3046f21271baf3d
11:101	978954	04aa7ffd2f0e1a031e2994a6a5da0ac1bcc89b5dc2e3c410b0aa46457ba66c0e
11:102	428042	9e9cd358d7749e0166414181b5ceababd60e9ee06bc26fba9cda99e8c7b42d5e
11:103	518154	d2a8dedc3dd16de7f008cba44cff131875caeab9e22971ca45f488fc6fdaa275
11:104	219146	0f15560f18242db38681441f53c44743960dec64ebf0aac4afba87edd37c96a8
11:105	350218	e5d7ea8e32c58f054757142971501c3331da0c46e9de4fde7b5c543e5da56bc0
11:106	284682	3037d26de1db3f305f7f2a34344102c8012799d67acc78c8eb581c6414e9c590
11:107	477194	52ee1c557d18854a2b1703518955d1abbae1e25eb10f2c48f6b55588b7a16f61
11:108	667658	4ef8f75ce44ea89c7e9705939b0f79cb7e00ccfe4aa9563fb04c81d8b5a9e699
11:109	686090	9e3efaa49eb492000621c5a836b165d4ddaf04c20e9697b0bfae1256148e1546
11:110	454666	5b3c2b3e00e79735e0a1f63429a3e112c5e0ed3fb774b671a320c07ffbc020ec
11:111	313354	3bf9f58c5f9a5632d903d95d24fea9c1c68bfa0b4f4f0abda615ee2551e72e53
11:112	376842	6875a43fe1a54447eb969e823f624c3d35d2b6017f82b561ec8bce6c1293d088
11:113	512010	155e90cf3b99c6812aa3a675c108de0f6b7d8fb23dbebf35b5f3ea1e5d08d341
11:114	460810	e5cd9e43cadecf7850c97eeafc8b6137a05651fcd607427d33601a112196617d
11:115	208906	e9ead8b052f7b168b9c6fbdb68326e223e09f398d026bffda51de656e55bc59e
11:116	776202	f315bc387c47fa0f25de44674659fd968a5de690f91be7c4e75304cc4c28a86a
11:117	249866	feb32a0bccf784976b866c4733b66fa5093aa87ceb7f3d12707107c39ed3e3ae
11:118	356362	3fe211c9e4e74b1afb67b7f6193ee1220853b9d84b1baa47f4d38102e0821345
11:119	534538	c4cde0e8858b46a3701cccfbc8fe1935091901529ec876a3ff1f8d0a316eb867
11:120	548874	14ec208ce9a99b044621bc18cada7862f4273b82c2032f5ed5a215b7229dd798
11:121	233482	8b05355dad4b9a6eac15466e74c062ccfcba77e4aea11d6a61b7658c7151fbaf
11:122	227338	c5058fd4402bbaf3b64a61cfdb1ebeb90577689c4cab3de5325d446566b01129
11:123	499722	b780eac32b8f8f15fc3b0c8d571b3ecddd2cc72a05b62f8bca95aedbe7c464f6
12:1	325642	e9b1870bf1533a483441b8deb4073d91de8c87aac86959431e3e08f62217da9d
12:2	280586	b2d8a28a44d26c20e574b83d7e7eb0212f1d7035490fcfdb61da3327cf25aa4a
12:3	581642	2edec5b1a739d13f7c023eec4c22abbf09377e52ca0d0235116091258d8d64ee
12:4	579594	9fb37afda7bbf09988637dca8ff91112a1908edb91ea70b310f27823c91528c2
12:5	557066	4bfadb7d91d3e598967993ede20ac73b7f46195563ccc84753019495dd1eaf96
12:6	962570	30ae6d6b66d1486746ece392aff929a62827b5cd435c4c90cebb765514b93af0
12:7	284682	dd7f17ff400901b4acb902b9b975d8c17e9a3c27204e84eb80c5ad959759d303
12:8	532490	b2941fe1c7dd8a1bd2c80e8842c644c5f1aa3891f66d66026d147f2fde92a7f5
12:9	481290	bca520eb9409124e61f07def02f6043dcd269225ec77c66e22fdc0c092b1bd40
12:10	579594	e07052ec10e06f002fcb992738f7aaa8963980ed6dd3849ea9a9eb4aa03279c6
12:11	358410	c01e894e6564ccb3b729bf3dc76fa667886d1f64546442452c0bb1a6c6263606
12:12	284682	dafe81428149d4717dc0641cd9836342428557b261ef18b19643038eaa0db5e1
12:13	409610	09f4f05e88ee46de8515bd00e7993468e2ad7426c232269fc756d24864148e60
12:14	311306	05fdf824728ba83af2b70b515e44a786147c2e1b7ac7bd508d6c84ba8555d742
12:15	655370	50329c784628cebadaac2304dafea5fbcc6350fb908720e21171da145d7649e0
12:16	270346	f86c720459eb707fbb19f71a30d624289de84858aadee8ba978abfca6a59970a
12:17	743434	a922e963254ac462f9bdb5b8a85c3493f7fb94548e9ce3e1177f69f55de32a9f
12:18	690186	0b9a058e51e405794b52acd75ab3337e62eccf1f05132a1ae86f6447d59f537b
12:19	661514	a41059fd9402f61194757cc81f46344890228cba5c918646ad18677791a4bfa8
12:20	366602	a99f5580bbef62c47967974293658b263732b1f74eee5fc262467a71a38135ca
12:21	1269770	253a5b814e550917687d44b8dae2f74e2ca1679fbccc2d526ee83b4ef3040014
12:22	405514	963a8eac8c68bda1558580ee105a9e7a1b7722c796e4054be56ec255eee5ad4a
12:23	794634	603480bf00fd194715d11ac401acf97e1b09b7508e5434d00e876efb10573aea
12:24	636938	eb52ab2e329f46565e69f2a87b5594575e0d91b8cbe61120090c9e56c2736fe1
12:25	790538	82e63a23865568bd6f33bfcf8e798d6e0beef551dac4fe2854d08f84c4c0206e
12:26	696330	f7940bd608f54222cd1f411e489f1d31cef2e2d7150a5d187b74b0508802c509
12:27	305162	2257e9853a7859516148149d68c4a9e059606bb80480d6cff65c49f87089de9d
12:28	440330	76825b77b7254c05ee1dd9b9042d76836dfce95aa4827790a0abb99ada05aae3
12:29	358410	6e7cb3bafa145c3eb7d7ef2db011a307b2b096e6d0cdf17ac6477043e234e151
12:30	544778	15331a8b8f0794a14138c18d6f9c623d282bece178c43789c6f6de2ee9622b8b
12:31	1220618	6c9de4cc90af8c38e1301717018e77c90d1d4c8d3758018875244c8ac0e72f2f
12:32	733194	1f454cdc7624b2b7ee3dd032086a675dd45f934ce5d6b166ad2b464d58b92407
12:33	587786	0356db86863d8711ab85660aa6f2eba2a9eae6b752c880f36694630b3f1e3242
12:34	370698	0ebe1cae96bbb0ac9197eec315314b5f46fbdbda6673c7600eca6a309dc8ccbe
12:35	329738	8acc4c4acb370cb242c4a3fbd7937080e067c09fa2a7edcbbe4752e62b7e8485
12:36	987146	9488f8afa543d350edfd3aba974c56b1ba2c07426c6b504a785a7a3273793158
12:37	960522	e8952dec4751bce1bf748cad5240065120362086dcc1faa3ada4ad13608dd91f
12:38	911370	3adf2698430fd0f4077da89f96dbe9adcd14b6b6d5fffb83e48963ffc6ed065b
12:39	311306	2327f9ce5971c4f9a99f0bc34edef692419394c52817e3e67b8e05b689e43900
12:40	1255434	10d30f1f58e619809be19e74b3e24cafde0a0347234b60debdab8e1e9b545c5f
12:41	628746	be377069baa10739a96d942a5381f15d58a63c850416511700f90a7d35df3098
12:42	540682	d4a4703671828fffdd5f0dd3ea17f572ebdc6cf5401705d5d4b89e98e825842e
12:43	899082	ba1c7aa678a3b2c985c3e82e747c590ab749d1c54f49e1b3b9cfb7e93a0403c1
12:44	331786	dd334b9e4611951db2f323b563a3d5ac5ca7ef695f3d666b0369ff746ca8551b
12:45	325642	437a00ff6da9e00b4b38f40382896f33bd3f6e8a58aae30119d5f0350c795998
12:46	823306	df2a4de508df72a610f8e9a4f10544d675098668003f752b456833474a0130dc
12:47	505866	da1f0dd08125674caccf9a2027c24c264e1427d6b744a40a8aa2816070e8061a
12:48	503818	87105a346d4bfe75d8667c113d2da034da79042fcd26181d592acb698b5f6072
12:49	276490	f99441610a97b51c8f43ca7873b1fa3d2b8224f1499b5728d70422f325685264
12:50	679946	823aafab199fbd4a2c321a75f04d7ad137da37839a6e4ebf900011616372fce8
12:51	892938	0cdf9fe648f0ff9df3ed2d7ff3b061b7c1d9f3802581524b025770d34fbfe9aa
12:52	321546	942115c87946f9ef5909605f189649a89d94d4281b2f7cb51995e8c56bff7281
12:53	561162	4515eb6b072f93d973df51bfc8254ec983ef3e870395e0463adacc0db99ae896
12:54	466954	42b749a0c3a859681276cb737f914120d11c4f9019ac9acae00dc307b0bdff78
12:55	294922	d959f48c245410f77f2387d42664d15cb6fb587ec17cef5bae5ac4e5682d0ddb
12:56	587786	a167a6bc68082aa81df8d87b5a247350a1bf912843f88d2e9fdf91cd6069994c
12:57	251914	56ee16d64daf76afc4f92f3ce8af77229f09f85123bd458eb846995d8370e27c
12:58	286730	fa29b31dcd0a5ee82b7038d6879c8b57928259e712ff1df73b3287a8669d3080
12:59	509962	0008ff488f037c7314615df5cc85e3ac705d695e593c4b69af8af637cd85a031
12:60	245770	15c07edc8f93fb7d1664c3dc33b6fc2a4c07d39ed1eebe30850295086b379786
12:61	235530	13c7539f6ad45d94c2394e00fbb54ede434e31534c5f3487a6b43b16e9c9505a
12:62	579594	2e24d6050eacb22247ae51be1dd78440e024c1b0e4ca9863a70fe6bd13b0a95a
12:63	559114	9c989a122f68f10948ca0445c180a4b8108810ce5a33541786d942478ab8691b
12:64	534538	5f8182e973d9a573a2605f46f06b818b2eebc53c7a33020a0a0523f95f2ae975
12:65	835594	4b2e212bd7837becd6c8ca146475fc888836cce90102a1739b64131018c83ac9
12:66	786442	595e235228c6ba7411978bd90ba7be34e5e5dba41004b16c10738e49e24d63dd
12:67	888842	46dd5fcb168d83cce3c462669a89478d04e47a98d75ff75592729ae3fe423d5b
12:68	935946	88f76361ff26f9a7363d739d0ed8fdae3dd5bc37549fcc0b2f50619843069751
12:69	530442	52ffa8815f769d1aa3dd15caefa1da65737afac4fde15cc582bf4d2fed995108
12:70	555018	80dda97ec17c97aabe35f14c10032852a7aa98ea91a643abef670797bcacbe93
12:71	184330	46fa83bd380e0f01b2560f763bacde928939638f74c3fa1b8c67607a21bf8cc8
12:72	319498	649ee9ba110d2e868f79662f76fb00e1be8f116adc38db983b5fa7cec98154cd
12:73	294922	212353e8975f1d25eb45092cbacb33fb4029f59295e35b55a24cdf44c25f79b8
12:74	241674	8b295f7aeb5f13a13527cd1132275a38c766e1ed7a8f8d8f7fccedc1e09d2ecd
12:75	348170	773e2d8db4f0b57fee2ef23092dee95717e3a1a6a7637c363d13632310bdcf0f
12:76	1050634	0d19b4a8fa8cedeb9f2688b1c8a1e194e40800370bebcceab7bcc06c7f19e07f
12:77	749578	0082bf932e92d85b1cbdbafcc2b245210b6aadd8dae9c40f8dcdf38a05479f28
12:78	516106	77b96e006e2fddf37c4857abfe7dd525359edc304ed46b39a44a2e31b1c5c0a4
12:79	401418	87ccd925f78db9c09546c21c334fb2cc033c776dcb1d2fd4239e2fb7dc529ea6
12:80	1130506	4c9dcf27cde0554a212899e91ba4aac59a57bd8ed732960e9f333060bbe5e03e
12:81	659466	7a2edf1d47cfb721b95f58ebe1aee257a1c351b7e0714ae43ada2be98b1a0694
12:82	419850	5d7c17207bb1ad3d573dc515839c07a8d89873dea914dc99ed84eb3b13821176
12:83	606218	7a2c38599248300a86bb007878e8d2a9b74f38e9357f444492c699a32fc770d6
12:84	391178	f6df17becb27aca7b753a1c3b6ab68519b8312a3182d4ea74a82663c352ecc08
12:85	413706	03c7641b8295871461871c4c9fe906314c383d1c47fb95a57be096c0c14e2eab
12:86	409610	5bd0897a1acd09b8c8dbc8586e29c5b434c8f1b9127bc2452c33173c8ea0145c
12:87	507914	beb248f369a91290f5b9e6ed5472bf9876220753016e650a53dc3318bc6f007b
12:88	729098	b2c48925bb8e4a8905b6057daf42720e3c8e80ae650a301711ee37c7798aecb9
12:89	284682	bad85ae9171a57edb38a918eec44666a8a06d15b85b2003abd21b7c165700885
12:90	808970	e79984154849d25cba9bc761526a1b1ff3eb7d0935b703b29597e862ebb8f814
12:91	305162	e388bac26916eb8d127273cf05f5005ef453f5a9f946a596f2e1c67e83705ba9
12:92	391178	814dc4f05384991970c88921978480bb507dad71f2459a942685e19eb83d1613
12:93	438282	dbfffeb6f376704807e8712e96e4b1c54dbcf08debce50a48bb7c99991a9298d
12:94	391178	11925f93c332a3ebfe072e4e2c954c864a9bef8212c9929fbf5c47a32a12503a
12:95	194570	6e1b740b06e2973199bdc7e12fa6cb3ca4035dd664f7c0d5f2b616b63bc17d91
12:96	679946	602e6e77634aaf89456ebfdf5d9cc3775dc0ef4313d7baf9347628a902dba34a
12:97	331786	9ceb9474f2425fa42b784613251b92c6dcef6912648729364f5bf3f19e7fa681
12:98	307210	8906ea0c9a7ca988cc580564f1c3dcd1a2c8e24d8a5aea0889070b83327d08e6
12:99	483338	b9c4d9b0a174b2fa182d0692223866768a7bf69415928e5b1798fb1d7248faa6
12:100	1417226	4b7d2b8b6360aebe6b79fd5adee7b395cbedbb68620d7d6f37607ff723bd7473
12:101	718858	a5844db101cc59a480c315c0d62d67b7fccdd2dae51b7d67eba8d73170d0e82c
12:102	469002	9af38ae9314deeb0c3b62e6d71d1f9e1059abdf5cc93713a603810a5094afb96
12:103	200714	77351e8a6554fa2d1f8fca3263d63b04cf000f7c5d69f4beb6235d05a80019d1
12:104	315402	1eeffa0dcf2c4524c1cc1f231e7b78616355bcc84e66e28a7ad6a8490a204f4c
12:105	348170	a7a82bfda6cd808d49a6f85f2892500cff86d777d4bed567ee8def0e37bef1e5
12:106	253962	2aedddcd5517a6ca70ea096a0a74b7f43dbc82f4f1ca4fcfe6a7182016f80de9
12:107	503818	2bd2e5fccaed3bd708b686829587de2379ea62109ee538e20f19629089f9ce4c
12:108	589834	ccf2256d5e45b3352406ecb8ff513cc1de5b3783e4d35d99e8cdfea442b24b97
12:109	1103882	66f94ef25cc994393fce19e1e806093569313439dbac392269c615a0d227a107
12:110	706570	2a74e00c4ca19929e77f2dec662cab7c098411712228f5b27669109dd4997b44
12:111	765962	e75e3b054c53837c665911522c5e4a383f6bbd971b513065853eb7975e064660
13:1	643082	a56cf158945f4779abf7d49cb06f3b5c715b07bf765fbc3106a8066613c066e4
13:2	931850	60843f422abf19e6356229435ba09319b62281326d6cceae8e46ca7a7d482a02
13:3	778250	b789328cb12e6ef7df94c852f4c127719aaf6aceafc9abe495783d1b24ff637f
13:4	1021962	7c881ae34332d5c92048c8477f0b211b03598ef2d924aba2ebd68f7fc09639ea
13:5	1003530	892164c9a729801b76a48313ad51ffa5d2fe3b370341ac5e6214f581e008da68
13:6	657418	a96857e252ffd3c9a4f09f8dd2ef325b5f9bc16100b09c63645905743c20f808
13:7	536586	650f918a66df606f7b32b9bdb23dbb2cad599a4a8ba4addefa842e0e07c62570
13:8	348170	dc99fefa94f46f362d4a23f534ac1e3147ddaab666e50217387eb933a9a893d6
13:9	182282	ff928e18196f6dfd93ac809fc99250d508a1793ffc710eba36be087f6603d84d
13:10	477194	d3856571ff7c60c96217b1b18a1fe70f6ec1a5ee6c851bbc4032b4dd9e4e0ad4
13:11	1007626	9e32c8a07fb9d5beb6d27499e60f523fc508deca499f05395acbe522191189eb
13:12	253962	fca4fc5d855776f504e2026bf91cc475ff328d5097f09ba1a92fa94ca2e44f7f
13:13	684042	a7c050cc22e9c3fd268d772baffb295a7343a3e625a3a06bb1339053d6351ebf
13:14	870410	4c88334256df8ed40a9fb2ffb75596e06203dcd98d188173201e22a09cd41c51
13:15	335882	b0bf929eb43964bc654d061907df8d9ae95767302ce78eb3877bac40757c363a
13:16	1474570	4485085d70ddffb02a41336c32c6ad290559f8a13e9c841249682d598583f49e
13:17	1445898	9c69119184e1f0f710a46733ec0dc1bb638c5b8252a3c12f4fe2e698a5cfff1c
13:18	872458	7a8e08c1c2daef1779b5b910156f267e8460ebeb5ac7411f25909dcf52383284
13:19	471050	7a6d2f8ef4c04a0cfe3962ca6ec02208425b1d4f1284c210e648ae978a291190
13:20	253962	a950e2303c58f2216ed1c37d92452eef722488ce84841461f0f1de5022eb59bc
13:21	516106	de7dbff8d4e0206717d5dd3b87551a8aa5cedf4eab20926fe3fc8ef9f830510f
13:22	774154	d22bb298a5284a1ffa064556f86ae9535138497f16b2c80ea4c5c61177e8d332
13:23	856074	ab78fab75b4a7e72794b173d37c2ccd0428c52506c4754e99d422397c6d99e56
13:24	288778	75561c630c12456d2ca0d014ea08295e4f449ae8876973787bc5a5f086733f7c
13:25	782346	1984b0a283ce8657e419c900e033412ca8b0e5abc5be3282f5d5c9d579ebb3e3
13:26	493578	f42b7209066f55e309a1e4e189728bac998408761e3d3ca3e33f1a31573172e8
13:27	573450	9a3d3a5d8212206d31495faaf4345e6407992ca5c23568367c070e59a73cdc2c
13:28	405514	149e02625d5a3c0bc6eebdcb357d1101358ef3538de750397ec3832d960004c8
13:29	268298	23a3578e8da19f42349b27366d1359fead0443e15c1bac041c950e3f218f94fd
13:30	958474	221cf099e1826fda040d5f4a4babdac53ebe89c79e032095da6f749e20138286
13:31	1536010	eb594d13fd21989a682451d174e252a8ec1db2d13b1c8ad6b8cb09bb4ffcdb1d
13:32	411658	5e7ae608ab44ad1a55cf9ddb49bbbf15f42ebc77dbce47d3ecd72b26740d4747
13:33	1048586	19b9c5595c6385d35f34886d0fb36351afdcc4aa5d1d25a036e49a84e0861a99
13:34	397322	4fd832e671828554e68a62512054c70869d084ed0369dd105a48d6b9d426aa88
13:35	753674	a834a2cac51d2b78d3da09014585a1822f641eb569bed4d0593e529e6113e5b9
13:36	833546	0d165de6c04b45525272e1de1dd913d0ca71684baafd2f14e7860aa9c19b59b6
13:37	620554	1fac85eb6a5d23b70f4151d41a84f414b91807a379fb5c6bca507e7079aec44c
13:38	649226	3bb625ba5e0417fd043e99c791538a2fd88fe0c0aabae58f72b588aa297b87a2
13:39	358410	3f8115fb33b72ddd7947bbce0988b06de82f225fe969a93a6df5e496a8c2dab2
13:40	499722	defda22dc09c3dd152e13b3a4c7b6ac1f601ad91c2c02af6f30a016660be2ce5
13:41	540682	253cd132745bd2ef15751f91a07fd2aa384a33466c8b3aeed2288e5fa1311e55
13:42	538634	0d411116a0633f8987a44fd0f4941eb77f6c7716c25093aea2e50415edafb47f
13:43	450570	df9fbabe9eeb37bab8ffd0d86e110cd8f0c9bcc84ae86011805c8beda998f75d
14:1	681994	b4b53e00840069402602d7c745a3161b3c7ef5579bb3bcfcd526d88f7f639814
14:2	462858	12db0c21271df7ae3f7d35bfbbdbb04d39a75b848140f33ff2e1cfc26fd21981
14:3	733194	d64d989fa145d9a85c24da81493aada9c6e2764ec4e5f692af5658da172b1b9b
14:4	739338	63453888f246fd58369f34e38e252443b4e858bfb3a45c6c0bd95d92933ae504
14:5	827402	2502836f742330fae5ec67b9ee79dd0dc5643dc5b6aa1dbbe48103a98a4c4095
14:6	1060874	c420d4efc552dd1836f48aae4bfbe3af1224868f724e16dce492d1894e18774c
14:7	432138	d42b5638e1028bb9644c900826a7bbd3ee393f9b404d0ec0479684b7a8bd5b4b
14:8	423946	006906f81b833dade65bd9f46b5bc0e84802f2cd3e5d3a7eb7a57790a43f0a50
14:9	1486858	d6c465bca70bdb2061cafbacbc9d74be480ff4bc8eece01fe2d5612a84108ba0
14:10	1245194	7367c391fabf05c3c714ba6787c723c4110a6f9311105872881ce70b59b755f6
14:11	991242	f2f9fd35a868336569763401291e5a94349577119a27df515f5c0660060c15f5
14:12	645130	0e9f0532fc6252c33985572deba2d94f6d1e8d38f69d30c2ef1bccd90c5b99b0
14:13	610314	172e1bbbf4a72ebdfe628def794ae7acf68204d00942496a3b459f04d718bf63
14:14	354314	6f5799735c85bd75c3138a0ac1173af1942fa91d872dec096b1a5be9b8e996ff
14:15	180234	2d81941cbfd991ed42988efd552790768afbb7364b1c749861dbaa5cc4da82a7
14:16	276490	844a050243384fadc677edd3965701408593edc9d4d3aff035f27f70926dde0c
14:17	688138	2e140f683f6364dde7f71e77db014d5dd1e26065ee0a5d55344be36b85b40c83
14:18	833546	5596e37d6d13c27408f8692e7d9bb77d42ba9d661ce599c884b02c4a5034c50d
14:19	325642	e944fa1dca805960a8acb6c6b60a4ff364754b30dddc28bc33a466243d4342c0
14:20	126986	1cff74ec1c6030201f1353fbd700e7de7798e00e343f9722648ccf2d20d5b7b8
14:21	1081354	1eb8b437c870885d63f1d085d525ffb486b267d51c12cf4d1fa6aa98693bf975
14:22	1726474	870115cea26edbc221127613c6c9166c75a4c889ab6890211c7ed8181b41fe26
14:23	688138	0a5f0bfb2a5eae15ff9954776fbc1467af3d7317fdfc305d1e6997ad5f5f7d54
14:24	557066	6ffa4d7643deeab6e61578b4a312d7f3614dd03f50818fdbcb1cba96e91e977d
14:25	518154	bde61351802df52d9536fdcf3ef514f265e09298977b2c792973e2a7792711b3
14:26	366602	3e9db7adf56d5114557c61e3b3d9eb933f32abb5c990027ae4039242d610dfb2
14:27	628746	671fb4e983409680eb7716d837645b81fc3e108912ee2eab1fdae9cc60789cae
14:28	296970	8125585f8392424e886b534655a28c80b36c8522f68f4b149492942d4b0a1bab
14:29	278538	7e06aa637cc95dfe1b78504444b1ec6c91b79e0375226e407fc8d060e5679826
14:30	499722	83e619ee0ff207852787f0303751e30d200f7cafc75cb0154c0e9629d96573d2
14:31	786442	85942967c32b4202384fa8468d8c102ed408ee31f5702a9e1a5de15dd0327388
14:32	933898	73c42bc0a69d6d4fbf595044584eb0e1011d4ca7cbd358d2b1556c6e2702660f
14:33	395274	a045d1b0f38ea21b9fdfee614b527bce68807cfc0653f0fd488696b3910711b2
14:34	671754	7dd88d4fba1e4c0090b4671cc194963840192136f92ef13448b87de86d5aa419
14:35	469002	b48e074ddfc249f761850906a2649d32f1ede9e8c7d386f5ae660f248f63f96d
14:36	638986	3f13b6c5c4fceeddfa9c034029f508638d9f5765b7aeaccbe1b3f1e00f954e47
14:37	1083402	bd45fa85919ac5b403334a3ec4aace47b5d5a4f10ee85f5bec777510046a3eb6
14:38	516106	594b3169e30a802d86411cfbbc297b6d392c523f863f07f905ca575df4efece4
14:39	405514	18bd2e61f42ac3d9dadf7e1032ab80f7b5e5cb0b9475af482c645e433772f2ac
14:40	385034	0894d959f7c27b111a29c5ae1eafdf2b7a223628deb0aa8c00a1db5d57d74a30
14:41	260106	e3e0ab413226286ef37c5bd0be5d40f2f684c9792d6be5305a7a904badb25196
14:42	569354	b53a79745a9b25f9ad8571e830271fdbb25fd4f5cd17a08f127d079daca4987a
14:43	382986	32e87a657c3fab975eb220a220e67e30fe6f2eb7a0de2f6411932a5926bc4e1e
14:44	997386	dd0a3b0d0f9b6bc6ff1fbd013259a3731f99aa2e0763adcd2539b7ea536499ab
14:45	561162	7bb91a888cd9af86ddbeb024aa14ea634929dfe69b196d5876d59400d0af79ec
14:46	358410	054711b5cabe1c0fd323dfc1d22bf838c00a50357d40f21d6003b4ca763209d6
14:47	405514	85ea3bd000f5f14cf1c1bb07ab69512a800b721cb6a8cd8a8c30b5cbe5bcf7c0
14:48	387082	8c2dbdf5dc15077f3b15fa40099e71698ec9c5077aa12862517bf1ff20beb993
14:49	221194	bf229bcc34475e98355a92ffe13629045394d7635ffca07fdb3c9648b29a4f7e
14:50	241674	983b71b350ccf74fdecb914e67644f1c95ffa52393a76f050da6fadd745300e0
14:51	313354	fba296658d57d613405a113285be3f1d18403cea38d48e6eb1d794e13608c46c
14:52	524298	744d72d6738521dc8c32974899046f70af950652e2b800f6bea02c48506c79df
15:1	350218	7691f1b43f46cb6189a4fd8fa05c675a1809e932661b46f61904670cec2d87a5
15:2	221194	421ab2b1c8efa6cfbd4fad3f27fc4af265edc75e747ceebb527482e430e90826
15:3	315402	3e188c9d932aa39259f6e6e7834a27edf114a7240f4de71a9a4160e28ccff39a
15:4	301066	4801f689438961a3c6a44d624ab6b0554d0c59c1126da020114ecb26bdc020eb
15:5	247818	9998987eacbc3e037efe6e6803daee177b6b7d828e3b881f5c841e5869ff7f84
15:6	317450	2e24d5802ffc4415dadcfdd7c703818a28903b36fa6a0c00b50021c3232e540a
15:7	313354	c5b69c2c9985afe2f5622b16a101445a80064eadd8dc66cb29aab9d9d9fbb54f
15:8	348170	5ed5d9b7906029bf378234bbc2453cafc45f273310fcd60bc2d6b7808856307a
15:9	229386	1622b09dc0b7bec80c491b3ef973efd5d181bb0c62d884a511343c495751f9bc
15:10	229386	e5ae20fdbb5c5f5ce439e2b224054714ee4e69c5a5899af0c656bf7fc348dfde
15:11	268298	60dd79a59881fac6140a9445c5e0bdabec5ac82cb34eaac45cc0c6f24910cef5
15:12	184330	ccf04ed8f4fcc5211bb0cda55520c217add9e16009cb96ef3fc37ff7e17bf533
15:13	231434	1a5791dce3cfe8b725a822419234383dadefe9aab72e662e94fd3eb804ef3d96
15:14	292874	ee584ce3d8676c463cff9b49cdc21288f27dc253870f77e6c6c9489b1f150667
15:15	323594	bcc576b71d132eb9c44ba9bcdc316d948eacbd6754656339501832c78a1a0f26
15:16	290826	ddd8917e57fae91f9e776c0b36a879476a8b6665ff13ca43c3112805d59be5b4
15:17	182282	0f6d21002cb9b549428ce253f453bc99df2f4c15e411e36f079f56a98c4e606b
15:18	225290	4460b3c98a5a2aa4023bf1a2fc0c0d2d4acb8038a8bbfe4c2c32e1152d5e0d5a
15:19	421898	9d4be10e916cd4aec02fcfa0aecf495b9850af6adfda9e6ada3260edb2015b6f
15:20	251914	fc6972d3746f5bc62bbcbff0242d14174fb4f38d59cfafc68c7472bf083c2964
15:21	395274	d7e86e053b744c65f3d11fced6a7a727b55c51ab1dcb66daa55113fb3fbb8946
15:22	567306	98c584ff0ec7550c45071112308ff2a711413765c5c3508bff4f3fdc21b47332
15:23	213002	2dd3f4e7bebf9632936b970605e4c9e62bf1d4eadf1ce05d17a4ca2ba7f6c9da
15:24	260106	f15e5730258901d9494e10e20cf1a1f0580df0833bfd97bebc16f32470aacd8a
15:25	319498	b21b465fa5f9f47547baf99be233def79644314f3d551a702629e33729666612
15:26	272394	4299962b1ffa58d5893f48b0479269c57be933b7cb1037bf9a1862b84e7503b9
15:27	278538	89b912440c40297a61e10aa832ecb3542baae90eae8897d2f91a5ed7e9cd00b7
15:28	401418	393d3fc9eee05f1b93d7750e5037c1bd2dcc3aaedccca904a72083c863f2df4c
15:29	258058	9a5dd5bd63c28b4d71ea61184953e32f6a7b14c3a99637ff228df43790629567
15:30	190474	3d605b62d91e84ff2c10aae2ef586fe1bab4e595aa5f472a0adc7d8ca0bded3d
15:31	260106	a883252ad754ebf756a24afbc13da9ce3f34c843b5566539b5cc6d57e6c25c85
15:32	233482	513012dbf87dceee0adaf2f0e6cc604d756fc6bad76db539c95b0639314755be
15:33	321546	4bea86b0be5bbd150f7b7cd79fb8caa5d1a25109e2f83739e371f3cf406b491a
15:34	155658	dc84b3be46a4dcde69df97fac56a28bb9341e76db6bd1e76633e70f8f96a2fd0
15:35	208906	efbf170e3b1910d30e5d2642a54ee91d91ace23bebc7880f0b5ccc7f8880b24d
15:36	225290	b70de338b4c309c0cdc8dad5f0b3a8afd88a3bc12d64bf50f9d03d916b37526e
15:37	157706	7fccf3ac5b20ded61b73ace6bf0249791be6e078f87cc675908c193eb5e059a1
15:38	157706	b6012538bbf3c647c963df5bbf3ce6429b126858bef05b15106d8bbc3d446250
15:39	352266	a05308dedbd7f36e694737d87e85f6f3f3796a875912a21b5a740f4284ec2561
15:40	182282	206ff5dad28c2dc7d783f88505489fa55a55d634621fe55db88a289b5c752dc6
15:41	180234	57aa717053b074e43d33f5c1ab89502053780c0e4d3570211bdc2d47dbb90df2
15:42	329738	baf5da18eb4c0f48970c32a80c316ce1e3f06848817a228a5984fc3bd9cbf7de
15:43	178186	79d924978d7380929bad02897e67bf8e0e7408c11edf08128ce9aa9df9828a20
15:44	321546	4ae2e797b420619f6144a2b5a270171bbe1a62dcdaf329d2d8a06cc8b2197d4d
15:45	221194	7cd675a5ed07af380555fdf3cfa91ba2a9b3cba51c77061607760b18a7e9d7e3
15:46	186378	5ff95e8b2e212036505b33c6ba9dba2a1c03ea9e9dec631dfb7cc5d3d5d5db0e
15:47	329738	4edccef148bdc16e5c3707cf95ebcf6ff2d4a59f99ca41222007de4f26d86d5b
15:48	247818	17e050ead6e50eb5b7c8f518ad5a213ee2fe963c65220f39023bcf9af4900e40
15:49	243722	5c2b9f04d86899b1264f1e489298f843ace78c848399137f413545bb5e58e60e
15:50	223242	c82101d7d262660d97d2c9610c5982e66516cf087114bcea34ea72ba2d153d2a
15:51	190474	4ade07a3d5753f4092ea1614ff89b610ef2a2e52b7b54a88be77e10873e670f8
15:52	358410	d22f6394611dbc469f6bc9ee73cb972fee795a51d91658ecb3afa46cead55ff8
15:53	272394	d18e138bf03d221287b552af251d8bc00de4c8f5c1840814bb5095e4fc137b8f
15:54	307210	5cd0c285a6c5f2af135e4248d64bbfc7a8e0e7a9d498aea9d075c9a52d38aae5
15:55	253962	a19bf08da42268c1707a4cca92722839344a536cbe0975ddbbe38dd59488fa99
15:56	307210	d57e0874bac99af70189dad84d43921f9ecb99612979c2eccddc2477d3c7e502
15:57	180234	7fb8076998166f8012132ea9bb05ba47e421c7df5feb39654f457746958e34b7
15:58	284682	8ec96cd42c6f86cee9ba04b92d2e25039887866f1d56858aad2382fd2bac4eb4
15:59	292874	4a1934524eed26d1a8f6fcb41c180d18d306ede4c7e83868ff31bb07fc032bd0
15:60	221194	d6c973d4d302c956d45164d2f2fc709bd832e96252364833963bc070e8b75d15
15:61	233482	2db9d362bd9802221bb9cebff22ff4d764817a4db500fb2e6026390637a797d8
15:62	190474	873106f568dbc7a7c361db0d2f4cde67535d352bbb711ceeefdfeda60d1ba0d4
15:63	208906	bfb3ae41937b2bb4f2c82197229c0c10c34ae2802a1e119e18a3114bd81874e4
15:64	190474	794cf7eda0e4320cc96c846cff825e939972b33c56afebbbfb076b193aca54d5
15:65	466954	752ef639f0e06a3f71a60567952b79c9f17077ac6d0f87e6b388db449f0567b5
15:66	344074	b8ea1619d24844119587b29a9aebbc762dc0b3d79e5fd79e5b86f67313ee8979
15:67	188426	754c61c3628561f14665117cf25c6cfdaa4fb6d0a985b810c95419fdc4e2b5bc
15:68	235530	4e53bf46c21f0bd6a7e658795863a8ff50ab37731d4223d12dd2ef770de8ed25
15:69	145418	b61e29953b986cc031759183a05c44c465f383ae730b95e298b9f790beddd50e
15:70	202762	c2928ae73a31576dafe4b5b223f02bbe2a7d060161e36635d94ed0a296073d88
15:71	282634	b35f7ab9c713a76ea9eed0e88b535e8cad0cca4c675f6729453ef2f814d97bef
15:72	196618	f8ff50a40163f9c103666dfa8eb88c1c3fd3e3d16fa03532828086efabfc5a55
15:73	151562	2d04a8c0df312574a4a734767fe28cc9813c9a059c29b2e5254cb5fa6d8151a9
15:74	299018	ab910101ce44b9b17ffc2382a05214f5dfd0d2fa452f654b9689fc42392ca3dd
15:75	217098	ccd60c6491c945087fe6af000b014204a67c07ee6071bd0f771cc1a74d7bb5ae
15:76	200714	ed14d60dc016237b71867325415b4139c2af703379b1183429986ec11250bc0f
15:77	180234	d2104a46de4e72ed20b654fcdb25f2d76990610e6559177fb37af7d5ef8bb2ab
15:78	188426	1909787da3cb56a03a3f15f99b22c1e397be260be22748baf50b56b98ef2844a
15:79	260106	9554d64103fae2a701b63d5701ef61287f9ba32923f6792a141329ee597493e5
15:80	153610	431d5d4ee5176ee38e2aa5563f3ecf4af304396c416fdf68846568bfc304f8ec
15:81	178186	01d48020e157511c0c9d53a99b7cd4785a57a5d9167aebae3b06cfb5a16d3a33
15:82	186378	f128d254b177a2d9f105fc5c580c6c615b0154825cd45a8c66806497b3c149b2
15:83	131082	f90a0eb72d23504f2cc264873b635483cccdfb77131495666632d491bd6819ae
15:84	225290	208f8d96800ba1da5e53eaeca96ee123fbf2d0c1641e9c6566ac476391e0decd
15:85	520202	8cc870412197ebcc5b5a4246fec3ad85c8c2d6788a32f87f611f21887356c6a8
15:86	169994	3add7f0e812057451840f44a2c30f62f5c8d848176cd9e6f2daacbd3e847424d
15:87	260106	1af96723e626146d0b1da30b1fbffd0a82a06435da481df7c43844b6410a0604
15:88	579594	9fff718df849f7b647db0a8013980179edc9dfad8f6dd25478db9057357edd24
15:89	208906	44703d176c9dbace049b75ddbce6310b5bdc3b8eb689bf4d2d1e8b011ddacc6c
15:90	213002	fa5b35f644e36eca9e56339168e07ce6fbeb782ce3f1fb8c4a26563aaca088ab
15:91	169994	b06e220a3dc645fa19ed2dcd173b99dc154f752768a50f073346461a370ed8e8
15:92	157706	c92612086ac3079c54ca91be7c584798b6803a60c4c99101ed28a1dfeb2fba72
15:93	167946	d40052b593087f4e206b9cfcd23ed6d8026d3252a5d811ce8746404d0743d64d
15:94	202762	622ac6338d387425dbd99cd426c8bcfdfb2dd027e0db4cfa99d7c3993caaf864
15:95	198666	f540b2aab0d3752d428f04283de72e72def3a341b85b0e085cbf7a841df17116
15:96	303114	3e18e153dd1e3e5abae4dfe114c89d39bbf79fd1c45abf835a7b7715b4d0d5a8
15:97	229386	db94e0635c107f6785a3decc5257ad043b636be859481255485d41d7d280bcb3
15:98	180234	4e8a2b462ed65436556a3847658cb0f8857f0587c6be375edd8d2ec4ecedd38a
15:99	126986	d5e0dd39bdedf79ce45d0035b219e2f49e9d3cab648bf13b2e7e0bb66d63233f
16:1	403466	b47884deb196825d000a76dcc11422fc7815e820d8771d817c653222d416ba14
16:2	694282	3cb3d7959841e9ca84c7e6452aa2fc405322f9923023bb0f6b984272c73f1232
16:3	337930	be6055a16bd751f91a1934229b717b29c1a7316205b65e51685ef43f5e035657
16:4	262154	0510317bd1496d2827e280cf796b32de6ee720b1c03c4ad0a4f341dd5461c476
16:5	356362	6021b52c15b1dfacd203db02dbcc267b61d67c5b0fa230e4b4bd6a87ed92325b
16:6	260106	18b86a84093db4c24e027efd3b821330e11aac1a70477de946da143ed25a0738
16:7	514058	ce2fc8438de5ee7599983bc03d37876a6cfc77d5636b9e245a0f11044769bf60
16:8	376842	d195336a5f4a01daacc645d60184a165c3c22916befb2065fe42dfcf4229ffec
16:9	409610	6c4194845639ef7216880b489814fbad95cce52f60becdb303662908870661b5
16:10	534538	049ed8e23de71aa7c0b82f2b7055208d7f03da117bdedfb862b15d05a55b70ff
16:11	585738	9f93fb553207c9cb8354300225fd06732e87a7dad136119a72c1711f55ac1ffb
16:12	641034	eb7af884558357df630da495dff87dc0120ec6aa9b9c2edc94afec08b6e40ef2
16:13	436234	e74cbbb86b0b7eaa5b05ab4b3fb3f7e15d2af68c36ec4a5e998dab13bc3135f9
16:14	815114	aed4b3d99c555788fc01935d517cc393f3c8460bb1eb5d57c935d30203081df7
16:15	317450	1f21c1c07e9b0aadf9c3668d73f0af415b7e44c3cc91e8b328a858f4fb4fda05
16:16	231434	64d02f36aec3474c00aa40e1ed2b2369adecff8cfdcd9887976adadc5e39cac4
16:17	268298	2edea05552b947ef7d120282b5afabd47bd56d9c46fe2995cc1f9a02e04af4e9
16:18	370698	a031c062003bcb6bcfc9b12db6ec1ffdfb7e613dec998694b81f866937b121fe
16:19	208906	66e9ffd125c5a99ca99bd117e134feb3bbf7a92b57b4590f29a270297a6c0e1a
16:20	292874	a173abbf186b0f44d3c19684d49a483850339d010d366b953c77211a0c2f5aa4
16:21	303114	c6a1f214dcdef3398119921706dcc4a05fdc54c94d22dbe930c16dcdebbbfef6
16:22	462858	d609ce13c461625392275c70ab0fae5c4e4a9abc2d0e89913a956669f64944fb
16:23	460810	cc0492cf7d43172a14f2946099ced8f8f6091ca8c4c1337b82cc689d0c46e2c0
16:24	356362	1e1441efe5468aa0df9e4d2f6e3e6454c4eed2103937defc54c36e75ccc54c06
16:25	587786	30be076498a03d819f2606a2adb2ccba2257acc72b082efbcf9b6d4f1bfaf74d
16:26	636938	4d608749ed4b6c13be8781ff2c0afc728c7531c27560a1a2dd265e5709662b6a
16:27	772106	67bea93a16a8d6bafb74fde06fda5b34c3e33d578fc5cffda25befdf3640d5f0
16:28	729098	8d059c300ea1f95fa6805d2ced601b3f4185909e49246b61d72261bec2b23e8f
16:29	350218	62afae652996c1b54509bd3a6d4ba4ff9827d721af69ec8d3095a321ff7ecdcf
16:30	845834	154bcefbf8663c6f414faa7da2bbf4074adb78735f6bb17b4087723a64b435a8
16:31	559114	f78f749fc9ef05bfc4732cc31048e1397673ce003da037774660df1c0235700e
16:32	555018	264e3086e94e7dab6a2bd4c008b5ab4f10042afa829d652770d52ad6dae42cd4
16:33	784394	5518355978cf953d7db5ea918a6a2bf24ef7c27773d6e90e958a950e5a919ff2
16:34	327690	d4e86f152c4edea068e9c39b72b2e810fd9775cf58c912f1bb2f7e7aeec5ba92
16:35	1019914	c85cfc06042efa6070fcd96faf943ec766fc6b1ef5e962e392287dd43e17f4c0
16:36	800778	a1a27ace6e54d2e297307e645c09e18f42d08219d015f9c365807bf2860c840d
16:37	325642	9bbd5b9fd70a0ddf6a78db83c2214fa6550e015d878e6ec6e8708b5ae7e4b6e3
16:38	561162	841407120161276ef3a40891ce1b9e83477bfcc19040d85994ae374090175657
16:39	479242	a1ad966d598ccbe60a6b8c355c531e98b711a1847e14664de9cebc13e7370509
16:40	311306	11a758eb113503512c358b12af6acb21b305f1d8e736fc2f108d0d38f4e0dfaa
16:41	598026	b617044830e359a1a8f26026f48d633570a364271e9a35ebab5d2df5cad1439f
16:42	249866	f7111559caf89bb1a0ffcd83e1bdaae6b26df4b973379bfa1b70dc23866b0364
16:43	544778	02e294506e001a9610024de71f35ef33eb0f7c5c070ace96aead65f572b74b7b
16:44	534538	14eebdda08860f0409978137f9e3ca14b835b782dda1264a23a67dd47f9e7d69
16:45	452618	9b69ff7538ed06528bb6c318b2bbe001ef58f19c266033f9b6868189b9bd3b58
16:46	231434	c0c21612474c88720a6351c0a50d4cc3a1dea197356bbcd617b1b766db7168fd
16:47	301066	e9e280d58cbe54a1ba5f3edf44f5aae27f26e5ef2eec198ed44a62920e518bb0
16:48	569354	e13bd8f5c6ed10a8ee63571be8e6c8e79be0f6c5dd20e4b020a3e5283f88bcce
16:49	499722	efbecc3ad07db4cb1a793a00a07d854647d67867a83dceb57344f68a69cb1cf1
16:50	243722	edaf56d5af9a54766cef9fe44ac917f11c5a5b258dbe757f691875476d350129
16:51	479242	ba50d9b9d05219fe2b0be68f496d26f0499568769e0d649e2ab8d48b84db7f13
16:52	376842	bb0be3f20a198caad96f45c19a3c1de8942f68fd0a38b39c20c145e611d262cd
16:53	364554	512f740d12f1474fe1131ab0e0810d3dec344cbc0ea61c1f35eb65ec18f9f9a0
16:54	307210	75859ec711f8ef9e9e473a0f0e15b970ac7d8758472397d5c9c0a0852eacc2de
16:55	344074	14d26b1a0a5082b752ffb1451f16964d7c8803829069c58d6c60a031ba7820dd
16:56	440330	902d99f4776acdf54a615b8108dc332bb79a2e512c22382756f8d7c3e9534441
16:57	256010	89b5c69257b91eb93a590673c6e23bf95b0e550358050dce9f94f7ac04bc93d7
16:58	280586	3235031ba2ab10fad73b22cf281d077280f2560ad4b4332ae8368dcd9e03693d
16:59	567306	d2daa58752431d7a33185972500823a1539172e84aa44dc9315d558471e997c4
16:60	452618	2c6e00e047d4147eea4f8473905dd999a0d73d828ef2223dcaae82a7ae88f5e6
16:61	880650	90a6dbebf3893bec610d4c67f4b36d39f78cfe554ca6c30ef9ff75eca3b9d6fd
16:62	567306	a479811d1feccfa15d1bba9a0bdc1a1e6a856bd4baf9c5cbc2bb358f96086087
16:63	600074	556154c589798912d89d7b59f864c431097352200a8829365fa63361292c8cff
16:64	536586	fed7574c51cca1a6ea582b412d120ebc25d3707e13d2063a5b00cf8f59d3bc92
16:65	540682	fe366bb0abbfbdcbe5880777226b9d99748556f7a9c6cf94102ec4e4fe082916
16:66	659466	b8dcbaa75c0291a6b18ce1d66fe816d4ce8b2058b87e093129b3335f385f1200
16:67	516106	272ffd5233e4f466e3753b65c965c45dd719811bc191a6d2244e281023965bdc
16:68	241674	2c47c4dc4f80c52b423357e0c38a1d95a000b64910f562f9c0a1d63955bd1c1a
16:69	616458	1bbf4a956c123ce60638dfb1d1c518af21d15daa4f592d0f59797d7db10d5a63
16:70	550922	94e3a225cceda0a9873690e45c97663d08a259635de16c5dea59968b6ff9f577
16:71	657418	13743453e33a62cae8f4a5884d1dfb71d8f8dabda26866d9544f25275d7daedd
16:72	602122	fb99e217b8afb10a90c0d3b3e8072851fa82fce22524dfa36c65fca45f7d9ca7
16:73	311306	717f3905546c202bf51f9f5dff288f7168e6c3cad47e31767d82d3e6f334e46d
16:74	313354	862e4ddfcd1c612da093111853707f051ed27bd01c8de44280d1da85ef4adac8
16:75	946186	7e244d8c1a7ca457262ebc00c8805eb442fa5b13cd6809c1c90ddfae0fe967d0
16:76	839690	3f38c0aa19ee3072addd818fd1250ac22784672b3cf71c862ad0c83ff2ea2f9e
16:77	497674	04a14c60d017ae4ce567c783977cee43233fdb961a07f67aa9722f2059cbaffa
16:78	475146	cd80c3c1531ceb692e5bf97a5bdd14fb059e2b354da1f22676a6c94f52205a4c
16:79	493578	014695ebc5be6712621dbcf2485f72b2d76492525b8ed7ea1b4f665ae5a150f0
16:80	876554	53db3e530a1cfa87800e8db4ccf39c56cc90ede2a79587cf44c15f68f931a9eb
16:81	774154	1d04b5fbaa3361a64c80b9de256bee98b88cb7edaa1ac201f63db90b2b36c238
16:82	217098	8b50a659557f9feb6ed78fa53f1403dd4a8891623fb57ccea902e02a99baa370
16:83	276490	a1516a20d0913a46bc6a483bcdea017355595e94d1b499b51d4857c80a35280e
16:84	495626	1a02933a6b1d76cdcbc64825caef8effae8e1567c38720b8ada414e35a872ed1
16:85	284682	aeddbb1d0c365965a91be4d40b05fecb1ee2d2078b25687ec7d024567b23bebc
16:86	716810	fe843c7d70da372ec35fbf891491b31e405020789f1f82fb912d0a94f75993a4
16:87	342026	82e07f0f07040aa39e814717eff5d457419e9440f52cfabb2b4e8a7f667e0c68
16:88	358410	b8538155865069a56d9f23c7bec60534d286a4b3862645b33321144ce2f52ab0
16:89	927754	422ede243bc152756e20f38f8ace6b6be5c8c2fce24c63a4ca0f67c96e44076b
16:90	681994	1c7d5041a956e50741a4152aac32436d35cfefd9d294d53091bae1aec8e4b3bb
16:91	765962	ddc3d9348d5aaa64ebadb33cb823bbc5d4bf613d1bb322c2c9266d65948a35cb
16:92	1134602	2b8ca3197c7cfaa71f054a96f7246dabd43f79359ed4198ab9794f56f122c091
16:93	725002	0ca3c5d814c74db1d65047e68745f041b5af2a145a8e9ccce63a092e14f21d57
16:94	661514	d8a0b22f00c9b3d00379634526e5223bf43648d850ac62397f92d51513e147f6
16:95	419850	aed39118b785d70dea4bc657e268d355f1709a019122d5b1115b4a664eef54fb
16:96	567306	9c16d9f3575f7c00defc396847cfbf0eac02a92b4b8eac0c6c5c83867b24bf2f
16:97	583690	ba488b98bd0ad55a28a66d6df2270984edc3a2fde29edf60c91c22d7b5ed10ab
16:98	217098	99a8d060b599bf116f8c58ee771c63cf065bda280b25266740541548da6891ae
16:99	280586	a6a9eae736db9e01f3fea702bd009be9f52a327975cee58ca9c3a94543c04e6d
16:100	286730	c8fd396304042d5f60ef6f192ad2579d2c2deba8dfca54a7f2580fd57420fbec
16:101	583690	7924ccfe9986b8e8611d315b8c37b726046525cb35ee4969aa1cd3544769843e
16:102	432138	474d6fccbf8a79b6e46b31f2357da1d6bf139fc1a21e4d072c7301b1cd95e909
16:103	477194	dfb391da2dc5dc4a91c0c8d5ed44acaf902363f564d011f123278d0c472d9563
16:104	362506	562630f49d7502216c77d0666a5ccff7673a909a75602cc63b4877c401e488bc
16:105	473098	b7120fa9c298a5a282fbd48d8fa44f9df8e5b67eab27cfe3fa92f3b91b427ca1
16:106	1069066	1474b5a8c62896a3b7220f4e8c0f39dd14e1de56acabee2e2ddfd1405b44ccb3
16:107	391178	1692118d3bf398be29e30c915c99cf1591da00dfce45e92db86b2dbec7463b70
16:108	501770	eef486edc66111e07282dfc97625421f0aeef23e5c1cff187d58b20fcb53f5ef
16:109	223242	e412a08a10bdb88be35729be76af1f3f473b2bc6f85442b92cc354130b4071bb
16:110	593930	6b1a1bdac448e6e507f51d8b691ff092d918e81ec2875e6288e68ab01f407fec
16:111	516106	6ae3deafc63bf8b2fe415cdd4ace909a8d9fa5e71c93776944fcd17ca1809b95
16:112	874506	676658e2b05cab5ed1ba14f24c52b659403d9353403d1a99e4343d0d55b063da
16:113	301066	9f07fa34490d9c2e0560cf9ba3b38204defcb6afbb416f44bae30c6fe4ad1383
16:114	514058	c5cd8d236d8b78266ce85c905efef93e16a4e92e5bbd373499742c5699e93ab9
16:115	593930	c58a63ac5b82ef83a27b8def505b16a25e347d129ae56a64ef61f98a1ee495e1
16:116	634890	23bfb8a661396d21405b79696a0ede99ea861495b6a6a9beba20f4927bcadb57
16:117	186378	cd4e44fb085b716e30c7dc1916e18bc6449ca8007a001b3fa314ab56fcf878b5
16:118	471050	66fe568c08b57b5c466a1bb924da4d586e621fdb17390113f48f5bcc9364c297
16:119	604170	64fdce234dc7e4321b58e30029556670d5bbf154757ec7946f50895eeb34003c
16:120	315402	0510253a1513e21ff92ca789254471104d952f8dcb0d59b1bcd5cc9817c5d406
16:121	294922	fc3d25b9eaef037cd920b338c48b05bd11b77c3a9de2d6bba0209a16b62bf59a
16:122	313354	47d21b8b0e72dc57b43e6921e2418a668895a9207a460821e65b67b749166351
16:123	385034	add073c775463c4432838562f012e76b12d3dffb89ee1b5c0000fcf5f45473f8
16:124	559114	fcb002b5f2b91812ffa538320d2a08c1c7fd1a5c1c976d33bc1cb594afecea8c
16:125	778250	5c884c10bddbd01f71e806c045cc32517f7e93eebef73fe04f3c94572f337893
16:126	415754	93cdc2c739a18d246ca9476955dc6b62480aebab2ec73adb5ba97ed2547ea3b3
16:127	397322	1220805bb2b07347d41aba2ca0b5cd7ffd3eef150dd63b2539a0a2fe73a552fe
16:128	178186	6a23a885113390c14f566aa9c24acb517480c22e9b47365e387758c4457c1f56
17:1	600074	bf7313f1288d7825fc8616478ddf29c7a6efe9f734c75066b4574c9cc13f6bd5
17:2	481290	e2caf97612849cdc2b554b2b76c9196466c2114614cf31779d2537bf31b49f8f
17:3	323594	af82468130da29bb6c725fc417c8931a42c47e6b73c33dca66526dee72ef54d0
17:4	489482	bbe1638487f5bb1f925505c3dc2854ab4702fb1490cc7115beb2ae80490ae608
17:5	684042	89dedd38dafc0c56174dd9c84a7ce9c148a73da892df8e3703d8b549d90b7d27
17:6	477194	b77f519e498166dafa470d1278cbb44bdbadbb5de5496b220fb48c8822d480d4
17:7	944138	74394bdbfcc4f80a9ef0c706bc66ff735a954bc1152a469982777115a7bcf2aa
17:8	514058	3ae2967acdc313713560a2acb1f24f98f60421a1dc2351a99d5af1a4d952efbd
17:9	540682	450f61193bd253a3cee96a895e452fc9904706849095b4a9bd1bf2e8e7a11733
17:10	292874	31c69f89633f95a6d98cc6b9ed3329af6e3fef4df0764982f6f8fccb17fcb0b4
17:11	370698	6ee09246d910fb91f67e234bcb62095319691e42e6c4e4c18de17c1c0b73d750
17:12	950282	11395d4ef7fdd2919b096f67635812d75e249ddb7ca129cb46f8e8313c4d400c
17:13	532490	b99f4cdf83aede506b9a1b86576b22844b1567a588e46856b9debbc791989552
17:14	247818	b8ef65e071b440343b879b82bbd8fb427067477c12a4e8f5400c60f247ca8d9e
17:15	774154	a5c7a1a1897d632106f98e7fcfaba48e6022438d91a71e07a6c3c0a0df34e70a
17:16	595978	7e7dc6f333fa6277257ca78e07ee033ceb0e8734e15da5e05e9f75e84f2c7dd3
17:17	485386	05e231f15fb35420104287fa28a431e4d2c110a5425d3c7233e3bceb4ab6ffff
17:18	636938	0083fe83f7dc0fe53d3edcca1363d95e89207c99518d0fac47e86c8d17eac17f
17:19	460810	d79214ca8566e8a31426c42ead59e270b8c29ceead5fdcb2a8a465028c3e112a
17:20	532490	a26a5e72fe6732f46da27f8da902110956ffe769d124499a597ae2e471cc0e88
17:21	407562	494dcdbe87bd4b0566e7aa1030116359434ef60cf738eeb4d7c97e9baf27791d
17:22	268298	8976ea1585e109b61ac4343f97ba3e1347445030d9c845bcd17600fe5bbd9d60
17:23	1077258	cdb57df6be69e7995a9a148338aa6b469aced58eb8ca99c77e9ef6ab29547d7a
17:24	331786	a313ba62f4f65644151827c908059db67ccddf342053ee8a8bbcae1f7a4ef1fd
17:25	462858	a553b51fac09d14e66bd8ee377a4fcb3519c8bfcab10ab9936814628656cea44
17:26	296970	7132db2e62a9368442fb8420a12a6b8190bbc46b0d57c527ba34ffa807fc8c19
17:27	391178	3519d28301a2f645e9b38112279106c7449a263c0fdb7763b0c84a6b399a1517
17:28	475146	84dfcd87f661b7bd093f92bd32c9a9866d4ad0214f799566978d539482afcdf8
17:29	507914	a448e7e6d07780f5e51d55f2afdfe1d3ff54c6ca6ccbef7875fc13ef221a7342
17:30	483338	ab77e133daff05045242885c52642fdd6d01c46d8d0f5457cc9921c9ad7a85aa
17:31	487434	fc9162581044f6adc360d9410fafaa3213a072d5ebd75deb807c43c83c3cf097
17:32	311306	92f2dd7b9035ec1871ff46edf90788a874b4d87b60011a56c8e105a3c74f4bd4
17:33	651274	80aa8e5a44cd0ded952c27ee8ee8076927a3b0c0d87bfa845d52eb48dc0b7740
17:34	514058	b3f543bde2b1320aeb935405a3114732f3600235b92b436feefb663c11b58227
17:35	358410	66828619348b7a9af063dbf4f66063d8c49b8cf3eb68229a13543d8379611dfb
17:36	469002	60dbe125e5c664d04a640d2244a2f21e8675057f8d084c54621b71ec624a28a7
17:37	380938	3d4154a30713eae17bdd9a90f6d0bd1b7b3ab5051b06d260e56c7a9fa1d4081a
17:38	245770	ce0f59b665dfd596f064321fbb4424ef884295a98afa7899776d8750b9318777
17:39	579594	186a5ec2cc6eb450944e6d3c6d9aa237079b8d35ab2bf4792371af5c38b88a14
17:40	450570	896b5a3c5b962afeba25c2377899dfcdc02c7393f2d109a6cf3cab143e1bd441
17:41	315402	7af110c10af070de40dc194d2c3c73a37dc2c5b15ccdea5b5dc5ec08219f2f6a
17:42	387082	6eaafca2b785b138e07b065a1888bd0eebd9fe14d72621743d6748c92aaf2dad
17:43	253962	226474c54920d66173629e0b0aff1092026bfdb2b6a45c03a66a9704fe66dee3
17:44	747530	21338c77cbfd6e11bf437afdf45817ec8a3505c60cf43419acbe9af4ebcc4afe
17:45	387082	1f6714db3fa6076bdb0e5dcddc0602c71bc59d5031a89e83c848f0b70618ba7a
17:46	608266	c0eb49b863d2a679781d9c3eb4f3cf36db0cbf54622218d8916805b9200145df
17:47	655370	e36da3f69e84bbd1717d397c0d277842172e6d2d3e19396de246bca713488ddb
17:48	268298	44003dd937c64134263b5114f68defbff8e0b963cb265206ffa1ae1896a09d6f
17:49	333834	075179980ecf72ddfbb861dde42f82db034741540efd690459f829f37c62fa12
17:50	145418	5f563df3c3effbd5b16ffef86bf6f6aed2682fc3977c73941a227412617dd385
17:51	882698	3557d353f846e51ac8eb5c21f26b3072a3ee21eddc5046c0f305e6a698d2a420
17:52	325642	19bcb3fea031ff40d5c5c41d01f76417d4998bbc10211deaee3a8d3f9eeb7bd0
17:53	575498	49c8e9fe4ea0bce603cb9cbbaa3b470bc84ced5d1483e00f0c408ff1ad3edbf3
17:54	503818	b30fd6f3d9e344c7c0287903a9f0a6ef019bb392de70edfe2993ab205fc5ff70
17:55	501770	1d8733fff84d01dd9e2b35c763d602d1c2a39a53a98cd258d00160779cf4f94f
17:56	370698	d13e8b553fb2c84154d2faac2c53629a057c595b11d9f003e9b10ccd243c0e96
17:57	712714	2ecc45d8ca5a76685a1023fd01231562f0a9d22a0b1bafd64c3012e2f0d7e583
17:58	655370	259dbe3725ca77b0b6a22c085830d66aa6dd8343f9baeabefeda1a848acd575a
17:59	753674	a717dc05578a3bd4ab73be20561b8bf260d41fdbdaa70351c3f5a2fa0b931611
17:60	956426	d270ce1c07d7a8cd2c743ba8737041b30650474e5f246072c077c0a1b8c229d5
17:61	485386	41af9299dcf28dc4b40e194a7cfd7b1d171538b8a14d28ab0ec662e41dfcdc18
17:62	643082	7b2e8b6d47ad05d8a762651863b92e740ba3e2d8da7a5d6b0c51b24ca43ab132
17:63	393226	2a5b9dc6e5f56d3d38002a343fa0e464bac1100209ce043f476b75f0bfeef3fc
17:64	737290	210266dd769f5e4dfcfd77563c1e550f3ce49aa444a4175ea64429a4e6c34aa1
17:65	331786	9bd7544ef43d26cf8641489d148e02221660bbce3722249c54b4a14e4b0f10f6
17:66	425994	b06be006795681ea30350dc9661ce79bfbde05b906da19c5ac3fb1a213796142
17:67	624650	9bb377b5227f66f6a797a3ce626f08af0e932c9cd0b81833efd894e5ca123948
17:68	479242	3b51da26c1d9700e7b0f628fd0de2cfb339446fa06ce27d1bf895192a8fe2951
17:69	786442	f01ecd6634b709a769482159cc33dc6a00b9ebd4e1a80001566c6b869a9827f5
17:70	604170	41610ab28b799c40b80c85388b88e7e4b85e01d370801bd5bb900ebca3f3b6b5
17:71	518154	69c0a992d748e295548edb18e320c8e40132ba9fbaec208a00c96e17706dc93a
17:72	315402	2f830de786fbf57093447c139e4304efe755f705a7cb56d2e5a6171d54a1f373
17:73	526346	9df40d6e539d6eced68590f0806346523ca1ae3466782fb2201d6d7f2759a4a0
17:74	274442	f73fc64d6149632eb9266b15697040aa8232388ec839051187c3e66768b174dd
17:75	307210	fdd103ce66822438890c72a4d8b447f9b81a65ab21c95edfb3488e325ea0b1c4
17:76	471050	2983e2996e6090d2ada73944efa9f602c591fee2f1b0873b11ee0b29e5707b15
17:77	370698	93934a1f1050c2c6ee2b518c064f5447260e9154756ebc78940d0e699f1f4afd
17:78	434186	c517939253752340150d99831cf75adda92b40a8dc4b160cf7c0a58a8f10fe37
17:79	350218	b1d46121863db3d267b49de4552bfbe9f6808b7a2d8125f36eb5f13be89ea728
17:80	458762	0c70ecffbff246c5bdf54a2acb844aa3bd52a97d4be949b84c043b3aa44e3eb2
17:81	374794	d2bd6f5b638a06ad34cd671125f9ee7554925c730113f2396790f4c5c0ef821e
17:82	397322	d7797d2fd9891cf08221ea8569384ff8eaf19f7cec91da1865ffbf0e964fd0f9
17:83	425994	6e07ed4eca7f52e4b00ba2c297646a68dd61f42eaacdca910641394daaab4f5d
17:84	362506	e8c0fe274d63405fc2c8dbe1a8ce1dae9863031a8f6ef3c6a24459df58f6832a
17:85	444426	6d23cb9dce785bafb5e058f6eab262b2a5a6b499d37d55aeb9a8b0274cc12677
17:86	358410	a750ffc6326248ea78be840ce80c746604b7d4e1da6c706009390088eceda4a8
17:87	335882	fc7e7f0fea7af1af4bbe8debd30a1e8ed07752f00fc6842e1413904224b0a0ad
17:88	620554	f1c5af26ab3feb2afac73d352e4a60090dc688a1e4c8cd36e3c162af641a62fe
17:89	475146	b5a9797b0f482d2b56bdd9b7c0465f5018ff6ccc9851ec0a73b047372a053905
17:90	262154	6e865c45de7279ab6096d898c6095fdb68b552c11d68e140336221d7cb38c20d
17:91	354314	bb69da0f61b53678f9aff69b05c775f36e3dec3c526726cf1c090a8cd1ab34ce
17:92	491530	9aba010b92b98cc82f18cb403ad0eafc3a3e87c981abd5fb3c61a1f60c4f329a
17:93	829450	d3688f7c0f92f19a05c33400ee408cda8c7bb72547ac1c5f966d37131c8f89b3
17:94	569354	eedbb5cd47049d082bb82dd84cac31f28b49696a5eca30e16cb4e5c17a46cc59
17:95	538634	37e077dde9f81a7d9347241a908508bbfaf56ebdd8e9f11e954f466116c06cf5
17:96	475146	88f5d98cd0ffec493a41bb82fb568d62a1ee65c23ab41292def8c3b03182af3f
17:97	976906	f251b40a56d8f625df1c835245c244d3d8084684e96d77f90ca2614dd99edc03
17:98	727050	246e5e8bcf8ee912f88e405352d3d9b17dc0433a1e83abb6e80c8cad8fbe07f7
17:99	786442	75c27af7e0cc7368df4b8a39c92b5f2adcbaaa6683d4ae0ec543460a8f66a3e2
17:100	540682	34a45f4f4218aebd34b71423eedde02b3c0d192f2b1f3a06d5065e23daccd66d
17:101	806922	69202e339ce4c35c7d285c3938adb8998fd18564061517fac90b3bcea1fcc1b4
17:102	606218	9961b77bbb8c929326e1f0f46f3c8c05ee155576ab4e7d9a35d644ebebdbb906
17:103	307210	5a4a6fe14c33235a334069d6e2d99c162e72dfc6aa5bea6943695636b4d39718
17:104	565258	2380c46154e02d09d8013518d2dc640103f6ea457a6d9e4d86d51717f7758815
17:105	397322	b42a143cca9fa69a727d2ef981790ab6289174f6faed48ce0c757936506f940a
17:106	327690	621f647f3c7019ac7c88785081a575a5694afe8464e2001698c155eeb36a85e4
17:107	647178	b1f446fd1b90b593732f72b0397484ae11ad21a6b113d295ef20aa243cd464a5
17:108	301066	c3ee9a6298ad4a6ec524a39ee6bddaaa6a31729f069acab0d9a26cd034a89155
17:109	219146	e6de3e25610a942b631f9a553e9d71c7501309c863738600cf3d3de256c75298
17:110	575498	9f12c153fc9e8d93714bc1b1d619fa0e740748b6dcea5128abb4859695dfef07
17:111	520202	1451f066ad756f51deb635ce35cfdf74c0942421d6ea629e3462b91439a34bb5
18:1	325642	c34c8f03687240496a7cac1f32ce9c90c23a6c3b719ecb505e92d3e315ec96a2
18:2	581642	b62a1882754fd94b9e92cc59e54697270b9cafbd3694f4c337fd75a7a1411f45
18:3	151562	748c2d5355d8ac4f3a112928abb123e96ab07c9ba6797969673e7922234390a5
18:4	215050	b2903553dac158b770c4c376f93c22218890c7fed879140056c981dc146ec839
18:5	595978	4fa46adc91fee87d134da5c2e5f2316eaccb5ba782398faf8f4fddf06cd52b1c
18:6	333834	c8471088d18f9becc5d136c5feb90285cb392ba37abd2f47f5287aacd38957a3
18:7	315402	fbae55f0de1ab12d2a3a6a4df14faf63d1389c7dd34df2b535ce4152b5a391d2
18:8	221194	24bc31c423cb3c700ac13a7f755a83320ac2dc842a4a798ed13e1265057f7832
18:9	315402	7e140b3010f204bbc793f1b45ef7a81d473f36d08c320117085241f7309a16e8
18:10	505866	0274572537570f348ba31c126c14596c964455d81cdcbcfbf74c9ef2126006fb
18:11	241674	6a4d35a306e68d4257f0bf915a7a5e76c949a7b8feb109831ce6ec22caaffd15
18:12	284682	c67f87c2bb6353e9edf15dc39035ebb69fb4fba61265a9cc318a854b73c44854
18:13	421898	e8d5c3e94912630a7a62c98e0b414b53488fa49d9aa178cba189447681f7950e
18:14	827402	939d35b525b028fb15dc073f4954348c5b118e2e6198d916264b76901a47ed17
18:15	706570	f2106dcad03e5001dc0a345c78bb741206fa243cb3ace08baa7c7eb5f9717923
18:16	606218	ea76476117a4b3e8cbc8ff10feff607983585834477bc647ad78c11db657be5c
18:17	1056778	ea850b64b28c9a44f56e0a18c0f79442ee9d29838cc963a658b562f9815c59e7
18:18	849930	31535dcde0d735306dbbb367ac52ed7ecb59dbbb9f9e09dc081a15f1a9431754
18:19	1595402	7689401835dbac436c92077cea95a9e2563710f8e32a23282b72c312ecec3d7d
18:20	516106	082f2130981efbb1ef60fb5612dc4129c8369b716868c5a5692c841f08b2430a
18:21	1255434	7f329d4dfb5ccb628cd37d60e2473d5996ecc9468cfc5893cbae63071d26f3b3
18:22	1288202	3fcfbd1dd359d1c8d00514b0148a5c5ef64ffc520001721402f153d77e2aabc1
18:23	243722	91c054aa6015d8de3fad1fdfe00c4cf9ab8cf7e6523d92e7f825c6edda42c706
18:24	593930	e021b6a21c42c230fdbf37c711ce504f3f4fdab3bbc1338514ea30c27b0ff536
18:25	270346	1480a9e487062087e34b0e51d288496e6dc9045d3512ff7d96acfc6c8136d7e1
18:26	819210	dc0d3ba77d7c591abcdff7edd4ba0811ec2260fd6b7ee7b9adce194ce8634722
18:27	485386	6125c2d4c3accce37f020b1bb3b937755e7613343e0326f24ca97c2649493d84
18:28	907274	a4e1e378fee468719c8df6eaa4e3a81061e00de542f4bdf808196c9aa3dfb0cc
18:29	1163274	cda6bd5bcaef74c072b32758c557d963d61c65df21dfb080a33d20a3684988ac
18:30	311306	02a7e6f5e1f5c49857a5dd1a8f4daa8aa1745181dc2618d386ef7821909f6d6b
18:31	1183754	084447f451cb49495a7852052f55d3d873d83dd1d5cb60bd5dd11306af73657d
18:32	563210	2f05fa3e8ec550bb6bc58cb9d39aea451ef543e45b80337b81ebb51ffd6c8df4
18:33	393226	867b86ddab5fcaa7134c1e0bbe0d05e10a03a6833cb752d06721b37758f7435e
18:34	475146	8e898e51f1f47bad01f73d02801bbeed193c4ba42b3a0e61edd907ea3e3d3dae
18:35	417802	c1ee4c4b10046bd6c83f60d3c07bb39574670454fd642dcf38c7cd9159f367a6
18:36	475146	9fc62ecf03f59dafe8f1b02f54e02f0d4a3b0b17049c84c6610ecc5bfbbbbbf2
18:37	526346	bb1f6d8747ad0a9f581ebca33cfee826ef8f63f60c1612ad7489cf9af89f8038
18:38	253962	9763c27ba623fc6cc068ebc70f737abc5656c266d6795a8fc0c5a21ea79d5560
18:39	503818	40f422b4048bcea81f3ad292121f5263d3388b69cdb0505cdd387ed7ec1c1492
18:40	559114	c6761a43b1b83a8c7589bc750ee7adf6a210c72b4b95ff922349eb485463140f
18:41	253962	3939a22918eef55ffd9ced881172637db9d6ae2ce26a2cb29cade92c332fb607
18:42	606218	53f16163a55e5dbe9a12674afa09fb22dffc659ee2c43e777606d7652f5ab034
18:43	305162	7ebdeb5516977bb99824e402df48a9e2cbe37c2b4e9ce128042f12c0976eaa03
18:44	387082	7ce7b01e08481799781608d426a6b274a8ec71a5cd90eea1bea9c60263e555ce
18:45	722954	0199cf5e176035690536ce0865c40669b41e97c4df4e081dc779a66396fe1851
18:46	385034	4f829e1a0bd4ee490df492ea0f7b64843024c77c87207e4b986e92869f25cb34
18:47	360458	09591f0003f94c72df372bc4473171175858d48674e2d08d1db6687a0fed24c4
18:48	399370	cabe7624d5f010b5b05089038f6c3cd99c3137b6ddd9ef981ff33f2a07e9e1b0
18:49	768010	d663e7a516fe2927133d77202eac771cc96ccc6b1e8fd8a62d177732ea5e572f
18:50	854026	0bc4a6c61411b5c11d29bd15cd730913c909cd770a99a498e5316fc1384cc045
18:51	469002	87e83b978e0e0009c8a003235661b953729eb9a2038da2e5984c7f208f45d31a
18:52	471050	10ac3290b77b9386902e94b19d9c070ea69f0780b4431248dadf3a16f5e52768
18:53	313354	1c773011a78a653fe328f83cb5832db54e09479323adfde28eef4a99ed0f7598
18:54	387082	658d7a028bf804507549b7f92417aef731c6628b2318d56f2f5b3b52717b7664
18:55	567306	049b0612e164924ca94de04bc99391d4dbe73c02a82d9bc33e890ae3e8950a86
18:56	628746	695c2f48a2d6b6a9d2262e47922b8bb2c109896cd415db8e01e6da048e76125b
18:57	811018	ca8cdfa530b8d1982a07f8fa3c34f5698e8fc2b285cdc5cf70f152a7398ff1b6
18:58	532490	be108f4ecb14af8e27815b69eedcc652c55d7938d1ee50abc8ccf983edacf62e
18:59	276490	64168a4c997eaceab761c38f242c99764b833e7da542ef8e6ee6cca2d2c7c884
18:60	329738	f1819a7a9a46bf2682354dce6b761ba679f15d3724e79cdcff644db1dbdff1b5
18:61	286730	bc3c42f7057167e02bbbe47b70de89389a139ec88cffb7c25a65c3007943bdd7
18:62	319498	a903d4470f718719809e060128742a3ae8fecf56c9a29663de5e0eb166b19f0c
18:63	655370	19a668ba8df221a42e2925a78d5a8b42fa436ea17c3b4fba14772d7eef6cbd11
18:64	370698	9fc5ac4c68568f550a209e5637275e842df2d1abaf933e624af67804b0e0069f
18:65	458762	2f91fecae18ed2a1f6c6b8ce4e174910d3a440c3fad6b05c29fee1534a869ff7
18:66	292874	169e04af73ee4df756be506c710d9e96a62da2ff85b57c19a85b2bf6cb7e42fa
18:67	194570	3ca82b8db49d0b56911d59387abb71e32789132cd72110458a392f144f2ccd4a
18:68	188426	17c8b1fe77d9ba7926a8fe06678cc7948baa764de842345ea4506428b19b6d1f
18:69	329738	17b8b5c3bd69e89a77b43d770de4ee597a8c53be15b2a066566e49484a8d35f2
18:70	348170	f476e22739cfebd857103018acb29e1cc67c8890af6ab96de6912ea0fd1c47a7
18:71	520202	fd174d4fb4a7cc5e73f4db1acfbe04107add4dba08e0c5243436a7fb7eec8cc1
18:72	202762	1406ef4261af36e756121dc3872fa6fe9de6fd4b9851bb39c01e924dc48c2256
18:73	272394	ff50a41ad2c876b96e3f3ec51605b5acc6c5ad93d7fa6f3aed22f5e9ab85d1e9
18:74	565258	eb333635c788b48cbd6db4b9a4b94b76999d25f6b6e1e4fb46cf234b54842748
18:75	231434	56e743967e2e5fc8be72e99582987f9f3b9e43f702adc3e53bd0675222162fd0
18:76	364554	c772965fe1e36993250770c6013e9d3039aa6808ac2bccef6a6d4d7e8e1f7ece
18:77	845834	fdb8d7189c06f02de610f9bb958e9629a67ed831bb98bbd339cfa963128ef361
18:78	411658	852818ceea51fcbf7d820cc862edd238fe54c12913ef295ff6b8c1975a9399db
18:79	581642	08a89d5fcdef3b99542e82879d8821b95bb8203b43c826c090bbd8c8e780c897
18:80	325642	1215e3a009ba234aaf2f3efeec4edba9730265267a86e0f53b96194e2115b827
18:81	313354	7ff86589fb12cafaa276e1a3e0dc7df54b15317df95c68a73fbbd0a4046f474e
18:82	1269770	a663d9758c3eccd477fe083b5dd0618ad93ef87a649559715e58b6db1932b60d
18:83	294922	73bed9125a2426a591a6e5504a9b348e3a8e0ff3b67304946174bd384e048e50
18:84	282634	b6fd2cfbb679cbd9b8126229a1174f678e80567b5883d3f626441ea5f05a65fa
18:85	106506	88a268cb86b485bcb0cb29f63b322c9872e39f993ba5d9653a26a46731772e34
18:86	843786	79d64f3b23a23aa2a688c6b9d1b0637363f0b5938404f69ab88dcb3ebbfdb4f1
18:87	518154	a37732fcd4d63e6cb5ed033d19e4da940d4353232b27f31fba3f5146e135f826
18:88	454666	ef9c31d1a144b53a61d8570ac11b379bff1bf6960a326e6a3dac187cbae055b1
18:89	135178	32a7101e3b394d2a82e773e6c47c1907b48dba73e13ad6e7c9376f078bf440f7
18:90	491530	f08fd9d66eab951da97be4f93ff193bc9f808790daf03e6fd3b4f0e7be8640f0
18:91	235530	604a95c7910861ea6a83959ef2d223eee9ccd0126011189c0608c99ade2dacd1
18:92	139274	8b51dd20ba096006aebc26fd32269be171fd36fff58c54ba7d986bdc75c2db23
18:93	518154	a88baa802bfb5a7e9205ca78411e7a9596aa83936eab46447b57c26d90e41522
18:94	614410	931b343346501390b03b6cde9ea7b0fb7a78d3d47e279d5310d1ee5b878a348a
18:95	493578	ad5c51c016c07fc2e3dbb5ac23e87ecc9f4fb0e91d7ee840945a261949150772
18:96	714762	8c6624b69dc412a8aae8434a594eaa2cc3a3f98b28ac85e34c019ac54d8a2951
18:97	249866	9e183ace8faa5582446ef56bca6955a27cfdcd9216cc523ac56ffc5b1f3c7781
18:98	567306	32fa23e3eb0ee2c195a8773001e93860c08e255757334a08819f49d59d12b09a
18:99	362506	bd586fe40304d19b1a57061b870dd79ac0e9fdc66e8a1c64973704ff952b8be0
18:100	239626	1ab61fd9bbbadd5bc4fc081dbdccc74ed98954d2dd10cea57ffbee576e4d7fdf
18:101	382986	684c00d8007e0f98dd5f74d783a3f20e81fc1a6a527481afbb5c40b70a95f2d7
18:102	563210	54e427d775620eaa2b270422f96950f68002d9aa626e2098da7124e6418ae3a7
18:103	194570	53a15b452b8cdb4770d69d98d642898093e6be490b4cb433c925f6577e722b52
18:104	325642	9bb6045a6ac262c67b3847e8c9ab02eecd8cb97e3364f9cef61f362aca05e8ca
18:105	634890	61ba61e7b30ee77c18777011967d8ac991a2288f4604a12e9411e508729cd718
18:106	460810	2a329de4d48935265297e71bc185acc65457ee98466c8ca5494a176d1e10ab7c
18:107	503818	65345a5b6b612052b173439e9f7c163efede399526021a0736313402f7fded99
18:108	215050	3954d509ad56826f9a53a745c28f44824058009c121bb6c3c17ae149500565aa
18:109	555018	e8fb3d0e5ed6c8d903eb3b6fa0ba5352ac506090c2511b42ed5985b7093dd6bc
18:110	1062922	68780768c44f185fe5c7a33b352d641a7622bbde7a1fbc00c717fb9dcd71aa9b
19:1	280586	fd27d6b8bf153d18d3e389e05232e785e8c5bc4d2e940a031754dca0bf05bd47
19:2	188426	28da279ebf5507b7beb79ad630a3fd9fb97c0ba269f8f337619fe647a805c129
19:3	202762	6cefa27a0c378cd833fabba596274e5205ec2ed5a8ada7b4dc1e31c66a469900
19:4	540682	6de34ececc3ce75cd8c041cc8a28723e19895492b1f01884c7050ce28ebfc784
19:5	520202	bfc97af5adb27400eed0d233dea8db379bdca2a2ac9e8ba3f53c22eebb2ca8f7
19:6	311306	4ce37ffaf1dc619e28664f13ce2c41c94c815f89be0e7e41acc1140585d24992
19:7	534538	3b6127931816692ffbbf6db437a1f7d902019bfcb158cc89c9e1cf7850298f59
19:8	559114	437a557766493d6acb6633d127c64f816f07aea3e15af07fcbf4803ccf4c5b40
19:9	526346	66bfc20a0296a838205f6bd55b9e60df4c1a08cc9e975d90dbe90e500979b824
19:10	428042	ad3d23a4786f61a5c1a9625140e9775ef40241e51fd49381376668fbac47eb41
19:11	438282	e96047ec013d9b130ad66d7eb24f672adb58008dc56f6696144f2633bbf90d44
19:12	299018	0bc74459b53b83cb9ef0e822509e9e96684fbdfdc6733cbc4103fbcb6fd0b88a
19:13	251914	56d3cbad40e4660caaf4e710848043b28a0a9792506458bb36442ac4a8c92e16
19:14	213002	89ef457b1bab57f1436156b850646babc058ea8ce34cee574f44d06e5966196a
19:15	274442	5730490717474b89fd9839a4d08b0b282ec4997b89f1583934269b61ee750213
19:16	237578	965cdcc6a42278630e540c72d786d83166320fcd53f2df9ce266e3348d07a3a8
19:17	327690	5eb9655236dc0e72d640adfaa1f0fb3ec8fd475927c282d5ba7b22bbd809190f
19:18	342026	207664903c6b3beeb998a4de11c7464a3af6c56a7018bcc823ed106ceca8987d
19:19	266250	51e60b36f0b4c0215549d858a135a98ba9e08e0b9e90bd9eff74dfa4495714db
19:20	311306	c8fa1d44685125bc4f1288f6d6d9ded98133e35859bdf93e36420b16dbf138e9
19:21	550922	c1ea182ee063269884859644d1ab8997a400ed3f01367cdb6e84e66f9167bd51
19:22	225290	02eb14ad113127e801da85663ecbd4d108203d3de311149df32c71b1cfe626a0
19:23	466954	09526748fe68f11432af2643d2bd277baa3b2f9650c7ca8f6a07f806d4ca1457
19:24	317450	17d0c388fd3b2cb424fca557a24ee03ef78d351d4d95bc12aa3b6162fad84a09
19:25	296970	4983ac2e516cf15dc4eb67b490ba450ea70cf32532ea9f624133c53e3cbaed0c
19:26	702474	1fb48d275f756fbffa2ba6d2cac000d04e096319a617ffd33a8e13a1432a710d
19:27	362506	9b533de64d3c41a0f5321e72723f085b658f2e2f179d1da14d1df5b852d7221c
19:28	315402	e2b9f9f0d2d342529de373905c9c066b906ae16dd0706f16fabd8c487cf103f6
19:29	331786	bf264180acff2fd0c422462845ef8c7ce59511d64c5d85512c25ffc2bab93c8d
19:30	264202	426a1859b8c6100ddc87e71ea40755443bcf5501dae12a985766fd13fd254786
19:31	331786	e8fbb41e10cf509c15b08e1f1180944afed46d62bb8b4b163ce539a17ad1e65e
19:32	260106	b754c094a293eecd12281741764978f92f430b9dc661fd32930708648ba39209
19:33	272394	843c91e6e067b0f9195d716c36069e2df79d32471651745633fd1dac45efc77e
19:34	290826	0326ae703f11208e64225abcc1ee8e4a9953ff59e1b32b7806e3554f5120032c
19:35	493578	0b7d1123165cbd7c6a43007ea67079ffc72d54d7163c4a37ce828553ca2ef9d0
19:36	370698	315953ff92c70fa23399a515b5583c48cec35072a593a119cd6fc68af6157d9c
19:37	415754	148db1b550bb1d02ae6d6e7887524a3501b8aa0b5515a65184235c288ec1a824
19:38	430090	74add3139b9305c10d20586697b106c76bd41af0c48df9859ee60b603d2c13b9
19:39	382986	6177b02a58f3b7ef4d63f0155061b74c490767adacf81d76dece1d0bac432ebd
19:40	274442	279efe3204112abf974ea7016b9d62d4f89aa4e2f57273d4ed18ca590634fb2c
19:41	356362	9ef26d599779f5e7f77df0ba3d7022c924e5e4acfbcb808eb021b024a7ae00a4
19:42	372746	d9a711be0cecfb28680ef6eb8f97d664eab89f6e4316a59e48ed7d3f2e7aec4a
19:43	524298	16fe0e2f94e2f86c024e6b4d1518f16cfc66c40fe18694782cc69f80c90a809f
19:44	417802	32d743fc6b3c4d7bb4735f9c63ab2c7cadca4dd346b52d95feece41d5ed5882b
19:45	354314	064e2fa84b8cc37d5076f41b135dc12333e2e5a4c6cc8699b480bf288153c8d5
19:46	548874	6ac5c3c5c633840c2f5bed007481b9e762323551b56fe4e4169c314670bc4391
19:47	391178	87861ab8925d1b787ee2ce3263017c026ccb7b344725dfa9d9768b6b1423e550
19:48	585738	1332a1d397bddda738a70bfef7efbfb5b649dc0504685eb2bec7cb5846c0d2a1
19:49	579594	89d63209c1ef10f9e5abf2aacc61346a30c9b7e517c7d9c567fe5fe9dd75e20b
19:50	303114	d04d610df891f8c46f07f85412ac78c3a0a4b99dc00ce9d91e005d9a720ee072
19:51	417802	dc9863b55e65beb945ee1430c8e071d6f8ce6afcef3a9a3471d68a2ca7d9f0d8
19:52	284682	7e0667fde9a4c9ce24c2e37cee736bdd0729eae6cc3f578885b779107f0ee571
19:53	243722	5aa25584ed83590f95d1aeec98f6ffa3603e12dc3e3ec23d7d9a8f1ccdbc1e17
19:54	407562	491d9a305cccce88438fdb478262eb8b4b942717442c378fb759c65c71d0fb7c
19:55	311306	05d191e40a4fafb621512b56b1110f31078b5d582646c87e23901a000e862ef5
19:56	323594	5b81497d25fe798ec7ce8a82c3cfc45caccbc90bb9f398c84cde6802fa7a1758
19:57	165898	6d58e8a51eb92ee02f9d1b09e2ed4f9d3cee627a2963c222987ad620da3ec6b8
19:58	1196042	01c56e59f3db4f34af2c34310ebf8ebdcf5383746eb80fb9608eea4d91d1c018
19:59	391178	a336621b4a0e61281b120dd005dbf5a3073ead4b27cef0ffdc91d67581e4491f
19:60	501770	2f3c83b20d70af715ebc454be2cbe13632e52cb1ae8430aa00dc9e1e986f1b81
19:61	401418	c2ffdb85cbb81b68c93dbbbfa57d627e20e7206c9c7143bdb8950784ca3563f8
19:62	376842	7b989bfb6d9b8c0b95d62df785ca8e393833b8dc46abaaa4c73767d097b0be86
19:63	276490	6cb7f215ab29cbd42446ab3324150e2c254b2d98b6c5f99eb305ff679daf31be
19:64	524298	5d5a6844ecb7212adbd06dbae920c25e3d8198882ec32c79ab2226890a62d1c4
19:65	411658	11a0f9c9924e540dcf9795cceab922bc8416892004c0ad00d79345e3daefdf30
19:66	251914	b0aaa8fe30803084b1255572fc93f8e0cbc4c3ab3c9231117cd5a3b4a4624998
19:67	288778	6c9a0b26c4ba1b5444ea9cf68ec8b5352acb09d89681732d2fa71d8de8494941
19:68	462858	b24b780bdd2ba892218523fe0b4ce35c78f2be3be0ab2c10244cca53af5ff4ba
19:69	325642	7b4d132c4c017efaa492cd6466c2d8e9621241bde0b9921a68811d17eeeba5dd
19:70	239626	7ef745287f12e47dddc06182b48e572ac8fdc56ba168e2259a5951d7419890fe
19:71	364554	6dde5f0ce0367eb0f693341d84168f459847660025a32cf5df7dcc5e2b4cf319
19:72	280586	ccfac314b6ae8457d70dff7bb077e45d038b996f2700088f878582e442271882
19:73	675850	f5663242db1872e3cafaae562e0cb099a664cc06370ac565b711c9c1492c9837
19:74	292874	94a19004f2a5071604aee38a7495a7cac5d23d4d65f4293fca695b5f0f0a905b
19:75	841738	d43cbfd70ca2075a04a08daa896ad4168a8dd59db9c87e195021b809726e89c6
19:76	497674	5a30a47c3d811da9e4cb7a8955e37508dcf6cfc4c3c8a75794dcc6ededec1def
19:77	292874	027e88227e32bdd4f06430e3e7f9e32a7f16ca0effc082871ee5c678477e6dff
19:78	208906	1afaacc2ee2649649fa84a20b06c4f62e37e6731dca6761d82838b1583b0ddb4
19:79	292874	fde7051124bb5fdfe6a0d9e066a95ea062d2b4311129bf6c132e1159f334f546
19:80	204810	95f031821ed9cda80aa6d8911ccce1da4249c41735e7c63c6383d89bd0717dc4
19:81	235530	1d191a557f036ecafb7eee3c41daa88e87a41b359ad3e8809e5d3d27a1fd6cde
19:82	342026	690c624ef3d23b52f77c9385269679ab44bf3c55c125691a70053129ffcf458c
19:83	296970	3915f32519b4bca804e14bc1f7e766530e01b449f04654b9cda5c9828d15ce2a
19:84	249866	35a2daff04101e7cad587401cb5880d1fd9bc04d9545c849f8230a2a28bbc7ea
19:85	202762	99f432cd7ff38a8f62b3e04c09f93acd301c4b948a905be1df08deb64e5dc0e2
19:86	190474	ad1d3ab29adaaa49ce861f213afbb28fd48a8d4081b346e9223702ec3fe31a55
19:87	282634	fa930baf34ea0df6a5aa853e9ce3e9222223dffc360ab573f0dc9799aea6c8f2
19:88	169994	97966060081cf79a72571fdfd0db2e18c9589cc7902a99d18d1a14169d14719a
19:89	147466	8a77f960d2a6e2c28aaa6534b0a80030293127328a8739ab33c92e619481eaf5
19:90	321546	cc5b8b7f664b58ba24f022dadf012c8be8403cd6e992240bb4da9126130c4ce1
19:91	151562	20bba22035bb0e1d5d5c91c6a701dfd89dc907134fdff987f56ebea5f87a4e12
19:92	251914	225ae36794a2b649b95b5e68b7c83fd6220cef5c3bb862286ad10cd268786fcd
19:93	305162	b37b5d95e2ba58894fb2209f813b07475ab4e0aa8a26cf83fada53c80ba8b5c5
19:94	155658	7818fb4c46bce11f50dec15d8423951d4773fb8018f87a7acdeb2980c488d19f
19:95	219146	3fd419b1ad22a93fe42452918763899271c0429af1ccc2e052970f9efeeb9ded
19:96	299018	0b47dd7f0ebf0c63ceb4223b204cee76103430cc57e89a3ab4be15bc0100774f
19:97	436234	769b370ee1524572654d627a643727a2a36a684556f19bd8d34671603d246e41
19:98	395274	2e93959235736d45a182811b402984885f61882578994d6a97a7b9a2b1a959bf
20:1	83978	48f4a9ab5c47245982ba856cd43d447c46042a55b6ac3378c500912415adf684
20:2	204810	4e1c5857a86f7407c714688965f07953168f1ef1e8e3687a724313d0e645093e
20:3	163850	f18aba993512209de45c6834748f65402b5552f632e5b4fd5013adf8b7c2d1b9
20:4	231434	f04948bbdcfe0a509759320327ed37d3373aeb5e71a0d71712335bca0d9d1227
20:5	165898	be3e3de36fec3cdd93adc43d4a853327f9f1fcb892c632cbe5c193b24f690d1d
20:6	284682	f9d6c907a3e1bc29df5999c52f6133d2b53ceca4ed2a5050ea64d9729e329aa5
20:7	239626	55b666ac0923aa067511849b651f9aab9a6504b44edaf2fb44f5915cbadadda6
20:8	331786	f89c25adb1b8f61a54c8907e3590bb39d1dcd8c8b54c309cc24e03ac381b49d9
20:9	131082	15aa7a822ea6751b20469cefd8363d6726aad798deca1e24ebc825ea9f59760a
20:10	598026	71852ff72af7412281bd441c98ac23b2ca108f13e4c6813b6fa2895163d37a9e
20:11	200714	c2dce07512b3115d6e6d09f85778c124f827b249fd8dd4715f97bed584c7cd28
20:12	337930	dccdd4ca93bd89343d889ae12b36cfdfee62f758ea0d34a6a64e936a6c4c40d0
20:13	176138	c877edfe4dd4c126731ef7cf9543c5c4f5007efe76d899a7f54ba648456ec75a
20:14	432138	8dbfca01df674729cf1ca3e6dbad0eba2703fb7598390185c4e0b76e46ba7ca2
20:15	331786	70f8b319c3c730566931af945bff8370c2cb3c5f4efba98c39ac5daaf61b347c
20:16	270346	97f6801d5ca9ddd61a3769b0ba6aed112a5526057afc999fde2d4e1e81705f6b
20:17	161802	5c3419bb62aec7ea8010a1f3516e548181b64acf6d2628a93b9a4b23ba2810d9
20:18	462858	f33ab10f54528d86a49383ea7cb54d5793d961388c56c2d3f8c89c3ac7feb3b7
20:19	139274	8b36878e9b65bf2fdd9213f18f51d3ae4bb9d28ab8b3c2d7f0ab3a8ea4cb33a4
20:20	204810	49d6517385b5dc7d3a3d2e0fd028de7d80f6c5d6cdb3f3fbcb88bea25f9357f2
20:21	262154	69dc7d24842d87859972dcf094580a277dcbc5cb6bbbf443ee3ff04b90e3ef19
20:22	516106	7cde7fe62debd65db8895de4963c17928f210cd67596016888f6f0fc2d47ba79
20:23	167946	a3db6b10029cddf9a33472af3f554226207c1208fe806a11eae404fa09cc5067
20:24	153610	29515b3236fb0a2c9934c197560092bb8b1618d00cb685edbd96c6141185d580
20:25	112650	9a2d582f444266c986fc795b48fe8533ecbaa1e36246eb8447275ddbd3caa2a4
20:26	106506	46dec503e0b38d39c70620458b484882e65b9653a743d8667af66e07362fee67
20:27	131082	6a43237b033bd655ee62bea3cfb286c72a1ddbe206df1806cf6ea4ad6639c399
20:28	88074	9298eea08dbdc3923250392b26f50ddc619174d6b80bb43746f6f95359373c20
20:29	131082	1607fc36ba1ceefc2ec04f670dadcea30afe96ce391f5572b2ea1805b993ecb6
20:30	102410	0fdb909306cee97752fee0ca31abd0fad58f0c9eda1f933f83a722c94179b619
20:31	114698	0cb36d0f4bbd020b6c12ed743e3521427558a47097922fbe56daf725d174bf87
20:32	118794	2267797d45b2013ceefd35a39a2eead199404fcd49128140de42d3f4b7f9bf9e
20:33	114698	affe7ef94c3fcb56ee1920707efca5e2658ff11336b3679dc50e30fb52cc432d
20:34	102410	2208d8e6519e1fc225bc5276b070cf3fa4b5c97c9e55c6384df995647119f9bf
20:35	155658	82782c4dafd852b045971901c0cd48159ae7087ea036c54f7f617edfb5730aac
20:36	131082	4c6385647615d99796b77fe04c99977b1fb97c4b0ae325ccb628574b9580005d
20:37	169994	944bba297b7b83ad94090aff55ed8ceda74a407c4d298dd7479319ad46603a5c
20:38	217098	4f712af73ab0b5bdafa6f80e333f019fd2b310fa8279e9eef48f170ff8dd2474
20:39	747530	8cc3d7954e8d9adcb188ee9894b7bfcedd90e93eb421218f08e5825b27ee212f
20:40	987146	0d1a30488000c39861b813e3f11fd3ed091f675cba77bca675a4b882452db02e
20:41	106506	5f27b1aa211a7bdc8c39eb64561255d8f14334dd2c0d77bfd9bd71a7009e52be
20:42	225290	10f58c20a785b531b67213f79653e18d972883b5c6695a0e1d767d55a2254f4d
20:43	174090	3e46d9c11284f8b5c23f3e035b8b725f0ace539604d59ad561e93aa5ed7ab430
20:44	241674	7a80a8c2d2132c01e5eaae99ea7e28386fd4fb328993667598338db880cc99f7
20:45	311306	0ec977c244e406d462212d422d64f90832142b6370cfa35570c2bc3c753e561a
20:46	296970	fc617aeaab2ddf1b15efe9490b9a8591234f1d97042be90aa2c23151c45c5055
20:47	716810	77283071e858b34caa18d5dcb9dcb4e568f01268348e903bf21db476888f1ffa
20:48	303114	8a862bdab4447a0145bb828894085d49ca7cb3d8f68c6e060620ec552744d9dc
20:49	151562	90b75a77fd5daa1a398296f26eedafcccd6b5c6203c8aeb554e81abd6452816e
20:50	243722	f1b46f0b04fe902be8f077a8a76ae4d22c7761cf49db6818799d3b5c24216562
20:51	151562	888d5992fe4c307ec69d36b863d3ab01e2622a35a660ee979c7148ad840da087
20:52	323594	be4428607c96b88dbe348a2a0717cceb89ec1aa71fda3511f8d577e317103238
20:53	757770	fc58cdb2a1672d9875b4442d8f022d2820cca1075794117b16bea6ee9b6ff83e
20:54	333834	d4704fbf74793c598cfccf6f0329d2855d2d8a35fb8c05e663cfe5e5de0b0915
20:55	305162	89dde04a5382fec7d35d75ad4d19b12155d6d2d8eedf869e6e1aa8cf11640362
20:56	231434	3651415ac84e55644e76b1189490b00a9994599e53328f9ad1a5996e0d9d7ed3
20:57	239626	d9f93004de38b52cea28e40b5b00a608e265a1a81f1821ce728c303ead5ed29e
20:58	481290	5b76db9e2002eb3aa9ebb464ae3f357d8a2bedc0c678fefd9477b1cfb8f0b594
20:59	258058	9d50ce8db6d7bcc460e478cd66e572ecdf8b598f252d32c7b5427e04922a3335
20:60	186378	e17549b19e09fe4a5e6a1334acfee643075bd6ea897105d7c7a33c4a8eb9251d
20:61	526346	2fa06f77a22015d082bef6e0c8d49753ef8d4c6c52b5a78f6ffe93e8223fc3b1
20:62	215050	92ab4d9adac2594346a4e0ad1279e881a49c9bbc8d3ad80544f800377554cd38
20:63	534538	8a0d5d061da7b4408ee288841da2eb4120405ad43e1f0a52a841758ddb4f9e0c
20:64	303114	c0c0e7411551c8a2e421904b793f21a8a643eebc0b8d4cb28a1527b31cff23da
20:65	339978	edc6af45fe7e803ce37753b79e3c077fe0e9ed3335789f023dd7ccbabce69e41
20:66	395274	a6693394db0c38f3c56da1b4c6d54f0b94f786bc01ecdaa3c78d1407c8795339
20:67	157706	c62bdaec8de4977b32c2fb750da46e11e55b4e437845c8ea10d5924a19e6103b
20:68	165898	fb19e6ec81d00366ded4665dd4b92f42ec180c281d8788b7109e4fc1dfa39c4d
20:69	428042	d7e50d6c44134a49693f7cebdddb91e7bc050800c00b43b26fa83c56c20b1d16
20:70	299018	fcdec79542c7506f1d25d766d46a2c8fa1b28e4fdcff1a6025ebedad982363d6
20:71	1064970	3a5f81cbdd86a0c11b4d9a5828e9f141690fe1942fe351c04b4ef7c96a81e927
20:72	593930	fbc2531786f0aacb080496e60a5e17f74b6c8b590b30cd4ae012a73f0c8c5f12
20:73	712714	e2f314d38b999ec2386808f8035d5f7f84433e79146d35e1522f6295a3b2840b
20:74	466954	7a4a6c0e3277cf0c2c13dfa6847b65245bb0f3352e81f80d1011403efc1fcf53
20:75	415754	dbbf68eee09aa02ccaf2774b64db4f50af816e5cc179dc12685df635b8e81d2d
20:76	428042	db1f1bebb3db7b98cbded1a9b9513883ebf2a4926218f85094724e54a90ea069
20:77	530442	c01379c902d5cc34a5ec7d17d34bfb4c08b4dd13e95499a42a18fcba4603baac
20:78	256010	18a4cb3efb158c8e94630d9208df50342f4c5b716b5ddec8f4f2721189f5ce94
20:79	153610	e281311a33e8268fde77c70845835d973f117329b2bb9b6bb540d8e5acaba469
20:80	569354	1849ccec8a50b7cf2233dcfe084a4923a9d8ac7d5922b789d9aec9c4bf498670
20:81	434186	8eeb8b03ae6df4d08ca9a98ccd2a226631a6657369aaaedd421399298a10e685
20:82	288778	cec3ffa366a576ad8ee2a515278863ec6055c526162c247a64ffb89c3c1a7eb2
20:83	186378	0a5808f7b004300124910f3d9409a3e49a82457a95d080c41a987e69e0dbe0ba
20:84	270346	c79599ea673d61054a41074fc5a1f1ad9f47de9e9b2e196505e394dedd753ff6
20:85	258058	cc61dc16740949726483b793eec5ef0de5d06a6a9d10fc7287c1a6d4b3255bf2
20:86	946186	35d1bf9392496ab4bc730209a918d2c5287fcad03e3e68ccd2e1225bb16b7bf0
20:87	739338	5c40e2e040370848741901687a90e782ea9109a36c223f4c6e1ea6a8b37a9a26
20:88	391178	97f0bf41ee206f07e572a8e172cc4bd21409793fbb0b606d7da9649c41e98dd3
20:89	301066	23c801c194f0ff3e34284ed7b8e448e17421404969f145ec7391555469304509
20:90	473098	c04f17030b19a6faabb24bb53116978b1833b92fa6545ce53f916850fa52c92a
20:91	258058	903621ee360e4e645342c5f8e0e5d7428da0c46c6f595010b768df8447c84512
20:92	180234	467a36cd5949ec1545a19decf9a5ecf4e7d821642993e74a295a0208ebb1e223
20:93	176138	81c680a0905ac71c0778f7c43acebd5108d7e5839f8796c342110ed895b64239
20:94	714762	827851a247c86c55b508c0a6e5abf4c8daeb73ffc23ac65f61ddd49b6ed69854
20:95	129034	961d272ea3082ccdb2c68ad995f4e0f0914fbf8aad11ea4ef8c4f861a50588aa
20:96	493578	ad6b6a597a56156c41a598bd7ef695c5e88d80cc0ec2f86d393861ba016208ac
20:97	763914	4fdf761447db9325992989fcbec833408e2f434c92d5872a5d9a9ba8a758af7c
20:98	372746	6c6d3f62e4d358f692cd713bfdef314dd0855733a68fe7b084cbaab943172d05
20:99	348170	38332c1c1437046bdb90e4466ccb42c620dc88e079019b29d0baddb2d75e46d6
20:100	194570	218cc9e59aff01b55acca323ce1f6b9464f2b8851b771f8dc91f3651cb46013c
20:101	256010	7e986e5675b90b2ba7c4c355d3f1459b0ad4f44542acb687a4e70911a9157a37
20:102	258058	d1869d4d1a825bb2c60c1cd895f23621955dcfb0f5a239b78f759561bb16754d
20:103	196618	9597b09ae0cdf92a4d094e61b9455d6a3dd077616599fe8789a2f443f1042b38
20:104	301066	ea79013d67f2c7b3acafa2abe27390b86c1f096b39ae26cbe261ec5919f301a2
20:105	223242	1aef8a0236544faed1cb562c347e9cb2a3f2c160059a85db8f4207b4b2b4079b
20:106	120842	75305c0b50de6115d0d21808d17f197b8dfb7acc5f24e3508a4b953fd3e9f99f
20:107	184330	746856c243f5419bd4e33b746944900ca16f148e3e8e2f469934c6665ca40636
20:108	405514	3b51e570a3b067fdafe59c6a68b785bc7f433c195339933f2e935d51bf04935d
20:109	311306	08e41ac1df1c622c797e5877682cfeac7d8e7592b525efe9bd5f586c9dc63d74
20:110	268298	437057be566fac966e6c25ba124ba149662c485f603171f113ad6502bd37078b
20:111	256010	b590094dae5631f28f8afb90b2136a026b493ca305736d2932d5c6afecb0221a
20:112	296970	b67d50c04ec945d65f053707eb2eaafae820add0132ab8b083fb10111aca59b0
20:113	514058	684ddb23d67ca71adcf95f628d2102ca3f74c2fea0347e2a45085b9d85691f3f
20:114	495626	42eec0fa1fd3552d238c2e6aa8b438841bbce62ee07fff49079d0e27ca98a8d3
20:115	288778	5b9d60ed71a2e86f19f4835f6e01cbc7db85dc285129cf2ad9e9ab61268cd40f
20:116	350218	611a2e7df3ac8a9918928762c34de16a70f143012a9d6252e05ed350e5f75f7c
20:117	483338	af4736fa321bc3247419d4a54f442351902af1a7980776455aa627dc6a7e77b9
20:118	165898	90db70bad14cc04a653d7710c968cd18ea93b7bdffe2eada3e88f331ecbad0be
20:119	176138	c1c056ecc626ba9e42dfc894a59513f432bdb2f536d014e92843efbe0650bb47
20:120	403466	22d8b50942f4bb5492d0c100bf957ea35e865d12c40222840fa769f59155a2b5
20:121	495626	5e4daa1cbaec754bb8f017116ec6beef4c6c3dcbda5bce0396114e56be3fb4ab
20:122	192522	4336ae8b0166dc8e0a4d3ac4ded90b72aa1767ba7c143fc66f3a75874ca63952
20:123	571402	635e3ba26548fe8b8f10391afb062efbfc26666b96b2bcfff495cfb2fa378eb1
20:124	346122	e290a30f7dd32b6bdb7d1527cc9d59ffa24fc39c1fb74d11694e7cdd3ee2ccc0
20:125	225290	a7e4e057604f26ff5ab219dafb65d875804b7efce4220319550e70ae2bf74134
20:126	319498	484f419575ab5e74cce598494ea97d361e18584de4066178a6e77c8e779cf32e
20:127	405514	fd47450c0d004840f9ac5f0f52e08c8225625cd142bdece7a49d4ce30713f946
20:128	497674	f32f05d2084ae7dcbb1558f28367b2cd6f3e02c4f98d50092d5216ad7c055eec
20:129	286730	fb72c2cc0ea4ff10ad62a36cce9bbbbc3da4030dcdcda93ab5ef06c9545fd140
20:130	714762	e2165bfa746e6ac6311002525fcd0fee8043eec0ca2b8a9fcf248f7c12d46a72
20:131	704522	379521664feb469baa44aeb4449df1ce80bcc51adc40e8c789df120ddd6bf557
20:132	524298	e410ac00ec723fd8a6ace50307cb215fc89e66654a54d08ad275af094bc8d7ec
20:133	372746	07917bdc58da02525e2ae53b926c09467df077283b50896bcf017852ce8b2f41
20:134	765962	c329dd70c6d9df65e9e3ac68d2c8ac15af741261bf132a79e6d68fd74059a52f
20:135	385034	8bb8a9facce21ea520c555d42c5f5c19de39b15b46a46cfddd07985a28d6cf2b
21:1	182282	50169f0ac01a3d01c4abbe6ab05480a5479019a04c210e2f4a9f6765ba09e173
21:2	247818	992432c7d888dbd1d1084edcd913bba6287e605e10fd1f23f5ac7506e77eec5d
21:3	528394	d50b5be6fad0f248da7bba678190b49fed345a7a20365641657bd185cc52962a
21:4	301066	eb56e60f9b4baeac34b1ff43ddb52100036114a6af1840d232d2972b5fde29ce
21:5	475146	a6e60ddeec96a15c36fef2a78ccd48100fafc6819e1d21fd62abf085331497f8
21:6	311306	3aecdcd50b77ad70fd5bdaff5605aa2b714a8fa963df9d52a25f77a496945bc5
21:7	460810	b9933eca5e5dc810667767c5a7a4b85eac21e6baed358191e8bbe4f6a16b70fe
21:8	245770	e01318c370e8efaae8b308b785f25593d9f8da62ca1a890521681bd04babbccc
21:9	335882	c0c3262f0b357a59dcbe94d00719ca0d911b835110864cbabbf1a7c3d8bed174
21:10	339978	5818715e556c4b985b4096ddb4fad83322799226792c69acefd1eb45f5ae5e86
21:11	331786	b95fb3d8de88c8d539eaba210b25d95d07b7b6e368aeace83a59015b411240d1
21:12	231434	3f35a82bc7b91a170b8f374dbeccc0d448782a3288b492bd9158d0fe39d15c83
21:13	315402	05fca08925a80ec5d90905c861e0f402400f329963f46a937b9e49c0b17e8eea
21:14	210954	403ef858013b1e96f17c2ef7674d94db97827f571cc22c8dd0b833519f29d928
21:15	245770	20aa693930851432f3c0508f4103af364a9d16d10ab5d3f156d45e40e28e07e8
21:16	243722	72e5f8194f8cc421a9644e0f44b20d1a44be6a7c5b6d87971d1457543e225f77
21:17	342026	48efde6359d03a94a0b29692ef0510d8af656a9d3accac26b1568f946d4c520d
21:18	362506	b11a5878492b505892e68f9a7ba6370909b84733ce2992d20c7bbc63e70db2a9
21:19	393226	2aabc0decd81ab1d80b05877187690e7a3bb9a437d0377cbbac8dd6ea00a7d4e
21:20	190474	1666f405b3fb0a4102dc4b0de00b3f49847cd9a76a9d5dcc751b96d4b9412c40
21:21	239626	5f75a6316e41ef6bf5afe7c3e8c4e22712d212020a81e6ffb7593ccfdcd6a282
21:22	401418	48c3074134b7a8a8bc241fcb5a907d4226a8dcfa408625a41587ee9ed21e9f90
21:23	190474	484883b97a51f644d4a886df271b65bb4ba27cfa34ce0f23a0d83bacbe23a4a8
21:24	661514	dff733539013f4e75202cea266a803e470475702b116291844e5d691571119a6
21:25	532490	e1990784776cdaac6b83fd817c20e6e4e00dcbe39195abe68c94d0ae2874f45c
21:26	292874	a06a400596be83b38d497df4ee42ae1e6b4d5c1dbba228c5e50210dfbdb733d3
21:27	206858	90ee735e2ccba7a028271f88ee7c674c08f8c871ef9f4e079c1d53f813ef4483
21:28	444426	853514791ccf8f1c1428a49beddc68001e2d1a2cccebf8b67e6cb9ef97630951
21:29	444426	b4cf5b4367c91c1b18b22ae83df0d9f412785124ca345f420f3a90f60b417988
21:30	655370	016618ff553b92932416c8f115cd744b6a825757a39cdb7f1876eac9bf61f9c2
21:31	477194	22f26fd0a1f55b1341ec64a48c8f155ed8e9693ebefe7ab173c25b6f1ba7f367
21:32	315402	5e836d1c0969b81de3d512550924a67c0eadaaea3aca2aa9330469a862e3029e
21:33	360458	303ebdb429a049054af92bd5c14cb8e01cdcc523242366e5636d0bdfc8eecf45
21:34	321546	d9a343d1434c26a12745e2fcef101693100bfe22e9eb74aa9aee986ae2352cd0
21:35	450570	4d60ae48f4e90d20262cc4d560d0dd48c7b05d838a25a56c0641bc69d9d27c2c
21:36	532490	5298168fe1e9ee98573d107025082923dc8895a024b12c87edfcc066fd743f86
21:37	262154	c4331eddbb1a68ba7059d92ebdb1f6880c2381280dd427bede95a97c426070fe
21:38	210954	be1eb12f060408634627bf786781e4ed292f7bf54a4436defc0ac8f49e73b82a
21:39	469002	59ec122a1393417a176bb0ad690b637de1e7caebffeda5b8f31d8ff38c1ca3da
21:40	428042	a5bbc1166a591f17fae8bb38f389fe3d502e8410e5c0a8622ca18b916404ae93
21:41	456714	667eccfbfa2af5bbde91bcb41b090df48bc0f0878819ca9c29762567df3311c6
21:42	364554	381952710f3db9c7366ded9e92b79b0c756e5538eaf7118163ef97900c366183
21:43	430090	f7d5d8323bacbcf7bb953feccf2a3d9710f6424df22ced998fde8b4472a49249
21:44	655370	de06a7d6e706d4d937299d64ab825285cbdb70d1c5c20f24876bec4ae14f277d
21:45	376842	0a07a92706073c6baa26e425e2af5ddf7581362f2c15278936e00a60a2b4d35c
21:46	475146	7583e53cf854205a8ce171431105dcbce3b9f35f0215eabf126b85ed7acfbfbe
21:47	567306	de71abdbbcbc4afd2a62389fd84c4d64d6e2a5c11cb1c575d14e049844065538
21:48	292874	b7b920f142a7749b6775ab2c3923370770d967bce22619c67eb8fccbcd5a2f8b
21:49	237578	97d5dfea6af69668bba55b98f1732f5e2201ee8385f79a948c8cd678eedd20f4
21:50	335882	3ce7976ab391910f3c4ddf15efadb848e2f2775b6e37fde47eeffaaff9d283e3
21:51	288778	1cc080026bcdadd6579c004c75af7b0203cb60343dc83466c8d26d3e2a5bde58
21:52	309258	6fe51db1ac5fa56f5df7a17dc25109a5668db0e450e40208ec94bbeb495513d6
21:53	225290	81092dd6aae1dcc4b7da88b29eb8bbdda37ad9bef7e291f298d11fd0d558d94d
21:54	274442	4c136bf813e4aa9b88569785eedf408dbca44466ef441e6cfa549eb0c2a5a562
21:55	249866	8038e0e9584000361694e5340d482b62e7492cc82bbf2106c8509178fe682206
21:56	491530	1e02a061675be7618b4d5e834a5eda3446cab1252d26f7e8852557e9b156dc51
21:57	276490	eea03d566fbdeebc1f2cd29707a446c2e4cd324505b0b48270213f155f3b0bd6
21:58	278538	f36af1981e3db4f71435767e67afe012cc6018879aaa58f57310c9223c42f200
21:59	284682	e8f49364029cf123617f7871a320790ba00e4afd2a77118d8f8daf0131915bc5
21:60	247818	26616e159d581bf8a7430aa2213510a26d075b99c905307899be99d90f3c7aa9
21:61	253962	5d9cc261b0e3ffbadfe7e4264586faa810ad2bf6c4609d9c06b9df5d5c8bd1e3
21:62	282634	74f34b42548f2ff4a423e97f4c1934a7ef6c1c93d3a402f7b173863ba180df79
21:63	319498	3199605f2870236dc9569b13cc9f5dcff163e3d3cd5afdde5b0d0cc907775408
21:64	319498	57d9c5851300fc48d1c00062906f97fbf5c808654fe284ef00caf67bb646b5d8
21:65	307210	49026c437c17e3241f0a15c5a8f9e72033d88b00ef0ee714bb781246961a23e7
21:66	288778	891f52cd80977da4baab1e85378c9b6cebb2b182623a9d741c2902c0f429b91d
21:67	311306	a3f3a231b4340c6c2b74a41e3da70e01f08fb71202847cc746df39d8eba4ccd6
21:68	296970	442a1886a54a138f72753db3e75ba2329e0b84d03be8b11f7af37ddfcdb480df
21:69	256010	3e52f0bc355522459fa84a95b64ff836963756cb32247d1bcd277d90e84af480
21:70	208906	5c5de297a35c4dd8444d7221a506c8ed53a80c09c8a4ee348d23c28ca12859fa
21:71	268298	75f0ab64b8c09709365693fbc5768760d0772eea19f05ad3161c13f2b3cf8a6c
21:72	335882	fc95773935e7c6c5f64fcdcb66bc1bee1f06eb8468e6dcabbe1b472418f66626
21:73	753674	3d48477d1169b917a81a32d2cadd354cc723adb299b37c9454f5ca86adba431a
21:74	622602	07a5819bb1d2de9b63c672f07d1914c71ed1a5af1f2156f4eb15aee1b662fc94
21:75	282634	3a683f67c5dd4f1abf3c0986d494a55e6f2961f38950348ebb33a84598740055
21:76	432138	289f49c443f7b945937f482ae09b5285a725d75ea675863b9314cabda13b5ba7
21:77	489482	53d788776bc716d4762a56be3279033132c011afc7fdd580ab3dc390695e69d1
21:78	456714	0730eddd6e8bd7e369b6c0e9a8a21676de99aefbe8bb02253ce9005b6e45a3eb
21:79	628746	19d89f2cc53b6a85216bbcce1ad9642449a0402e54388459af8b87c1b98d0ef7
21:80	378890	11f243bec9eee4fcdf5e6052e8f8773a4967842048c4c8610e8ade9212c92fc4
21:81	577546	cc0b524a19a10c494034a48aa09d2355b54a92f4382b2ed7f1c1003e07a3958f
21:82	413706	2d7da748926d46ef14fec515e9425f46f3496db0cc1107b6b08de8c575fb7064
21:83	319498	936c7e12139d258f171953271fd48da241a2f049f2e048599161652bf8bb5fdc
21:84	725002	21fdecc79ebeda64c28a46ea562d56129ae4375cac8e4e250aea432ae43752e2
21:85	278538	b018f7c363d14dd076adba5edabd7f1a43927c05e0866e2304aed6af31554d59
21:86	296970	d1a6295c44be89604ce90ab851ba26171de0db0ce4dcde9658e074f7a2e6d26c
21:87	729098	f4674456b8523f4d0ad7c933238da6aec75d7d16025b156540c30e5df526ac87
21:88	301066	4a68691dd7e1eb8313014f2f090a5dbd810f3644bbaba7e8f7d5509a0195f547
21:89	452618	0556e5df2a3f04c497621972fe8881a2950aa92a6f80ec2a9312c8068bb17adb
21:90	708618	424ead655bfda4dbade553ea4aa8dd4d6c98f1d01c52ef2d7515b28144cd493f
21:91	483338	e3aa6b00a661ddc0f448802e162ae501c996e13d6533f9e3d9767c0b90444758
21:92	321546	b52a2903008f2005a1a3dce759dc73eeabc2e1c4b2b3cc19d98c3ced50b5b4fc
21:93	290826	cb040c4b017d2b121c31306cd26974cc4ad9489c95c54cfbb76fd6099e10c983
21:94	456714	f99d8d816616c5054698f80d8d68362c0d63e93a658b7a008e66a9511ce7c7ee
21:95	262154	9c9d2a261b038617ac8d8c8f75e8f1f8b032947b4113487b430f039042801f85
21:96	315402	aac9155b117b44a7b30df20b00716124a50fddea846101f23f4ee52ded40d67c
21:97	573450	80b026ece709dfcb0ad64993c9db98d7a36694cea2c3ddbb3f5a9cb4be6346d9
21:98	325642	b159efcc2895f6fdbbecaaf8678155d124cb0dd6649e941c498e1bd500582e4c
21:99	395274	aef5c4a298172b7a028e80477f1e6d47009f583e0181d8bbe4f26521aecfc3e3
21:100	210954	81e70ca970487763635a3a3d589e5b5c1a8522221734df488ab5064f62edb1db
21:101	311306	04dd1b24b8868425441ea109510a68014f917cb8f389e8dc280738a5ab9d1960
21:102	311306	d89081e604b89f18fd22af5f1830a7ecbd2a8fa5f396a1ccd9599d4cade4f87c
21:103	452618	740c06caaee0f8e253120e6bdfe1ee09c8b6f420b21bdd958298c83f2c0636da
21:104	673802	aa66828c557a67ea30f6d31559c3c0eefcb2ad5dca67a7aac3c40c7643ae7928
21:105	227338	590161ae38b377a2e9e7038e97803c49ac957dfac9ec79c80bc9de0b7fa5d7d4
21:106	147466	4bf9e692adf94f3e480b4a5541e180606780d3930cd11ac2a30adf208b0fa0f0
21:107	196618	ef8e687b1ea61d8a0e88b7aef8b3372dccbdb448610fafd86cabdd5413587837
21:108	356362	bcea03303a8cd361ac883bf46a261852b3f538371ad5d143c5154088ded5285f
21:109	397322	b67125559bb60099d1bb8f491f6dade2f4566f392df39ad3a30b0ca373cf00dd
21:110	192522	e4a9f5d636cca953036d22af0ac1089ca4f87edd5d1b604c81b559478a7386ee
21:111	190474	45768d483b564b49b43479efc62bbabe53b116cac371af2fd26f02b163bf3f79
21:112	256010	074c4d157165bc386362874b6fb7ae5f170a9565385023399587c7f266ca1d67
22:1	323594	d127fbcd3b8e730574a67a9e6b6d1599e9bcf3469f7d4f9448452194dac5ecf2
22:2	643082	46114314afa45647933ad016aacb2d70fcb5e8be3dc60b1b4f7a946e30690198
22:3	272394	5f903e239c9139522d9ef4cef572ff5644c5194f9ce9ef686edc80fe044d2b2a
22:4	393226	c55e0ba16ebe7aa4af090cafc4535fe7d4b7f0033d11753d945944042eb3c042
22:5	2422794	9a527957c63f3bb2973d8fef920ee6f56365bbf304e2705ca8823e65b8ca7779
22:6	428042	3c5018c6a2181ab525bdf408342cdd1acfe3fc38a94429ebd3af3abc561ebe61
22:7	311306	7ef408b111a7402a1480a905001d73313e75252d96286bb53e772b1ffae1ba43
22:8	309258	d76375a78c30a73bfe5343d150a97ed6a2d819bc9fc053952eaba7f9d6d04de7
22:9	469002	f68a03f3c5c1b9b524d4a0da6169f07e4b78fd787f070bbcdd43465138a2cb75
22:10	268298	bdd6f548cf98602af8f1e9320b1e30fd0cfe16ffcc7fae1cccf80bc4951816ab
22:11	782346	77de8b46ab711702449b824d2e5d2cce4927817d20c14808d3739ee1b64fff3f
22:12	397322	9b516e39be377953a78ca226d5c2a3fe6cde0018fac8695421e393df44badeec
22:13	354314	673b1c9174f812408ddcbd59b0f39ac1018ee300f6564fbb1e7dfa99366b6f73
22:14	585738	e807192ef9c96721a0642d514644c7e0389aea57b4c1b694342cfa374672c238
22:15	788490	cda1481ca2dde437be3622136377a5f127230c6759dbbdce8606e9a724337f41
22:16	333834	5f400e89e44e53f04675ad83a4a80311d1f8af13eeea585e0b5324ae85d5efd3
22:17	825354	929af2d8a21a1b1d55401d9235172df38f6cc4141269c465d51d4520d639db25
22:18	1169418	7ce5b5607c221369031275bf8ea06f91d63e2bb5c88f1cb155fc57aba94b18be
22:19	512010	a688d35097257af487fa343834b07da640103b63393b647453d762ec26f2a4cc
22:20	180234	e08fa8ad69fd1fe5e82be6621b3e4049f56882e61fa762384ead7ad7dd737cbb
22:21	145418	a0d45213a510d95a4041eab8c92b9e335c0454aa664c6263ff3cce7197381c1b
22:22	493578	283d1ca1f19311737d27fb9a69b4d080bc699c4556c1b1936213ad62c4235120
22:23	870410	1255b59f70a24936a096ab07ee5903b9ae635be43197966ff98c3b0cf04313b8
22:24	260106	378991832889f13e8f8954c1d3137b38901d403875fe6669813b049201de82fd
22:25	935946	5e5570cbffcba1b2b4cac95af343cb59951022df39c817e6527f9a701624f211
22:26	616458	68f19deebad25ca0280ed0c75d0a160d6c558f0d58f505452eb2bcfb30d1d59f
22:27	544778	c4958f80a036cb599584073c563f25e4fb81c7d99a4cbeb42e06a6b58ebb4f38
22:28	921610	f5f09bda9c971de9e63dedd36118b660831c146f0dee922235d468fdf908e410
22:29	481290	1f5672cc94b595f6820c5aa08a446950eae4a8b8a7b4f020a288a4ff5b746a46
22:30	802826	ad4637aac35954821d76676d003fc63cfe91cc73e165f895fdb10c0496cff912
22:31	788490	19462f77f2a050aec2951165fcd103b1cd3ce08c8b7d57b7e48e95b295d399d9
22:32	344074	00a0a660875267d3d266e980baa67c55e4507ba1e8f7b32baa89b385288bee22
22:33	471050	05079757bfdc639d78fee28fca87c9a909febc613842f79b39c3cff763fedee3
22:34	694282	da877725c09990a0e50a7a76d7bf57a270fb700744dec40eea3c1ff96b17083d
22:35	665610	374a92b0fee256cf75fe234ab1e55f14e515235259112b9017432de04d851d88
22:36	835594	3f457762aa28cbf9637f17d9cb0d802a3d54e079708d50667e97780f1a389793
22:37	714762	c14b3959b01c611ca423e454e1fa5adb238beb33283c5e85b979fd8b384a74b7
22:38	458762	144b67a945c75e34d012e496c2201a12be06b30422075de04536f246afad5eed
22:39	442378	078f167d7bd27f1a317b32361e073c3d4f0c5770438f7861e810c6745135e164
22:40	1368074	af1503a7c49563e95fe33c19a469c8b3761964a78e821783cff651ef5eb46fe0
22:41	661514	43509267d75b27930e5cbc5bf3b576e078aa8303f6ee647f0a9656341d3de48d
22:42	309258	e00bd64b8e8a181b3746896e20e136b7446a47e42f289829b1952a93829d5912
22:43	143370	cb27e2b205d9cbc2d5d23d3aa3825d7d53bfc6e3e808c2c1dc0ab4c4b170984c
22:44	505866	b00678f86dd6dfdf3565dfbedd160bcbd6762ff65214b924fda86354f2fb075d
22:45	587786	ec90513a2ff1b84d69590267397a4db38e792890b6bad28386988a57144f70e2
22:46	700426	8a8e61ea66179feb305111d106e5dd7527914ff74eaf21a61ca64ff6c99d4789
22:47	501770	b881274c334d040a4228d6178adc18a7b5aa87c13d37c6dad8630e39e4f463a0
22:48	456714	af7bde8de238edb14038ecde65272a831cdff16e1e4e2d3f5556c4f2693c1c38
22:49	278538	c3e81fd39b95466fc22c67167c54cf6be46d8cd483fc8bcff7c4f3cc2f9d1531
22:50	296970	aa775bc75a46bb168d23a803fcd850e47ed63313dd489b4049e3af47132071bb
22:51	315402	b792917baa0bceac6a9c0c1cb57b6a16b02b84ddc08301423cebcf863828d6f3
22:52	1255434	85c941fafdf876b428cf93857c3854161cde6df1fc5bdbe75adeb9366861fb61
22:53	544778	eae2389ff99bf00c5438bb5648aff37e76c13eae1e2ae89257ed6b9d394ff5d1
22:54	733194	252a3301dfc851ed3e094256612dd8ef38c071999bd336061a93927e5f5bf42b
22:55	548874	706ba766d4da55809a965ada24b3b052ba22488369a2324959303fd74e5ead7c
22:56	503818	97f4e2f214017c59792682f13891523a6e1156f892a027a344d82242852e35ca
22:57	329738	56e75d4f6b565e11ac28e5fb31323327a3ffd8faad7ad25903b27de33c639b1d
22:58	632842	d82f82c6495d222570d456088ef4059613a5693bf39088941a4298dd9abf5ba3
22:59	315402	918032607e57a3434b399ce72e9d8faefa97b10d28bff850691e5a1240b83316
22:60	436234	7ba49ae477f1beecc6ae4c63cd40469a33436cc610e6e2138ae3631190b37e5c
22:61	505866	a16d39955b65ac0893c25d1cf1928b32330b8209b46cbce2d24a28d46d978aa7
22:62	542730	51fc65aaa48a2f5ffa7dd58649f4de20f055e319413902d16f864117d6b2c7d7
22:63	462858	39d211e5335841cea446ff07b366f15749501c8dee9d195a84616b94f50f6bf5
22:64	350218	2dac2aa8ad721b06f7cbde80b7a852850f0a532a2d5458b1ff3b036a60f86d94
22:65	757770	d3fc5e54fa0d25b0882d76d2a3c070501cfc6cd43116aa078f9623cfb73c7a77
22:66	413706	d152459af45c02e0448f20eb3edde17da2aed1a741f2d41c19a7f0e4a0836af5
22:67	643082	18417b4f8adc4a33b6b95ff330a44676554a54cd8950b4dd9a8b0afb004088c2
22:68	206858	ac497ff24f0bb65a7ede5e96ebf79805a5dac0b631518ef53b05ccae98da59c5
22:69	262154	47688e8da27be91a4c72ff50e9bc70e9ed9d160e8c5ffb08b923fdb718a95487
22:70	520202	6611f0563422b17c35c4b55226b7d2c41c486324d14444bbbca9eaaa2a8ef9a6
22:71	471050	812afcd407f571798c667744a708faa8349684380f6eae72667d5aa35d4ffa4e
22:72	987146	88918e39d3db9a5821bfadd548651b6f55af9c44189f0253f3fcc5f2a22c8983
22:73	868362	c1ba79663a057d6eadf2c671d0d3e450e3ee6ea31115ad4177586b0ee9fa2cc1
22:74	299018	19b9425801cfeb6e100a4db55f5fe70e0ecae674e723f3f3b71361231db97b8b
22:75	403466	c7ca9dba8270f8831cc423b334321ce1b70522dd201d3601661a2069d3ded542
22:76	327690	895fb31d68a9231a4f541b4e9c6ca00858a3b703778a3e3457bf314555301f01
22:77	456714	d1f82911567a99410946518137836ff802296743b76f327ee06f4faaa43caabd
22:78	1538058	f5eb7cdc6bc28f061b755af6b4ad9c85899dccfede3d9d991a0e3d8292660f34
23:1	139274	003cd52d69da6263c65f7b8aa769bf484298a1cff4377c36134257df7fb3317d
23:2	174090	480a0e008c63e51573f8d6cab8a126f31882e9cdf7d1e31530ebfb2bed55c9d5
23:3	165898	b52fa8419889dc804ee9cd8c2ddbcc4ee370c7e090098ec7c7ec15370bc9c797
23:4	169994	88fd479a80a13824880901081b27ab43f44e29c8181a48b3aa805489eb93387f
23:5	180234	7bc25abde6cb3e310fbc774cd7dc046838463374b05eab7791ab331c93293dfa
23:6	270346	081c088e12e5a5eaaa731029cf119b3310f9c52842f85551d3d0ca4b97fb6c9c
23:7	206858	2d5df7838bf03e8a74078d45b8eaf90ac023c4dc2837b6dcdb6e8d4c49e1bf3e
23:8	161802	1292a56ec4284dbbf111eb99faa6d67084d3e504889a45132145248a665143d2
23:9	155658	26d67f990cf69b644743a7bef06b84cafff29691c1cb0e9fec5267a062d0cc3b
23:10	133130	9a78a31ed5cbde064d16a003670266b24bbe6c4513580e9445a6bd79883addd2
23:11	174090	24232b689f018bcb2e18ac72ba5ae732f12cdc39b46763fe0fb3f35b5383a87d
23:12	176138	ad705f97c07f7188f0f8d281e93fe936db7868b63ee16d2e4a31d8f361067c77
23:13	157706	2a553aae21a7e9f4a139656a16f1071dd242bc6a75ab05ef30ea249d8adff7ba
23:14	712714	2550c691c9b80a37bb03de2043a1ae21b68d28217be8967da1116e8f74854053
23:15	141322	48158f04e130ef8a7f7ecf29b5a0f0a555ccfc733c9e80fb988f9e527de1ef8e
23:16	188426	b90a924bb3f4d7125103db93d787e5339bad9d0ce65f8a4a2545a4bdad484fdc
23:17	280586	617e58665fd47567791bdda1bcbd94ebb3781a0608a4f56b54f8c0cffa66e233
23:18	491530	c35675df0c0d3527d7a494b2829f0a065a39fa32eef7a5b1db64601b9db94525
23:19	587786	4c95631f3d390c00121501c5314ebaea9a8e2c70cea11f41fb6cb0de3b12db68
23:20	331786	bf7a322d38ca12ecbdef52f05c608c1c0f6b97b88ca60caaa4dc6ea97b5b58c3
23:21	638986	101f404a8c0fd5311f2cfb4ef07c9cfd54a12a1731068aa227f23da5d066a33d
23:22	155658	fd161ba5756a35cd8cbdac858728a66be4ccbdf13f402c6efcc394bc358d7806
23:23	456714	5beeb273e3ac1d5998339d06540db140e57755e6dfe301b2fc1e7e575f963b8a
23:24	899082	914b59ac4307ebe5bb0ec2dbdb5fdc438f15d9975bf8114b81217f060e000236
23:25	272394	fc60b8f29952f2ea8dd15882c05f6288de828e3b9c9e05b9ae9055f977bbd864
23:26	184330	f1361f802d825c2b6438bbaaae839d905232d28681fda5ed3648b9742dd426c4
23:27	1179658	10b59fb00225877517e2292f31520290e61ffd5bbb05a8f75618e795c15d3cc3
23:28	483338	e08c88952da7aa9604069675eb1acfd6ae86d3536fdbd2c9b34da8a52be18efc
23:29	301066	833ce51f13f82187220e1378bb97ca21d26a647386e05f20c17c71c213edaf49
23:30	251914	efe9175cf687622273b24ca1aba96afe875c331fa93b787b2736ed11778be33c
23:31	239626	81654629a67b5d5bd9b06fa1f2b148d90a239099e292d142978771e5225f83d0
23:32	438282	04f8fa8833ccc618ce538445169848d32f4016896b416adcb29df02ff59c83ec
23:33	944138	8836ff326a7037a17f55be1b343db0a7ff7d6cf19cab235a7ed289b5ae8f57cc
23:34	270346	3865bfc2291f11846f9c3ef6931e3dd1f7516eccef51e8bb149df80d54811bee
23:35	323594	9e9708fd9a14d6ad792d45baa4c241b89c1c88979cbf93a81b6e1e6b807e1887
23:36	172042	24f4105251383c69f821e6e6d199668ad82f0bdaca8df111ec756a0384e3f28f
23:37	313354	19af847cd8ac6c1918ef68f4f27b8cba33672692e045cb229bb2989fc5d0589e
23:38	313354	ad5df323e9cc8b9e76d1d0ecd0637e2d0d95975974464f90cc5c3bb76addd71c
23:39	213002	e9ec4f1186cb7fe252794752594c9c07f82110ffd38995702e6a3103ca30f019
23:40	229386	73c8116d3731abcab70f278a900f2d48ed0d894f88989839e77c621d30f6acf9
23:41	389130	e48c17f17f8f086a61265fd20f5cacc0db76f7c34a2ab40666b4e75fc55775b9
23:42	249866	2d65efce9d70eba561bb6e388cc3d42ea0155954f77d7c61e1cf8256bfe2af18
23:43	245770	97ccfc60d62f7f6fe094ef02c9b6bce2e6dbf1fa060a02f81236d964e906de53
23:44	874506	b767d97556b8f744c5b831fad2df77a86cc71e8eeadcc11c927e80a599bb5ac6
23:45	313354	e9ac3e25cbe6aa19af38aafe77531a7dfb193718f9ab330042145d64a44c134e
23:46	272394	9c149e6e5e97ccbeedffd839b890b671eee1c453596e04fbe1b4eefda269e631
23:47	292874	ef4318da0cdb07c46f8da81c2b46d5220db5a783f1f110b5a6756874b2641055
23:48	213002	7a0d84cdd72dd1c6d573a44c99ee7591dce48897b627dafc00c6aa883030729b
23:49	245770	9d84974212f03b69a158a1c0286b4970f321d2132bafd21453f6ed301384e9bc
23:50	583690	7a714a7b6819f2585ab44decdb6ec7c0413f4db389585e752bbdb3e7966c8eaa
23:51	415754	16abc77c1069baa576d6a0c1507723cf072daaab8189781d18219350d8a8cc7e
23:52	356362	0d7a149cab1f459e77898fe2c7fa832ec126ddfd8f01e9d7fcf7df6d997bda26
23:53	411658	b67763c687eec03637305d33388e39937b2d61a1de179603728cefc1c9ac0f36
23:54	215050	a289c7835add76a4c6674244a61409cc66d52f315020c5c52395fb7261db1f60
23:55	260106	db1bbd4b558a1ccc5922b6e01ceb66d9120ebbd33b5216d924351e26e661dfdc
23:56	309258	4390efc0fb28f9249fec619606f8a4c0cc491146da14c483cced4d44ca69887d
23:57	229386	d5c9266007da347fc45bfbcb294ca74803bf87fd9f8a0535d8c9d95fc1d80319
23:58	237578	13b4a03e6b57e33f57ffa989a644230863d63e84a1d702199050fc42d0417c97
23:59	217098	479f23df061805e3f9b122b1b91f1c1b51bdf6496fca717170fb0e4a08fedf8b
23:60	378890	d1fd2c194fab735b9ddc8fbd3f431ac91d6ff1175d603fbd3c17e3c83a2c64c9
23:61	290826	27fe46477fca9575ecb2a41387d3b156f4a41ea672dd254c83a4678bdda3e47a
23:62	538634	46eb239f11cd263a9bfc136f6907b5ad6408284644055352909b8c57e5771049
23:63	393226	41f766b00e26d121151c4de20dfdc1f53b94296ea3b010954fa3f9dc01144899
23:64	319498	1a4882b95e6b4ba070ca60afe4bf3c3d2215e99baed4ed8b87ac598002d8fe78
23:65	327690	54019e908f2bb656a0995ff4c0f52949d9342aef6abf00e776c318635a68e5d6
23:66	419850	d542b02638fdf7e810f6cde8ebb885a5dcaf792966db91af1ab16a613740d5f0
23:67	213002	fb83a865d9431cba430c8621c90a02409fbe6267597c6b83a3e1617e652a1d1d
23:68	348170	4cd6bd62597fc865cee5fad553d019c4c72b21f1bbf7dcb5d32f855b29b19314
23:69	237578	ed45fef5b624e582b70411e89ed84afbce2153f06d50266f56e52397a7b34845
23:70	452618	315b1be297fc7f118073735079492108cecf784351a026413324826702c99792
23:71	598026	904d20e0209b9c491da157577016754a864f37ddb9f158934bc50429b62bb794
23:72	331786	0bc45ead599781f9925a54aa490e85543754453c4050674d48c10ca2f409ee47
23:73	210954	37ee8d241702555d03f00d2215a97f960fd23b36aafebba0a988fc17db35e5b4
23:74	272394	ed1c7d7e47288fc097e6d65d513ff7110311467a8fe29d7155778f9ebeeebcab
23:75	251914	613a57f1b6f2035006ef6fbb417f5b131b61c998f07b73fb7dd1120ec6e65daf
23:76	251914	e01def15f1680236439553b6ca147a7ef4a40cc19106d448971639d830573c2e
23:77	319498	29b0a98f93ce4786f023ce6ef54907ad066e04e3745247a7e5fc8fbbbfa9fd71
23:78	368650	ae30847d6ea7753cf79f9064a1bd13d285c126b83efef854ac193e7693b72d9d
23:79	186378	937ac032b837e87f342499dfc990b17dc9cebf10f93e51dd29283c749668e71d
23:80	342026	9ac25502442f24e146c272eab980671e575179898e3f6f10eae55c4222e66e33
23:81	167946	55f5ebfdd106dc06ca261146a3d036abee512bb50120d9087b2cf0949b6e8693
23:82	284682	898840b20bcb4a0a31290d549776709e4a11acf66b6a42816be23629b4da05cd
23:83	325642	0646af691b1d193963739c429becc2db677a14d170d47a9e146413350344e20d
23:84	213002	5787907c61cdac7d0f6b9eff252a0722e1400a7c587126cc71f791f22be223a3
23:85	231434	b98107977e262564d8bc0b5c0609ac7c1eefa041b763672cc13fcd2216befd6a
23:86	190474	286cf034fe7818d2ddab4f314db58cd3ed179a4f026aa99db43c2491106143e5
23:87	229386	538fe934ca4d36ab1152c823f1d5f2786021d158a348ae8ac0d751fcf83f8fc6
23:88	469002	8f4895972ee21b120dad8225fc19e5f5b086835896d22700ad6dfd5b26006c75
23:89	299018	3adba16ff99bd3726b0cb5ffbc9449ab5b531e9337383d3f860349dfb13e17b6
23:90	194570	97d36f303e076d854fd329ba9835d8d59b446201690d8c3ef90efc0817f8b9a0
23:91	589834	4804f88643b66beb43ef1ea4b61957178b4d62858f788fdd1bdb22e8721092dc
23:92	215050	afe3bc07b3845cd8b7e64d7e32ccfe84e3bc1ba72c3cd07b292ccbf5f7b71c55
23:93	180234	5c7f6f2a82ba9e24375f90b8ef87439c036f5c03c7e4baec1151bf9ca0b11ab0
23:94	178186	4c27234398960c5ec395324a61ffa9b27eda9337c3607d927d83edbf5ed086b5
23:95	223242	48a1c1081141a3715ca17da5be811960c3ba6578795603a7aac9bc41c9925728
23:96	329738	b4cf3143062711748f035fb34f765e661ff077310a587da05b711cca8db65d94
23:97	182282	355aa0ba2b2967d72564b50f4cfaef7d026cbf2561e98a5d0f330301352ffdb9
23:98	149514	9b553ce8cf52fa7fd2685a1dbc53770e4e2f07d988b3f79c455c0a46ec0fe629
23:99	225290	f6756ec7a916e5c4f5defe526157bc99006b983dd0fca292fc18a0c1b8f9012c
23:100	667658	1d4f1c533459bc32d77e330532dbec4abb2b4cad067aab5b92a30a6de4418579
23:101	311306	ecf529e2c87b7c1b98229c3e3943a2245c2e81748abf59867067c9400df77819
23:102	241674	ae3c18194f1bc7835249518faa8633782d3e08dd49a26ef85a4a7371be743df8
23:103	497674	cca60168fada4e9ec12987d0ade31814fdb8933647f8d77d91cb13aee2115143
23:104	223242	04252a51c74a9272bc7f893cbecab5d39f6605347e2b3dd9f620b1bc1ed5ff7e
23:105	258058	2c88f89281bb13cfe6b3e797ffee3b21c07be12742d050d62ee0b5558ce24333
23:106	321546	abca5600c653a07d964c7fbff5c1d3153024a4eb9e496db91740b729d24b4deb
23:107	243722	f5e405c98b459ae9336287c003d2a72a40ef2839d0098f0cd9bbc6fa6c0c52fc
23:108	186378	e628b4a42768e545b07da03c55008574cfa19be51bf4741708f898267a978b59
23:109	516106	0e4d5c1712c21be4463949176a98f1c7f3e1447ab033c10a4606fdae7d85b37d
23:110	348170	d3718b5d69cc353f06f3f8ea144e979e528642b8f4bb8e5ca873356aa33db3f4
23:111	284682	ec937efa6a8cc31d89a466b7dd1cef69eb47ee0facce0b4bd47e934678d93593
23:112	184330	5f9bacdc30f80e46c556b34344e73eeacd8f2b4c207f9f81977c1ad6f9005383
23:113	245770	705d08d02335340bf437b821551777e040ababb15dbb64dd1538781ed0a77eba
23:114	315402	6180595fb11dd804731c5c9ab4b2458bb0b09f1abe4d3a1399686a90a807d6a3
23:115	290826	9319f2f0653ec13606a144c622f7cf92aee2771408ceb05ed6cbdc1d8f4df9c6
23:116	387082	00b4f7b4b259dea260c62f31485ed19c5924c0e7c28a3ddc5678d51fee7cf064
23:117	522250	9da84415dedf52ad27835d0279935dd26fe29266ad04a573f1605289db089f8e
23:118	167946	1536f67b99e78092a9a4aa635ca6dd59edd6cb8c1b8ef05ef546487ac37b8f41
24:1	419850	01accfe8cdec211f0f312524a3781483bb9966a978e156873e55e16f525ec65a
24:2	935946	b96e41b0d93648a275c60468d2bd7aaa201e6392a738171be673c9001e4f551a
24:3	618506	b9d0ca0b48d1fb5cbbbd779a94fea2c3b8c2b3d4f6536cae487976f307c1c282
24:4	770058	0e973e2cbcde2a457777fc395f340198832a6e9ce9548aeaa234e0536c13ffa2
24:5	301066	d3f9330927b09eb2f70d2e60e45529aa871ca02acb1e6c67330a8837b2cf1112
24:6	677898	831e6b50b90f6a63705482c2e63f7770ff15a8544c8e467d69363fce38920c88
24:7	290826	4edbafd1a16ba5e01bd07e4615261951cd254e6c93fa1ace2d61e7fc23645a01
24:8	333834	dab6aa3a0513fd9c1f765e462ada6f1862b363ee1c405ccd6ce8465cc56897fe
24:9	290826	768e6513d112131267d7eb4508142e332bc75d86a9f13e5aa640c2391f614353
24:10	264202	4609c40bccf532974af7ea099381d0f2b58a57462772033beb0e873061516e43
24:11	978954	55655efb197264567aca6638eb4ee27df305973ed3a04ec27ed367cbf085fd29
24:12	536586	07b36d704d230b014db5fa65972e20466353f2c48e88647347b2b96ef64a965d
24:13	550922	d6131883501a10e15025f6d4963aee4e1efe603d66acabfe20f83c9783a72812
24:14	514058	cf0e48a93a97f7cfc653cee30547f120e314fd7fd01b5c061ed201837599bf18
24:15	772106	610f97b5d56d4bef19bf02a1d18175aa2cbbd8737e6a6c1da3e367cefbf3168d
24:16	647178	7e840c44b58a9079b3b05c4be0e9e7f27b82aac8254ccf8ddcb4361fa46f9429
24:17	319498	2117af4025e204bf2407ad884c45f487592b5720d2ef9a3eb01271b36d0855f4
24:18	284682	8a074c7d5eb46893ae06e1fb6fcbe2240c088d581cb37396d98c55e4503811e0
24:19	733194	7728fe351f2086fbaed0d97e2a5c462564c68f2619f7c4a696f81a6d554ea35f
24:20	249866	77da6917fc24c954f1ee675258ecdda0738def5588474cfa98618a98273ef4b4
24:21	1261578	2989c8a877d3a70d23fc9dd457920c2de6775e07f7e66c2052bb16ac6e0baadc
24:22	987146	3e378da3c73e7b50b2e0d7ed4fac587e56445c4645ebffb737efa2790a04f9eb
24:23	493578	fe485f25d229e5bc994a988ad421b858fe4521b6fb850e1e7b274e6d559deaa7
24:24	319498	59f3783ca047278f29cf7f000c7db3f65ac8605d46651f6898e7753efa551de3
24:25	452618	026ff87b269895097c7371563b0a739d46c1de879a8240e0e183bea6fe23848d
24:26	866314	00a95d0e44da5003c8af0fee9362558f518dfd11b3d25ed2e5a6ff2d4127b18d
24:27	757770	c7209bf9a69cab579d507d99ccfc7824f44875d23c542ce493e32c5e0401859c
24:28	718858	890e63c0b3df774347ce0029540ea9fcf705716def2047ab846c4d0dd4a97a00
24:29	505866	1372547477140a73df6eb3f0110b6e808d6f5f238bd7a4cbcba46ff1478db292
24:30	557066	916870075f6cbb62681a95f58669356f0e77c3c69a22433f559043d09c274649
24:31	3158026	94570b9ae667b87c26313c53b07a704dba8b1669ea249858e912885e1c59574d
24:32	679946	08dadec08e6ca2a9470d0c545afb7ceca4de57f5193b3cda42ea56822384f4e8
24:33	1804298	a9d708ea6c79e681762ea6f122683766225be9be295dab93b4192393cd0768ed
24:34	544778	43520dec14a67219b6613acd1211034869f8df86723a0d4d403e636bc43133fd
24:35	1716234	ca7201e131bfbca1a3421f1ca15fab59914b7906ad730e2f1aa7ff290741bcdd
24:36	452618	25bed3f734ca717da05b8422dfa64110f4b1f87274a0d4cbca39a94124960289
24:37	731146	ecb57060bbb6bd4a89663a372ad727946a8deffc6506f877b9eeb117ff8cd4d8
24:38	489482	3918244ab9d9c1ab28afe928fa84be6e5b122aab51d237f92dc38ad6ef1c7a64
24:39	993290	5fb616bba6026c9831bc5724fb09b53db8fb3310d61d9d772f8d1cd4d9f08e3f
24:40	1146890	2b8a0799072758f2cd2c7c813d6c5bdeacec7d7fbe237c5955e2811d83161a7c
24:41	784394	34ec306bdf71e157298c588f73aab6dc3c71c48391b7986cd9b30b3f97ab17bb
24:42	337930	655b5d4820a96e9eb03b3edb54f5dfb61390b0bab390d88483ceef2d09c7e0dc
24:43	1251338	ed81281390687dcdb472a8d34be4ac4169b86a5594e77655872d6c4097241e97
24:44	395274	842ee532b02dc5255cd87c10c10168d3a457b5f5a8692ad5b157d8fb8bb3b388
24:45	1062922	6b799c7ccd77cbb392c94f59fce87f17ca0cf15b70e22aa21100840d39632f1e
24:46	448522	709a565afb81e165d50368a28170119a74046579809bc1ab3877cd76a8718c3e
24:47	751626	40a30a2868b5d05c43b65ebddd72e96381653327296f2a11cfd79b26e1207d21
24:48	337930	7d35f78fe9992d67091ed7ca59ae52304d8590356e2ec844817953af5fa5cacc
24:49	206858	e50b095f3cfdd2debc378b60d2ba4bfebe8b60d52d5aace4e2bd4b71ffcbebf9
24:50	552970	483c0f6380f9c5fca402bc58f0a7dbc638f1c8f6aac2e5389f2c04fda57c7dda
24:51	675850	2b7480cff49ef71c1147d6644451ec07c56890810e08b403301103c17cc81b12
24:52	319498	da30069840a77a17994eeb594026d7bc0ebdd5c0bea15e91f5da03242e5ddd52
24:53	688138	d1bd6b138757ca44d69b783a5f74855fe24ea5fc95b531c548a8c74010f32475
24:54	833546	daac296dd78d9b60a7537ed6f1561f9a8db44649e85118f2f50a953edaf3e7b2
24:55	1361930	394bcb630a47cf3c705c914e08588eaf3f79d8b702ce5825b80381719679a9b8
24:56	245770	9068e29856317eb3879d707e30c84a0e7b5718ffadc9f52e4bbb31dc5aed2a3a
24:57	450570	6c09b4dbe9ff6082a38f9dfc34a992fe1ac2d9c6f2ec0c2caf7f0778dbad2cf4
24:58	2070538	34db0f43e7ac64aa3f42af314846e1f90ad951e10e8b15cae55b7129a193be95
24:59	622602	8f74eec4a13e6d9b2415ca7cde12774d758fd7942f48e956b92c9eead70ba14f
24:60	942090	683a89eea7dd9954390461f37c7eff3c05789a8214f62eb81be58f5dbfd0e08a
24:61	2785290	2d8795189587455c809b26576b722564216bc6c126cd975fa930478a035d841e
24:62	1372170	7ae9c11478e4bce33520a1a26b57c8e4cb3df044ee159667f104d1d0222da643
24:63	1019914	67eba3ffb29bc3920353b7f42148c855110b1fee5a97f3da7bdef280b37703a2
24:64	714762	e2ed0b0020c1de5e7deea5c0da8bc089b1d4c8fcd3614fdf699cc22a391d993a
25:1	296970	4ee36df33c49d5fac7f45f6143326bec4e8a709030ee41f281a043ed1dc2e128
25:2	659466	594342509bbff65bd8f7d3e2d51c206642bac56fcc4984335f40f165d07502eb
25:3	956426	764fb8f2439e293401853a9af07c24758d3e01a45d47bdbac5eac5777eaf4431
25:4	688138	2bb3f0edda3ef138816750406d1564010e068645ccc3d537268d294f25869cf8
25:5	305162	86ab22390ff94a762bc745d85ae9abe8c211cbc5d86b000b7a247dc95c0aba00
25:6	401418	3a6376a1e35349c4aa90be5f988eca5f30eef982826dc5e654f8095db7aafe01
25:7	473098	5711743ec59dad324b0f71283b0db8fa4a2e071800fd71bd348f7ae2112f53cf
25:8	538634	4b07fed54b0181d3053b5f4b81c336d2e92f858cb5bd2e392849ee28f02d4900
25:9	282634	c8cdd3ba754534434eab716897a86aea099d83ce3883ffd05f2e7a01f2033630
25:10	559114	4f3bb6cbce2c23dadd3d399578674ba66083d257ce5dc3d624217a17ee0727c9
25:11	335882	e4ab4e6d1b566baf92806327feb33b592caca7638773414bfe4bf3f6b6c4f77f
25:12	313354	49cd729f1fdac610475c6a2c51c4ee391e51fa084a28109a6dd91abfaa100755
25:13	317450	a37e346e9a4efc497104d0bbd7bf1cdf2a740e59e244b865de24861dc1e8694a
25:14	264202	fcb0ce13b46ddd9fdfa0ed3f8262775bb9371aadbc7069e1b6c78705bf660802
25:15	415754	fb931dc38bdbf40ee05b22ca6794b89f6e5205fff3aa4b29c5c957a2b1940bd5
25:16	385034	3fb7a9fac6158e67b62b3fd2b0e075cc1d7ee3ef2991603565f789ae0f8d1279
25:17	548874	89f1f9aee8a57c81100db58c960aa17c6fcf110db8797606af6bd3e63213b1f9
25:18	755722	ad1c20deb4f7451d3901327271a24a355a8da0e043cd8c81d3dfce52a7f7b7bb
25:19	612362	764b57628e90d53202ac8da9ec87f85c1fd9093263680f1fe74dc9247605a86a
25:20	802826	88d52d157f204bdc7ed660c9b9f315ba796487dc43c8535815b477273d9f8e83
25:21	550922	a12a1281fd79c82c62c72611e563b67170a74c0ee5f7aef8f9bc6f12c85625ff
25:22	276490	16eee331fcab6cb3999c451626ac88e328693056eff0cc58b73fd1a55c4b914e
25:23	280586	d873582abf705220aa16b8a35c958dcc944426e7a9cc99352d5c1e17bd83f059
25:24	217098	6298e78834ead676b619547943bf7333594dc05cb62304f3e7f8ea8fd674e319
25:25	241674	0050e56e0039482062135e1ad591e41862475512d729648740f7609099837dc5
25:26	290826	d74e19edb30f1800df74488f5c9c175c4ffb6def7582637410fea5a994640bea
25:27	278538	463771e3d257f576aeed48a8367da58cb556dc1dadff405e4467327652a75348
25:28	208906	09eab76da52dd3e0482d8840770c72dcdee9f11aa4c46683880f3b2a6a4332ec
25:29	354314	4b0dcd0e02a0fd33652fddd6c9f979068d49ba59196c35e48733ac08d9e756b6
25:30	237578	63b5278f0b3d57d8c9798bf97ba855b68196f0b58c8de342da479df5a37cf8e2
25:31	362506	f52d3238cddf1a9f81a9b097a167ba20d07e68af7f2c33a763518efe7a3c01eb
25:32	493578	d79d5ae3e928e5c92b9cff1349e85a9d820bc6fe4ad839842a63e92415c4276f
25:33	235530	f858e6325bbca830c3546645d4a53d569024b165885cc9e74cca1bf2539a3116
25:34	337930	02e847b6faa568abd4a8e7a939a6d54b976db92c91712413d848887e7f85a41b
25:35	270346	52be2daa3c74193e5a565c4d7f4044669421ad3a821f91746ea617e960021128
25:36	290826	90ea90bb786f750ec70efd21993a481e3ad927eeecf00cc35d2d7f9662680df5
25:37	448522	e18686fcba0672855bacec911b13b36e8b4cb79d4e8a68f347681ceda595b167
25:38	247818	70f1a6073c651976b034118fc89cb15703a102a9c2cfbc2dc25b616f4d71eda4
25:39	237578	2c779f10bb197e0d38de7ed3616c4ea39b505bd023e2de552438702138b385d2
25:40	552970	31127ee1fb33b43bc842bbe78a3cff37524be19dabdf15fe5ca037ca9dbcfcf9
25:41	307210	2d36da27a084c3a20952a5f0a6e25fe3e403c4e97f4aedfa714d06edfb7025b3
25:42	446474	c803d120e3c23870dad8e450bc3446abf7e782fbe7b83bc000d0493c10f245bd
25:43	231434	689990b019e0fc06b5bd24676eb95c76de9c19d33860819fa91990c7bbf9494f
25:44	436234	bc18c7bb4933874e3f70050cb46dbd201998345dc654e32f69beb45e07a85733
25:45	415754	532a3c5b7f348eddb204466e248e5e6dbaec2d38c0a70999e18a13ffb5e25a49
25:46	194570	9d3d4d4e2f6f7a778e607dd6910ca234f843ffeb06bf8c7f8ee1f4c08c291531
25:47	333834	0cadd2827f854cdde85db7dfc0c0707d0c3a40ceaa75d20f42200da214ef7da4
25:48	423946	ec5d6d3c8fba5bae8f8cc020d99b9b68e9739ec6aa04918a1d92845ea6638b44
25:49	360458	c0d0454d55b3c89029857523cf8c371bdfc7260bed52aa2736b248ce7c87e1f8
25:50	311306	d2b12b47970c8b5e96cce43eba62286387182507849feb160c010b1bc5cf70cf
25:51	206858	dfc0b2884e41b64c7c161c11b9c77fc2bbcf1e842dbb8f11d80b85c314ddd01f
25:52	235530	0988bd925336b5156feb40ec283080f00e28f72f0119eb70bce8ae3db4860241
25:53	591882	1efba0eb1f6fd176a54caf495b13e2b546b2daf977cc1b01b0814c4f4f182a79
25:54	440330	e24a41859fcfdf4b495c961b411387752ba3f39335796136473983f85a00bb4e
25:55	446474	a3d3c6737467aa0578680540edd1a9b6092a8367250b655ccb8145504b59a909
25:56	274442	27b6f14218c62668278e07b015eb00399b88d13492f4da95ed57ce34d9decd7d
25:57	475146	9e141f5245433558145ad0e07a67dd09482803b64f17e6f7f500eb43a762f879
25:58	462858	1ca31ae65395cf882817453f0e6466596a8ab2a423365e075e12505a49f809c2
25:59	567306	327572792647296172656ecfccbe36581237ed6129fb9e7779ac5eb65c348aff
25:60	534538	821903f2a605cab90fb654f808925b8438cedba0c1357a05eb16ae1f51af41e6
25:61	370698	faface87bbe508d7dd7c1a347ef54461a917e65ebb780fe407829beb5c309b86
25:62	356362	085cc85861f027750f5574e7f0bbde0c79d47852364c75ce1e90317f3993c946
25:63	387082	7129ec13fc508a25247bf8015e6973ba5dfc382cc03a523edcc9bd1d845e7630
25:64	245770	fdd00d5a235c90a9279ed4674b90c696ce7b9fc0a775de68a5d23db6bb663e83
25:65	423946	6230ab0ab0e8259a8d8613a2801b1e1b76a16d836fb4668498fc5ee4acf539ab
25:66	241674	27695afabd8f44e9f411fc43f2980886fe6733978598e793f720724018ebec29
25:67	245770	6c6e04c72419356fe469f7815e4235ec8f990b184435d41624c68aa71c077339
25:68	792586	92782827aeef12497c6174f8409d60e57381dd455eaff27cd62413e8dfe191a5
25:69	266250	c49239a0406c4ec2b867524ba3620c09f24de53b8515052ef9bdef6dbf78223d
25:70	645130	79387927ab6dd888f7c1f57673de37415a6f075fa23536de3ade02155feccb51
25:71	280586	ca884898ffe3c112b1f98c3959c700c197f3bfe309f10c6a51cee536cbaf2a45
25:72	272394	75af0e60c29347a7541719c78f18bfdb5c872a0c0f23442ea29d4d8b5c90cc98
25:73	294922	3bc4301f571456574a8d548b686e6539da39aece8de63b6dff529fd328b24476
25:74	485386	150e9cd990097208f3bcd97e91a0eb8ff608da2ad322e1eedf95cb2f809f5d29
25:75	315402	61dab8f5145803996d6dfadfaf1ec38ea66fa75e7b795e7c1f9fb49a2279599e
25:76	272394	f2597c1a45580803e130fa10074d613f3bb53abbb65ca334065e73c57afc0068
25:77	331786	6240e0babd2ebaad95de80edaa192c57868d24a1f71b06cf8e5fd9ccdb4db35d
26:1	202762	27ef131bc129e3638662c853ad230154a803d78a1252a4c9ff89d3f872194389
26:2	149514	4f93b90d260674cb0c595860be447ae8b2918efc1155dec55ebfefca40d143b2
26:3	229386	6e52e889e1b971b343874dba6248914e4adc669179feb717946df8da30a81c8a
26:4	493578	11e502d0cc1960e0330b64e6a302649631456909ece60c3be2dbddaa02e586e9
26:5	335882	874251b4eff68044066f7f628ab0a7e20f80188e7f1c7400d6bf4701ea9ca0df
26:6	319498	4acf4717343b8684af88446771ac36cc2d5ebe94f3f518e091b87b7642de2813
26:7	272394	41b84dac8c1c85dfc7024e7db7234fcaaddcdf7ab72efcc5bb8809edd15de4cb
26:8	282634	3db5ea0ce7f3e06c00cfb78d7f07a53faf1ab17b191f60cf6c4645a74514f044
26:9	184330	33ad58c82ef2b5ff8745457ed2f5885e6dd749dcbd4d69a0616517be24ee9a79
26:10	225290	97795ba4df8e9858c3d955cd4a7c2962fc6d00d02ca1e6a8f2c8d834a472f91e
26:11	202762	e059ca25609993aefea6002411c7bdc2e74f695fdd5c52ba7e9cb6bbe36b62b2
26:12	206858	7393261da33cc23d7864d01b67cbac2ee87803450f840fa831314bbac10e6fe4
26:13	266250	b1847fdedfff71f5f0680cab36852f15506f05bad1e0a9bfecc7058fbb0b552e
26:14	221194	210752a5eefab2eeac772286b52ecdef7a446523f0f375d103032f2581634d87
26:15	352266	331011053e68778fa2239ec8d66ce8ddef25ff9c5ad9d99143a723942a1677ff
26:16	243722	8ffff0e02d55db32b5c43c738f47e1c2d7dbbb04a5c384614d56bbeb2a60943c
26:17	188426	ddb821cf830f457b29fafdad57a17e2fb1eb1d9da4d6e52d43216f0f9a61a72d
26:18	284682	dfbd35a232a96d3b6dc6f33d23ab844751fffb171c77520aeec4ee22e7e5f79f
26:19	227338	3eb72ce2557be4d9aa305e0204ed39f6afdb5f3a63267bc99e141fd8af1bd1f3
26:20	249866	88dc961a2f9531cbb1cd8f7077366ddda4f15ecd7b5afe9175c6596aea22a624
26:21	331786	f6168c47396c55f012c243f5791aabad305f47e9e88bd58214b80ef5f69edf89
26:22	299018	4adae33cf067177ea4309b5c412265df4dd09e9f5df20d510bf5fc391c1ee4af
26:23	165898	0dd171296479c85164eafe8f8ea1f0c5a8d80a83b063e8829b33ab6faa8dcc1b
26:24	346122	f30382dbee461156f56708c17d5f3ac5f0c995e5afcd82c966cb59e7a8f700a0
26:25	180234	79f62177175fbeb4532f4196167f349f8b3c3e6d0c8ce62835298524f4456170
26:26	231434	c228df36f5a74c11b401c9b7f13147b5b430a669e22ece823a770b8e5da214b4
26:27	241674	2a09ef1b2bc539a2f32fa519cc889046b22f63fa6ca4c1b72eec645cc6bcb656
26:28	335882	1c4bc36866ac006d55786425bcea8a97a81eab252a0812988c2752da12ae4977
26:29	266250	bdf4f9427c01a9049c51e417e210edd65bb79ce4324af7e4497c9b084b22128d
26:30	163850	4a394f83e72c7fd340794e75ae0fc41f0c9aabac509279231a7aca70c3a85e95
26:31	217098	1e0c57c4f905bba18544c41114bb6c52f3a1ee5300078ca0f95c4c2c3eeca7b2
26:32	188426	2e842db305aa17624357f95e35c0e6621fa576ccbbfc23a4dfb5e8a01253feb7
26:33	229386	1476007706726957ae2f958eccd430c1ff3bada4a985ba9425da00f7f6113450
26:34	237578	58d1317467401810fc5abf735419fb18d6677758117543cd7677de4699ed74ca
26:35	266250	e027e5c14d389c40893a9523663191307fb409d03d430f7a6ad9e75a5301e669
26:36	245770	b20031bca19a0408d1428f531e896666d6be08bad737f70769456b954945e13c
26:37	149514	19ce8b302a93c0a9e1a4edc4f8d031d61727345af2b7f7c972d617f68414bfe2
26:38	184330	c7b5579f3b47a197ce76f0719d82214cb02141ab20793e792f5c94c14272e385
26:39	184330	cbf0e7fee23717aa9655cd6c3d7ade006a77077f09e5316bd042f69ccff3c3b9
26:40	235530	c9e1e52fe1b802eb81c89b198355217033595c9266202c477ab330e84eebddf9
26:41	458762	401692c7a7929d0e84c30f937813096aeda31df0820be299ff779cd02ccccb80
26:42	196618	cb9a263d1968404be302ffb24a4bcddbed1a3746c8e07c7351604f3436c33e62
26:43	237578	3488149f548bd3aabc239e7554a5a7c51cab905c962c52bdd8b036d09cee0f4c
26:44	319498	eb59a43e2f9c19e1eee466c0707fdceb33e45291ef4c10616c9f8c4b8c730527
26:45	213002	a195af8d8f6321cb87dc38ab0f626bf469ebc70ca57121625de88f4048ca5600
26:46	131082	24200a7a4aa15b395cb8512ddd130d44f2717a9639fd6930141ec035b982bcce
26:47	206858	bf61e0b14ce57afe09c8f6e97c94fb5f4175d7ba932bf1a84790da8024089429
26:48	129034	2bd4353f73671d38c16e2c819cf9f0d1058e9c9d74bfdedc885103c889cf3203
26:49	788490	e166bf262c35f30e313f40b2770594155cfcb8c7a83d54d9093d803c15d5be2e
26:50	319498	27943cbfd414db38eeccd9338166d73f9822b07242c95c8afa303e8be96c64ed
26:51	499722	5365b0a5b52def8687526fd64184e03855b9f6b79a851aa1a82853c277c42f82
26:52	452618	b95fd75b352f30d3396aa76c75bb12bd8e6c062350320613cc5c2ce4af4629de
26:53	186378	c3db1d07b2a03f337426c618ed04ec25f85cb99d84ba1ffea899fc4f4d3eb567
26:54	208906	0da8293a3217f45dad2a8e8cdd296f05bdb5b2ab7aed8c903b19a660526b8c62
26:55	159754	889d3c8cd4e61b4e635b00008d6116c0f81ac31ce0efb918eb27c9b367e16a09
26:56	141322	672b0a6ba0a236ee0e724e61be3a310be05c1e0aa1a62009f92907e5251c323f
26:57	192522	f8409c7036c00152f7a34b5e484d55991a178166cb46f8010a98699abd63b657
26:58	147466	f3349334bdf9af8b83c850a138f63d30e158394c01752ea7e69f074d4e344008
26:59	260106	d187df20952ba9867894a29b93d0328a91611eab9ed4a23bf57e5c1eaff412da
26:60	124938	785f0e58bd4c7ed2e4e3537c611e318939669155f610508ef753d2ebc4302538
26:61	428042	8516abb028a0642661a3c3c654d00d7a4954e95abc0834933a04c3c2f0c7623e
26:62	231434	c5955eecbe9fa1441b3aa4e3ddfd88f78b4b102df5efdb29e23d56b0f2bf6278
26:63	430090	f852d6fb6f8e37e67960e5e210b76e38937cd0ee928febc4f7d52361daea483d
26:64	165898	0e085cacd8dc9e0a8d0f77e2bd6c58229f95bf3aab85b28ed9026549a5a97a52
26:65	210954	5cdeeb8876c4038bb8d12d2d88dcf616516d2537937eb02ae10227e829d22c26
26:66	159754	05e23683425b546a9900d9b25ce73cba176fc54fe1b5e4d2ae3ad66c4bc64bc4
26:67	290826	291dc003d60b19c69762b79dfe3a2b4e798f864f69868ff0a72bbb7ad1e45dbe
26:68	204810	2816f8cf5d0729791b43b628d9e21e0dfd2e6d6f8dd3e33c552c6d4cc147d897
26:69	124938	aa81088ffb740046b895b73bded6124210a9300e835d86735f67c7654a32b250
26:70	163850	78d7b196b86d4a01e4d14609a70fb26c7b50ac2f5d16f406a1254fbfac131a96
26:71	217098	24f512d1ba88d91ce85bc1d758fc1f52fb9cc6c5186862b06a12068827d53e6a
26:72	161802	d1029fe3f0db52842247ff3361c0eecd4c0864c0cf18297d0feac93630dd56be
26:73	153610	65626c94a7f4486c34ceed44bbc116b4ec23fd24b2ae0ea0450f8b7a8c57205b
26:74	231434	fcdaa848cf8ec45f7718e6c3c64468fc89bc7a88b52bb18fb9323f2b47d1afc8
26:75	182282	f075581476f1b9ed26c25d2ad87f466f6efd4724a4b8780c572cafbdedd3143c
26:76	182282	6b1d433d1e174106a7062f30757189ae9485d4d613cd603d213969aa001635f8
26:77	223242	bc7401650318c1ffef456fbddaed4cec4c684a4aea145d962868fe13789b3d39
26:78	153610	6e1e1de6e3490e0a9a1428097e26aa3041d2dd44b9fb829bf4defc2364bdc94d
26:79	161802	e2fd905276d4a568a31c50529db8e9ffa854a5ae9a25e63bc5050ef088921e19
26:80	151562	c8a5c4db238b5e13291510cadb6cd47f5e9f27e632c2d16052e4163b44e6da24
26:81	169994	d16192cae583a79e732dbe4397eaca90a7e749150087d1e9c86a6f104d5a0afb
26:82	243722	6b088670ea9ef5741f55b4968276652a9ca7f340fa39f9d2a75becbc62f9c896
26:83	206858	5c0e53131077f9c4c3309850a384003725d21d09e2c370bdef818593bf92d853
26:84	176138	3f3b57527963d42111a7e3079aa1a872d6f268e9b3b03f08840cb70d45945acb
26:85	198666	b37058370f41779f3cfd9b72141b16df41d0ba3416e485a106c1b1bce7f027d8
26:86	352266	35e6d541f11c37baada82871ec46168f1a229b4e1788b3116f7ed6ddbc36b82c
26:87	155658	599cd181cf5eb0f1cffe0cef4bd3e31a8d2043c58410cf3ae4df3a14de808a0f
26:88	182282	c33e39e809fb7c1edc022ac49c2cd5438ced92e59909f5a03f058fc36f94bb28
26:89	198666	90951209762a91e4e3575ea27e8d058dbd1a6fcfd911aab7bfdedfeaa934e2da
26:90	165898	1211ecc9a7febd0f55144c1bb09133323bf3b6ac1ac39109172cc1f0af8ca087
26:91	157706	98896fb4204f13cfca6c4107cbcbbc59edd4d807c7211bb1841ac23e05d45520
26:92	167946	fbde9708b21b0a866c5bb8cd1fa97624dc184427b65581a20449c186c7dcbe73
26:93	329738	8fe85922ce424cfe1c5358c930579aef8f523da128a8996785caa37a31575c0c
26:94	192522	fc144360d0654dfcb215f37314a4133040e9a64776f2072fe0d567bb24e4dc22
26:95	186378	0679c3dd4f76d0357f7ccbc65a34ff4e57569687ac54d7fa5e69ca0b8cce206c
26:96	188426	57a93bb18a8881983191b08a1e1d4d8ab70eac90ac83fdfbf79107a3934b7488
26:97	245770	9fbf75ddabb1838a31cdec2dfaed326738324972af3e2518ea4f84a2a2dee644
26:98	184330	979e14f16586aaabaeda49ae186d9d542ce72a1d7d8553dbc73edd6b87300fe0
26:99	192522	3595de26c4a4030b4d74fd909229447c0f5d4c105f9024147f4aa0a1bf7ed567
26:100	124938	36e773c7b8ce81f7f46b3a369d698d7228ed15cf87f8d4a3ba5cd7ca2c3b9ce0
26:101	116746	190d1053e128917821aca2f6fd4e98197deffc3b77759f79b0adeb4a4fbd7194
26:102	215050	7b3f11e6084c178842f2e861357c7afbf94d5beb26b3575a8056c627b990c38c
26:103	313354	3c2d95686acdd9f54a87b22b62dfe08bfdbc34abacad5fb45e8e89403a800385
26:104	208906	b4e4b564917e8e7f6fc3fe031c336b030ea89d391a1f72a89f00fbb186d8ebbd
26:105	167946	4b384ed56b1b36df80d438819da8f1d19e91f6ea6ea8aac61cab679136f83d9b
26:106	213002	f8bfceecfaa5823a61ae30aa96e519bd8500666cf9e04d866932fca6cb46f21c
26:107	159754	5d761f3e240b7ce14f0373f5c0b16b52d6020edeeea658f11729220c119fc3d3
26:108	167946	b23def7a4bb14333ef1a78190386fc1e5990b2db2d1b4da34106979d1a304876
26:109	452618	a97a224f5278dfc7ff41e6e642e95315f09b80f2b55e1715ccf9de8054171cab
26:110	141322	8cbbfc670ff0a70d27318d69c0e67c3a59128edda0599fcf004444aa163d8bad
26:111	217098	d556a3353fc22ced18c3e6542de1b1c30655254a0fc25eb332b5012488eef44c
26:112	198666	82673a436e8800a0d50bf8f2621726be52306f7163ae2038b62a4ae5ca76d19c
26:113	292874	62ce66a4c274a0b2688a216cde69c85ea6ce0d3ce1a4cfcdc6f46dff329d413e
26:114	172042	7800f8a9c1e61492ee60e54d1424fd5c892d2f5ffa72bc84d4d65a5b4313afd4
26:115	176138	86f1c8a01773a3020aa1a430ab860ccced474fca26f79a32514d09998c378ab6
26:116	305162	7c7e438454d62fbb1508cdd2f203cdaa45eaf3793ac64689928d89000836c20f
26:117	174090	2d1dc9e1c027dc23edac76e11e3516d403762364b1a4b137787aa0e6cde387c4
26:118	303114	ef4c379ef416ffa90ea4406bef76f6d81afd88026eada8c864a9b76fd67ad9a1
26:119	217098	d62236336eff1dd51eec56c8730b74ead1d60685831007949e395bdc139d839a
26:120	221194	1a1c88ca58bc14e779b308bc304448c13a7df55d83ea2e19cd3d326fb93faca6
26:121	331786	bf0b73fb8921c864c688992cafdb8ccd0e49b4ead11257b88678ade8e9a430ed
26:122	204810	7400c543b1e4bdb8bb384973e855b2228696dbfe95f3d61c3a1e000e53380ae5
26:123	151562	b0aff84c80f47f4e1884904b4d5fa66e07fa32d9ca8d3f20091693e7bbae079f
26:124	215050	a06043777a7b227f9296c3cbb9a69c54d9f06890cfc863cb1f5f6c49ad9f5305
26:125	151562	3422ac478dacb5fc10316831f3f21d580483cf696aab78c4a34c8095ee7581d2
26:126	147466	8a2807af92320056f5bd6888cb366d8ee9a76c82e69eb31cd684f6ddb2b1cb24
26:127	419850	9931c559c5be39b313dc36c11ce09557edf2a3ffe65974ea17d37759215653ea
26:128	227338	e0c6a70a93634bedc8823fb806212541cc2f1396ecacbb73509c589b5a6253f5
26:129	229386	8998e1d617f5859962b3b43fa36133564b5eaec656bee3098bbaf47339d3381c
26:130	202762	0882528e55db8d2ae62559ed91cf217ce4677b0c8a562c97acf0f5d57f494ae3
26:131	167946	34c394657eb31d24443face118859748c5ada833e6dd4bcb2fda5b8e18eb1b8f
26:132	206858	1c28c881fc25134a441dd3e500143e494ee49a8067597245cf62d35362f78a23
26:133	165898	dc1937d695d52a9a7810f563a66361ad1cca734eaa5b6fdc3c96eae2905a2c93
26:134	159754	40c3d7963aae16a4b212d04727d9231c53822382c38abee580180c7f0276e9ef
26:135	247818	ab5771c66c9ccfa8c08148069c9bfb1aca715726f89f4e9c736db8759c515463
26:136	352266	5ab04a00c15525052ac6f44ad526c64e04087107600d998f51f0a7383490a886
26:137	204810	1f0483d4ec03bd43edefed2875462147cfa2a24d130acc0f387eaf0bfd041861
26:138	184330	9f567e6f6b01c34f4ec07049c2628376e490eeb5a783495de70d9dbe38e85e1e
26:139	466954	a6de866ff2c862608b2e47f12e41936c611f184e14ee532f7f052c31ee558100
26:140	176138	b7105c0cfd135f8c597373337e3984ff2a7d6bfe2f3c13ec6d9ff09a5a28775d
26:141	149514	75a6ab9602e32746f6d9e65a6382168ce260aca1c7d42c14f9db058217d5c8e6
26:142	198666	7e98a8fae204dd843c9eb0a79208f08f9c75ab6a80f69146e8630c8ab33d1b6d
26:143	161802	3b996627611dc20640443ebde1cce6f6eeec1bad7da0e1953aa9132678940945
26:144	163850	9e0dc49a60a475ea470db432cd962b76f78779657d84ddfadca82d9a0e9bc6b2
26:145	364554	c2ecbfc7c3fc137332b525148b14c3dc81c41756bdc4fa21f67f871ee560c7bd
26:146	202762	387201767618bcb8c62234d789be5f1f1842440a70bab8c31c44b38b6121d74b
26:147	147466	61afe6372bd5b77d425a0bdd7d211782db0714b062483d9753c08f188aa18df8
26:148	172042	9f288097dddd5a425a9cae24471e027503e79e0e2deaf169b47c1803cf168937
26:149	204810	c8824fb3b84bfabf87c4567087afea29ddf3f9e46662cf28ceb6e5df4dec9d88
26:150	143370	5c042af73a9062bb34f0adb6472e58ab9cf1a3bd9920bf8d2632e43d92c9a44c
26:151	176138	63520336a05a649669e049d8b52112ff4db9c49858e096558bf0788afd511f8a
26:152	206858	a0bf9feda157c052a1d697f4c2a25e6d621c47b97f78bf156820f7b56b1fa733
26:153	264202	f000a0de4e47b75419647d88ee5e755336ca2f1d91b0076073b42c1342a90511
26:154	344074	9a8bd846dea22c44f135c9818dac43ba49369ca8c1adea4d91c8df5b40e0b9dc
26:155	303114	d08491d421caedb700ed7adbad78944161dceddf96461d5db0f145ccf48d4c71
26:156	282634	b8c2a63f9ede8dfe5d00466b0e82fb0249061e2198c15d69229323b30a4d1337
26:157	163850	b1d48a7eabb8c1a38c3f04b38de1c688af1d393dce34d80f2d1c2629946b1b3b
26:158	407562	2ffc1354a8c6ebef8892c6012826320429e18c84dda72841e295c2c5313bd6d5
26:159	219146	1a6b9065d2700753ea211fd4f1894b0b6af536fc6c6ed2d718578bbdf821878a
26:160	176138	dcba44c2e701528034c117912b0e30b505708e862c716865f11171ee2d7505c5
26:161	213002	05d633eb9626365645cee7886cda5558a75dafb479d8d3e8c0ffb7352aa28bf5
26:162	163850	00075f11732ec60e97f7e26dd684f399b7b6c9ce939c301d66aaa70247a078d2
26:163	165898	51ff5e49a70eba640aa76cc7dd5e415613da116854ff2680d8672538665f9899
26:164	405514	4895a6af3ef5af347cdded926e981aeeb501ed8d92b367100c75db2ea8ff860d
26:165	192522	37d83404b6bbaafc17c53539ab004f40170578439a03fcb0fcaee108bb18bc17
26:166	409610	00eec529babb3d85242be59692432aaaf080ccfc2e950b9d137e0f82fb9b625f
26:167	274442	d66e783c4a2fe5816b298fac02d5fc3f98e78f2407b1a916b0eed8a26f6d6a1a
26:168	206858	4915cd0c5553cac60560ac1d9738518dace7457539484653342f033bfffdaff1
26:169	202762	85d86aaa0134e24f0ef95f6eac199ebe2f64255ce64c3f2f4faf7551269261c3
26:170	182282	568f901c556a72559ffe452c61822abab820471e355c4de7954045f324c2100b
26:171	157706	0a376e52512252fcd165ebf1238f105f3be651f8cf31011a8a4477ade3df1e0a
26:172	149514	f7b61ec72f8d88ac80316efee382841f500d9f3ae512d4900b4eb0e65bd89211
26:173	315402	53a9d53a899a1312af0b0a6aebca879af7592631ce23427b811d67e52a63c103
26:174	348170	2131e9316fd0e2cb50f7f6c8ca6b26db8a318213c1c427d1c5a6236336f67645
26:175	200714	c0469deb5cd86ebe3ec4d85e24a05d88c988b53235680cd44440e9712f58a82f
26:176	198666	5302723b7f7a84f0e93a67a4504ee167f96172ec7d13577b27bd43f0c9ae9fe7
26:177	200714	ad26b76ef421c5fd73090ebc0d74e38cafb497685f8dd3972555e77acbb404ef
26:178	163850	2728639da83130b248115257d4769d1a183e19bddba9a38864ba842f9452f3b6
26:179	135178	d4dcd5089d6b25735d55de8bd4a969d44e8341b42eee6be52b4ed3c4b0938c7d
26:180	387082	764d6e33f955b24076cb188c712a34439e0962d009bb69d95437542a69031017
26:181	210954	78765b5a6487f2990b8349f59446166f98bb4a5ac5b24b39dc11f99e91ebbb1f
26:182	159754	324bfbc0e7b5bdaaeb9b3f0dfe675a0e0383c533578df08b34afc559c0451664
26:183	286730	ac3c7351f40cebfb499b82838774879a66197ad613f6e87549481c7695271e8d
26:184	245770	bd7dcd3d4d81fbe9dc2ace7055154991b7ba4a5b8f4e29fb8e38c1ca0bbd37fc
26:185	290826	772765029c1d4d747860c73b4fc595a278658d52a9312223ce2a28ae6b3d84ed
26:186	327690	9ef1d4db56f79f1f1f8a61a1e130f090d46a56c0685880a0366283760aeaa672
26:187	331786	caf717665a0a364aa320424cd9c19e1f6c2bd32d8967335804174a47e9f3916a
26:188	227338	d83add4e87f92245fb64a280490b2404d87b13e36cef75fac89cf9b59508f12b
26:189	389130	2cc7105ddf912923bc2dec8cea9595575134fdf8dff8355e93122acee78d8aa0
26:190	358410	3bca737ba2fec74cf1e195e2dc032bfd5c03261cc4e20a8542185a3f42750b5c
26:191	172042	69aef95c2af68aa96e7b06e06867017e28adbfdb9ebb5a372113a6c50f01a665
26:192	204810	af71e4a6861f129c88435b4f401e49253172966258ed5df81a219eafd9b72d76
26:193	147466	fdaed73e975b14603d0b54de0d69edb408be13402d4513c0c17676962b680cf0
26:194	178186	3038ecf811c80da9cd2c0aa89d42ebe9bbc5daaa0a290127e2be6c384017b701
26:195	176138	a5c1557aab95f0206f05b4e291b746cb04b06c915f66d36efa1a2e7c0985e1b1
26:196	217098	e6cd0ef5e02247c2e09094a6f1ddf354b976e843c783efb8482e85f3b9136691
26:197	364554	170a61fc465fb4879896025d382cd4ffd5658d5f6f9f334b5cf5ab650876721a
26:198	184330	8a2ddc4598278f30beb3885e53bdfbbddd720a7e227082d0dca27d1bac5543f1
26:199	206858	acf482e610e2001de639373fe3fe5a3db5298c1a3f78474778a09739ef037e5f
26:200	215050	01982f9ab57bf000a52be6ea0ac902fb63de2aa6bb76ec141e0eb85307b882bb
26:201	213002	07d29192bef1b7ba055c19ea2f287751dd6245a4add5c766b3daa0c1af4f41f9
26:202	198666	2e43f566a45f0e16b5c420ff06a77b472f35fe17b60830706ad6645dab9f77f0
26:203	176138	37c50aca9fb6212b32e3ff7599489c13bddf6961f53bee123a7417f2cd1bac4c
26:204	182282	5e060e4b493098fb55a27ab431794c0262afbff23805234d368e702978733442
26:205	210954	7c021a374bc2c48b21a8aa32638e3cc81c691d6a043d865b2b1b156c92e772d8
26:206	225290	767ef8235f42bc77ba6b0924fe00fafb3c9010ec00c9991840e759a8180702ef
26:207	235530	0322f8e73e71fad63c67967a4b56276fc2dee15b0ecd06bce437f7cb89aa36f9
26:208	270346	9b7eb9ca13a26c33261b206d66259344f8cb535c8fee91cb1700407de0a34846
26:209	188426	d353aa33c17d8a04b8bd497d644e247fdbdf9ec30054e7d84a1460c796855ec2
26:210	198666	31e1ff5c3430b930ba053516021fbee3e9db0e5ca163357296b16499d9c67c18
26:211	215050	70d1e34ecec467727dcadbeea5fb3514d072b7a5c039170f860491f66a37f9c4
26:212	221194	2870ed4167b2c102705c10c89835af2b34920e4097e724767f5e0253a76a182a
26:213	311306	edd0d1da8c58941b89fc2e54d47502e9bcb5ebcec90beac0ad48b6389d5c3e8a
26:214	176138	9ef4c894fb19d5d468f2b7513050f0a867682c81e6ee49953a22c4eedba63216
26:215	231434	10eb51160fd0868cb2cc9669968523d7c3f2131dbde444ad463aceacca36fdca
26:216	272394	ddf1290de3355704a0a8f9470b1ae9f3d8db79db01ec695b45a04531aca48c2e
26:217	161802	eb83962904283c6ba5043c38aac406dc139b96df96571e99acf945774b145505
26:218	159754	f3fa703b5cfcbbd8b0e7fb3ad81d772af5253eb19f39f2f31f11cb65ff7be6e4
26:219	151562	d00decd61de92d488413ca44ef50201de5df8583c903cb91b23cc3a941e6e01e
26:220	204810	393d8c3d4b59cfc28e50c8434db2b916113365be76e47126eeafa3e9c167d5a9
26:221	233482	78c9497f9458e5ebe1c97747e98fea4a769f3a2e67a761d7165c4e8e9a574133
26:222	196618	3413433777fd3df557b10803c36c2972ee12f29006f4d397b86c9eab65cbdc38
26:223	221194	c8a11cc9cdf17ee0b30fcd9dd6534cfc71def64d8b45c40a0586d55f64196df4
26:224	227338	c23474f49bb6d00f6ad741d35d25b16430d5599f8a9da1eef232199089dfe72d
26:225	225290	e33b8556d9d53de33cb80e76e0ac2d39999bf7d3ae656ff884b5427eb1b8326e
26:226	241674	75b5ee799d27f53d9df1faf58c2a1ec89eab1428eaef4bbf30546b53a0b375bf
26:227	712714	acd22ee7c248b440a1e2b69b7f5c17f462a8686904df9646ede7777013f5e621
27:1	274442	54519e43027609ae7c5c701324ac8465633d970f7aff59b3d6ab2f25c858fefe
27:2	124938	030cf2f2933641693dfea6246c61061c8fd9a2de489f3c6a767f2ccd4ae97e1d
27:3	251914	03d005521e668621d8fc1c169106a9c5929cf93c46f8b82c7eb98a49f17dbe24
27:4	276490	69542942a70601eb2acd7f5c403f16d4bb147ecbb5eded005983c87d8d337e4e
27:5	317450	d3df7e71d8e5154bb42b7b9d1471e26ef03118b8a585ff16ff90835c6b4bd008
27:6	208906	9fcf60cf9b8ef60e674e44570a32cb5abf1f75f305fb7c890966c9af39fd6a65
27:7	544778	4be52805af92f59c02bfd203863c1e702ac3beea07cb7d45ca632baefc70d788
27:8	454666	133fff012d01bdccd83948b16c95c49092263831d5b41049e0525febcac29df2
27:9	210954	af24a845fb806df483ece2dc0797072e7a0c49d5605103f40b40950a0ec73a48
27:10	659466	dcae7452fe3270703346b9990c7682623093e46d5685eeceeeb1a047105ac952
27:11	292874	a9ddd7ea6eef100c303e1b62e9400f77c3d8ec0c7a4120fba29c78fcad596c9b
27:12	600074	bd4475f5420f68ab261d953cd0d65281ca3e0f745e627b1bd53ec9c5d025979e
27:13	387082	37212257bb13388768814e9931dba2d25726f37d20d8257b8f9a4e4f2179a59a
27:14	460810	33b47e44c8d3404caa1b9b5b3bf5826b6562b53bd6f872e4f5a7971845d67bf8
27:15	466954	fc7eaa27529f9f0d5951b620175ed629ea6f774e234a8bb409a9d4fba9b7afa3
27:16	681994	51ee4f37c1ecc0342819b4174901df88ed12239d6451ec22c977e278ff5dcb3a
27:17	364554	af0417fb95ed21babf21d696df92dc89ad993aa673e6b8172e6781036f6502ee
27:18	772106	f54d4d4181e154ebfb1aaa3a12638156074d01e8cd0aa2529568bae7e351c03a
27:19	915466	a3c92b03567ebd40a03ce6f3344bc5dd1ecdf92ef44bbee41dfc3c3f5be9e52e
27:20	325642	8622d51a6024c9420adc6cbeee6b2023889e1eb61b5868d55c7f3052b27058c2
27:21	497674	856810739a19bb05ff1afb3968c9a2bb042e2029be5b3e7f4d158e0bee1c7356
27:22	440330	f9cedc4c7019a76dc8c62128db9fb31a3e33250c99c35cbe801b18e330eb3fb2
27:23	428042	b4a7dea123b65255cabe416ac329fb416121867670435825134ed92c8af4080d
27:24	557066	e7dd4c58756b20b093c5aef108df892a07223d31958e44c6faeeb5830716d34e
27:25	436234	ccefef7df672f3165a0d1d4faf6cc0f4f60f3db65bb3b45b76148f8c2f05a649
27:26	190474	ac651910a59d8e0eedff05d6c700f1d57530100c00a4bbf661083af65664b90c
27:27	223242	eb383ccf775bed624d495761fc9ab85367599f2c141af7ba084df5eade254146
27:28	462858	db219eb26e3a6362ecb25593611acb86ad615a7e4333793863e97a9a4061a535
27:29	290826	8df29aa3a4eb4a953df92b0ae143f119377560525dd24833f114b1981b5468af
27:30	262154	46ec77fc6fe38f6bbeadafc4b5d4f626d5c1a0d8a23207e674243395f70be9af
27:31	221194	06a142f83a0b99522dbcdcd2e31aba0a32c7218804837d2bb7e1e1c1664447d9
27:32	544778	6555e531e1f5f6ff89f0dcb4faeee7f3aff63dfe0b99fb3a5c2e5465c66f8eca
27:33	512010	63725c5e020b57abd42742ea018d348fe17bc8637c39041edfebb64be39ab6b6
27:34	598026	cd5af7c953449ce625002b3b54cccd13a8d1ffc2d9794b0228d1b1bfe70da394
27:35	362506	5b929fb3f475b75492384e0961155c8fdacea96c0a5f0c2685b7f1b69641dd11
27:36	800778	a9f76c9443aaf4fd1c37f2642d4de6b056bc8c57581450c27ad771a478f526d2
27:37	577546	9ecbf35ff6039e63682fb0a5aa342a89d604b11d701c134f1447123c8dec4636
27:38	393226	1a935d20b65d39732da1f4548cdf8e6d5465e1c22cd77657a68930f60713bec1
27:39	512010	8073e171068e2e0281b70785ca07894ab1f8eb58a7c15ef0636a4af341737794
27:40	1273866	14db716a9c2b90a4b8829d22335e73540a112453dfd778db6e97757a71432a58
27:41	442378	fda62ee0ecfcd0292e9f6cbb6f089f45bbc833bf2252e01e4232e573b7710c9a
27:42	579594	4cb357106bfcd2ce105957e6edd62719cd31cc3154960ab5a28897245738e3b7
27:43	360458	1011cf9220e5873b1f9a777d9a84f9817a56c96e6664bb69ec261db1da16fdce
27:44	870410	4b6de51796a75868f14f65acf97d86664424f7cf5832b137737da325b6be3e9c
27:45	483338	27f7dc3032874669e31585573ac4a8c3e8812626cf43ca1ccfbfc800c10231e1
27:46	454666	7d6ff136ef92e6d4361154f4e7c8d30a81b9774b34fa0a4312dcfe76c3898a52
27:47	536586	e4b8fbe397aa14d0c320f84feca66f9850556ee7fb4611cd56577adb44d2dff0
27:48	290826	c144ac744b6bfceeb7de2068acdf3ccb19d3883787fcebbf0cd4485cde51d2d2
27:49	692234	b2a52b832e3f7aeb51cbd7e37f23a66019fb3b1a683741ff868ab591ce166ab4
27:50	256010	d1b471aff16f5a675c4de5003b43026e2c3d5f2e8fce44450d66056d1c49c474
27:51	321546	983166e2f3806529d0091c110c6218cb1ced8efef748815598fa14ab9f1d70dc
27:52	419850	086dbd38c061676c0f906c951d79885d0a4f6711b484b4a1e45739566b39fd74
27:53	262154	e4f229ca4e537f49c5143d4917ca4e642852b63325f7ff74719a1f2b7c1129c2
27:54	364554	49e5a9e4666d102289ab1686e6fb1142a6dc98f2afcee4cc0bb64e02d5c53162
27:55	438282	64126d6385f95deb45ef23c3350ddbf1173751cb5b08b875906d075f92a63dd2
27:56	612362	7b56adb1b1a152d5a15811203f3abf878b1de8f945b91ad51925eed0a48ccdf9
27:57	292874	d43d6480ac54221273b2e713ebf3b6f13fb5262e604d956775d785ce0e48e152
27:58	323594	1f81c7795478ad3fb0ca41d0dde0596795696dc37b0641dcb74a5616eb68f101
27:59	489482	401881f5fbcbb0ce3a721a7c4becabf00dc2b43769046b9022ce63cccb7a3330
27:60	1116170	a85d0e8ba9dfd812691f8bfb074409d2ad441a602ae95483040ab82dd2d95cef
27:61	911370	ebc7d6da42590bccea125aec10568828e3c38a3a341fa460286ecb5d3e1c11e4
27:62	745482	e327864527db7350cc5b5a118b120008db5d6b69e54953918afe46915bf2f6ee
27:63	763914	b26185a588826e608f26f689189a0f638348be1bed1600f89a2a7b82386bc409
27:64	647178	b94d5350ffac780bbbf2cec43fe7ff0f72f9bb66bbc68b99514dcf944a715c10
27:65	442378	1310feaf1f8648d370c96effbc47f2026e8cd9d8bf92c61635b2d98ab1d26fe1
27:66	495626	62d958686158985663779534a8b5ffea439e5b8a3b33f2101fea7f39ee212ad7
27:67	360458	3f6ab6fc96ed647ca79c8edb47c455e6bf71fb0d46eea2fd700e9a2236656c99
27:68	501770	cf720c5e91c8c6b8dc0ed9f26e1ed7dc695b2a3fa31cc981ca5b03fe24c565db
27:69	239626	6ba9e477c1784c1b0fa04eabcb6eaf8018d3542cafbfce774bb661bfc68c632c
27:70	253962	952e77551e971b51e2cd7024142228ce4b1bb4eb5ab201a40ebccdb1bbe48a33
27:71	245770	7b8ada3f73f5d17144550e82385ce28fa45a76aa5bf19fb08e5d86d95083636a
27:72	258058	35a4758156b2c556b80dcf5a37ac6e8db543e036e91bd2bf3f9425f5f536fe08
27:73	286730	f23df0eb934509172ee82456b6c774c2fd3c16a21a0cce2d9cd73190b3d7c70f
27:74	237578	9a9a4f2caf4f444f1dec5d662ab7d69a62a3d2f78d4ce915925f6704f8f12ce5
27:75	313354	eff0dd620274bd11c4ccd499e1c86e17735d1b0713ae147ccbb697999c677f9d
27:76	348170	8d8a6c87dfda4e77fc6a1e0815e781b882f478382b58823559c6eab02e37ccdf
27:77	229386	ea3cf1c4dfddf570bbf385060015a4bf8f0ceeae1681405a7db7d31816412042
27:78	323594	3db79dc8107a08f04cecdcf2fb22a0c73e62fe293777e39d81b98ec759556019
27:79	243722	0e5fe6ae9e1c64c85e6c495c4e445a38b6c3dfaac554367f0dccdbad22c5a0f0
27:80	323594	ac4e4e41deabb1886a8c72e66c6f76885eae366df9aa58724c8522ab00fb8b52
27:81	477194	7aa9e8f8a84c87ec3d8f3bde53d22e801be15c282666113c028148932b7a86e7
27:82	489482	7649b1a990038aaf4ce106654680b95ddfd99815e4c08dc220eb3c6114172010
27:83	282634	570cf18814208752a38b85628bd89ff43301f68ebe617fc6990638756d293df2
27:84	446474	6cd3abe29d00f2281b2e318b1a189ce6534acc7468dccb747bf4e1d5490cff07
27:85	188426	dee33037b64df38773792ec1ccff39f0671e932dbd2b259d7cb4a06c854829b7
27:86	376842	2e60da91e4b7c426094e426fbcb0de948a9ef2ca090057561e4215be06094c95
27:87	393226	8fd673b2977cb8876e39fb628a16b70ff6e6b1f6411b5cb1c894dcbee3d2f3c0
27:88	485386	e2d33a518ed364567f93057ba95a50d7bfb6fa45155c84c5aa0fe4cb312e3cba
27:89	284682	d101c1cca10a38b1444d056dd2f56f57ae5fd9775448ef232fd5e6cd8b247b69
27:90	364554	237299eed9cd4602e94659294fe34d1657b8bc312a26597c77594ab4838f966a
27:91	446474	7bd7d79defb1e967fdfb58ed44eb6337e6a1e915077c43001320b9f28150fc28
27:92	507914	965db754b1abca33ae6b16417bf7635bdd443db7ac48c6170b378285705c055c
27:93	344074	8a0a2b8b8d5a763bdd98427b91e5610e4816ea0bc39e337e7b942877faefbf9f
28:1	161802	413f082485935eb1f3fc8aeeaea9ad1f7674aa754a2ecaaf653683dd3ea8a3e7
28:2	147466	964bb11457d1701b890e549d56942274fa1fcd0d01b33af8c37c3671c537dfff
28:3	223242	08cb4eae26908dd9c7e0be4de0b9a87a640cb6066f89d486b69da3947e6196b0
28:4	735242	1e0fb3efcb943ad3f2f073bd3cc85da5a7c0b1a1284d0a5b7b56c8d7bb01242c
28:5	417802	45dcaa3fda2c8ef6319cef0bf27b66bea772a16a5d266669709c282a576a1eea
28:6	471050	5250b95353ff50918e6161d76afee61219a9e534a0d219c81e28c89e5678556f
28:7	753674	deac619fae1f73679c3d2c0b309d9b4c1e3e43ec2e7823300b6506dc72167949
28:8	456714	3aa9da301c61fad99c9aa926df426c6185107f25797fc77ac231e6a182100fe4
28:9	671754	5360a9e171ba5e3c5ff1a1ddc10f57f66e8db771397a597b381082fcdc6bec96
28:10	577546	f16216af00140bba8c3070fa24c07bef0d9682f4ee62b4bb82b29e76c98818e3
28:11	352266	e49ccbf471b8f869a014b332fa94f2d58d06ea2c5d2bf114197efb6820e6cde7
28:12	550922	76514bb62bd7bd57614c0d99d872aa2dca622db45beace685e12a053ccc9156c
28:13	493578	fd76fcc99490ebd74336f1b7341820fc2b64131e90f86cbca9cae8a601d28b3f
28:14	382986	3130684d68dc9e22044032890e3df9f80393f174aa463d32cc540827f10a40da
28:15	1138698	5668a9d285c556880906ac7863c4137d481710bf05fd8d6733d63468352b4582
28:16	360458	38c23a2799473087c28172ce10f4e88565ec6dde755e1f9f5db1bf6190331d12
28:17	264202	99d210ec23ad631ac7a1f9046746384e23c408ca402985f1efc46fc54640305f
28:18	530442	c7567117804c702f963e2f4b9428a7936a4d7a6d7ac4efe791b8bd1a5fcafeba
28:19	921610	1ee9b2467133c0df56b6277890e801958a34b96ed53ce73669a0f2a62281ecdb
28:20	622602	886bf3274764a54ebb0cfe0cacf2ae63263eaec9ec82946535413bb2b24381b3
28:21	387082	cb10ecb5f6223106718df150c83f2840d0d6039a1a7ffbde7d85e84135d66e90
28:22	454666	b7e700b0765feee086b0b9e0c6256ef9bc2a7dc6fee902e12150ba9c3129ee65
28:23	946186	db0d7e683dfed9e7ca780ef27cbddf784ec2d1512b498c8e10448fc9d6555ad6
28:24	524298	fd2e8347432e58e03a890340e55a0b4495c186d2dcc7451922e6b71be0b3499a
28:25	884746	ca1875752b51465c107708accd7432b1630e85080cd07c4c398d4efdbe414733
28:26	452618	bc0a2f27994ad14731831eb7f3720926e27c2ea38cabb758145b25f0595e7e9c
28:27	1011722	a9663130d7d2bd3e9a07429f2df64129389e287f8d12662d8bdea8efc1719574
28:28	485386	087e1b12c94d2286cf80e6b8fe904f87bd32b94693417b73dffef3b3b66b31a2
28:29	921610	2a41d1c9a500e882fcaeba1dfdb4a72bb23da6241486efca4ed1de9b107edceb
28:30	610314	e63eb067046d2661ff8740138a312d4ca4fa62327699d7af7f604524885d8726
28:31	729098	ec200ed30a2a5a6accb4c5f40a4d80e6621403554a1aae65d8b7a85d88654f65
28:32	804874	0504354bb27b371e3dbaf222817521dfef3f33ad2b0a532b484c6f16b18ef13b
28:33	276490	298a4d81fc349e1d0f56b680249217a930bff91f7eb332b5e92192db5aee74a6
28:34	606218	47f4b945cc1eb6358854562d2d66393366fc883c09ed1767e49fc31e18f28925
28:35	561162	67067c8272564d81289fe50d1faedf771682485032810f0281046e758b5ad93a
28:36	741386	1561858e6658b332fd0b439ca11202d6d4b38556810215b3f2f781d0fa8a3020
28:37	620554	ff28980eb0db4c690e4509ac8f303a25c3607650815487dc891912ec20a0e331
28:38	864266	86e55f0be3433ff2431996b3c659817c0aacba7ec72c04fd2f59dd6ca85d4f21
28:39	440330	b928956f35a05fa51b0049df867e6757d3d725eaae7536e42a1ec7e55c6f615d
28:40	401418	4b0298aa65e00099e0e93c6da86ff46e0e71249e0b743b6c09b40952edb31d79
28:41	370698	742bacd2015195e5bbe786fec8aa101132c075a602114f5accf17fc4997f0f9e
28:42	385034	7470e57e7d32605c7f00900b31801797f1e5fde218909f18ef12078e94659b3f
28:43	587786	d424da7307b34d791a18b11c3fc748fbb224f3250bd74c37ecf1f8a8b6b68c94
28:44	358410	f3ab271b467bcee60eb00001c788a7152c5a1a5fc23eff236b5ea08fc4e230c7
28:45	788490	ae62c7eee6559c150506aa45a641491b863925cd819994ca92e71f1c0b9fca4b
28:46	677898	7484b91e5fea048afd404b8bbb8ac0b8ad99e251af7cb24741551d7327f25385
28:47	686090	6fc296ab2b63143c5b3732961af353df97bbe726d8d7fcb136f43959dfea0854
28:48	1036298	a8b8e63284890a0c1e8733800669c94f718c564e27f105be382b613aaf49136f
28:49	366602	ad12ec36eb0857b36fe7b4fb63b4194ef55432e979f7d34f8a5a646bcb3a99b5
28:50	667658	b304d35d3b0a34b92f00c7ac088d0a9ba3bdcbad71f958b891087084a66420d0
28:51	225290	abcc2f8ea06e7f26213ab5dae022127428d2966bebf555f384d51a2eb37798c5
28:52	278538	4c8152c81bd05556f726797c670817131888146e9b24217d358e3cdfb8c53cbe
28:53	583690	603001462fedc68b2cd0ca87f34dc92dd5ceb8041c7d9a6cc01767b43f43e2bc
28:54	520202	b27c5a5166bfe288fc502daacb3005423fbee7e8af727bc2c8d36c989cabdac5
28:55	536586	86b5e1d7171ed67c75ebbf355ba9f766995892e714876ed4bc24d5946c49d772
28:56	436234	1ddfd384093c41a7420ebd036c4558c834401792161031616f8b8b158f45e4a8
28:57	860170	ad373f7e5ee36fdca345ce3ebd0a73b9152abec9b5fecb9d1ff2ebaece8269ca
28:58	591882	e68c00a6d346ebbe49e6d1592e2ed77aa43e8b36c77fdbdf775ae2e084b8b385
28:59	571402	0a9b3d779591b3a8d9202103658e4b16bd90fbfb1a3bc8ba3ab4fda95c4575d6
28:60	524298	fdd41afdaeff6ceb032960ff2e6eeff3733831ef9fb30c46372510fb95815db6
28:61	487434	269104fccb94af6577c93730d4fee7aeedcd131910ac1cde868925e77143a573
28:62	258058	54620119ab40d47e0d5a46d47f1d95fdb229878a51d6b599633acb3318e23e12
28:63	714762	ef1a17a5c630fa30c9932cf74251c2981dd62182b2e7c59d038119d01dc5c31e
28:64	458762	c5ee7186b534a2febb33985a96cac80e8318c3bf33d0bc68f46d655520eb87b6
28:65	239626	6adfa1681ca4fc68f8b866c5acdb3a09684745a5166739dbc58d5eef121bb1d7
28:66	282634	34a1706286029f00ef4e8e13ae424c1e5655aa19b139579cb800868f6ad66cac
28:67	309258	550419ad87a21824ca52aac4292d6cbaeb7d6f57dcb3533661fe7d90de4e2994
28:68	493578	10049aa3bfe5f8225e2f16a2c29485e8b37462cd843955327c03204cc6b3491d
28:69	198666	a72b65a0eb28b79bd7fc709d37664c04624d1edc6a5526b8f756cdee05dccb68
28:70	479242	578b628dc49e7cb426d43ded647a5b91c24890b7d39090e4c1103d406f830396
28:71	675850	e63cef920db8e1d71b7248121a02a453a7690b0d3fce24dbe34ea3bb55b6483e
28:72	712714	c182fd3dfe89eb087896da2af5036e507f8d63a1441b12da0f3799b355d76ea3
28:73	436234	36b31a9924819b20ba91aa865cf6036c82158e805e1802572edc2e510fd2ec15
28:74	282634	88802926305a7ed60040419d0fd22d8499fd7d15f11fd8883fc9addfd4816066
28:75	505866	3eb433a1e5f775097f5420f1b883c1cf6c712d56336f2c92ee5ec95aa480f4a6
28:76	972810	2a324149583a9e91d2d00c9d30482819bf260f8624656de6e7d3dc3729eeac8f
28:77	921610	148c3aab2db169b215903142d06f48b07c9c22106f7479460d9f8ad53ebfce67
28:78	935946	5238712f032ec77ee966e8b1384e832224b2d74f43b706ec26f19b466067c14a
28:79	659466	00999c257fba743d6cf58b2286d6031a4af7d52875304c54574ddd159ae715eb
28:80	530442	202317508ccca3bf242614b9e1d292c2c0de3d4f7101c79ca44ecc4254d7ecfa
28:81	481290	9f0d99cb691a14ee352e7f9ed63012f3b6400670e43431a5b2d585896de766f6
28:82	888842	fd76651224399f628a5e61ae4f0f90f9bbda887e66de2c35512d8098a61c910b
28:83	446474	81627cbb478e6385d1c82810455b7ad20e7468e4ed288bed7b7d328406772ac7
28:84	561162	d5bf15f5b6bda7a4af09d67b9539e252a4e5422e4aab8f8c3e078a94156f8332
28:85	587786	c09a3eaa8035e12670bf49d2567b1a2b518af9dc537319673193cc432230cf0e
28:86	499722	216830cde8d4af3853f892b9dcc46b9743a32e5e51d8addde15bfdb0cf03da50
28:87	528394	49c1bde2f0cbdeed49ef9cc35b34c80d3ae048ced404d9d0e54d4ceabedb0475
28:88	628746	86967f4d6fc1c142460a181416b91135bca10b9242a179da73785bbec1d06cbb
29:1	180234	8acf961b221b02341240d1b8174ff15fcd5457193e66b089279183a9ccb247f2
29:2	319498	ba5dd3a26b24f47ce5a680bbe4caff76381fde2d703c116ffa464de41375234a
29:3	434186	7c33ae9185bf5dc8b58d25f2f1757de2b13789e3d93afdbd7321f52aabc9fdb0
29:4	368650	35775c9e43a60c384eaf9a4f6356014973dbaf154de3a5c821cacc7d7448f169
29:5	411658	8b50444671f72fc77f7493e0b19d4d3de798df47e6cc5396154a1dff5836254f
29:6	372746	9e322e747a076798030ca466b830a2bf415b4ae21ff74a87634ecc7086060e40
29:7	563210	07cb828b60d9da12ef2bf07106f14abbdc5d0559cc88d68f50cd1962d9310e05
29:8	702474	47367b58479f2ad96c43100c95592265e1964423afd8c287fc090df55088fe5e
29:9	260106	f1a90d3acc1d25b671db6ceaed64ffbeba830e446774a8b6ba4b8f410e50c0ae
29:10	1077258	a5d8fe4c771558d122673b6f1df0d75adec118630b35692ba15635f75fb4efdd
29:11	272394	109ffbbbcb6c0625523098e7c67834c6ce3fb9896f2eaf5da821b76cb4d61eb2
29:12	708618	473a69df9eb78a47c19cec502770e1441a1921b235c4eef27f83678cab8b0e8b
29:13	450570	0cae02e096a4fddfbe3bd0079a7a5b310a98821b745d4559846ac48859ef03bd
29:14	647178	e90992d823850543b3607d24b96b158ca5df3ee419c3ac34ae00b34a9ad1da5d
29:15	438282	e95984a23ef68d7ac905fd4ed308f0dd0c7a5089c7fdbb052cb141099f2ca790
29:16	411658	1592ba7359137878c64c6caa292425a369c29c427267e114db925b4c3b44fcb8
29:17	870410	dfe9a764e850e46040cf2c6f002cc4a0dd1f19f94569c9b76ca9666564fcbc81
29:18	389130	674646cd3ee3e2d7afcf3a24d6f9227a48a5fddd0aebfbc672b8a3196e912543
29:19	387082	9acfe29889d18b4729ab0e06f6aeb9144b778db8591d9a6c3985393ad67419e6
29:20	616458	19f822c9b92a716a392cfe34f5e2aaf17b6918105775397f754b68e0438c874b
29:21	344074	bda64be7655b4e8c2b614eb063bdba63476661de1685ed9796587ec4e25631ce
29:22	483338	d4211f48816e50fc476e9ed6a93d2e271ed579b7838be1e2578c55d7ca6ca9f1
29:23	542730	a143b974d0d9ca3c61279fd8f7586d501a72ec40aae68e0f22b73e9f7c49b7fb
29:24	712714	88a6ef420783a95b35ebde6400e5e6d423d888132ffcefde97b6ac1e447de555
29:25	880650	426024c598a3ece456ee929ffe865b0750246e8d43932f792bb51704ba123329
29:26	499722	24d00213eeb78f08639d06892fe6bc5e7fe012c9005b316fa6d2f7016c7d366d
29:27	749578	b70241441c5347d1bbe3ad0e46987b4eeee8370a1ad48d4f9069b8b69f97a2e0
29:28	518154	e0f1e2a20492804e32575373858d8a5f92c8355aed6d0d93506c27009c95c084
29:29	800778	e9fafbc1047206f176276dd5b63379c3ecc99ff088b0b9bb9248f9099e196a81
29:30	206858	5f644da7b3e75dad0a2cf8026624bc705f9f55e001d0f0c79803e3e260fe70cd
29:31	626698	303c2094de3b5e97ed3b41d0e3d6dff60554e1b2287016e8ea47f2ef8c781809
29:32	583690	1c8fa2257369129fc3c4a3a26d3e1810384c47f89cac88bce4ab4bcedb3caad7
29:33	806922	87feed73aa16b5de022ea6d1f6293b4e99706fc392744e50373688e669f51594
29:34	438282	2840b1d843cbd32ea0be02a4d5331ca7f2588642d6d4d0a733d23ef3307c57ab
29:35	264202	74c06e78cf5c21d0469038c345a8ab009175e1b625eed260efab8a4dd7dadc6c
29:36	512010	8caeb9df52632ec19d12dd40d9e447794e34b7cbadd325b264e84eb5b0cfb1d7
29:37	251914	62652dd7939376c1c08245d70a78b61fb3bedd29583f5a627466b01773fcb362
29:38	614410	5198bf0508718e1b889a1a50732150d66790f93cc720b8809db31ac2964cc946
29:39	477194	936bc98e7d7d0fba71dc0f32ccfbec9af18b5e8987a7bee5f966dee58afeb426
29:40	1054730	f7d38c29ef54b2db90243d2b8c3a5f1ff475bcf226197ea0f76f4013432c99b1
29:41	733194	74618dfa7b71ded88821c19d30ee8121edeff5d39b697ddccdc72e0df059ae9a
29:42	358410	6ad637dcb26ec136c5b778f98b3239fe629c4ad2980c34fc93ff174a654cf362
29:43	360458	7bd3b460e2ce559f641251029b361f5ed63d0ad6c6b0c9aa454fe41739eb0122
29:44	399370	636a04ab8d52dda2a38beb12b9d07cba6b2750cfcf027ad5094811569a3e5a4f
29:45	720906	d36432380bc74670758f8287aeef8b5e800e08a3cd8fbda5ab6a658a24e2fc39
29:46	759818	b9ba21fc9cabe4662ceb8c8225ab7cebc82c50c9fdb43f920aadb269a61f3e6a
29:47	659466	8a740451ca9d290d33fec8a17c1de1f29f6c3f6fb9a4e7307634e30640621470
29:48	378890	17682efa7682c9fff0fbf53b062206fbfa7b893deffa12183dfbc741acb0fbda
29:49	423946	b390c108b6e6efe5aa534fa05e2e4fb63a60321b7938aefeae7b20005a55b66b
29:50	538634	eec76c6ba1bf670bf64bc916deb7b5163ad6bab3a7d62f8c57cdabdcf81229e6
29:51	518154	e3c6f06d9b590c60e4470b549911370ef567a8a578744ef6d0115de86a5f21ae
29:52	614410	e5c4f47a4d59ecc11c7c554dca5027851bc4032b497fa00535542b684d36084b
29:53	608266	38b64918c91da177d3f64d30f1c85ae6cd6cc6d34d5fc77fda9faa79c9c3ab1c
29:54	249866	0f74bcbfb0cb97c64317e68511101076fbc03268fe681fc9ceee2a94256e8dc8
29:55	415754	674cfa54fb89a5123f8309a7dd57d9963ff851bbb13c53853b34008e2e68dcf0
29:56	270346	e91a85dbbcc3ef4922f65ce54395ce6b392be6dd143f1d52ca097d4c7ba7174d
29:57	241674	9977326f90dd3e8ed459c7d058bf217b52612031e81c636151f6afb5c5341c45
29:58	722954	d6a3a52f0ad8a09a734aed0b2b9ef5e3ecb7a8108974e8ac0f7d653dbba9099c
29:59	180234	4480feb355cbb5782f4e14e2098a5ec2f1bbef8ded04d19e4a6aeb6d518d5aa8
29:60	393226	87a0092fe92e70c6786444ec22ad67c47cb3635a530c2acc09838979d6e955c8
29:61	585738	1e655e305e5be1f872181beb67818c0481a6801f298897babe2e557bc1e7f10d
29:62	454666	74dad655110fc47fa602de3092560dd820eb7b4779e7d49d2f4cf09d7f85e2a2
29:63	735242	d346e4da056a2bf615c012709810bd409cfe5af48434f2683ab59089871ff1c2
29:64	530442	3bdd47fa285b5daafa39e4f99764f0c4b0dd57b86d2c0547ce5987528fede90b
29:65	456714	49d0cf8c8c7721b909dbc85831301f29d610624b08190b8f79b1797c0cf5922b
29:66	337930	78a0c164ca035ae177fe02e4f513b5e383888c2011d1835661d5c85f07436fe1
29:67	499722	743851a44c361520cbaefa7b4f5b9fe224f638e1326794bb7825b18933a83f4c
29:68	444426	4e805e4e1b5c839273891f6589ba8f6bbeb45b455b5463356d8a2878860294a3
29:69	329738	8f0a91f976833906bdf0521ebcfaf2cdf1ad36c3796e5b4da0a21fc70ecde436
30:1	163850	e1b38febe34c51999e4684d841288f372219e2ad5e952bf86629d0887f8be04e
30:2	90122	ba52c7a9a02f71533ae874980de821f2c5beb68153cea58edd9fff3b787b10f9
30:3	278538	0e4727ddf43c15bfd59973074b703db525a4882580ba32b0cd9b2d645a3b81fa
30:4	411658	1c96c9cb1cd7519ede5c236c681ea4d0ad137a302380d187d9a4b81c41c229b9
30:5	333834	3e5c92d227cc03f5b7f0c2db16ee34b4de1745b932b62d55756683141e759320
30:6	399370	0be84ea0cd1bd3b98955819e86fc29cfc432a43dbff51ef9d8f05286294f342d
30:7	294922	93dceb992846494ea8ec07dccd2262a6bad72f00447cb3e83290062cd9db0134
30:8	765962	8c17e7ff839572e3851c267b251935fb12a17bdd65ceeed02747fd5c0701a43a
30:9	1087498	6eb0973c9bb4b548a8faeda565267148adffa1a7c79f8236cf0437727422d95f
30:10	505866	bc6af6865709f23ce1e415d0f8d33dd121e89c744175b179fbfed9c23e85865f
30:11	249866	99c841b22ebf998aeabe41f9f81197cb47c1b6d1270204a47210447ac77cca75
30:12	163850	c774f60b309e606f4864c86c5cbe84f7d0138745b196888d0d021cd102485544
30:13	325642	9e94ae9a9f6c42dab01888599811cbf335c66d17da8d2c3ff247b6e80e4d3172
30:14	184330	fe85d5ae01d443a9b04345d39951a304deb31f9c3c55b701ba965062be1de33d
30:15	241674	25bffc491bb72572e77edfb814cce5413b57954ed754f72fd4978348cd1b87d0
30:16	432138	5b48e1f090420e42afe0cd2c1cdf3fffa7f210bea7ae67b3bb7deef074b8f081
30:17	182282	8ab816ce745902a9375b88d4cddfbe5aab8a9aca0c76861d521a3fb54790f7a2
30:18	253962	92baba853e67de3f9b583b5435d787c0cb32cd65758e5bd9e17622ddcf4de69c
30:19	372746	ab5fd810891775a483abe7de1b8582c4c4be17c242c8b68bffd564d153898687
30:20	483338	e71c08754bc9a40a8dccd7d166d59afa0861c1231061cd5f47bcab8a6f57e070
30:21	749578	307b0e271edd26e4136214bec04d9acf352b92614171dafd7eee6d09183ccdb5
30:22	487434	ff29959256bc79523cd317e60bf32cb1b8ec147b0ec7279657bd366ad008d457
30:23	501770	f708beda516838c73fdf098a2b20c7501cf8cda8aa556443fb16c621aeb2f692
30:24	733194	8930a9db777c98454f4ff2a2e3add033f0e2990ca9a86fbd625d65bad5334058
30:25	522250	a0c6b14b9dfef8a3b130a152010efd9ef8b258bbce361b769c06a1bf4974500e
30:26	253962	aa2e6eab727164e9d39b4d540b8a4c18c226c86ce2d3e94166c0cfb2566751b4
30:27	587786	81211b29d137c471bc8c11af5c3a7bf4844b9f3e89e45c0c99e43c547681ff15
30:28	1005578	641979431e47f8655c17f0fb5e21f75dcea9e8b6a7a80ad317607b202f08eacf
30:29	491530	fe12ca4609246c8b3e98e49754333a2cb023ba716daf5f8708b318a2d7f1d99f
30:30	696330	e7d525c56cfcea57961b9d054849998c4987c5f85d816ca72e7cdba758179e20
30:31	299018	9e55b49eda30d6060f14606c0691175de2c15709ec8185b76b1da775def1273a
30:32	362506	fdd1194b2c1bd76574a6d59e40bd5a8ce9e1a4402055321ad98b100c505ac07e
30:33	600074	2e4b2d54ab1aa98c1c4cc4774c9ada641acbe9ed786a0a934028e714ee83e09c
30:34	307210	f17b1284a4862f18ad28253adb55665d3eee03ded520a5e1381367f12b34b577
30:35	301066	0011fd5ab7a38b0fa826dce3d71292be702a581c656ac7288852b2d0b376c1d8
30:36	505866	f40a4ff3b4d115b9df468e0d5ec49e8ec61c61f779fdca351dcba73695349658
30:37	495626	244c7ba2f7e00eb0eb602c86a6a8578c519eb2058855e61328d0f1ba0fc26d41
30:38	563210	fdda3b2e31ac90dc815fe439b841114c0d859e63b3c1e517fd074a822aef462e
30:39	696330	817949cef9effc813e37fe3190ad902dc66dbf4c63f886011d2296abb976516f
30:40	776202	e1452e1512ad0974aa9c86023225f6526d1eb86ecba72fb28647892c2a084aa4
30:41	536586	60494cedca8d72d2d1b7119d871e3d426f5b6cec99d350f7e87ff63ba8883b51
30:42	397322	a91532fb32dd9ebf1f31799ae4c510fc4564ef5623401101a68883f24400d703
30:43	460810	287a011d11d99bbd72b875d81eba7caef8fe2dc7c0c8b28ac5d11873a3b6c855
30:44	368650	90960b96a21f99e710e1f581672fabbb8ad8fc176dc38a746832a41a99342ed4
30:45	405514	e0f358e9c61bafc0a36a29dfbaa7905d7b97928e99b5d9a70fa0fcfa6c250e71
30:46	712714	3bc4e18da4151d651ff2b282a4443ebafa129b9d4776749e161e27ec5d1faee5
30:47	673802	7c41650387482e43abf4574311a27465f7c1d8fe54c3a33f9bbb60d0ad3980b9
30:48	983050	a0bb75f6a08925102e4c9f670027667055413a5e86b28673ecd8bdf594ddb3a8
30:49	309258	12028e9b675d3100e8bae5362ce6a991cb9c5ec772622b4ff9207f5ec2832091
30:50	540682	7f28f000dc8968c15473f0a7efedf0e2b99ba7c0d7a6c6747c817277fa5bcfb3
30:51	270346	2c129d94c9767ba4149485a7ff6a64da5b56dbdb9561fa42fa5eac361d50f15d
30:52	296970	02c3bbd096ef4638be316f30b1d7bb62fc73ac824b37db5f11d3f980651217b0
30:53	436234	de05a8b7cf8113ac78d887c67ea2cc2c4bbbb22b859eb2171516673673fdc0b3
30:54	788490	99d5629c1e6c981ce5ca9d0817a2c794b9906631f4d6fd1b73bfde93dac0b2be
30:55	417802	5a12e9f8bc9eb677f8ace927b093e32bfd0760d084f868d277dba84468ba5093
30:56	555018	289480cad9cd97ba7405736bbb4973c066b30f1608965c143c791bb2b3744de5
30:57	276490	ea49e800055c973551a371853acde44f7e7ff3790de5e1e6d208f4cf91b5ee6a
30:58	550922	3f27a8f318bac82390f865723e5cc519e9dd8d277694617ffcbb5a3aaf5a8165
30:59	213002	4c5b0a1ae92bb35e526db7892b3e4aea7e2873192e5909df522f4f2ec7b8a77d
30:60	268298	05ab9a3599453c1a75ef01c566b28650b29aa6cad67cc7dafc0b374b28058b26
31:1	176138	3672cbee0bb16a9b552c7d0a16b3491ee4ab0ea9d50fc3054a75c4c72e0facd4
31:2	141322	0fc90270083df9e18334c3cb442cd3ff03db434fbe1680a07aaf0e3ddb6b128b
31:3	147466	96c84f87da35efdf55ed149f92d3420db24b922a7251522415dbb74526ceaeab
31:4	268298	137b1c3b68cd2038e3167e896e749a76a6884acbaa3e304440beb3b699c6f6e5
31:5	319498	3b37baf4fd0ab87d81c448ede65a67cebb4c7772385893c343ee215ff620e2da
31:6	614410	5336e7c25dd422e515f2a136864d907b312263ef94c3280a7e3201d6d4f21d12
31:7	567306	2e98a7b841aef0c17a31a20c34c1398f612879c960c3022ebdb3d48e976ccb0b
31:8	235530	c75eca38b22524faebd173499ac4d2d95e91f918730cdaf13bbc3d097117633c
31:9	315402	8763b4101db9b4206df83a7c963ce03e0a8772d643710303fa56d805b8cc424c
31:10	819210	16a418876efedfcdaa31d3e274674f2561179e4b39b2ebee15d0cc3a42b621cb
31:11	382986	ddb06ec4ce212d9db111d14af6fa2b35fed619ad4216085cb796c993942a51df
31:12	550922	75e70e42a2ffa3d0b3ecb46b1991d51912500f6d601c6c5f01a40e48d8ddf744
31:13	395274	ce5c3254d2997c2e0f2e31134a32d48b24c62e1f058b37ca6fd55bf448c9b319
31:14	532490	7ed1365389cdb140ea99bfff864f40444aaa845da66d808f73d3011b39ff6a9b
31:15	886794	c248cf8042227a12d368a2d02240a82ef47c7ad98f372299d8ab2e714e69741b
31:16	708618	739bdb5ff6948baa132a61aceca54554d8186b4a66511eae0f623e093ae85017
31:17	565258	84c283a2c0c25da793830b00dbccdf27b442109fefddb57a67da9fff8dfded0e
31:18	409610	d2ceb1f96f90b66ef02dcab3eff0afbc89d7b09c17af0e7509a3402b54fd6aac
31:19	339978	44ca0a5e39908cf92e61e93c9d8275734224bcf06e5c55b626e2266fcff889f7
31:20	755722	506022635b163e93805d7ce8cf86d8683b3863f63b0d4e6aedac7d748bb9b39b
31:21	671754	71a834d9a6bf8053f2b0c789e49ae1b2ad84221bb3ac7bd2eb46757bcf1e0927
31:22	454666	5020b5fca8d12d2a9c1e15ebd62ae9876ac341967dfbd1e6fc72a2dc7e717fa5
31:23	524298	2663dc1b5470c16748cdc4ea93ce7daf4ac8a1c6ce21452232035880a0baffb0
31:24	260106	d36b3821cde876c8425cf106ebf853eab7542b2b20a3bbea2c5c32e95d7a1e08
31:25	495626	00b6333ac0e3aa4863c877d03504b2cc0744909040893380566a4f101da1f0ca
31:26	311306	25ab4fd88bf1ba062c3283d51fde81de10c9bebd85fdf658d0388bcad47c28fa
31:27	643082	08fe6935b9fec5229c47bb270cc317e613ae5dfdf46ac5a10b9e7a61d6175dc1
31:28	356362	38c08dd7221302f5bfb998bd7d68f874e4ea5f83a705db4d4c6b1ef360b3c315
31:29	915466	3ebfdf5beb18363dc762b1dbb5cca30b981043e5cf731d9484045cb19a4c6acb
31:30	378890	fc852d330ac8f93e3fb4a041c3e3342941a63c92959774dd792ec0c57e1e1aa9
31:31	507914	ee6fdadd2ab440785afc79ccf212b0b99693aadfdb4c19a3780ddaf97b591cb5
31:32	788490	357a470e15f725c1824254b6490b09426f6a6589613e991f281baf859752fa95
31:33	1062922	135335252b965494d08e768ecd7c42093f0e2732c0dcb5e5000d23f4ba2acf67
31:34	872458	c4f62c757d1523ef2a0ba76f5e43d6970cb0e17da65c48533321564d413119a7
32:1	165898	fd7a174034004f55297e4de2e2a521a4a6a60ff205bd7fcfc8029b62f561bc4b
32:2	204810	f868269ebcd2692c3ad7db1c0daac50584e6f64f2321453bcdb7b03a9c923d76
32:3	630794	261f8c6d7a20b42b4774f8f7951abbe601f09201c80a368f3a8a1893922d55a8
32:4	722954	45e280fdb1fac7af5d693d536f99d941a29b259b66951149c034634642bb718a
32:5	579594	35c308825fcdbf12a6d2e70bdfa58c81b3ea526297370c5f46c2bc3e0f49ef53
32:6	196618	787b7903433cffff0f38c054198d6d3996b57e49a68238f59d26af4ba1ff2d04
32:7	284682	4115bb494431d4c7a54b2bd7fb76194054095c31fc92bce9b6477edc20ffca61
32:8	247818	c3664296ab7d6a9fcb041e6609478f52bad4d15a9852bdd39c2ef3d56b196ec7
32:9	477194	aff6edf032e875d3656c9c8fc03c0d48b849d670a291eb8a52d311997614021e
32:10	442378	3986562efa6468d9d75a618ff35852f26abfabdb9ab207d16912bb6189cb4824
32:11	294922	b837b412f24bb273f71f6c522dde94d8ef80de4d7ef622e2e600b36aea726551
32:12	542730	b4bdcaf38701aa64f1d720926b128d48933557ae1b5b16908ffc17733bcc3b4f
32:13	538634	086d5584a1e09ef50ebfbc083b9c3bd8951795c5f5a479e0f6322d0b9e08ba33
32:14	534538	565346bcdb28f20229c65af380f4f2cb256ff8c9779553233715dc841d3b0214
32:15	514058	3e59e26aa1eaf2f7b8abb40d22aacc0d1c2ae44857f30de3f1fd9cebcbb650d5
32:16	561162	e554f62caf5f2e330780cda5ca5fdb3837913761369e45513ee1638e61d2a17c
32:17	397322	5917e548a79307189cb840b63ab1d5894aa5e0bb9b9d0a1dc746f8fe1120ff8e
32:18	286730	78ad5f191656ead605318a821289fb68751071a3b93656f8a90770eb8a3314e7
32:19	493578	227c69a6af6030e42ce8566f6b42b5c333f55175ce4b0d21b6ff55ade0f3ccf0
32:20	763914	03271c4726ed51b1524d94cee2af767196f151e0b02344bd3395cf68bbb3f93a
32:21	309258	d1c5f65ea468b24ac4a1e218a2504edb207f5572e8f6bf15bba4c81ca31a234b
32:22	491530	c97852dcff63970ff1da211674c490ac1430796774bc3cebcb2ffa6590e419f8
32:23	458762	56ad33668aa7638b5cc0bd330a637a249d54d9fc690ee6c3721a767343b5165b
32:24	430090	999cccc98b33186f47e985435f4fd6ec6c42df2eb16b14e1e4fb0ebaf750dde2
32:25	307210	c1697180080bf3887d1bb19917020ec708528caeeb18ca7b3351bce09a167a29
32:26	604170	05709e759ba97d5b6c1161999fdf954b73f1089f9cd90ee99060ff9c1ca347f3
32:27	628746	6a6377b0ab5d573e9af7fa189173c247c0f6ea6ed067998f237cd30887fbedec
32:28	223242	4d3da95e3f591512569595a3142065afca827304beabac0242c9a659b68bdeab
32:29	288778	147ea6842e04ac9e09d6691f114f743bd2502cbe3a02473d205bc8fbe73ba4d0
32:30	219146	fece1e8535039e91a9d1897068e13df6e88f3b991b4fb9901b10f32961df92b0
33:1	364554	3f6b5512b2ed66087bcce88fd96865afcaed25078dc7fff7b59f7ae64902265f
33:2	319498	960ab07ef902dfb9a2a8be30428ebd2621e006c59bd0a14671281c26130e4578
33:3	253962	e13fb2b61f8451dcc26b4fa2d741eb2e4271bf9bce7daddab7a979c91e156385
33:4	864266	edab521ca786930faeac755c31899fe0744ebe37ff9ce2cd5d77752319ecc294
33:5	784394	3933089aaac073b81b846a6bbd39102930de8fc4f6c2cbb56c0cc96f13f55f14
33:6	995338	6d211514d40f7b3b4fc38b346de7044925277d9fa3bf1a058d82bcd07151207f
33:7	520202	875ffb10aa3409fb7300d03c4771c03e929f1fde7761b64b1d9e5ea380ee8268
33:8	284682	f6910f108146c7aa607ba9911e7274488beb76030ae1f9e72ada319c6ec72b27
33:9	595978	fac6832544edb98878204d5836042dff9b41acd4d4de1479839e71a82d62b116
33:10	538634	180185e2d435b74a085d14e2f68802d6ee5725113b1c3e33e784c062bc2ffc1f
33:11	208906	265025226e75167ecb580417750fe60cfa8d1c45745a447493e7a7dc9f2a111d
33:12	335882	33c70f585329c6e7dbe948947beb05c3e12af311ff5d3a3af325dcf623e6db0a
33:13	710666	79672a68b9cbea79960793cf9c9c2e799e4a105df790a120c09d7bdb638538b4
33:14	425994	c359443f7fa008266143222cc89d23dfee6d9e56615b551ca08ac89f0afdfb34
33:15	333834	a4d47ee702f937989d2266bff91826c7ad3bb052deb9c191595b1e4010d7aa2c
33:16	337930	1681d01a549da2526294a6a4209d2a8da40147512a0511b3699b89632aba5dc0
33:17	540682	ea7cee2bdb167a1230fca9cee6c73ae9e6b7e7c2e5b7b23198b9321d6b1f4be1
33:18	452618	469cc0ff67ef6f9441ef164b86ed3ce837880ad376fd0b9c3e53f1da7c2d3850
33:19	1146890	805d1926af38de42be64136fee2cf582ffc8c5e09784cc9d645f6990e3b66c19
33:20	677898	44d420c01c9b443febaf40cea9b0eb35358965cd14032d80d9e2a5980ac3f4f5
33:21	532490	d72bcf9452fce064cd327a59c1734e69a60ae4f3210cd91db83b25c992c31aa2
33:22	583690	2f60dbafb742312411ac294818ccc6537b68e71b2fd5ca88d7f94ec58428be23
33:23	608266	2fd50afb69bba178b5f3a86f502e37325844262a39596f38a913a5ec01458b5b
33:24	524298	92f2dacc5966619866a6d334a289cf437e42c7030266a518fb8ba81a10a662ec
33:25	491530	a36aa04cd73f6503347c3c32533605a431e6d3087d05b54252e49eee030e2cb2
33:26	577546	1b6052e9391bc59805a87882136cf3f06736f36e8dd3b36f81357237f12c4ccf
33:27	464906	34afa1b19ebee5ef9863cbefedf85b16b2934054b49c90077d5a51a055dbb3fa
33:28	624650	328a03f71053efca58afff5aca1c8908f95309bbd83b34ec899b1955d63cdc34
33:29	528394	c7aba7d9ed3dbd5f56d6896ddae5baa5ad198593a9d86cad03d47cadc5bd8261
33:30	528394	367586d2fd5675c58f02043a44b35e2ba757ac28917c442ba09307cbb91a0142
33:31	550922	efba7d8681eab9d1d39799832c92f7510259d85b09f8c50ffb8f70f08523e0d3
33:32	632842	7237a81fd1fe78b95d905b84a4b738e8d2e77268cf559b8c58b94b3d838c8103
33:33	772106	26e2fd4574c2119402a140d117bb6c93c405e61bed6fefe7528b4d78bd0e93d3
33:34	442378	598b1a9a7213e518a7d86403b24aac0da2ba3a1dc201c9269f6eee05e31abf20
33:35	1665034	1fce41a381ab3e3cf3ff6da0b1fa96305b2a1164f295c0c8a4da72c4cb229af9
33:36	638986	c3b3887dc894e03a95326cdcdafba63384ed7153b674d9fcbbf65e17f3799663
33:37	1499146	62855522e2c124a5e053ba4a74cf9a1a6876b07611885261dff39fba50e19b90
33:38	569354	e5618ab2c5fac4c7ba0bd403e743854abae955d57c8e05ecd0e8cb156b9bbcdf
33:39	454666	d64a6cf8e8d798824d73df398a402fc3bec3be49b32113b346452bc79dabdb53
33:40	655370	1c5d1bf0fd22ad379b59f454f9e0a06f3734413744558462bec5788324e64b7d
33:41	229386	07eb031791570dbb2f70e66560e4dae5a971d51642637117a5645d7bebe12916
33:42	149514	f87429f565b0a18e1f66ea4828f3a3ed59b1c50383325254234e41063c780e85
33:43	428042	a0a302cfb321d882f1ce838a31c330d35e6843280174bf35541c28c1f886aa48
33:44	299018	62fe1602f51f7b211ec6e224b38d9b3717a30b081da3ee58bbc09977cdc89ae5
33:45	376842	e955a329482ad77ff4189f5ca50e965747ec37b15de99607b45e4ac5f069cba4
33:46	196618	7fac96d1db42986061b73574abf1f43fa8f0dc9b29dc359470c819749386fbf9
33:47	235530	6b95b3d27c4ee6fdf4b5e4623cd0e44b23586d6be237683851b2eafca3e54bb3
33:48	397322	6e3bc52962c6bb72959a4def7d8c4ed0ee3df881ad3df4f6c36afefcc7392e14
33:49	1026058	33175673a5c4b3e2f914f5efb820f897819d080f0c31011296f4d47342363b6e
33:50	2449418	b41fa2cb229dbfde4734164a8886d17370eecef707823492a349bb50cf747e80
33:51	1249290	cca80d012454f847e90ef65e0ae8a981be70c1b659224153d7f04237fa5bdbef
33:52	765962	2bac483c454d102c2ce12130b1fde5e588521f6797ece0cc78438335f0f6db0d
33:53	2351114	a0303a12d566df8b1fa2dadcdfc3d6a993f9952d741ec02453b4e2a83dbf8d8b
33:54	284682	376894d8a911d8e3172fdbc35acb2bf315968876fd950514071d5202573c1781
33:55	1255434	af8bdabd3a3d5cd87c09d29b9a59c892dd859d0d929923d222fdad7d2aa1bd0e
33:56	475146	f115ae4863a9ee77b0e046196c2a68f2bc3f4ffd51cac613475a47ae92b1950b
33:57	477194	1ac60ed2d6ace60769bf48d4d5fcd2ab5e1216530d5740fa5048d567ac0aec70
33:58	442378	d1ad91b51526e121e9559a3889b59ff82be6a1c5e957eb0725b68a63eb334dd8
33:59	829450	f9f2591911c6a6445d9fbabade97215275e8511079684eb7af2cb52ceaaa1519
33:60	536586	e019ec23db416f687812ede1c3f7b6993b572c8d53deb61adcb5c8ee874f485c
33:61	233482	0def2b904bb9fb57b0dc1d58d81d197362d31f7e5e4ebedeec752adf81a09411
33:62	364554	18754fd3f8ecc1918e870ae504dbe69b001251c0095f91076ea10640e0600a27
33:63	561162	028c5b17f880907e6324ee7865fca9ae3af38ef358d53076da412839b013bb50
33:64	210954	3414db25c2fae0087bb65f57ae43a222fae4d3995cd280fa3bdf74bb66933607
33:65	356362	ef9fb1cb84f877e28e1619b17b93058af105bb2bb01fc089fc4a45609b146e29
33:66	497674	e7df47d23071dc8809a46baea1eeb737f5fee8d744d6f6ee97dc49c2fbc9f3b4
33:67	364554	09310d7afb1cbeb1e6ce7d12bbc2b1f977c9bd634af42c905f557f4d96243019
33:68	278538	b2fba6cbbcd797d3a6c7a18c657bdc21941086105fef1f7ec163fc924e9040d4
33:69	544778	b53e2dc38dabea1addbc55769397772161fb77227f8cec9ae6d70e35a8eb6c5b
33:70	282634	ae29f47f2a15a8062b91138afa88848ccabeeac29af99a4b71e6bcaa68101620
33:71	462858	ea870617da8b1c649c854bf05591d9f0b7496fd73b3be9a06f99f931673b1b5f
33:72	727050	1c541ff9757a96bfd91f0a6771e84129a8896c2048b625773a5c7ece42d72011
33:73	550922	5d1a945685bf6530a6f976bec2610b3e48c1658a4f89bb931c3f8cc40bcbb1a1
34:1	417802	1866632aaf82f6cbfc7e0350a4e4ac74c722137be7119da24fff1b26dfd5d8bc
34:2	485386	19b3485810a2b6e1cdd24b22ca1f99eea9459b82047b1e3876f6ecec282891b7
34:3	1034250	8b18f16348659a15fb04202e9e937e9cb01818b02ad1f036769f9620a0f8028e
34:4	411658	2293a527e0c82f9a01d98c09c39696d230a4daf483d566ee89a87b5a4faa3c8f
34:5	339978	31cad59f77676eac132a80130c683336fe5d6d8ae8c6d01f60eb16ae15635be5
34:6	499722	c62e8a32511749f509e67bf6da4a2f570afa72410a1c7e7b89923f5c6c58746e
34:7	548874	0f4b77cee3358467a7f5055bfc66aab398363f8a07b0ab18c54acbe71c59ca9a
34:8	464906	1eec0c026f2cca1d649d3a6f45013b046b98de38caa1d7733030a0e11528ee7f
34:9	794634	50b4816487d34b6d79771dc57cb9ba1ca162fe818842a4a65aaae4dd607d48bc
34:10	483338	e97230d151ce089ad328d725827bef1fdbcbd3f1abd35d7d60b2854ba7742e59
34:11	395274	e1095acab15a1ff13658641023da96e5c6274ff5261bc7051ecf9b53d67c6530
34:12	835594	a2bc8778dbeda828a71677420ddcd819cfab9e5dd8bc04c6d9388740066e540c
34:13	802826	0e7c3b7014609d69613eeb9c6b588c4cc11b996d96de818679fcbe59583e6db6
34:14	962570	9c41e4dfb800909b66906b70e93b4d4cf7b03cfee9ddbd6b2ecbf31c65658b2b
34:15	694282	3e57a9d4bb50dce33b50c93a59d1880cebb04ac9884f2b7a596212f078d1c081
34:16	659466	73adf983237887315830cd205705ddbc29bf7ef70819db0aabb23b58109994c7
34:17	317450	e0b3aa005dc69dea8f1cc0f9eeee84d147d10222380aa8024723fe203c4953c0
34:18	512010	157f644dc417b207451873e529c360d57f44e30abb7a6e981c103a6c7c5f1da2
34:19	694282	ead4c1b06f3a3aa0cc6eb43015592d318351a61eaf9bb805c88c06dfaa888aa4
34:20	327690	35f42b308a3939ab44f4d7919aed0a9830a4f60f7235d8caf0c2e6029194f3a2
34:21	567306	490cc8be853bd0604979e59527b3710d7376e79eab032ffbe07edf3d07043fb8
34:22	768010	84ee8b852a98ff8c9bc5f1e019be34bdf2a540c25e0365c5d8ebf21ff54436ed
34:23	698378	413ea9c029ea75b64255454c57959f317501a136b727c902d0b85118c984fa5b
34:24	487434	ce482506887aeaa1f65d19fcc8162c1cee1a7504b5d4ee93a1406e2a7ecf73b2
34:25	260106	dc10f7b94c99ba5ecd020bd7427b4afd8155d6f584b15033afce49fa1e6048d4
34:26	296970	692a6981d10b2788c9debe29c42db2f9cf467eeace23e358040d2e374894a0e0
34:27	403466	96fcebe3921bc81991db2bc8184475d5bde90907a547f4b4e0a2ade7321e808f
34:28	507914	7442328375653ac59f3b95e8998e0dce8050d225198eaac0299dc0325457bfd5
34:29	221194	9693aa86dffa056907317dcc75611f8acc7c34587b4de4baddc63842baae3ad1
34:30	288778	25a09db2aa6490bebf625a5ed3be94a2045aa4202d44079d35de19bf058958a7
34:31	950282	d032da9fef8bd4946336b24120a815ae9d68fb0e54266b10cb33b14341721e3b
34:32	579594	4b49ea07af316b071d924e35b4e44ba945dfcf1bde90d030549671a29817d4a6
34:33	1118218	840ef04a24a6f1dbe576df46c56806bd7b83eeb9d7d502e29838f9c6bf1b874b
34:34	538634	21aab9cfba51fc804473937721756da5d5b259c37a1216e4576dafcc8d43ca3e
34:35	256010	1a02a35555ccfca8f6e0ee2691e6f9e51592029aa65041a9b6bd5b4918ad3d06
34:36	409610	f5bc1ce825203370da45c35ec35ae472b98b648ad6c89ac4cf37c36131c85bf5
34:37	944138	a0cb704eb5914f26686c95787dfc9eeb4c1456482d56a51af6a989681358a733
34:38	325642	b94550d658e36aa6df361ce87558f01e537c0bae501948a295f27619578e74c0
34:39	622602	07a04311f98b8df285c235c79ab1dddfe1932b7b28f04c41a0b76ed14fc9858c
34:40	391178	f076c9c028d65091c375d3da8c2947d6ed93f82873d75dbcd91b372840f2a60b
34:41	440330	3d5f1617f766246b8bd545cb13b0b1a6cbe38cb6d05e03a1ff4865d2c9d6a3e5
34:42	565258	1a205167aa0a08d7a51fc7d1ff9be20cfc4ea84dc02c00e6dbfd1cee1db0b8ee
34:43	1220618	8d109c58274582193bbb34779fbbdf86cde6e795efc7c8db1c010d9373216d9a
34:44	419850	54d506646d53625333d2357ce9e948bca9ae1ce2a6d05dcf9aa7f46f555e494c
34:45	442378	d2d5a09d7f335a938fbe2a24e466b362f21c153ff4d1e08e8971987d79dccf56
34:46	745482	bcf7e558261e387a08c5ee341c6153376a4a515cd2885363eaf0a2e4b5a932f8
34:47	452618	82086378a8fdc2667b0a5ec46428ce00ab168af56a273ac4168790e876c863bc
34:48	235530	93db165f7c0cbdbd2590213f086faa370bfe119b983a7d30964cfce9ffd6da31
34:49	264202	50a8268c7de4ca0b1a6f8234d52d4f4dc7449386e334ae0012bf060511b78c1d
34:50	522250	2bb135d22d6ec2589f90a5508389ad7631bda6ea1e8cf23b08dc69ae79449dea
34:51	299018	2b603fd220825963736f0526b4e4a95f281f29e734e016512ba97b3cff5e60b2
34:52	346122	26d7eb0d5da2bbef4a7ca085fa0c14b4c8cfd0a540d2ef2b66570d79f3ef8a52
34:53	274442	1f4254dff5419fc0c9f3d0d8d0f974b4ff6a30ab74548e2ab81caaa0d065d3f2
34:54	425994	b674ed6436c34c250e29fd0d0298768cc21161c268e0c6973375d5f2099038ee
35:1	835594	d699b0226115a72a8d5a12621e90dcfd1a2740f13e4a59fcb7207a0067c99288
35:2	546826	33e6f53b0ab4b97cbf42744cf7b416daa02fe4d52de99266b4cbd16e1d720b20
35:3	761866	043fab83d2ed5c5d47e2784b3c5519912d06fe8a205acbaee45562edeb68e4c8
35:4	387082	e723158846e2da65086199a6505011578be53a950f107e589e46afd6a4b1c2af
35:5	493578	4d535f66b1d1608dc0b5e56c724a1040649cba726e5a2e4847a2372ae09de13d
35:6	434186	52b18276c4bc3a7cfb11ce7c940957d2f4422063c43b8caaf15fe2d0ab27db53
35:7	489482	bcc4763d62449ac77d2cfdb9fd313c13b52fe23c963b011aab3cba414a28cf88
35:8	888842	7721f30a2f4d18de5198721f76b65381dfa03dc2cac7ee9ae7d122537721397a
35:9	657418	f5069ee74c36f526db78dd5b49ce708797a455eee214966a280325ea96170a53
35:10	890890	5db9815b86af51798bf9fbdbf46e7c9f5496bc16e531e82b9eaeafa9e620a6cb
35:11	1058826	599510d5b8ebddcb773565b350a1c27d6cb372e66c2989bff63d88287f5aa734
35:12	1075210	d97cdfe8df4aee8a1fb711712e0a7a216f352c08a49e8827c1a2fd106f3a9068
35:13	952330	72fed4f9292fab79f5d9c7c7075e9257a9eadc20355c4039caf0ba13a25f4663
35:14	653322	647dc55efdbfd900eb98dfa416f5ba8e12b135a6d83c76c26d5124fe0b767328
35:15	471050	2f6f7ac8a8e395faa261766bc448e1dbd8cf38a7bff5f896c3ddbed329e04337
35:16	194570	36b07cb74d30c1f69c7fc9f69b34d4ff037c83f809e8482598dfc56ad1e414d4
35:17	186378	ef8b373ca5975add429e1d5a0b5dc3befd7f5de9f9f3c6a8c079e844ee718921
35:18	1155082	83d3ccfeeead8e1bcb378fd1003d4df37279b7e7fc8b68b533d1016cd8203730
35:19	147466	db2013c24a7592d8f21182f44440cab1c896d7f8e9f24bc44027423aeee7404b
35:20	135178	828a2105be5f7a04421062d29a759e964edf5b9ed9be62e5c6dc38b215cf8ca6
35:21	139274	f1576031ef8741d2c6b625740b4d2d856e535d441d7a3ccaa5eb9e21c4962fc6
35:22	565258	9a9a7355ebebf09e5c01e7fdd99a046e45c2256101bbe105959dad6f74a7f192
35:23	178186	b84ee19600ef110453d899087aeb67aa18717fa4d9f6f4a36846a6aa6f739f11
35:24	491530	0bae4052cbed3008320225ea4758c33e3289862e8bd86a7ebc424e9306543fe7
35:25	514058	47919df3bc71ce525214d7950b4069f7cfc2621cf5a2ed0b821d7329cb28714d
35:26	309258	3537707d1b6f1ab1267c6e2b920b3c6bf4f262d9205e9f3a3d3ccd478651bbfa
35:27	862218	b079faf93918abe6b9540ffc63b8180fe26555dd8ab85e9af3ad412342e8b297
35:28	716810	3cf51e7a834092da09bfb7bd8a7b8bea4732336ae0fd3867cddee4f3b86ea859
35:29	632842	b5d26b0cc37fd5be1a1077e757d5cde82baae4aa57150388a03fb89a70db7a72
35:30	366602	e10ba95d930e064a4a84095ed4dec2fcf33ed07e68c01a5cce1fa0d8d93359dc
35:31	616458	734fa15146810ae214792f2121031001d349c7944867941dcb3ac7b32fa35d07
35:32	929802	c8532e20fffb8eb1e065ef383fa60ca277a165c03ad136f4c32c822ae4371f43
35:33	641034	5d4003191e1bf549705dc6f32be251437c70c96587f89ca10d804fb854199cec
35:34	444426	fab679bde47a930421eb9d44b78a2ba9973beffaed43ba31b7b4639d380a55e2
35:35	610314	532b4c99648532494c8e6a3a400284fa14289468c8c7aa3c14134c3296e7f915
35:36	704522	57c758dcb4fac578db48dc020b5b7f3bc2080af785cf799f1df526ec196af49c
35:37	991242	2dd7bc6e925cbc8f1a4ae9abf85fa89b1c59ace72957a01f60e86a5528091e5d
35:38	395274	62b56e81522de1cd2ff339e93b301300a5e207c23e5194e475e2d2343906c047
35:39	819210	60a2620af72451b344c779d7aeea471173e312a5320bd253f71a3a4d9064570b
35:40	1040394	f3322bf814eaecc4bfc70b005923354ad645a9900fdbb780b01616214bd30ab2
35:41	622602	7962f5a358419d2419a36cb5cf402fbc6136b7f6db2327283d92d51170071787
35:42	778250	428b8a0fa430b64f440e09f877eb9b5932484e25f3f5534abf35f0fb179f94b6
35:43	931850	c231edeba1947dd67941f7314a99fc248668fd77fb90ae9e5ff629d687a2ee21
35:44	929802	02b49e57679506912f86ddc10e00b079109f48466cab8ee7fed407e2dc909995
35:45	837642	5db4af684b4117142ab2612ff8956c5ddb823790427c26358ae6bfdad0a274c7
36:1	112650	b7395f07e82e2dd00225cc9badb717aecc8623fd0287a92414a98a7506ca3fb3
36:2	124938	9a714a4c32a205efe10645ecb9c2825b705aef84d7c0648dc364b28b0b767129
36:3	124938	f7d7c033d56a5954633bf904692d47f63663387be55245f4dc149d20cec69f4c
36:4	153610	08e80ad0c789458aa9a84bc411f3b2f7716ef2f9240d055212a2760aad547c26
36:5	155658	ce717dfc3ae7d49e8d81e0b588463d25ff219128e4f647d0fc1aea072bbacd02
36:6	274442	325506f306c516d61ae694932d25c1ce41cc97989a46699bedef7910ebae3d10
36:7	225290	a975efbb6acc8ddc6ea67d7fea2398b4f1c4d1a0ab303110eab67166091c8664
36:8	323594	bbe7f22d45608130f96a6f042d931df4e2d104cb036a81d8199afa14335caeb2
36:9	346122	2933a0804a95ac8b7c4e129033ca0947ab17b6855e3977f53da321247e1876da
36:10	272394	f2eaf3e6caac1392e457b6daefad23554f8d471bb27357b83ddc867cbee02b6e
36:11	393226	64351a8c3abeaa65dd39a478a16c24b946afc6551015c5f3b36d5eb99575f061
36:12	626698	9e905136e7d8dc3cd5fdf7cf00bea03ab470a169c54044449f9470a99ae64d94
36:13	249866	ad7e1741642f7d9f7874dea81a63189ecac09a8b831a22014bc79fe0cc2783f5
36:14	563210	6c867bb28c7c6f140c0a2cf5d1ab3143ba55ef0b3cb813b71ccd41d9f101d739
36:15	532490	243ba8f27f631609cf5bfd4aa1758875c0550834c528cf4bee3c252912ed0e78
36:16	204810	a3a5fab7f198918ac41e18b9e22fdf89bebc8a9b7f527fec8071efa4cc11add4
36:17	192522	69525edb51f6f9fb6b741ef6c826031600c7e24ff2719c3f02c6e5d91094dc50
36:18	469002	4b7fd3d34532d39fa7140ec79324eead55604b350c1765e683967c013bb129b7
36:19	372746	2e0f0753a5f013d383248c99546a9069a12965697d1b74bb12b63ee094efc3a7
36:20	280586	a4ff56764ebc7649e505d37129f5c3d542973ea563465f12ed4850b53a2f5a50
36:21	196618	306c90f03ead6c6aad54888b5d9f4a373ebe6a7257972ced0da5249eb3a520d8
36:22	247818	2d0aef5b835624b66f52aa30b978afe49dbaeb1da8df7db33bd186cb390e69fb
36:23	460810	6fb403225fe431fc6f9e3dd76f2f4257ba6a9ec235b8bdee4b1bef9a89bff42b
36:24	165898	93122b2cfe517de4090fa54536720ad987e2636db8ac2e1ed88cf9f314fe3cb9
36:25	176138	aa56d6d437f0e1cd9c38f1e885fb1b59869a1e22b0ecd2f31dcc78c3568bee1b
36:26	219146	71d4df30f7a850b31c4cb05e0bc818d66b5710761ba708afd4c436d309b5f60f
36:27	217098	d6fa75fd9689387f7663bbf68c02c077dd316d06b9514f87e83c177b89f5bb93
36:28	387082	a9f5be91e7d772ff11bde7625b81561ca8ecba00211d6d00a7a4d842c82300fc
36:29	264202	9a52d5cdd5e704b03cbfd3d06184351260437d104690284c2a567650385a6a9c
36:30	425994	31394fc68b5c667c661f8c8a64e7d6b583f511a36ceda36c5c28a4d24c09362b
36:31	243722	342dee22c36c302a2ed46a3f84ec241c52ab996eb38e5259d81171c83d1e8aab
36:32	225290	1dd6c80894dbdafb1eafef99c638b916326b3a063aa6a10fa04df23f26b80667
36:33	303114	ef4d376a3d60cad6c84694a4eb5e49a91bdb13a744ff43fbbc2b9d782e20e212
36:34	323594	55fb1be18f6f5997d68b46005b5c4c3cbfe6326bb0f15af1d218aace641cc269
36:35	329738	669ab217c80eebb3fac172d60a852062856afae0d44e28bc0b45476d0ea1b07d
36:36	423946	07ed83cdea0e71111eec27984c85c79853cb7e75a4d99d88511a87ed7f4a157a
36:37	264202	c896c7cb60dddfbd8e1064d150f1629ab0c6fdc3fa71bed34510a945b713d4cc
36:38	315402	1454fd120c74d3b7743c2d3fb98a6eda4388797e60c8e67c1944f8eec76d1ba2
36:39	241674	4d85ce481ce9b4da85dcb6ff891678cf4be6c7cbace45cead127071fa5074e37
36:40	462858	060f61e1d7fc765ff93ebde333401e6e769dbf5a568ca54d23d6a9ec2f4e75cb
36:41	204810	2b587397c82b57776805ce27eb7286980a88efb870340dbe54ca62c3d5a95ff5
36:42	186378	9f05543d3fa2dfb98e372485b086dfa646064ecbda5552dcb5cae7806927e034
36:43	215050	79b73fc8c1cc22dbcca807fc16593ccacea05f638b34dee8b08340321b195d2c
36:44	206858	030c821fd71c495761bae656b2ae35185c17c577a6d60339e375ebaace50b1c2
36:45	274442	e9dedaccc8cdc5757af2fae7c0b48d9b90ca5e00dbb66887369ed4e85cfb36b1
36:46	305162	e8cdbd1c16c2267a10f403f4677b1f54f4964514a53aea6486c50df7405aa062
36:47	952330	a9011794325f06b2e6d0b2bbd1e154bb7165292b28c8192e2382ccf05a52f664
36:48	231434	4024398d41c8d134266f3f9d2354d59b25e71c28a661ca75d66de90153c45d63
36:49	303114	71efe2bd8a1a186d14ad9b338a497e8251a62c4ad2f10b4638c448187812d44e
36:50	270346	92d4ef95338f93f04eda93741dd999f7065ee74c319da1abb532e3b6624cfe97
36:51	270346	a39c65a40a93d7286bf5f8e1fb7e69b0ea480b029a775bf6393bc88e84b65473
36:52	436234	d13af5dd903e6371ed899b97ae4c8e63b9760cb533b1c73feec8552f8f65f342
36:53	325642	c93c279ca72fb8c6a50ecc2fef28a465ca8db32d6087a4f3fa755d4d95f12910
36:54	321546	6c06c717cfcf5e87a433c09e3fca46ac71013088cbb362e981f9b1d1e4c8fbba
36:55	270346	6e245b9294d9fa5ed9973d3660fb5735af3c87b06bb629c8ca45308d5fc8ebb5
36:56	264202	aecdc4477f12b24eb11a3b634f0d76c7e81cdab310ced5ad39e3e17750a0eb6f
36:57	217098	83c22d2ecac108d134d3f8d97936713c051da12f77ab03c96655a7e5f0196537
36:58	206858	d37d18566dd2b9122cacfb163b36de290ec7b9a8269aca96ffe68a959c331fa7
36:59	161802	b825d181e48682000446c2dca8488659b2fa352d51d20649a34136d9191d2776
36:60	391178	75f6783a1632d5ef0357ddf484d5149f084b49213f91ddaf8e52f1190bbda3ba
36:61	268298	c121ef45b41d69800b892f08e23f40e2e2f90f2cc60e4971c08a7c9be904e6e5
36:62	346122	5b04dc8419d091904444feba9d124bd533e268500beaf9e65a971ab33a454a8e
36:63	219146	6d78e588694c486d3cfdaffe918bd2d5e5c268e085145bbacf8be051b9aad2c8
36:64	194570	4962ffb848da26bd01e864c960dcebd11bf777a6b7f310f8df230d874d785a66
36:65	516106	957330e054cc4c908ceac7b121e8b9866d1391ecd5c2c521bc45319b8a48282a
36:66	337930	d5a3df7fa3754ad0424e1023a1a373896bac08046435852581cb5f8a8c488c30
36:67	319498	751eabd2ba0e070caf56c29a8bcf4c24f89ae3fb9c15f6cc79fe99c3eb6cab29
36:68	294922	f690ecea69b206a36b2ddaaf8051331efdfbba2a27ef11cc58c9098e5d7e505e
36:69	425994	05637777a51b7b0db314a7db9833df5bb76c23cbed4b1c6f44765b166cfbdee4
36:70	258058	968dcb868a1631fed49ac0596f756d892cacfa3129a0f771304d69969eb02f76
36:71	374794	eb6596a881c94b6c76bbd97ff7ab7690e3f15b4508a0a053165cf4fc574bcf7f
36:72	264202	82ce780a084dbb27e4990e7e6da835e7dabfbb49bacaba7279f15c85838ed247
36:73	335882	1a696bbfdb904d3388a484d059b67699c8e655ce665d4cc3714d2d5e509d93aa
36:74	249866	f147c903470a6a9f1329e7d08bb8ae805272f4c6cb72c3811e1ab36237c269c8
36:75	243722	cc65453c9ff5b4054249a8a4c8deed9f436480602fa6fa85fc5e26b47403f0b2
36:76	391178	11099d74f06a678f662e34698d0609f2067da007e3dc1b948347b7e61d833731
36:77	352266	2901d4338003d1f09dd2f8ea60d24861a7000d958fd5e9f5ecb5b135ced7a4a6
36:78	358410	8980762d2440dbd57fde4dd285146250f192615a84fb3c9a5959086a0426695d
36:79	399370	9375c3e3e7d0c770858e4c938b4fb5c87e3ae7d880ebe7f3982b30688441cb7c
36:80	339978	ab98990aa75d98adaeeae78a7d84814981c731cb34717be23a0fb77b4be178fa
36:81	487434	d8321932d4689bf50533d3a6364fe0c0c1b790aab07194df72c12ee567e7cf17
36:82	303114	8a5918b27450fa3af03ea5599cf5ef3f3e43207eb3b8f56f6f32758b25d61292
36:83	233482	3ce6d6ea3174bd0b09549ce9d49995a5edc6aae63ae72af1b57acb9bfd0f037f
37:1	169994	5fa52ce088ac7436d46c5589380085cbdc289b8acd04b3052f9d6a637f6220e7
37:2	126986	30516deed314cec7fd785b8dda866602bfe2206239182c6f52c198c7417b13cf
37:3	124938	9a508d26112a040758a5b25c698894e91efdf6a34d8873b54f1b69beef3dc5bf
37:4	135178	3d33586ee976f3747a6ccd8aee11c68f82e9b850e54f459e89b9aa14b73688b1
37:5	253962	133c2b7e5f9490d645b7d397f7d0ae65dfb81da9f650dfb1dcd7bf66867c490d
37:6	243722	2bd0e3acd1e5d38880a49a5bfe7d12432389c6e7fe071aae1f30a8fa5b4b7a75
37:7	200714	79d8bd6bd04a12de7297ed57f5f2769d3a1fc336bd2170848c7c8babe6a48b9d
37:8	262154	f9779a7d18a3f039e19f0ab33e85163a3ddc7c7a8248be2e6367e21d6143b6ef
37:9	260106	a0d74666141aae86891ca998f1764125626bb1a1b3cda6135809b426be01b101
37:10	210954	cf3600d840f09c69ada1fa416757a86d153d8acec6a53cda3f734d3864aee392
37:11	413706	5c80f37ea12a37b2ca0cd9fc6baa443ee7eaef4a094db1f138b901f0028bab38
37:12	139274	09b5eab38ed7cb7207f045bdd3b441653a9d345cf73247699b4ba7e5af4715c9
37:13	141322	1e586673fe1129b24a1a61ee3cde403b908a783505b4a773f7ba5e0d202b1301
37:14	169994	83c5ad99fd02de806cb049d300d1cd4a8bebf4218549628fa9854e201ef189f2
37:15	233482	c6ef94b8a6028a344c05d1680b6930dd467715d61d278f02537f629cf5847e5b
37:16	270346	730849dde5a05d2a01bfbaff2e92f7a732b89eb775f100b79bdad941c86bc00b
37:17	184330	a7cdeeeb866f8611083de86f107e21b78d032985f78c059741fcbed9103ff12c
37:18	159754	f72eb947354f311ce401a772a56c986fec8da18bf83373c81ae4f8490ab8766d
37:19	262154	01246bb5684a8c9c4903877e9bddbab333909b5b1de95337e68c88797d30f4b8
37:20	186378	2db651cae642d8edbd1a5d08764e41ae1b7762129e5076e9aa13d155a16f7490
37:21	235530	c4b6f7ca6c1bab9363f5ba2520c4ed9e34a593605c16266ebe012aea37c1b3f6
37:22	229386	1aaa97e181217ab6f92d9ad077c8a5e45121c615510f8e3c4c51073a9e0b2953
37:23	280586	ba54743160985a7e4e65eff74bb52f9f5853c8fb56a1f5c91780b3460123237f
37:24	208906	c97bd7153fd48caaf244e33fbf68ccb651a2b6c53e410f80f97039ab13e5f280
37:25	124938	50df78a25b0e08b2d708ba141e718f3f63fe8fd234cae4edc01a0cf65b2d981a
37:26	135178	9635ff50061bca2e688cff274b8d28653d80abfc5c3f69c97b36bea4e45ff79c
37:27	196618	63115f77064e21e68bf21d705f341769d5d2020eedbd119f679d803fd7c88698
37:28	235530	098517fd343daf03ae3aea6cd68f923416def625fc3a6fcc0085a3bd47d07d58
37:29	161802	bb4b2b4280d33a68ca3652defd121799583e76ed770fa71771e721229d4804f7
37:30	317450	9abac11612eb19fd21b7097795156ca15738e50b24301deba4c89effe4e0fa0a
37:31	288778	898529b788fea2119cd590c5574111516ab21b7e52dfb779a27a8a0389944cd9
37:32	219146	5021559489529638b950ea341baec75f4d27ec1e827ee66bf9400f154ce3d534
37:33	200714	297a0e6423bc7f2f17ff0cd9a627683f7de3488fc362c000b396d86446376297
37:34	190474	7e7eca0f3590ab61a1ca3f179da3bc33d6dba22df9666c6d82b6d4c8e9eafdcc
37:35	333834	5f4cc037e36155008adec7289cf9684ce55918d1f62367ceb1e8f3e2212eb179
37:36	292874	c6fa6f80a3e7d6b24ad9c3480edc420a00ac9bdc38e9ba4b6ce746371adb74f4
37:37	215050	49ab3d57cebb7e845ce6dc519b6421a6734f8df17b038894a21df863abb9e6ce
37:38	208906	e42ea2ffd1d91e72407aa950c33b0ae6b14c601727fa0a0b09ad7d4cf928dd1f
37:39	196618	1945cedd0c816c6f2a51ffc00d282579dbfeaeb5d6ed7e873f0e0efb0f56826c
37:40	172042	3d2f352434b30cb548c061b7c857ec8ff2a4f704476f6de04f757d6e309e0b83
37:41	169994	90af53b9b00f249161f82c1db3d60d9ba9b9e5f8d44c29ebefbaa50af7b72b26
37:42	129034	370a7a4aa9b65ae2604d3db020ab125b2fa38939190444b32df25817d2f4917c
37:43	135178	bf2dad8c7903029f1a2c17e661947e7b4588da3fcec25a54a76e60e1db48583c
37:44	153610	5df5d2e5ad54d0938a2ffc91832613ddd829064a2e7d91ab61a80f4ae088ed0a
37:45	176138	bbda1bb45a163b194482533bc6fc9c478aba34ce801eb8300d82338c0b01bb82
37:46	190474	d1cd21d82c1714d7d66ea092049cc017590efd140fbe939dde22cf190a3dc944
37:47	227338	4ef6a897f06ca24bf7b89d43a2853281c28e003a3e0276792d3161cf3f15c870
37:48	163850	5ac57936a103984142133702d5d8f504cb12e992183c9ea95d75b7bcab211943
37:49	153610	7498cd821b46228033f14282fb88233c850f66ca88999b7bc05069b09c4875c6
37:50	231434	28162b77396818af351c7181992b85ad4f21ba8801a272cc962894142ce11b48
37:51	239626	a4400791d2524860ae2526de36afc8fdf1abb0ae7615da19961c6641d18eb8cd
37:52	190474	ceca16f66953f9fdcbeb0b62500aefb347852ff7838509a41094f117ecd22d21
37:53	268298	f83a45fe41046028dd2590ea2be575c83ad6e11669b8fbe1d8ffc2c249f8b525
37:54	174090	48a6102968848f798fa5bd89f47564319f9200b87c7b7f64e7a59af1abc454ea
37:55	213002	01ec4e0701b31608e0672a6fc9451d880e8dc69dbf99653aa16a066edef7d710
37:56	180234	48ba9ad3700988fc2a0dc810555a173fbec9e972358beae0995e3ba863875508
37:57	188426	c5bc6ee6d6e569110f317050ec096c476db3b5c483705f9973383d2c0182b23d
37:58	133130	32abe6305fa2bac919256c0453e96f4b5fdf6f498251cec0bdba8ea2d3c0be02
37:59	213002	2ba9ffa0a4262b94dfdf3fdb5c8425f469add90a24a49a3681c9311349cd95cc
37:60	169994	4e33a231321a84085d741bcc856e0359440a87662aabe9df2e9d0635f2ed6930
37:61	161802	870d65efbd8a94951fb9604bef21f5b7a8f7d51b055fe4e46dcd2df9ecf1bebc
37:62	186378	17550f08ea71aa86d83ef596c2152a9dc3f233766f9b4c90d3222cd2f216af95
37:63	192522	9f88dd9b55c96fb8d55a23496a6fbecd99e4b47740d9041c83e0ac10de8b0f37
37:64	202762	24b4694b8e8dc6c9c168aa931fd278044e053ecdef4fffc74caac0dae41ed5cd
37:65	178186	a875ad5673b2df348a3d4d69a5a158549a6f2a8d4553ec1cc0723ad6539cf57d
37:66	229386	72c6e88ce7fd5ea84ce76709dc56bb3991dd05e2878ef2896debc0072d001c3c
37:67	221194	4babd39efe75aa04e88805e9ffe76ffc262e9b27c2012bdcc99879d7b60d7686
37:68	192522	909327d5de48c4c23c1c1f64b25ddf3b5d56b2b0065dd9b50bdf47deb25ff387
37:69	239626	129dab6636f7780161e90de3a15dd4d619db73828f90b9a7cf6c63cdd090a18e
37:70	217098	0196f27df2701956f729c52c26be7d13a8e137cd5de443640f0dd66a4617d1bc
37:71	198666	4dd17e19d27d0b1e66c1a7ed76ab193d3ccaa75ab5137d0e2a90c51306a8756c
37:72	198666	bb8f32428770c3f805aba6a94b3a826857b278de50b1d058539eda174da6205a
37:73	198666	4b8df3642bb8e6a4d9802c7884aab484fcadea8c4acfaee23fe9ebc483433633
37:74	190474	37af391b36af8f19148ed865e504d8dae2a5726045d5a2a376e8d70d2234180b
37:75	213002	2aa83efa9997567bedb100278f37ce67fc423637d2530dc43cd5b6a002325125
37:76	194570	6129f988d62e9b8724cc8fd22bd4aced3f43238bbea09de40c38484a9e5a49d6
37:77	184330	ecb67044eeb60487f25217db990b18b2cb4a2b082b3d0d13d2f960450e4a72a7
37:78	167946	db4d293cfa163ba73169edf6e0aff19009e994eaecb37b6b11920789a0befe20
37:79	159754	c3b226f28028ed0149f15412a0b3fd924e29a0c265a4b95090f6508e4b50c234
37:80	157706	84d047e2f87a6ca09d5641c46a99be00e37a30993130cbfe44781f22e768de86
37:81	153610	9fe632b3fe7d89a65e2ec9ebf3b03b63e0f8ee0eeeb1dd41687eaae8844e69da
37:82	155658	1acde1e81bc588928c1f2886f48a81f05d88dff56fba6d2b98858c7d16fbde86
37:83	126986	559970958b7a3a1dac8dab0327b1dd0200787125891320f1e8bb01352c827091
37:84	141322	2a3e19bda0d50a5d016e16bc3059444b425ba78a26d267565dae1ef01daa20ec
37:85	143370	fe2f9a2856dcb6b0ab1fb942c97403185abaa3e8eadb45231b9177fdd71793ab
37:86	141322	784f3f50053353caa8e0e133bcf72e1a6242da55dcf713234aa393bace824b12
37:87	141322	777a429a31bca08ced685087045a028557e031a80346a2b11c3a95c81e2de916
37:88	124938	84ec9ce68ad6b2d0dc929d8dd0d8b60b9ed73c0d4eac25ecf1e3154353b84fc1
37:89	106506	ae96e49fb0a91ceaaebd01e3a9b232a9d5c2d0c439a59dd2fde5e4b77c4293b3
37:90	129034	09845c396220ee3a4dbe5f482c19858e228f2b31385d9af577647c4bc595621c
37:91	202762	29dba2e45d7c91d2b443cc310c0a4b907440233ad08cac5d072ec424cb8d6d00
37:92	126986	dd49d80b7406825b0f66017bf3ece1cd743a05477b5758996e15efd562b938a7
37:93	131082	fe4f9d35719654ef02bbc1912263ca4294c440be24e2b11a19c0a0847dcacbec
37:94	149514	4e1b2b96b183ff06065921ac52e5e7009ac175322f4fc58ee147c0e060723115
37:95	122890	2cc9da3e98624c46ebc984b8cba4a82e20e87b284f254a41e399a26418d6f95a
37:96	141322	8153cc43f05e7a889584b2d125da7d37772ba950001af618b3e865b9e475effa
37:97	163850	78c456989245a48caf55935765e3747a587814dddbdc0d1b33b3031d62c78e58
37:98	190474	c3f408818c0fe99d13af6d41c0ba92ffd2da00965e3407313255ec4772f18f6e
37:99	190474	c534b0ab57059d6803d2e6badb05f63402a2ba0ab2f3723b4ab4f0276b61f575
37:100	112650	c3b5984bfb092d75c790b964db23a4dda13a533183356cb75907b30cf3636c47
37:101	135178	7c52f19a13f43dcf6559d1a5f141b279225ea0dc5d921c7d2b2ee708a15148cf
37:102	770058	f8b1972f5bf935ba55145a8813430edda7f6ab0c811565c3e523c57528e71399
37:103	169994	5dac84e283c7b237b0e8c2dd9ddc0524e67c0fc9921392a1fc14a878a09de893
37:104	174090	a0ffb57254bdb4a4b35f8c408baefe8d6d6f9afd6e6f50defdc5a175cd13bd0c
37:105	286730	eca651645eb855d2b50bfe0d7e8e8ab7b614f6a572fe80bb825b91443f4295a1
37:106	174090	7ae3540cddd8aaf7728cfe124fdd107f66c96b7bacfe5d3a2734573f793facaa
37:107	145418	e7109ff41402c768a709695a2f3a6f4de65c56d2ffe23d8eee4ce0bd84f77b9f
37:108	131082	1c7433ad5cd97fe9547f064406026f709ed20e69e61c14510e54a4525418da27
37:109	153610	1214a4ad527016aecc317d43aa0f19a2ad278fb551173b161571b085d83cb6c0
37:110	126986	b7735996ed6bc6b5f3e577ab85d88bd0efe447e3721e4c32f325fb714d238a10
37:111	147466	4ac80197f38ab61ba958158276123717ef99e7092d3f6558029e37b3f1fd84fa
37:112	178186	0f0aa07879fc715a3d96a947136783b23de82990af8866bfc326917040c4ab8d
37:113	370698	7f77c8bdb6b86b376c675f034896dbf02eab38440a41d59af0197a8b0015de77
37:114	176138	9177668f7fd74e14d21dc2f37dd27586f52983f8a19779af8328820d4e2c90eb
37:115	161802	157bcc5505583795bd595a0f67a632b23d31551e3c885a6f31aa5ec12f8ede5a
37:116	147466	b5f063163fa816e82617bb9ad290044596e249142a2c14b1ce831662d34a17c0
37:117	176138	a4772d18b697f918620d00c00417d947a3063f630388546f9be90d9f402720d7
37:118	165898	dc3b6f3920810c7a9f0ff3009147fbbc043fa07b4ddc643f78d4baba51487ec1
37:119	159754	aa0c51f715671c266b6614ea203613538843d7e9f93d91e21b946dba44728a4e
37:120	137226	c85c03a9ccdb33daa191337ec3e31b4f34b1fd30a6f847ad18569dc776719b8e
37:121	147466	0c29867240787dfd7ba01d3c775a95fe9faaaaed6dbee13ea1de343effbc039c
37:122	184330	c292bb758af1c4bd0005e27e6796f2b9175b4f6d62defa0e318ebfc3caba013a
37:123	145418	1e820fa2e7fc4d85af2494ed74f2cb7be418c56e5e6692547800b2d439d67631
37:124	174090	fd44496c5cbeb704db68a17d795f06769d4e0bc7d3caaa1bf52d4f2e852d2bf1
37:125	178186	90fc8fc8b24e218742e08e5687288c7a958800d001c260d3e4f8b9dadd5e1aee
37:126	206858	300ccca512b69ad339345f6f746f62186a6d43024f2e906c737ae31be890dfdd
37:127	137226	fa160e3c74af11ece584aff17932454fc7f09d4b1366b2643b09f0e0295e143c
37:128	137226	a8ff88fcdffc4bcbe3f1e67478168c08f5e0d5861c8321b4af5e9ed62a9d7d65
37:129	137226	16fd0c2f3f62acc6d9afc6ab75a78b7fdc0235bdd37dd148a5012a8c25c7518e
37:130	153610	9131a56d78a1a5404f555ce1ef59de73a5749750cd5a7f30f270eec1c17bdbe6
37:131	174090	1339153dae18f927cffe4b2f1b729859e01d32d7abe58b4eb1242fd7d3f0cd10
37:132	188426	ad0a185e8925a9bdd850a1a1058787640265f58ba4de345ed9f7b15425c4549f
37:133	149514	479a3ccb8df3e7c0dc1b4bb9419a2a86db0dfbf8b27bcf7c73c87ff39b18b308
37:134	184330	66b48c45c1949256da3ccc7b061d5cb07804dfc72d49e2ab5c9cb3f91f8d5479
37:135	147466	45478a370ab954188062a2520194bfc07b2e78d0125d568231c4b3786fdf4513
37:136	174090	048c7d8e06f7fe4bec6e9fe1da28099c2531507c78364dbfe669301fdf78d55f
37:137	176138	2f042f270f75816d42daa3f4c2b24b36c78ac09a39d3d04575c6c9637c6a8821
37:138	221194	eb3db447f6f90078d8eea6163232eb946de2620f467bf8156cf5f5ad2929ae1e
37:139	178186	cb3b3cbec525ea10400af00cec398d689974194dc87d90f25eb594a10d1acab6
37:140	135178	21e7c4ab8872b89bdd905d99e3e3d725b27408f825ff3cf93e4e882f7280e4b4
37:141	167946	d1a8159894a49a153f1c9b2e9eeff48fd3611d9d6f59193f2f6a3928f16d7e75
37:142	145418	6a6f33881c68f3e301d487ffc180d33768d9d3efad05530628945dd69e3fd576
37:143	200714	37ba564cc56851be3b20f437916a9b840c97e0b1e1accb9fd04ec86bc11201ab
37:144	182282	1754d7781ee4ab780b4a6b237dd8323adaf13198d67c845e88fd29cc26bef0d3
37:145	186378	964ee1a97b1bae6539cfd84c7754d9a6e50ebb024d5faadff4b90fc4961c1d0f
37:146	223242	bee217054d7aa5ea691b00aa2c73f71d1b60a7cd247c9f63f2c80004530f97fd
37:147	215050	d71adcd8e44d6f3cda961cb3b3bc364ac21f891faae62d8d6e0bdba2e69d0596
37:148	174090	0663b4d34fc8977ef3b114b4c5bd0a7e62c6ea4b87de2417123c7807389bbd70
37:149	186378	25fdd3ef89e205c65f36000c1032292778fbf2588d6d0e2dbdab77d55bb53059
37:150	202762	554de77569eeacb2a97f890bc5abd70406d4ee841d4f5af27932c53a47a78c8a
37:151	215050	b08a26ef44b2ef10a825833910aa91d0187ceba683cb8637fb85bc9217a9e9b9
37:152	223242	7b7a3d42d0ffd23c7b0a55853e0921d6b451cad1f212323c0f22925786df73df
37:153	108554	875e80f16d16b2a9b88bec81ef5a55a6a044ed19ca997df4ad2503cef5cd8d95
37:154	184330	3fe68a9048425d91713b835fe97ebba99f7fb6d11c38a1e12a5ef5d6bada54eb
37:155	102410	14550c4cac4dea645a06f03e6cb6e700205061e2d2df07c3a72b6253c2b4892b
37:156	126986	6e767c2556404b7f0672f2085916e6035ccd9ef0bc97bb63754d5287b4b95bdc
37:157	190474	81681b624f2db1e7588a0f9f9402f40852591d29473d2ddbd3933a5797808478
37:158	362506	f6b34a80e4ebb0620966fdc7e7d58b9f0ea3dec875577757ce4dfdd7756ee450
37:159	155658	f0553e7619a795cf21c6a70a3c90e28361cc61b6a5ee3ba0c51e708da3699677
37:160	153610	7460b10f70a073225eb4760f0e68128f2554a4db432e2c2757e9e8757e4fabcc
37:161	114698	771efb8ce7868aa1e025995967319142be97508947ca0978aca412a83f3584ea
37:162	161802	c9cd0f9a13a3536725d510d78453cf99bab8887058e1ad75af023d7cc98867db
37:163	159754	1047d38d6cef5f6e4c749f7d0daf1317e94a4a4ea14d09398b72320f8b380142
37:164	210954	0b7dc17130721f579ac0942644960479b2a3a717f9ea3c586d8fd3e56965cf61
37:165	176138	90958898fc030822111db9db04dc5b85f332b67f4210ffdfb1a418ee5db5cba5
37:166	141322	a91ae7e749f797c2d0528e7b11d4c7e3727d232b9d4ad7b5c52db76ddf8e556b
37:167	118794	9bce049fc86b1943ac6e62f9ec7d1a052f123705049a78f29dd5e1fad74c6fcd
37:168	165898	d5d8ccaea58173b154ffd7b2969efa23b4bd7fcfa66f8c9c133c52a9c8abdeb0
37:169	155658	129ccc0ee4a2cfb220ce7e83f7fa1560ef378d81a5ad494101584ec084a57e92
37:170	182282	ef4e4f15224cf545d94c7e60174c6bc65a15bf2cbcb0e1bccd17511e8c79b214
37:171	167946	9afee23e36f62c65463dedd14336d6421607c158bbd814667de421f9b9079cd9
37:172	155658	7f5ef889307b19c7764e6d5fde37151c42a57b6fc7539398e6036aed78e9e4e3
37:173	157706	8d9a7c1a30d54b173a623f43185a60111bd98ba02bc189d8f938a9d939a418ac
37:174	133130	602b5b466e1777628d13acc3485d8cea70698ade4ed1706cf8e9c3cc23fea6d3
37:175	145418	10fe0f822d3d41a135a3ae11b5def14890bdbd0bcff2985e2032cbf6b81a6d37
37:176	147466	db3624a66d12e8235b55673283920c30766fd48e5d1b99fda961d7fd90f59a29
37:177	229386	c6053841b57f799e3ffe7f7fb530d8a6bffdb21dbbe538a5aa851f3ecfc8cc8c
37:178	141322	3a3d36c0a5d297ac337418f7474c95dd1c38073db22b5f71f869a402daab5011
37:179	122890	0c4cbc88644b0b100f02fa67b2a0c69d27a16db0f4e0b40386284720631ad85b
37:180	165898	9fa50222982597f555a1ab286598ac26db5677898abd3284683102967968c431
37:181	104458	8755761994b38e91774011bb246e2293d6b84bac782d42ef97b3d6914a16bd82
37:182	137226	a4b6aa066d3813cd420eea336ff715d56213a0d66bb158003edc6ec15675385b
38:1	237578	54da88006a2ef3640301d2f5b5d6d8231814f0e1aeb6cdd8a93388762d121f70
38:2	180234	8368c12c7762c4c012401507a38ff7353b219ac340e011b992ccedf2896d3c35
38:3	337930	d5245d68da6a4b2ae802d19f204c7f121fcc6adac7fb89dc2bcdc85fa1453729
38:4	454666	4ebd4b817a2ef11d9af459b914fc828dd0a56b48a95a11602ac82615c4639860
38:5	299018	206cf5f92ffeb33fb1b1b3eda34df01298a1a6f5f45a48ffdb8fad5c517b69f1
38:6	411658	fc37c0610e749f8e90c14e73c46933d03519c3dd4e6a2d7e76b53fdbf08e5ee3
38:7	305162	9ccd66f0808eaf1d5f5ccec5fc127095198253fe8442815267b3f57148e549f9
38:8	503818	270d501cfd5078ddbcfc583fb35224d825e298d7181fc3541d6da3e837467d20
38:9	235530	fcf99a7cd09820eb2817c260fe1cf7d85a5d40bc511d6c3f45743dbb09952c14
38:10	346122	9c4ef77d44326794c54aa2d6b2380b0242bc58556f64c3720c2ea79b919612af
38:11	231434	3d4a326915cb4e6b4865a9a0047e55f9f719e9aa5fb3b6d70fd9f90ecaf32ab6
38:12	276490	92a104ac24f3ac8b69b66048064d09f0079d817dd0727a8d7a435959276928ef
38:13	358410	b6f887d31cc893e14aa97dbfffc43a491646f6dc90ef9972652a1e604d0fa789
38:14	233482	2c22d053f1b3ad88b31e2bb9df9a5ed6f03241c787dcdaa1ee811c373db1c577
38:15	360458	53242eb106792f794edd2b297a59c3bc6ee0b030857a7fe3266fe74700be8e21
38:16	280586	adda7ddbac8290a1791a244c2a805ab4e8fda77033935c6d8e02f06c0555fa8b
38:17	464906	03cea9390e15148896437592759ebe34a171facd21a7206b863b43a7f0eb2522
38:18	272394	c6782396ba8c74afa20b27e5a9a32f7059c58c73ed9108d8d4e63c1f68fae18d
38:19	278538	fb5b781e07e15e2ef75c6efb88b6b7962e398ce86edd33f563d922db033b6381
38:20	208906	3261d27fbdba500c86cbe8b1628b0e337aa7a2d19aa147b205f43dd5f1e190f9
38:21	227338	02750dc1fab711fa69882f0335b754cff7b9f27f99a9fffa0a664fd7788c428f
38:22	837642	4b2215069da581443fc0885b252d5e27136432f38c7f4212d548edd8477fd8e9
38:23	610314	1181dea12a20a2550e755279d01ebb487d33d08684a3c36ebc304e39a65156cf
38:24	1067018	6accbd78169cbf2ebff081d2b2f741eadcb4cc056538c98eddc2100e2571aed7
38:25	321546	95fb9b061f72011ed580a626be32525915f4469ea0093e6ee607ebf320c36265
38:26	1005578	75df13795c4c69132f64aa0339404221b56383d1c200bcdc2205d890d0c84fce
38:27	567306	6ced4e5b14bba27340fb144e47cbb34b06fd6446b0ab6c7ddd7ff253bbac606b
38:28	454666	ce7ec092582c811120de24641be31deb6cafa149752b03ebb220ed70f3a51570
38:29	382986	8fe430accfe6d6e1e8668cf4ee319aa64243727946398ed9027f6392dd463583
38:30	425994	d476e070df9bd183ce333be7044c282dbfb7d469b97cb9a79a295bc4e2188504
38:31	235530	4d81cd1da9200ca41c1bb8d5ff0a323c84d2c429da5f23c22007dd605d4594a8
38:32	325642	156432a52ddc289540de948c3c81867d3e9321b8ec0e06d3064b1d44a68041f1
38:33	389130	12e366d30f6aacf83ca174843da08d3897b8b8ea7aa8ad516ba1f435ea72338c
38:34	362506	93a3670910c155ccf1862f7f440647e3cbce2b66ddbd652121589b1fc2fc4e6a
38:35	464906	80a89e9a13585c9f052bf8a66dca29fa685e9d6f20b8d990e2c59e6dde5ed620
38:36	262154	92ee0209fe8ac1562bd251f8c3f80ad21cc967331041e5830e33b141d29d8e42
38:37	223242	efa1c687448c96c1ebdb17d9fdcb96712093e0b16765d8873fb53a4ac82ade36
38:38	190474	a84c8b136558551f98909ae2a5d317257b7c02ec744ff90f0bb14436a1c6800e
38:39	266250	7da0912feb9cae347089ad13505edc952778f5686df98ef80e8839903d085efe
38:40	256010	3dfe5b9bc2cba7cf461fb4c1a19b53cd0f8d166d7bcea0284a6aa4004a79a514
38:41	448522	8e09cef45565cdf511e0d3ded7f6b14164f41978196fd1521807a6845e2dc3ac
38:42	303114	399dcc3088e8469edc96f554579cc1a7f237680ecc78c30bfd729c449b0134ee
38:43	481290	0fe71acffb94ade5bac163c3373dfb17c1a6a3a4f41bacf6ee60bcd91966330e
38:44	565258	76c7cdb1c37fddf21479b3022819245d123b5dc5dedc4fce2ea6b91fb8e28382
38:45	317450	98fbefcf474d342bf5dfc97d487b95866cc429a77f4e3f073b4225eb12d65817
38:46	235530	227befd046b365bfcaeb3fba24188a52a988f401e55888672e0b563c484c34d1
38:47	225290	567c9c7d35c0f904ebecf2dfcec789f125e923a539b779ac90c54d5ae9359954
38:48	284682	d772110f2dae0b4d10340706288242d1be3e23bfe8a1b5cea2b42ee4b7584039
38:49	256010	3a4331b7b032edecf86944362622b7bfc19629fb9023e737de7a40ef01b6e0cb
38:50	210954	362235b297e39222e421ceaed0fedfd9fce5b9042db803aae52286a4bbcd57c2
38:51	280586	a2f9510be6ebc1578f1dcda5f003f468bebd97888578c8283a8114b62fba24e1
38:52	174090	cb711143d725a59fdfe17bffeaa688d8c507e318bb4814ee2170b7340cc6345e
38:53	182282	ad43ea2284bc84c5cfb18c14342ccf3ae21bc07d4f54c815fc3087123449bca5
38:54	180234	107a7414f254ce2488720747f6acde633e08984e1963d00ddce239cb266b472c
38:55	213002	46feba1532d7283b4ef3916cc315edebe06b2c56b4f8a0e2d99f5a7c180541c2
38:56	196618	d61694f2691a1dd97cb2c22abcbee4c78440dd56428edb2ab9b885c82bf076cc
38:57	172042	31145cb744c77b64c96f5f54bf4211ed1189600abc052d256abcb40bfe8d64fb
38:58	182282	37c3aeea34e2e9dccf78c8d2a37e67aa54d286e808b7eeb817f8bc19bba0667b
38:59	376842	51dc316580c1c48ca0c800930717636ca816ef7d2fd1baa2a9364cdb41c2cafb
38:60	352266	71384fe108505f1af93e778537bc861718bcab4ec209cd598d9fa5354439b2f8
38:61	280586	2c581723c056a43386dc463bf0af2be63bef6fb3b35c031535b2875fd7ac8b4d
38:62	253962	93e096dffb90487ea42a5c9e01eecc34ea66727ce23ef313280ac70b412ee31e
38:63	202762	a01384ed778d44b76c973709c5629fe5361eaab7642acca36275f9c999a9c1da
38:64	213002	b2e71dff8679061608ffec5d0228248ed8a4cf64cc0148abd37ff4cae3552b51
38:65	301066	1ea8d2ce9467c9ead70ea2ed47d6bcdc6b46907e0d251192955ca1b5cbb22a59
38:66	190474	f22ff77d7d39ebe57449d47da5b7855b1eb1135101f8802cb35e28ea3ec4392d
38:67	120842	2b3756bd04db0e0d81e9c91a4735dc25c0f3bee638773e4e883061fc8ae3c5ac
38:68	137226	ef6048d2a39708f48a2ecaefdd26cf749fa719b1a8808fa220567a2da8ede01f
38:69	206858	5d327722fc8be837817b7fed4896cc28caea1cb9d8f18cc24379fde8d53d496a
38:70	280586	e8114ddfdf71b97074718d4712e15898bcd86cbe3de5a13a3359469442a4dd73
38:71	268298	becbbb1c9985786ff3de5cd2db2f0d80350b98bfea91a3769ac6bb6da391b803
38:72	231434	faf1b6be1228e8e34ded3a4892a187dbaa1a8291ffd7f380ac6c635ac4f406b3
38:73	161802	34a4d1a636a6cb2746ed365db77135b9abf8e762059584aa036de3d841fdf77d
38:74	198666	42b2e2ea447c1bc5f08c94abf8a47b9e4819593183d0a37f639be819681ba69a
38:75	389130	56899b05d831e59e52bb3e16811f6c906c6db0ca784cef9986537b32a3568c1a
38:76	278538	c93f28432d39c3119b0f5a49b3161cedc80cddbb3bde0aba3a321fbedd00c85f
38:77	161802	fb225eb356cf6a4459a7de09cfc85123818460a97b658ecf71fb9f456cfe5512
38:78	221194	d66dbf0b1622e64a138eeea0743361f16663587bb6ac708d564bf090cd3239ed
38:79	231434	3d31864c13a5bcf8f97bfc5a02881c730d87bbb6eded5947b02947508c7630ea
38:80	145418	d2931a1a7183b140691be6a91bbd84dd83d9ac65e39c8619ef79221a9c1d78dd
38:81	151562	a5172f9f69ab42d86301d347a847a201e2f323add720a26d41b2cf83623493c7
38:82	182282	abbd9007ece538a6aac1d45063ed36a02bd866fe67258c337d33c1c7644a63b2
38:83	153610	56b5acf7cc316164e8686538dec362c7c4d1063c9ba8c7018f86c89d792aa908
38:84	155658	d67c70d11ce25113008270e38a03ece3d1daa28bca5785fb19168286ebeb53eb
38:85	272394	764d1be009428def923abd43c9956eacdd3e10457c388b320ff378aeac5ec221
38:86	276490	f496933e6cef465886879a775f86f6359920c80a2afa6196a41aedf88465bd2f
38:87	167946	140bf1167f561792fa2feee41b03d1dd71a422a530b6130b0d1024a6c141e33c
38:88	126986	b25299b77500f7defe6d9c2e64797bfdbc99cdae0f6874980a3105b55eb35f80
39:1	165898	71a6fd96096b6fa4f29ad945a91f5d844019b362084e43ef656cac05c59bb1c5
39:2	397322	b1feb4f02911100f8a0a3b3cc010254d95f3c723af9ed4b9ff867a9cc517dc85
39:3	1175562	aa8f3e5e583535afc4fb55f971c8335ad183feb5694e9bc8f53045cced72bd43
39:4	567306	0d7c2a76f2b130012fdb76aeecda99c5d2991ef7871ba5319b6714d1889ad470
39:5	872458	b57700d699e6ad697fefc14cc6f388d2d809b163edb4308958af2bc462ab7d5b
39:6	1429514	508ba745ca3a01f9d20c9bde09e8e1bc6dc8822504d98429b490ec9179e7034f
39:7	1185802	a10ca15983d4f4aedde18c914d86b706701b3494080a2602f1d22aa97fe52cae
39:8	1382410	c1bca2a9da0df894e426e7c28bf35318aa7bf1460fe70a385b803e9507115ed7
39:9	866314	bcb49128a766a696ecbc91e339efa52f6c5bd46253167f685372d105d15bb771
39:10	755722	70526aeeae980365d8fa86906d3734d3e2872b5f98b746d4ae0c0a6b2300d0f4
39:11	249866	3f17c2351a64f812e4f4c6a3b063aeb931cbfbf2b87aa4ab749d3f46d5e68551
39:12	192522	95f55869e114ee68a91edd13d4b5d8d7d06c715c8765648011ff46ee07131ee4
39:13	258058	f0089922b6ad6010df491506a63f45db5adde56cfd544a8a6704e276827deb1d
39:14	169994	644913aafc44f01715c1eb6f62667680b245efdf0876894d30230fd05777bc54
39:15	653322	26d0c93f2d0345f2bf837270c55ece3c3d22e532fa197cac897261ffdddbb902
39:16	585738	82e652a60cff21c1dcb3008eb6e83db3fe84bc22262196e050b316c467620f52
39:17	464906	b455ee658b0b3fd00627f2bfe369750733d7608bc827aa6b490f8402ad9a2253
39:18	645130	e1dca3bfb4013a4ea5efcdfeb47f968a3c7c7faa9694339675771ad076613091
39:19	294922	7c3dffd8049273a5c7184046ce745841c5cd45a35b04e2281cb1cb34de4d21f6
39:20	710666	9a341731d54f79f4f0d8253d3327a3680a41721e3a2873f0c884b685c5e64fe4
39:21	1046538	b14b6eee707472635254025f45a8931ed2af248aafec06f9e1dc6abbcd0be4d8
39:22	690186	f05d40a2d7dcc1fdf4c54f0d4a6102e8dea6dec3d6c432ecb7c59f44a479ae3c
39:23	1101834	115949c7450d47e431a35e7b6add507758672a92fcf3611ab482c1d06dd0857d
39:24	489482	f55eb085f628139d61ecc49ccb786a10596c62225aa9a5e3bc2c986f4a1bcebe
39:25	313354	7196d307b15118d1f2f093029d43d53e6e2889c0f7a427b6c09c846c897e4f69
39:26	481290	9e109050dd3e4c51809eede865d96c6c2d5efd4ff2cb1aed56ae4737aaf046cf
39:27	315402	1c868f13fe9bb777b61bde7cc2e2c1b0a71a688bd4cbefc6709c4a29f106ab41
39:28	274442	ef1de3e532b06a60c45eddbf7eab0420fa4bdfba374df922308e6e1ec32ebd14
39:29	745482	3c90d21c6ca90f1f3600029c1d120438c0a54263eee6a5b926954a4ed50b964e
39:30	210954	9d9e2fad5de1120199d8c8f66ca1c0a54c65f2868372164ba7e197e312696b2d
39:31	256010	52f31ba143eb69e24f9789a11a45019e1a24ce4465639752ff27c61656e702b5
39:32	509962	7424231d42c7b01ba4e245e55a70e29a5cf89e3170823721ef97b1e755421ebf
39:33	307210	079afc6f307e2eb5893f70cc1b2bb7e0c7ee320a04d0abf1689889ae5067dda0
39:34	372746	7b4b73bc37d59bc5ba2039d6367e4d5e0c2285acf844e200d5b6670773292aa5
39:35	499722	f53fcfe10a629df959c22440eb793352fd2a90664b7f3bd7c3e84258d534e007
39:36	526346	a5fec91126e99780c7b592e0a84e33362e8024ea19e0f14de9e69c32352d5fec
39:37	366602	1ffdb36f22ec423879bb1f01243983044b9eedee9644246493acf268355dfc57
39:38	1376266	74218a8b1a6fc2ed1dc0580c314fcbf378399967fc370af23b7fcc54cb2f6003
39:39	352266	4be8345292389c398fcce2d61d37d4436250fe9df4aa31d30230666afbe6b188
39:40	296970	b2e8a05cda2baa484891ccf8672c4ca7ae5a3688f63958adf8029990534db0f1
39:41	765962	76eabe2225f897cba2879dcdf70e64e39fd7f15407c96143f36f7cadafc59b71
39:42	1011722	0ce56fd1f70b3806364b54ab11f2f2d7fbd37acd428e162de0fe4f29cdeb3fb2
39:43	440330	1426cf6fc088c8934ecd5770dc24cdd0f827b2975604c7f721845b839438b49f
39:44	485386	cf425fc1ccbf85752cbefda56d4fe55bd7e87a56c2acf641c3c54f207e19d901
39:45	585738	5d7127a9aaac62fb6b45300a055919b96ba1350908825485d007b814288af894
39:46	595978	6ef1ccc0922d1fcced64aa18cc02c3614a1259cf2db9e606dd53ddab62ff8de6
39:47	765962	d338aad5f01a4986db14712b6d16bc27818dccc487e03727d429ed957161448d
39:48	387082	bc3f2194485c95dad0d26f08f12c59f1b77e62ddaed5162221cc5d2c046b0848
39:49	878602	59124b641835d488bbdba4dd724087dc7207a55b7fa2a096a5f30ffbb803091e
39:50	491530	a38e04b91ea0b118461f94274a547531f3e5b638d17f0566af83210c372f7ab1
39:51	649226	ccf5e9a808b941e578224c942f77e462aa0efde4846498525a090194ceb44170
39:52	507914	759b30766d5a662570155faa1c5b835a8fcd8b18058e5d24249c7f00206c1dff
39:53	497674	78e8bb6e25c80cd57da8dca2bbe980522bd23376b12b76e0a1b2f05141f063fc
39:54	315402	de78d131167be72d92b2410e8722ce9e53a9fcd4a931f241a35615b885492a09
39:55	497674	cae1667862691ccc837eb9d7c4cde62bf849d6a99dd8956128736d2d9f500f1c
39:56	339978	86834de978dba5472c5a3f94003db8a74fbd19f4cd0f21c4c9540b8e0a290504
39:57	204810	880b9772008c5b467ff459acc297ea0a580ab07fe095b16fe6eb61f0a12a28a6
39:58	243722	e656ae0de606b3607e31eaf15a46c4fcf444f50399e067bbf17286861c6cad47
39:59	321546	91f1e4e35cee3ef21e7798d2a6a875976e5188fa14c8ddf3c39e2ab1b7842a87
39:60	425994	c73ca9f733dffbd2668eefc99647b098bc5bb01d4a2a97fede1fc46b40c80457
39:61	299018	63be9e5fbbc8dac51f8fd750232620d1bdb8c982a25517de433916f4e4b03a05
39:62	237578	0d8c89c5ad404f43c85e989ac70f4e2660d7e3b071651200ca41f5970f7ee40c
39:63	370698	c6c09aaa46130902a0ec9a8918c82bf88fa130062fedf1a5dea3621edb94edc3
39:64	276490	e799e95fb8aa65dcd2b46eb17f71165296c569bdb34972aa86fa6bfdc64e1d50
39:65	516106	6a468e89c9e1b6db4de23c877eaf5387dc6b76db2daaf1bb225d66d83dcb8d04
39:66	178186	88afcd1d818ca55dc6818b398671906177665148c645bb0b0bf57acbfd78cf4c
39:67	571402	1289b00c1c9d1bff7a5d6e4d7fa60b86f2e88f1c00173c151651b1237e2475e7
39:68	612362	0dbbd4dd35676d0bb6285cd798a50693df45e73d75c6890138f5f0b40c81950e
39:69	544778	778a5191ac4c631d7dd54c893fcdb1f5010bd9d8013cd3594070f7889506235b
39:70	260106	15c0c87429241f16261c8e0a2d29db3747826c61e5396157ba88bf41e90ad9e5
39:71	1204234	c1c2e13fe343faeb4086430b918e111f35f20af95fb52426a729c4a4c821f3ce
39:72	368650	9836317b0601b483667ca62a8b9e962d3abf21a5f0c81c2dd9691a220f1f0789
39:73	745482	026d70005789c5b35d2838dd6e19350b7804da86698ec90fc5c08832a269abfe
39:74	620554	672dc2d06a85146aa066434f87ef1230410893c956511278fea4cfe93ef3f5d1
39:75	567306	b10bbc28462b8ff85be25f32edc6fa318fae11d1490a3de78ae9566e06878fa9
40:1	122890	9657d8694dc3d9abc8ac77eb086fd284e032d5ad6c312b2787dc048934394385
40:2	198666	c5daacdf877c6d2f446332fb79d2695d51ce9f1c83ef1107504d0db807901e94
40:3	466954	5e2fd833e511e402dd59db476f1fac7e7cac3382a27ae283f153f6db67a04e3d
40:4	380938	9a76d0199c0aeb6ff5697cc045ee89389c5b6786415bc6fcd79d716f17fc24d4
40:5	755722	8396e65fd4fe656f455d192867d14ad2903729f9f3ceb0af9a93ebb8f273cb96
40:6	315402	924c881f2df2e1133ac5726284d8a2641f73762b3eca05ac6e4b89e28c7034ba
40:7	958474	4d0c93c3e15b73e23b716f73b2db8551640592ff8c7b13fe1faa73bde2117712
40:8	636938	1fe845278b8590a9624ec050d474553a9eaf92f6ac86e4831481135e4d8e6417
40:9	493578	e10258f2448b69d98520fcf39a3af365a6b825bc085b1698f233825c794f4e87
40:10	512010	da7c0f77af17d94aabbb44b2b1a4d62eef50b12572b1dcfef298152184e3b3f9
40:11	442378	8ab899d00a908319b0844e7ed0fe840b4bad02dace1e40548128d5f3fd01cfd4
40:12	518154	5e13333f902970d5615a9688ca110d911a0798599bd5aadb694c98cc316439e5
40:13	446474	1471af45039c80e0ffbba16e2a8ec699d0e09800f9ad4d7f4c946d0d023b7452
40:14	196618	ad925537cc016aa25e6fd8b664b2db2ac6632dd2b1cd48026578543d42b8ae4a
40:15	430090	ebdba1b5ec576b9675cc09e751fb06dae0f43dc123a6e60f811008aab879b098
40:16	477194	3e0fb9de7322a1c39195964f0be93b55c6f9f0cbf50f9b18614b9f751de40d25
40:17	391178	7f804dfb2321ab3089c23752bf9bb1ce7fe13414d5fe0f5edcfe0e446cabce05
40:18	440330	779b0499abc76bf18f40b5831dfaff13383c1108c6ee2f9e9131d7ceb229bf5c
40:19	192522	de134c44111889c8530833a21fd3142300872e0ac0c395c92e71057e26be38ec
40:20	481290	35179572e7fc416c0838b203760b58827b713d4966139e23da402d8a57cc2ef2
40:21	917514	f562afecd24d38c46d38874a2fa61e4ee32de78e2e9fd199c9866ffa103e06a6
40:22	579594	c09f9619fe88bc1834523e806538d24824f8005c0d4bae8e5fdd0d3e0997de3f
40:23	225290	433b4b145616c4a679fec71c46bc538c44bc8787293a3463f94e949557b3ed95
40:24	253962	503f6ac0d1fe7075aed7f7afdf80c4dfba4219f405c85612c76b6275e99640e4
40:25	712714	eefc815e8b9a3601f58a7e6ba72042863c1e4165a08a062f8e8d8c7fb9b542e6
40:26	552970	61873e18ce195ae481b69afad3456bf94be3e75ba1e836b197856d0948fedc55
40:27	475146	ddcae7b510e591338930edeea8c4796618a4a0da1fb8c1ee1e19a2dae352238c
40:28	1144842	6f7ad28d2685b38786719acb80cca59e8eaa01015b326248f8ac9fe2f1cc7304
40:29	944138	b08180691b33cf54848e7ea2d03de4fdf3b3d67c28ea07db31995220f2e4f541
40:30	405514	a3351acb559d1e363e3d6d4504ce9798924f9773256c67f779bf5184c96f3286
40:31	409610	93a4176d4626292fced7b1e2d2bc542a2c9c1093237627c2504c6bbc326f12af
40:32	221194	0cb5023b6128cb150aa7404a72f0d3804ea1913336a155a7602d5ca0873c54be
40:33	405514	c7bb52713fefb5accd5701d70360c06cf971bdffd8a2c4e2a8eb41ace88b3dbd
40:34	854026	81a3ca5b40303b0d58f57c251137ec0ea3bd39cb32aca09cf6319621a04969e0
40:35	712714	1099e24b101fad383f4f5aea7da219781693deb88369ce52940ee0ba3c9d6762
40:36	323594	2afdcd5cab11128499ce82272ba0ac3a5332ffc566b2ac4594540f6c664e46bc
40:37	737290	8871161e44069768da1cdb3ebf896f54be2b28640298a1e4ab95e9db6e0d685f
40:38	268298	3cdb4634aaa19bcbf4747e1b3ecc10beebaea5635cea954688db3ba3d62132f7
40:39	323594	796f21f61eff61414a7177565bba49f9bb08f7872b1d776e4dd6803c5e3928df
40:40	741386	3bdbc5d97e6141be5a7825147b5efe935b9f8108b2256410678136623e7875f2
40:41	292874	2dca2a69531004c8d4d25321870bdc68247582839ad9f81d168786b76172b94e
40:42	442378	0dcead60a9f03ab38bf9ef54a2830c3a2091b8f8624e2300330775a4ba235615
40:43	831498	95081d0da1366852f82d0d09bb29bdb9b6cddd9f96c2e35e9090db202823063a
40:44	442378	afbd432fe949c1411ea08e1e3ca844d551d88fb24cc02f7db7aafaa32f4dfa88
40:45	366602	c259d75c190e0bd7939dbe53b816c54d44d7bfdf5eafe401d0df3c028f00a72c
40:46	485386	ba1ee91719cfc3add837637cea24f050d609d0293da4b471e61c0f4df8dbc2a5
40:47	643082	6f32b009823a3a750c7ae6376ddb511bd24fbe1783231416538a6e72d97be809
40:48	460810	7c69eda7a22f729c59d97d94a3fecc2b106716e17e5c00a4d6c3ae6726ce8893
40:49	407562	301e57f34c00a5846d8ddf5663940eb21adeb1f2dd916421d4f6183c83b80a9a
40:50	520202	294213856129fcc389a9d584b6fd2c169c9396842e843101dce26d3a928c5ff4
40:51	301066	a81006a1e4139b38260cfb99799c4e5129bc13dca8e50560dd69877750ec2444
40:52	329738	a2e6eeef26876285733c6713293a45355c1af377e07cf1cfa19260b9ec43d6f2
40:53	196618	d3480def172538a8af3f1eefafc36fb10004b8f9765bc3ea2a7a883e283a661f
40:54	108554	61b22b83e3373852c5143eeb7ddab9134b7a888c09bad55847352edcaf44dbeb
40:55	288778	04c4316ee5f7aa11cb061a0f7b6b47d960f5bd5721702ed0a3e1eb53e309130f
40:56	600074	a052022dba0e4f59d648c1160a6c42cd15cfcea25eed4a863ee2d61c7c5548e6
40:57	319498	51fa6ea5c40267571ae3ace18c0a6ef31b458e69049aaf2f67d3e781390da14d
40:58	413706	b5e1dabcb8daffdf6f6f9dbaf45a78527870c7242d0f5a310f0fda5942d3a332
40:59	229386	2bca0b1de7725ec001a86f23df021f1fd59e9dcdb5441e58757a18c7f97239d0
40:60	342026	7225b23257bbc59e117d05c37d4ab6a6bb0c13f5a9b3ceaaf4ca285ff8a7e0b6
40:61	460810	2a0964571acc7c6d75e96908c96696096da511a205f6597bbaacb9ba5df22483
40:62	321546	0b7209187a14c0b7bbb959f31a1e28c2eb6c15eed482e2cedfca736a8162e84d
40:63	194570	ee336192e230722569a83efbbc24d7b0d9e05f85b60a04a0119b55e8af600113
40:64	645130	228655e0fc73b3a72ff1d3d0a7a0f9e2f4d6b90249453429d44cf424fa831648
40:65	372746	2992037120b93e0d577ce3e0c38d0654c164d5337869334a06fa47142ba7b9d5
40:66	469002	9c277bac8fe75abcde0340087f53b4a59ac2b7f454dd6eef2802791990cf8c73
40:67	952330	e46f6b9b693a9f9e7df5a378b97fe990f17dde93e79568c28f5d35ce5cf28718
40:68	327690	b023456c7620367b04aec21fe4a0781ece159debbd501719e27080cf3c75447c
40:69	237578	b93584c91ae9cd2aeec533163b2ece0c50c8c53e3ec6bb904786208b4cebc1a7
40:70	296970	12b2ddc0263df1e8b2c6ad26a381ca5ffc2fd5aa78d4fc0d26896c85823b6a6b
40:71	184330	a40f1c716ccc90d4a98c4aad4b44d9743ee4724a99de99494eb5dbd92b70e0dd
40:72	174090	c8bb762ab60eb572280d6c5828f3100bbc58661620fd99ccfff86976dd48a66b
40:73	155658	27ce822d1de17c379f7fafd6e886424bd20974b8f12b99f02a552da991411f42
40:74	462858	f0bf843cd0f4b2808d0b69d4773e793387a84af0ee5b5c51b29a12bd94f67228
40:75	268298	dcbac7176160fc445283b47ccf73de91e034fba4ef6ed585a19ef1eb0136524c
40:76	344074	5168325231c15d6593581bde3fd37fe714fdae47e00edd50183e50a295ec1553
40:77	403466	1ba231ca4b5fd128ad6d61f292f84f9ff6405b9e6fbc97a2bfad6ec22a1b4e6e
40:78	815114	19c811318c31fdbe9b78859e2c136bb6bddf4513ae55539746e48cf7b8f97d60
40:79	260106	b8c1843a549f901fa805123edeb91107d6ec54821214ce25afbfbb20f42fe5ab
40:80	317450	023b2746681eba8259b748a08d138ae8cceca2a0934213944628a3f77a425d19
40:81	237578	87be9c4e486d542c2092eba65e1ff90f0eba72efe77a9859b1d07fc9b1fddaa8
40:82	741386	7a61de7bf1d608aa573b17e69a8d6ff46d5487121a66a4ee87a21fc0c1677293
40:83	446474	620e5b0fbe48959fb3faf7309caf7a7207ef02d0e57bf28527a08bd031ae8936
40:84	395274	c8c11335734d4947a6d014f8ad65fac49490c5c640ad78eada345700bdca686e
40:85	466954	af03c7dfcb3d3f5562f2a6199c46312bcbc493b95438ae943b96d03d94e4007b
41:1	104458	3959649bfe39b03b0b50e8684ba3f76d22d371e4ad19957ee2c1786c5f8d2236
41:2	182282	0d2b25dd5516e0c088ae6a0857c484d3fbed625a50a729758f72566532a1176b
41:3	256010	2757f62b495f2cab9d8c08335b7b3d1bff5c32840635a58fe3a5527bd44d1676
41:4	233482	97872df0d18250bf9c4e5e3622d0078264fb6df78412fe5dc14c4a2a9044a82e
41:5	649226	d49f04f561141906a390f8a3b77ce4d354cfe7b3795d050e92760f01a0360397
41:6	763914	532acbafc35b1377ecbff728150d17d3308a11056e3ce856f6d52db2e3300ca2
41:7	231434	2d816cc85151e7298e1b2e733d1e17b7c1a50864acc08a97735db28e9fd254a0
41:8	276490	61b83b8db86756e9f05568b928c1caf685fff77d684ebcfeb736cb23d10b3701
41:9	432138	da0ef3403e3c88c4dab4b57d23911083b3348c025491956cd518555a89a57c8b
41:10	583690	871df3aed259e1983a5867b272028577571d6d27c30b4c2aa12fd9ef3b4a2056
41:11	585738	997a54056e1890b8abe7c72efe4ac7b6037e91de1307c52419e82300675d08c9
41:12	684042	49052a4c171b75226d8a74f0b413aec596be78f2ec7d93b55f22728d37f052aa
41:13	288778	3606698344237c2529339218e7d9ad390f90c57d14742a891a97ab75c2cc3e33
41:14	804874	0f6545f9e2e6e146753454979ed3a2b0fe1bfa32f1d7691fd695c2602fd0792f
41:15	733194	5cf055adfaee4a818bcb222744a3a0c358fb8b31ee5bccdfb269996cf7ace38c
41:16	710666	d7d79e0d0a54da1b3173c285cbf7f76e24a4dc8df340b6d19de252260d914e03
41:17	512010	d6b6569120587d8e94831c29e0d5269ec7c0242731401c2dab14b6b22dbd7134
41:18	188426	c12847b7d298203871bab175d312d6ed3a40b66a89e34350b077553f79d84d13
41:19	247818	b126ab2b465b3bd35421cb61d7d6b2c2b5f1050428f3a8786b70c8a876bcb75b
41:20	497674	9cf5b848c0c17b7ff2959b4052dcae2092df6bee8ca2dffa6d6bfe371791bb3d
41:21	684042	635abad7c24d54808c1621423cdc0f2d48748ec6431cbd0466a2b06adc2c2a00
41:22	602122	fec88e2f58305d22fdb1dbcb9af43cac2e9c9e2b9eb1df5810da048e3c53c6ec
41:23	278538	a3b757a13e1a22c3d22c26cb9b519622f9b6e0df776ea41cc51f8730827791d8
41:24	344074	20a1b2664111f023d998e4aed029df9cfe6d653db7065c5e8965d595892d763b
41:25	937994	3db33a2a6a5231b18d5e63c27b76665540648a54c8fc2eb7ebca4dbe40f8b8f3
41:26	354314	7f74d2dc9ad05896eb60b9d306a6b26b41f8ada5e74e63e3685e6b731e5b1601
41:27	487434	7a0ffd829bea291700949a8687da5c5b89c4b5b4d2232d860d183091417e68d7
41:28	544778	3a8cb48cb0a51437e50a866a758e86b31c0c9ae42e8780dfabbe68310193251c
41:29	604170	5e59d6c831adeacc4555be57b56a3d2a1fd9991c3208c93737f63e288e69693c
41:30	788490	1c9a2cabeb32b1d9170bd82bf68b94a79d5018b53ab9b24ac8a4cc6f1557c167
41:31	520202	120e217a594f3299b64e8c9009c7bdf904abcdb9125b2426dc17ca617cdf6d75
41:32	174090	da36b72469340f5aa5a4eb109c9b22a6294f060677a3aa671591db4c46ce5662
41:33	454666	e3217ed98c3303e782f9ec910418d711c6912f9e92d1fb595e4e9ec4647d97db
41:34	675850	07d3ec7c018a90338aa85250ff06c0a2cdc00c15bd1a89316700a31af56e6b8d
41:35	417802	71d6458d7f08675606f2bd47ac7242a3bbd701beb3f1bb825ffda36426f7f786
41:36	442378	99b656bb6591b35f7522d807c81a75fb15bdb131270f8b19612ee1278d8dcb37
41:37	667658	5902382ba77740cf41ae05b35aa1df0caaa137b1a64d453a088a65983838f22e
41:38	391178	3638b327f8d80e1efa0b499ad2d3dedc9875e7ac3f0c0a00bef3c2ae3c9074e4
41:39	808970	be7200b87c332fa1417e22ece09f849bf38db040a93c3bfa455b2eb48fdcec17
41:40	817162	d9cca01bd62d0a48648858d0f7f4026520483ed73575e26bbc5f0e354ff5f4f1
41:41	362506	842126231d5ce22db38ca2028838490c32fad6f92998a681d60e2c110154353a
41:42	350218	05c9500985fb55fdb1ca2e4bd361a4a2a4cdd7f9afcbfe4d841f0f869d998287
41:43	430090	7630018e33748eced935be3247c7bba0d0a26d8cf0bb9ef42653fc36d0e6bc4b
41:44	962570	70cb7b9f352c6382cf8af9ddef17320bd72cfd204bf2e7335f5d476319fa593a
41:45	520202	0372894d8cd941dcbf5895ee968098991e467d1333fe327d0d3ab5adb5f8fd2a
41:46	413706	a20e8f5baed9a496556c9c9030d1dc1f0a60abd1dd54b1e8c48754b73afea39c
41:47	638986	4f59c872e44b9dfc8f1faee30d18b634d1d328120f6000ea62218321464bf436
41:48	225290	b78f40c06eedc5d9a0a96bbc7368a29f9ef6bddf3da87b1c6f006853f9b230a6
41:49	348170	0d9fa4bdc84172fc138c93190299716caea6bcf78453113a98f831f2811f2c42
41:50	968714	6a9c812c8d7e16928406c88e25c3c405fa09fc3077f0f1ed84800a75b9a74873
41:51	352266	c51052ea3d96af85e1a78a10eaf84b2cb53f07841f9dfdc13bf16f9baf9fd9b5
41:52	309258	e16e668be02ba724689a083f2d54cbff99c8f11d0247150c46a84e89f4b4709e
41:53	550922	36d6045cac09d3a2dd3d9daf554f75c161cafd9f2a0e0f329ff671f7c3413430
41:54	399370	4245caa3091d7302841ff5b4c3626be6c40f514b157398b1c0f2dd304998c62c
42:1	61450	39499a1f776dc555064784cdea76b757596783418f3b06ba72fc03f72cc9b208
42:2	253962	fc38194f020094f0e742f7e1f7ab722b8381e468b3d87e335657c466bc7eb437
42:3	270346	04fe30ec68154dbfed9f4c887a3eaee4a650e40ea554fe99eaee52da714cca48
42:4	301066	a2bb36c2b7c71f192280365d71b593c135b9bfe2deb7d21a2b1b4b4c9baed489
42:5	673802	37823e2f50e25d6ff2c95e3be103faa1355a59346f2efea8f566dbbc23d0a31d
42:6	548874	2e6ca66864fe1d36e2862d5e9ca5f8ce987bb05dd30a2510e4d0a3a990200a76
42:7	749578	77035b413e76f33b4c807510b8849074c64a41254e3d2fbab01dc161d1aa2356
42:8	704522	fc1d924f85ce644f6dc0c4d8cfe89093b691fa88610ae9add063006128739acc
42:9	481290	485fccef044bba13cb968a4756553c5be0268933ced5d0a3774de36cdc7b4c7d
42:10	552970	05bce94d318d7e1c47056ab43d0d55bc8c398db49d141310b98b49c4451b9f16
42:11	770058	17a4a1ee11aa8521a697e64ac861f982699dbe6a91c836356bd7023046956940
42:12	493578	237e735521c77e43c4e87600ba8ed27221550a8bb85f93e13f22a7b50a953028
42:13	1325066	6bd32eb49a638ccf8b7092faddf34100f3f46200bf49cef76e2f8ef155b1a1a8
42:14	901130	2e8d726c49d825e5acc70a1da478f854a9673cd5ceeee7d60b132c70a9893913
42:15	1466378	b37a02bab38760e95555b9cadd12ebe6149a6819632c4650b194744e6cb0cbf8
42:16	589834	42d91dc87d7855bca093d354c629eb5619e8fedb4a68416a6ad2321951041539
42:17	446474	0f3a0282f4e7f0351da2f1761884aeab936cc2e366e7768ea097ad34517bd810
42:18	716810	908cadc7852bff5846045ce2db228a94cec2bcaed3cc946191f0cfb28620c5d1
42:19	387082	4a18ad8598e1c0a720617288dd449fde28ed7977abfe966e398ad00eb046697e
42:20	548874	07bb4fd98c65935c7384df5dd500579ece3451b3cc1488ad7eb3cf6f71debb6d
42:21	641034	a1b91c09c2b8cabe74b1f7f7d38332f4ed31aeede7ce7deaf3136e9b282e2797
42:22	817162	a2250173095ea47208760dbfc7e96002097685e2ce09b47be5e50b983209433c
42:23	981002	34e8207e3215ba9ab49e6e6844c8042b8d2cf9c98f9b03bf38175c8a505c1abe
42:24	892938	be3b52360781cd5bc138a8e0252c241dd82df851c2a16a85924e3e6529ff5e95
42:25	565258	5906ee80b1bc600badcf7d469f45a61800b235496c5fb7d5b51663f8970ca4ff
42:26	552970	74546c284e43bfd188980d3e95af0e11bb3f12b644530d692a0e4f75cf67c38c
42:27	657418	3634982885bb55b00cb22d912d1823a080f0ff64d1b4845feea651939024d496
42:28	458762	00f34c30aeca2cfee6554a5df176e54d6e22136a47a58257fbb8c3e75cd42a8b
42:29	610314	66a5c2d090bf91e3e0db0ef1d3f4906a5e1ecb7cb33b94c7a80e23a2669bf1fe
42:30	395274	89ce3775c821bfb106981f8efc3af885e763af158216e7832d6afcf8b0185bca
42:31	448522	2c0e0a3ec3020bc50ff9b2b2578b9b127409c97e876a6c7ef25e01152037d868
42:32	227338	f4ec3c255f02afb8e3f0d448f995800565ee16f2f62acd30044d6174eae1a30a
42:33	509962	e166b9426c4459f88a860c77d41763342cffbbf11a6b96adbe8363184e02302a
42:34	239626	a1a4b2fdf431adb6fbf6f2fbd1b08831a1bca566e702e4eff17f933d1265ff3e
42:35	315402	5532a0afdb122a55b3f67354b558903bf38ba4a133cc28f8efaf900c8b973ae5
42:36	655370	4ba4807b2f1c8bc48a163f0446d300d417c6658f55aa0164737bf8656e10131d
42:37	419850	bb89dcf8430b2470302eb296cf2fc9d3a2e421a434b80ce8fa0668edc4a7fdf9
42:38	561162	39bf6bd5ebf10547a15997a1aba3e16d2b5e4d6be97ad942c1c82b7b195a277f
42:39	280586	4629f456ff03ebe0e823948b9f6d0c7597630505729e1dcd8621458df7ef70a6
42:40	630794	9536745218b5dcb8040268bebe74e3d260772fc0382d58b37901cc96beefbeaa
42:41	294922	13a21c933d30bc0930c98af01fdc6ccd592660d8ed56dd5b72db0b9f6a8c9cfb
42:42	458762	c0d84380f6cb679a967a775616899e3d3ba40e740c09a0208fdb00074778f81e
42:43	227338	7ceacbbe87a9777199c82a3a43270f3630a1b61cbc3f3b6773f56835b5ac162f
42:44	544778	1b9a4db410dac7314d132195e39a68b97b1b007dda9e4f30210ec1edb6de6993
42:45	1099786	8ae7b1160b0f1c98a912c6070601726d41f91bf5916b6dd2cfd5c4c49fb5576a
42:46	567306	b604caef9a48bcc36681e9eecf226625748dcde5b10cddfad492221b681ef51b
42:47	595978	90c81849ed5ffde7a986cc0987d75eb0fb67c23d51d8f99113d6d0829c90369f
42:48	929802	e7c617a415dd0dad7b8a370ddbcdd30fbd2cc4f3657d7049f9cb9769d3f1fba7
42:49	520202	d4ffe6511e40069fc13e4318b443c5720153162446b39a51565cac41a512c8b2
42:50	489482	c8041ea5d569b5718374d18d581a499e7f215832cc13cfa2b3483cfd9cf4eb96
42:51	712714	0a4129371dafd693ee63ab5b25302bafec48110fbb4803370591ebbe89d5dda1
42:52	882698	ef97ca67bf700f3a7c48022f788e56fd14d61270aeca4be5f7897b63356cb5c0
42:53	378890	097e70b520d3e324b0546a7a746021265f13c8f215e7c8b440830b62d0a0439b
43:1	110602	fc3f8d64faf39bee6473575d23d852a16c8241242ffcceab60f9106fbabde265
43:2	92170	53cba17f0aa4b45f654f7ab23f41ca4860f35cf2c6bb523a40c80f89d455054a
43:3	186378	befa0a604d0fbebf8c4d9aec6718f221c286233a49cff87ae24f6d7ff313fa84
43:4	204810	3554d5b09b9fbf487cc769220ee97bbad40199259a7d98de6922301786439182
43:5	217098	2f83453888d6ad7fb6b2e978cf1f1e9b7d340e05f0ecdfa5a7519a79500ba67e
43:6	161802	553827f22acdabbd223b647d809d5e14f6bb3f1194c7a049dafd3755d1c920bc
43:7	215050	468fc1b19c636f3e50d73ba68637def4805b008a7979f6375ec9bef7b8e38e70
43:8	229386	c439fc65cb0d4586ed466169ff1a9b89c09d83fead4b95c95b415e368d753d69
43:9	294922	d6347008b1d76d3ec38967460110ac720114393513a4f62159948aa9335c827b
43:10	282634	ab088edbc2bc1710122fb7acd4757cd67ca10f4c61ff6311228500b164b7e61f
43:11	432138	9f926cb62da03a769d840e3d8dee6821d7da582faeede4c17a527b77a3b9e3e3
43:12	258058	8906d192321172ae6b1d3e3ed65448a5f0aa1f98c6a4b5cd66aed2f0a6318ea8
43:13	483338	7774e2c5ff27978b46706849706f8083ae7ded584d590c60a5f181c8c2fb66f9
43:14	219146	8122c4df9d477e394aafadef8af1d072d4ab225ed0899761c7415985c0214473
43:15	301066	b2b5b6a35bafe16f7ed8dbcb42a65dd92ba0fbfa2a5b941ae42caf8a7efd437a
43:16	213002	0a291fea61cddfd3bfd25744daa8b83ff7bd0626cdbaae7304bf7b7a053ec4d4
43:17	309258	dc54ebed8ec2e41b7adbc6d20e3370ca42c402e688685f592adb2a194532dc81
43:18	213002	fbac714dd74086b90b8aa1951c4e586e9710d55b73413c1a7c61dfc4bb0db526
43:19	475146	12509f2740eba075a5811618199a1452350db01a50812585ab46a0b6cf7e1f79
43:20	425994	3399e969bd507eb7a111a4196757cbf498c80c03a295a8c2734467b0b6c92dfc
43:21	225290	5b66fb085fe2668bb4007fe83d507e335587610ee6a12b7265ae0294bf635043
43:22	530442	781e2f0d0f326c571b59cb91cf13e1027bee882e4033f0f32661d60f6b4e5e98
43:23	854026	c1fe17b146a0a88747c20f96e72d5b6502115187f1078d49f6c232f52783b3bd
43:24	471050	b45f4bb60742cfb51e07f34688fcd7ea659c7c3574ba18c7f5a4b41e3ce84bfa
43:25	311306	f3b314b45eb77d122497930d80952992b5c9aaa2f00ed589cca04b361c64a9ef
43:26	319498	fdf3ce98980d3cc6e64e1b3b35767dac26f04979fb8019f7085648ee2becd8a4
43:27	208906	93ba7df8f6a75b1855a5d6929472c85cca0c4426da06ec06598dbb99a909023e
43:28	221194	2f7008d74881ede42cb2f534ee539f1e70c8ccd4b4addb2865e3303c29bcbd2a
43:29	423946	703ccf81005796abcb1879d3f86faa86e383ceed5b0058b4c950a88996a6e26a
43:30	286730	3c8e730c49c722871868b564a5f6fe6e7e25a74d913186309f4526e381928a1f
43:31	276490	2d7ca8f52e3b358412f6a65a6c9074352b73c33d74223c118dbd8ac625a6883d
43:32	819210	31b083775d73d4c9da6a00bf9433e83d1666bc1c39a34e3b35d533af99687099
43:33	679946	4a6bcffab6d27cb6619a6a8ae17b9e7612f00c7ee9f56b9b573042c61a93660f
43:34	206858	c368a9a84ecba5e6c38d10ceebf92db243d6b42eb3e8314ea5f491f1f2533450
43:35	466954	6aaace9ce2cd203be9ac96d254bbb2bc2f7930a2b9c62394285d3abb25436901
43:36	286730	d03c549987deafc4b0f63f063d8680bab033948b0cca0315df7c7042b52235e8
43:37	294922	1458526fd7523a38bc99ddfed7cfd6f182eac13e165b8d4cc8620c150a738a27
43:38	469002	fcbe6570e586e035e8d048c904d66b7b959f5643741674d07cc0efa03eb34c3a
43:39	278538	0b748d5d1921b78bc1dc9b71c5e37304874be3eadb27ebad7c9f4ff5857158ea
43:40	288778	f42b8c7fc07ea236c5cc8ad65fbf11a8df3223d26cec34c6a478c9c4409898bc
43:41	231434	17c5cea4df21f5b67794f5ac13d5411533cbcbf52bcedad0b8e01fb25386f24e
43:42	266250	9056a71b2f5acdd913d8d816828680cddee4cb400aac19910e1192a688b80a16
43:43	313354	6a70a2798bcbd21659f664a789acab225f3a39bb7e06339606e6c8305257fc05
43:44	272394	6f605be63783f9e036428ac646ee52f1e9e54b298766b81a7f86d55a70396634
43:45	485386	c26c0620104642c4c8b4511dfe9f37a7b62df432a7ab46aac62fe23df36a3c31
43:46	425994	2f2c2190a122bcf491d0f567b0df401b41497842dd2e776ac7caa716bbd6a955
43:47	276490	26a3bebdf0f12bb2e52198e0653f2afafc02d3a4cc12d514647fa294e612e7f3
43:48	425994	e882a1dc7bd4b674e0c06cd420002b3228377f60388b66cc9a17583ffa6e4264
43:49	354314	96125814a91703629ae547c2456490de7acbae579a132032fb90f598bebf06b8
43:50	237578	dd0755268fb8f10c236362852e213f62f0573961228e962f034eaf65df44fd5b
43:51	536586	76db4a0fc91bfbf83f262f10ff9290ffd7d7790732463fcb9733fb9588c6ec4b
43:52	235530	33252da76ac6283b2217e177b06b6951f03270ccb4b93ff6ee33912904c2b776
43:53	329738	6d86dcc80f367304194cc8f2a94edb8ef5525d56341787a7f28418a6d8b64125
43:54	280586	fbf0dd9437fe1202ff27a5dd09c2dad24e8794e9a10f6e7f395446e36b187f9e
43:55	245770	707b6fd63a3a1d4a4ff7b04026eb38b568086c80a22f980ed018998cb32fec5f
43:56	190474	a9eeb8b12b63db2fce364b29eff688f6c1f07b13748832ae50ce845251031548
43:57	221194	d12de7bc44e56e5acc7ff57d2be542daec13c1c3d4bb2897ff3cd0621ecee2db
43:58	448522	2d35cf4d558c46175a6e52ec55e61dcb0c9c130076c0b164c7364ddbfbf83630
43:59	331786	f889c63043e56e82724c07c9a82a4e966691ed710adb99d7c201153ec910d357
43:60	280586	568cab11eef804cd6bb2ae7c8ca8dddf2598869b93727fece8d3a9b41088dac4
43:61	387082	02b450ca820fda89e4f54f8c09c510288ddf41053b78613a60cfb9f6e3ac8f8e
43:62	325642	33fad88388ada30d30f44973983ec5d3c0697f017b85aa994d7d3f72d1d4654b
43:63	630794	3a4a664d54a560131971f423d7703afd11146e363adc5049d49c0e64ccf719fe
43:64	352266	60f8084ad1197b29ddbae54130df4a0598366fa80bfd93cc32da933f864bd9b3
43:65	354314	723211c864fab7685e17d6940863ce5d9a122447fe263d289bddc81f0c441dfd
43:66	317450	7d3fd53c99ab6ab0cff019706e405908cbcfe21673008c64639e6ef9f5bc0ba8
43:67	270346	203c48401b248a664527bf7595bb11e90893bb8e2508a3805282e219678235c6
43:68	253962	011e08036bbfdce9465a067df2723978ffcde1d6a345ae5099228d327ae372fb
43:69	204810	9b3df2f6c5d07dff037214e3cbd6bfb6cd48ca72c59b863f8025818ef976ce82
43:70	213002	5e8f41eb8b99839df4ccd4475b39bc6d8ba20627d848320b7da8c987a0b45c58
43:71	550922	c6523bfaacf314efa13755cfd9a30affbbbbfdfe5fae16db808099d2a9aa03c2
43:72	249866	8de4d1ff93d5cdb3e4e2e0bdc0649c30629580a4df8221282c7f8584afda6cb2
43:73	225290	4795fe1ac583b25ec13e683387160894ef064eff464a167b3ecb13d75aada0d6
43:74	192522	c02606439e619efcb6c52cdf18866dadd05a1782e4f8c888af908d943f6701ea
43:75	161802	339c6b2c0db45472701ab2f5e1a026a37c73c47e7888fd39bcbab234ba811bac
43:76	206858	b73c67e149c5987bddf8bfc827dab101e86a244229712fa94dd4d11a0e2dc48e
43:77	303114	eb51d4cbdbdd47037ced934eb7d58623ebcc530f1925c3a873e6deaca1ca9edc
43:78	270346	ffcb7b53a9bc6cff732b70b9c3889771fbd496744e32840d764d48c7ba9aa78d
43:79	190474	099691b002dc94e890a55fc5bcf02080a4aa132c6336f0e8613247a60c96e900
43:80	376842	d3fa6fc2afa4cc2b4b3a94043650c21f89f156ebe9961b582bc3fa69783f8bb6
43:81	251914	001f2be56f5083143027896335007595bce76a7af1461fee44865ab210eb3c89
43:82	253962	28d4691e25f356f58f9fe1485282f56857c0dfc8bcc1e47828dec2981eb44e8b
43:83	245770	a09f34cb9824d3956ed0e9769404764e941486f4cf45859a75e0771662d0f8fb
43:84	339978	054db4f374489479014788d5873a4e6f8736bceb96f2d20c2c151063e2b8d90e
43:85	536586	9d162f9d0e4c8875734f5d2be8745efc32a755b99d9f089dd355b0419e18e333
43:86	335882	175f7ab7a614a9e01be1bc6aaf4f0ae6029363032d39a18358b17897932b1515
43:87	311306	c18be35b2e895e4d5df8760835fd24fd4c9a85cad71be4367f8457991aff69af
43:88	251914	9dd03f79b3c7421dbd5b22cb89ba73d67f722a3a995fb322a120116a9d40e952
43:89	231434	313cf2c13d01aa3731ae5aaa06ba55f915d54d1eae6370cc50752ca38cb429b5
44:1	112650	ddc004caf3bf9741548a41fe593c167b5c336452cf59ac2a68d2f7b856f1af71
44:2	102410	129d9ef0116b624a90ae5113aa602a52be9afc8d1d6be928ac60ec3c687cb7c6
44:3	329738	39b15a428a70bb6fefb58787524b8ec5f6943463c5a86e11043fdd49735834ca
44:4	135178	10d0c2169078b9fe2808bda8dff015a2255dcbf23574d94235628522cf3bb77c
44:5	225290	ca53e0d7eb3d86acaa9a95ad6507b444f32bcd1d08fb278172bbc4e3e71110d8
44:6	241674	d9c994b6a3d0f93240cdf664747da4904aced9ee51f96937e936d685838a22f7
44:7	303114	34f9bc2932a5595ed9522b377ee22c48b15031a3a0cd50ca626cba340e5e0405
44:8	350218	e60d5a20e05e135a97c53d80f2a194642595b3911f7ab8185f2526394c1ad48d
44:9	133130	14d9d852d300ff9092b77f8bc25fdaadfe1c4a439039a6e516ce8ee3e613203f
44:10	196618	a76d2cd6690f8caa7df0768dfdcd1bf9c964217b24c8e4d67ea96b2faff4edf7
44:11	165898	0ac5fcb6382bdbdf2de4e0c72f432fea0c9e6ee3436487cdebcf39c66a4b7994
44:12	182282	cebab5ae36aba7e2a36c5a656620511d9229c959535529a8baeb1315b4c00a5f
44:13	219146	e2668a3b9e71d1bb72da13d7444fa48364b7221d5fc522dbf9f92a7c07a4abdc
44:14	213002	9135971578b49e90f6374ecc7b1ca5672d083d601e7ccda37cb4a4bc1a8cde3d
44:15	280586	50c647deb120737c5704e3c85c38372d1d7d00d080fef041a6b0b18afeb8ac72
44:16	229386	d265860dcc0c892e6ac0f4b7a2e2ef16317686f0c76bde26257fd569419bbfd7
44:17	266250	9e8bc415253400cc2b8c630da3f8fdd10a223ea82a93ef5aae2581603cd05863
44:18	280586	ae9a047bd39aaffd99204e735d51233ce36ac7b9e081da2678820bfa014840d6
44:19	315402	8f9eb34e5d1729b1c5f9de09b8aa6290fbcc345bcd00031d597a8719988b2490
44:20	219146	44173e4777a211e2a54e77d2c87e97a16e0d722e2609c8ac770e2458ad4ce531
44:21	145418	34b1cf4b66a76254398b98d60b783c2079f9d894b4565d107a8381b30f84923b
44:22	249866	c46784ac09b4293f1dbca0c1b6f7b9a7baf9bfa84d497a8aff780db1b8f05dd8
44:23	182282	03b7942544f59a0fcc555326b4bc72f057c671fac3c13e73a95a21c388f82b0b
44:24	272394	85fa82e0f5a8453635e2c76c7ee7f92b4cbab1184cc00f2b0be8ff4af3e34878
44:25	161802	9793495eacf7894058e56dce338f5c5a003ffaf6c89e56220844ece7a056839a
44:26	153610	82cc66cae44fcbb2972b015f9ce15aba352e709c0d952ce61337135d23f4c132
44:27	172042	705689adca21fdbecb0a5c887ab8dde54d93ab1f0a73118b617a31a3d568a3a0
44:28	208906	ed5450032d06f94bd350bdcd2fc674c2e3698e55d92bcc443aaf2a98f3185153
44:29	241674	1b7aab514dd70111db33c07f0c6838c4d73293f09edfe2b3b6dbf131b4579397
44:30	233482	5c9faa4725c9500337ab44393c5d2eca9dad6b3dd737072d2fd149269b6ed1ba
44:31	278538	2a4713b9151bd9b05eb29e56dc8c5ec6e55901bfaa75b6a8b8885a903a3d5891
44:32	165898	227c706f59be739b74af420a3c96c96c397e397aeb1655ebd9813da2b725a1d2
44:33	229386	0336eaa6f6063a955500039926cd40f443ad702c82048eb362a24d0ab532a258
44:34	149514	104696985ee6a4fb7acb444240b41d770b45c3fab8c1545d6090a755e9eb4ec6
44:35	206858	af41799b4e64ac0fc6c3ab299de1cd8d64c242478d15a5b552ac45fa095f4c85
44:36	225290	49545740ed85de18486d9b3c3f562e147592cb84604a50e368755cc5d98a43d5
44:37	421898	e59373e1595223fb2279ff746056f96244bd99d02d59c79755321d4e41b27744
44:38	176138	1e0cd10b977cf2cf1ec8984965ac70f4b4a91632299a0b638d140fa36e0b2d53
44:39	213002	086a8bd98844d4063bf696acee969a8ced0bc3034fb0100e6d372905ac906afb
44:40	139274	233799814ad2619c2e368fc75e71b9bf460a5e59b22897a35e8e0d4d1c50cc8e
44:41	196618	4bbbe5733fc5e8ed2c58b8522aedab559c135102023f08bd55ae0b6e11a867e6
44:42	243722	d444ab2c7f5eae8eba110e0185120b3041f7d74f1b62bcc0a450792486fc6078
44:43	92170	6c56d5ab72d53dac940b512254871a5554de61294660a2264681e44ee7f2b91e
44:44	100362	b94812b657fa52ac57a2756622c20394ff1c7fc2efcd8e7bd2a92586865f1e2d
44:45	122890	cb8920e46c78d4d9880605db7ce515e847f2e1d12b25dff27656932602c25519
44:46	88074	0c440cf7f4b13e4cb03cb39db90f79f54c2ed9adc34f083994b384e53abfab0e
44:47	155658	2ce6e2230d43948cb6ffd105741d4ba352ef18213c31205a31cedb71563b506c
44:48	149514	6a2bcf9ab0d8915d1c0014339c771708ce1289d52d0825cd2e4768f366251fac
44:49	169994	f64fc78977cb3a47b1ac8a43c27f07c03f2bb9917f11241538f7df2a61a1b688
44:50	157706	ed59765f76b0d7c4065298f1bd10667571254712c2c60fd081e5805502010a70
44:51	122890	201c1be5138c220d17f8cbed7fc68429abaff27e95218d353fdd7839d71970a2
44:52	118794	6faabd3cd4b5b5ff1d8a66bac53be35b3e7d3e0bd87e4e6e52ce99d79103d260
44:53	192522	4bbe57a31b06e368c124a5318cd1379769f436a02530bd375747c382dddcae89
44:54	143370	2f0bb46ecfe716009ebcdf7e08cca43b6651bed4271d9842905d00db3cb79a88
44:55	161802	b1753aca065204bbf46a78820d336e636847766314e35a8d690feb98d6f48e1e
44:56	264202	9b738c34a44c9a7d53e4f5b0c0e6774271746ad233a06143fc32928edd6dd561
44:57	196618	99ef45f9084199e803925253e208d6dc2717a2949d2d24fa1236e804266eba6c
44:58	163850	8c243d78442f4795e5625e543f2a139db3d12a1b1e6a8ed548412ecd896632d0
44:59	100362	a79fc0a80d40a8c281340bfd3eb9d24e614c9535de38ebf212ace9e9f6f92a98
45:1	98314	47cd8052e8c64c0c135c620a724a416ba4e15b373dc1432512ec1cac09de2ddc
45:2	163850	c5290dd9ca6f023db365feb7c91ec3692aab0829621f05b80dd380473739713b
45:3	172042	5216b93e316e0864b15a8ec099d028f9a0b2822c74fc0f96eafdc83ea17a0f64
45:4	266250	6e744105efe8a31d6b51796b50726de2089c27822320af9fb125bdd2c7acc61b
45:5	530442	bc9a4434d84f44f9aa124cb193e678a7d7f5332dfa92e4a5a512406983e70448
45:6	329738	8a07d06fe98c741cd5180d2734968af5bdbe8999c11eb1ddf1f7380815e322f4
45:7	133130	bdbae141772b19c90e8bb6f6c89b595587d042566784b36b242b072cb26cb472
45:8	421898	9a74f8e3b09af039ecd343ed9245df74b529d8b9e4c8f6c1fdf275f71a9b189e
45:9	315402	248b3d55cebd2e111db83b489d2f410e96d2bcee3cd3496dff83e5723c679038
45:10	520202	538abfbe968759fab4fa09fba663aa07d541bfa886637b61a8ff1507486ee2f8
45:11	301066	6a91aefb2f3b02ae66f509a6938fefc1689db1407b9d7b1f4bdbab48b4007df5
45:12	397322	08336896dc77fc5fd23a6a918acdbe406bdaaa8beb7ab1bf722f242b00a53005
45:13	401418	74fa6f19c56e14df826ec783046b06242e81bd2c2f6fa1d80d05339d5ad145cf
45:14	399370	2e03129d7defe6eddc5aeb32f0e1c9623a6dedd072e4bd87d0d89b29802804d1
45:15	411658	9c63cf08c2d4450074c9b3cbbb7b7643d3ba0a15620850f0cc5da8f32e090736
45:16	524298	6eada93aa3f78b7dc34b768b12315353f699cbdf4391326525de1032415b2322
45:17	708618	f874547a448acd8b81583460ac9bfc53f8e6480f7b79dd06be183f4a9cfffcda
45:18	376842	3884dfb6f45097b523f752e1e49008e05372cb207c91d482b8de8ae8d694d2f1
45:19	512010	30c2d4c00570dda251cc2bc42be0d89033e3cffb1089aefb678740dde876118e
45:20	264202	d1e1795ba9407d5facc73fdb84d750f44ce0ec986c33a89bb3d30a5b2d8f0980
45:21	690186	b58887ea7d2a4762708d7b101b9b4579a058fb51c2e9f3a44832cf364e60341e
45:22	401418	f4dfec4fec883ad4959f00daefdb43febceee1dec8ab9d721e598f29e728ce3c
45:23	747530	89563b0df434cce7f65d8f3ddf37d062a9d35c17123f81d228dc1d24e97a9ea8
45:24	567306	fb1a7a26325603cc1e461be86b6e41765b398fe28b5f55754817a5a2ffa52ad4
45:25	524298	a8c0cae1fd56ec944c29c13616a56b063f26100f5ac25f6e67e5303458fe043e
45:26	503818	762da123f127e34f9bd6711776ad06aada6b8d74f111bb12d12a1a37ac95d907
45:27	356362	9ff3a184c9e1feb759878ae61de4ea33cf1cf6dfc022465aeafb691456247080
45:28	505866	acaeac6d3fa3826d919994c4c9b2ba9b8a716c002b41471c828f334e5d4a96aa
45:29	385034	389f37b8db488e53d42759286d036cc47f1db1eec2f3a753bddbdb3e8c09d380
45:30	382986	140e63085fcd08c38fa838b1057f6769448bd2d16a76b37cb1ec5db87431bb75
45:31	456714	f2ee9b2d8e969a2c506ddb00bc73dee68dd5211d5e1b7829c0f400ccffdfa549
45:32	524298	4c454a1f0a447ccfa75ad66e0da1f3076c2e9f4459f706e1b957d0599684e31c
45:33	233482	bf8944ebe6e6081d5c6e1f7948fa240d13d25e7c7896453f4c676c5ea5cd9bf6
45:34	454666	9c0740a1c18c24315dd8b80af4b78d8ca76a4c082c2ffb1cef8d78934322eff6
45:35	475146	457f11266519ebc9eccd1ba6a33ce38030b849b2b6413eddcd517f7aa6312ecb
45:36	219146	8f2abd3be0f38e963878f13d2069caae1bad9844175f58310bba870a44e10182
45:37	268298	43611563d6a1d1ecbcb91b0e843361569b7739b9f446250b86fdfac59855e75b
46:1	124938	4fbe54271d0d8f8c0383658998323b9dcd3f92a4ebe7037c445fa21d343cba72
46:2	167946	d0eb589651bc83a5bdc5da1dc82873ffc5cc0652a9456e9e98c6f59c6edb6829
46:3	485386	0c27bd63e978d368372086e5cf1af7c68f7baceff39486fff5a442af7d710706
46:4	856074	56e369d252d8f496f954bb9d59e74ac3ec71a93746661167a65916b76e549fe3
46:5	512010	f0851fed50924d584bc21b34ed96e876668fe09a53534306fe14eb22a8fc30ce
46:6	284682	b840f83b3cf20d92081a4d22001a945d29bde44549b54aaaa562e44d8fd1c5cc
46:7	512010	6deb299f7b28c73fc6fa5fa0b2237c761a4ecc158d0ebff5f89b3381331199c4
46:8	710666	b35329e451d4cc5a1ebf2fee6e5b02df03d844977e2dec806d8a6f99f5a1ba06
46:9	524298	28c822d37ee8663eba96356f4c6fa736d07d335f68a094e5ad019f4ac59c9bae
46:10	692234	268089e74499b862f6339e932ded94779eeb9e3f2adcd8ee8e0df63c17d86c2d
46:11	528394	e66c234b28f7156a777b26d117b5dd8e33e9456588a6a459d76b2dd5056203c0
46:12	536586	76bd2b40b8d20a11e967b6ea8bbf718dab492bb5a9df3a1013ca215bf8a61c07
46:13	391178	ff6072f344c737fc8050a5e1cfe7302391ec74a48aeb9d35233811750f77bee8
46:14	329738	32e225054f89c3ad357a0132433018db01b6fa592136dbe41f5ddcfb1f448a00
46:15	1554442	55ddcb92fb0819d3490323c395a8b3a8c897c83691ec9c0d8e64b7681c372588
46:16	649226	27f48bb31fa857771198117c6b0c47fcd0b54b3963289ce36818ffd382097e0c
46:17	931850	ef921d8dca3d5fb30c2a4916f23486963d6acd752c9d8079e3ed9a55957f6b37
46:18	577546	697c26f1b802bc50a689475767f3469624a10d881871face4c8fb6c449292302
46:19	350218	dee066ecb66616af6f47d217904682df381e4e83e55b0c351b49411996c7a0ee
46:20	991242	bc66fe5bb88e6983aded6be1d6dbf4ac5fc575d531768c824620214818470d29
46:21	802826	7ecb34bfa8b254054df99a656579e9753b57950b18a619c02befdff5f4794cc0
46:22	485386	78c216d5060d78f25209006c4fed680cbe724f8603354ab5ec022a36ceb3a9f7
46:23	481290	d8e63d9444cdbc68dfc4ed7c0839201b9ca7c0cd48fe077ec5e3bbb1ab6f68d2
46:24	563210	779f6353c3a6c54c7cd295f43ec73300a74ef65198627f0bb1e2dc25511afb95
46:25	421898	77b98fd6144feacb402f493e84f6ad4e1320fec8760f223e0fdab4abf13fe50e
46:26	1093642	c71f96568d8a8420ff12273b478d821c4e235b8ffd3b39b4f42d98741ec08b53
46:27	274442	da566a813c6ca706544608cc90e01ebf9846f4e11ff9a7c7d0be403edf26c170
46:28	501770	e1fea3298429194b25dbb1bf78c7ace6b76508c37b3471af21e791fab30e2037
46:29	665610	a7615ce6eeed1b12a4422dcb079d3f01386371bf2151bdc0ee79f038fcc0033b
46:30	532490	3f376a18cf1c5ec215559a9e2d7f06077f73825a7be2755eabb2e1e6c10288d6
46:31	444426	d62ed7eaa6ad9c9205a9baa5d40d682f6d48831cd876983de8945df314025778
46:32	503818	54bf561f7a9a898c27858719cb6076e417a2e3d0b607fd95dd2db5867212983c
46:33	759818	30c893387f45f45b45dfc6d8beb6dc39b845282db2e493faff55713d85cbe430
46:34	573450	a6930d0bc751d247a6ef102906d6566b8d0a4b38266b948f3d26905eee99e5a9
46:35	743434	b2c68ad3e63dc9ed05b03acc75a3181d12d24a36e65d6c95604628a7243192da
47:1	256010	3482c9bb48b101cc5d98936643e186005a2e383f0dd4cfff848d2497ebd167b3
47:2	632842	6441cff5c8dca89374648ec4ebd73e13a7f3b984997b4a2fee7a23d471e5d19b
47:3	509962	c3ccc651e5c82df9e23d2db30cca7a9bc61dd9280ff9b98a9090fafaf2c8f794
47:4	1378314	11da76cb9ca1f6f36e6801a51409161f74eaf4a06a3932f174547f9865dd7aba
47:5	143370	6821dc340b7c64c517fbe19171a73cf21e72b92aee3ecf567ca28ecf57028852
47:6	165898	177b7dc068186da39ed9750f14e5722ae435870c8d01479708ab983a2763ce06
47:7	348170	253595458591cda6ad259f3fdab6d1453e3d47043e460fb24dd9299ce8df3ed7
47:8	219146	4482ec3355e47126659ae2f8f198c2c1ba109d6e90dc42f9b90e1a645e278e0f
47:9	247818	c758f86e60a8251917090779e7a653980cf3b5380b94d6848ea6fcb716d26767
47:10	565258	82399b0491c754ff8e82c2f6d8b18fb68eb8f7d562d48d1cf8f3ac911f325824
47:11	303114	c956c5c26f6fda6a5b44babd6375c71efde3b2d0dcb5b8e2a22e54d905a3569d
47:12	661514	3983bf3239e872a95c68ecc16cdcd1cbeac60daf8395feef0dbb1f64368af78c
47:13	528394	acb8e472b5854053a251ad8c03663053b0189d7e9772f59541197d9ab88f14cf
47:14	374794	936db0ee282f043cc3d9973017b273851e0b153ede0f0c35b056554cabfedc54
47:15	1550346	3ba9f47d0d0df3c0f02063e7217994494b171543a4701e20704a04103cfcae80
47:16	821258	abf67dad98b8a6ac9dfd0bacd4dfacb362b2fc86a45dbb66ccc4f3e880af1584
47:17	266250	5bafb225fe0f12b7dfc23bae4769a9afdc6ab64ad2bc9e3dbfc33574a48f8ac1
47:18	565258	6a03d784a94029177852f882c1d553e9b1c8fa0fe6746ef02f59ffa781eaad75
47:19	528394	e4c12c6ad1857413c1b7053c67ce0d5311e125424fd3f59d80e0a41c1a0d4357
47:20	909322	0f1ea9aa4d177449b6bef9783cbefc20909c9632403d81a68fdf56fdafacc9ca
47:21	387082	6ced042f3e612347ed010e7779580268a3dc0ef86456e48561b488b9801ccd7b
47:22	309258	069f116fbae974ddc8d77751c7c3de8a223289250b1317a830bf83f9ed40af1e
47:23	272394	57c085f60076422ad630dffa9f37c3bdafaadfc64732dee1105ee2a025bf6b10
47:24	249866	fa76244b560d79c51db0dcf3cbb00285b1c9589e2b312b78a3a4df8fa07da952
47:25	559114	f71d0d2d4dfd5e510437993cf1f3d4f7e0045912f3771a94d67194a09f406f26
47:26	475146	3e4537d872db2569d351aa01be722dd688b31fee040e871b29bdf3200936b9c3
47:27	315402	5db042bc9e7d8821390bb1fda9963b99a89429d7a0464a7335ca8cd78f920ff1
47:28	389130	114f96e460fbc222d7f0322564140627afd59c7ef3e1b46cf00e3a09530d2a3c
47:29	274442	7fe1e715a3a6a08becfa82a95c40ad97d731c05ee7724373daa5ebb74a845316
47:30	516106	d06469fea32ebd90bb42127f78e0cefd3ade56598810bef4442a093c008b3c44
47:31	323594	ac8041200d3713917940b73e97a0fc8e787e360852a09b5dc8c005239f33a868
47:32	647178	261a46bb1dcdd322b1b2f336f91944da01bfb262897a7a82925b537568506067
47:33	352266	5368691fd3f43da3e1047c817240664631eb372e8475f300a0812f4b2decb7aa
47:34	446474	7120625a68e0517c86839c514226aef056fd479b0a5a661ea64c71a2c4a31bbc
47:35	368650	60336ac3854d05e19c869d8b69d75990a411b8e2f9564e07b2c89a44578d0a4c
47:36	430090	f3bbd124fb819fbb44b607c77c54b705945e7954530d3de17b5977d1b3b87174
47:37	247818	77d49fae3e0faa6c5fb6c1eac3d22efde21b34adb1ad2107ed1b0ae7ca768649
47:38	1046538	8d15e970f71969c7419880b5f7137cd3c370c541505feae1a6d6d4fe1eadcd81
48:1	178186	4c76f4f7d9e7262388b7cdfe14c648e5deb8fa7cfbf00fc0f8b82230231ce9f9
48:2	489482	84598fa237a0948b3200f061cac871b71e4243acc6395c7f185b349ac4464dbe
48:3	159754	440b4c1b00af4c74fdab258e8988642226660d7dc8f734636bcf11b88fafaebd
48:4	739338	1e87f82b84ecdd9806d3010f6d36ae91da84433adb64fd33e9c788f6b3e81cd6
48:5	745482	99e12f7bdd4345b07133a8b5cc41538afc8187c18ca891fe41af51af7fe2bd5d
48:6	890890	8f122fc06c7b1c79fb9f0294ee4b592745b494b9834f0bf917d4c86bac45d4f0
48:7	296970	54373c2919f7408559506bf30f77a3f6bd0cf586f4bd7f9e99be8ca8d4a322f1
48:8	237578	ccea283fbb26fb1a3439324fd56ff295a5c6612034392bf7ec9fd2d018a0c6cb
48:9	395274	70ac7bf8e7900665fa3e01e50d74eb22487e457cf0a53ff7b0f2217e7dcb2016
48:10	868362	147c0446b1b1f1ceac7a6f4ecb977d15281026d0ae6048c1e05fe0925b47b6db
48:11	1132554	1496ad909a1c1e21e5ad8e57ed6c3a04931da0d13c230d1ac202fe2e9a93f3d7
48:12	710666	941c55b65947b638ea8f73c850cc12bd26c3579061e139d274d9a15eab85d6d7
48:13	354314	e330eacbdd4b16b4b96e431dc26ea507e591d357c27c4573d76ffaf841928ea7
48:14	573450	53e26ff88cc346f8ca8b32b1677ac627e322fabe56e47545895b9210fa90a2b1
48:15	1093642	8d5ef49458afff27507d2a8724929aa89e9e0191af99ade0f654e1bf37eb845e
48:16	1032202	3d1d40d88c189c03d6aa88b513426f45a85c2dc9af88b0de31422ca5b9c1b569
48:17	778250	4a8fe052ef5db7ebcaa281be10cd171e0828b7da0ccfd46bfd352b714ba43ec9
48:18	636938	af50807cc25af58565f4f3ed3e14006469612dfe482559c5cbd4979b647532f3
48:19	313354	ddea74a336afffb29cbb6b932f9f83d6197f03208a38887409a1974828a61094
48:20	751626	4219ab42f49468e07647f0ef9514c89066f6678ef034da1d7fc2a695db923715
48:21	419850	86d33376511342258080e174393cf8a028624f979716df0214e931169f9617d7
48:22	337930	d904e5e115609598083b7d00a8de0877b9246bf82900d25cfe6d68625e7e8e54
48:23	372746	abe0de90f930603da747a6f2a564b22e5763793193dc35612002484ea63fd850
48:24	561162	ea9bd48169078e07701b5e597446880b0895b1a44ede4d6d1778f401b34deef8
48:25	1357834	acd27b1d9c98ba4bd5b8cf4ca43b08bd7ab0485b1a043cf13f529a4f67d7ccf7
48:26	942090	a0dc4b43a9b0602759aea1325fbabb68b4a262df3225b41199564b03f1369ffa
48:27	747530	5bc2e4b4804c95d6784ebe7580f952ee9feb0492f3e3eb1ae8485da2dc35c2a3
48:28	352266	893976f1bc6b2b9d2951a33acbf86b2181050bde3e9721d324b215a205ad6e50
48:29	1642506	756b8af83a3937051b1848fb13e1271c7c4aa8fdf1e4c31035fcca3cb11feeee
49:1	471050	615a20ee203ef64b8ec4da66132bbfa3ef95ff66d2c9cc8f7c1cfff680d51b8b
49:2	577546	9cbda4df5d472b54e8d01e10826a033139b3d188f7f56d51009f4c2de7b2fc3e
49:3	552970	6931813f7ad162403cee738150797c4732211592eed8c021eb28c74beac609f8
49:4	256010	7c552521194e0c139edb477e6b9fb6060a77d760f742cd1ff442763a2407d063
49:5	333834	28c923f5eab94303d4e2e70657d2d4b343589b1996954daa6ee87996bba5b568
49:6	595978	afcbdf7c2a3862405c31316e6cf61afb9142e86228db6bfed8dd2b27ea88a909
49:7	1021962	6932d9d1c5c67bb579cbcc299c959a89e9418793c4a1bfce5b4407b245e43b1c
49:8	288778	f8c0b45eae63cd9bb44d208f8afd8fb968e3b9279ca83a6a912050b75e7e3553
49:9	1071114	8aa2d315ba421668d3d5957b6c90205c6c600a396e0ae93a80e3c6c040789bf6
49:10	374794	b8fe76eb51bb5c72790d31b3e78bc6c3219b619cfe7d033f5466fc827037a70e
49:11	1345546	c74aa4f7b9e073e291ffb6cadc02939b772db89258feffb05afd099021b0a59d
49:12	1067018	4e73d261723d6993b7798c955e500a093e20371d2758bc6e3c5e7514d23ea921
49:13	862218	8f670318246f92a249da8edd3f7f4be6e250eccf884db20a2b194f442afba29b
49:14	907274	219eb899cb5f0814406367442365794f4065c301cfa2534040c979da25dd50a6
49:15	704522	dfc26d8daba29426abdbfc9bbe826523f2364b77235cce7f95e4ec0d704da7f0
49:16	485386	5f01b4228a873c8767ad3464ad4a7481ead33698be23763f8e6ebcd326035abb
49:17	624650	e7ce9abd0f73af84d080cbeefcfe0c19eecd349d6a65418c5be614861b6e0e9b
49:18	366602	bd1a38d16a6b2d42b17679aa7a0f187cb5995bd95226794565dbc96d96cc1479
50:1	274442	fa42a0d15bc164ff88e8265f978c9c8408d5447bf7bec26e14489e35201e9129
50:2	499722	3be6640c34fd79e1b20cd9cf1a722d2abb10d1807aefeca45173b789bb859e6d
50:3	331786	08cf1e94b88590b061b04d507a28256a92b5407b1cd9316fd4b8142bfea3ae5e
50:4	356362	4ce745b92e05b21eade67106b128b1d7c6a320a693fd8d5418e6c3c2832f5684
50:5	315402	8c961fbe7ca6070c411a8e5c79ea90c7da850bee7eb310bd1ec012981bad5314
50:6	565258	1929b2fa3856fd9e4c8cc7bcfcade8d52968b86b1211746f48f4bc4f4b38195c
50:7	450570	11e5e30a6b88e991bdc0ee99dd04b962017c66c4018bf283bd3579ce584169c6
50:8	172042	09b4204611aad20b5422eb56ba81caa60afb97123599f1bc77958cfae525f66f
50:9	469002	3407d88dc1f01b38594e88ec1e83422299e490e381beb620141eb72e1c5681f5
50:10	176138	88c81ce2e4cdda243d221c75ba25167897223bd9be6e98fb7060700251f34b27
50:11	362506	9a6d31740a8bc81a8df90e31ad4ab4104da0e65533abdbc8629fefbd14cb5cab
50:12	221194	115f77013a3ca7ab10eaa9e1041594deb5d7d69fc2b71cb8a546c17107d19afd
50:13	169994	593c84b36a1230692fd2b1425d69c50eaf7447bf557af730074296ab9f5b5bda
50:14	301066	3cb6c6afe82c9a4f139ee431b25f8dfdafce8107d4b799032ca167eb494e5f62
50:15	342026	33247f6bfa5388cce7eb1a691cd9b3404b80f541eab2f5851a464399027f2a4c
50:16	382986	15294d171863223f52bd0812c1645a216bf874ae12aafb1883703ee29d884f0a
50:17	229386	133c3696c9c6bdfd1fdb3d2d91a62f76d880366950232afae14cb02d05b6b3cb
50:18	210954	f6706bab2e69d3a75626bed648977c6332201fdea8c85bb6607d0e1be6c05ea9
50:19	313354	73a419408522fbc815cfd4fa9e0b9526c2da5e322bc45ed075a58aff90e8cb26
50:20	256010	1c268c0fb045919a3ac94dafe2f1b9128c1d7323e2f7cfa8ddc2d6bd4edb4d83
50:21	243722	5416bbfc506747ca9ae8b84f1ddc2b9afc1d56b0ebd0963800cf6d1409ada9f1
50:22	395274	936abc86d3a71afd1b2fd99ed89f7035afe4763bc6caaf2fd8157d166badbf17
50:23	178186	40069be54d5d2dfd51db887dc4f8c393947678b783749a8560ddd8bc2fabc6b9
50:24	190474	4b9be7b0be01c7a9f8fbe879a9bb77fd5a796ec95aa4988d3a57ef1443b610b7
50:25	172042	e701d1f5130b96def90f7155bf89651425d1b0b59b6e793d4cd2bc84ca6f34fe
50:26	276490	47370e54ff1eeee8e7055bc58e1e6ce5a78d7da6edf096f8d9ef4d0d9885edf0
50:27	311306	71598a19e17c5b6ef5080af65be4b9283401171ff0ccc72290d6951fcad5da18
50:28	239626	ebf0ac5f25e0438aab1d87124c9c14315981ffdf9b12e123b54d4f56bf7ab347
50:29	249866	1961740b5ea59fed44a2cb99ef9eaa66d87de54c5c0b9fe9322e9c536929155e
50:30	245770	a1590d5e1a7c72fe4864136e4adc516d6952d6b70477902322612da5dfb41037
50:31	225290	5756ac29a9b35c4ac5730889b6e9a8c8220abe36c8100d74e0a924b2cb3212de
50:32	215050	341edb082911ea1888379db175f6f2f660e4f5b5a9bce0068b7616239aed62f0
50:33	225290	743be1a6ea3ecbb8bdf5b56433355c46d2d0151853ff6c79a2995274c1a80bf8
50:34	221194	c4499c316faf6380960c0249c0076da842058716fb723c0b9aa99a9f3b6731aa
50:35	274442	f1325e3eb9761e2af96da0d62e01f848c9133206bbb657dd00397140ddf4325e
50:36	460810	f7f7f41b3b88cd3c503e186488ce15177b5deeae3242893c9f0b6e41db8e2418
50:37	323594	b693609d54ad7316c634fd61f8b95f3ee339cb2818dd8ca4f82f3a0ebbacf4c4
50:38	421898	b1a9b246cd28fbb9ec0d67edf3ea12aa96e8d42aaf09a640677d68d657a425b3
50:39	409610	d4fee91f0557f9f1d5261900a2d634266b74e9e30d7fbfb12ed1d613ac595968
50:40	169994	84fe05b476ac61c7f9c60317086e816c21bb730d5df6e6e9b63729e16f2467f8
50:41	258058	e2b8c42f090fe964a4634b3c0e5f7c6e99093eae544d5be781603dd2f930dbe9
50:42	274442	f38a1840afe3506246fc3186a6968a45171b7c6871999cd6cc2f8c71ed0ca259
50:43	204810	06499fd8079a80b17c4021cba3dacc19452a14ca678ef0ea49758524937162a2
50:44	313354	9d6b544b3a04de5a5f309e44340d42f59ae247e257e9f30992a04bbf67a6d0cd
50:45	520202	da6b8e48869dcd156375829c6e54e216f4689c56577867b93f8d6c46e3863b43
51:1	106506	4aa8b8f664414673fd11b66e38dc482ae0ff2fba1052fe7bac3828dbc7260553
51:2	106506	72df79b59c37519b1f64868a3a50b425c28b001f4972a32a2640dfa1bbf5058c
51:3	104458	0322951860618f4d2992387dbc7927d77c632293f35469013b2e5a25a405cc57
51:4	116746	5ede567eca179ccea6603f0a0490edb196c670cf6d4b5f32bd8fb31ce92beb0f
51:5	122890	a6af0a52608cd2d7f7eb0fe9a0b46a5a3bbb05eb4e374920ae0b9e9844febfc8
51:6	135178	ee5f802f6db66062a60bc0f69237d3290fe36b12f687b655f684b7849f5b76db
51:7	135178	8ae8cf4351fbb1527708046bd7f3dd6e44dfbfef52332416613158e942ebfaf8
51:8	157706	a9a727c0031120ca2e863febcb561ab59b03157841234942450a371a43e869ff
51:9	120842	985f56e88634cb70d8a02a8569bec1e22864db925c8afa5aecfb5b3fe9f3d4e8
51:10	106506	3ace36abac0c91cb033543d8972b806c53725e0fbb933ce512b26409852f73a3
51:11	174090	b47e7bfa0a3b52de10e1a9e7258802178d25c077125f0ef98755c4af0ef7a74c
51:12	147466	0033a5501d987003a273062455c4d11a8c5abd1463bf700c65a8b52788b7b5be
51:13	139274	c6a5a7b36a4e0e189c9f6aecc2669d396563138bf19a70b9c5bdfca873005ca9
51:14	280586	e516ce64f424b6dca3ebe8cacf43d51132058c647665ba6807ca6d4394c98bce
51:15	208906	c87724ce1791fd55d429eab4fabcade64ab5358fd60ea538a17ce3f9150a9ad0
51:16	354314	ab47b11d440eef9d2e6e0b832140ff7e56382e4bb16a1be27426453f8fc27c74
51:17	178186	6886696e17a27eac630517015bc436212d05cef28c052b97a5853ee2d967e7ad
51:18	145418	736372b07356a8ddeff1512058669147634bbfac2637874832e22feaeb201a87
51:19	233482	f39106384966d1cc0efa554e54b55906446810943dce22d66949f0e2902165bc
51:20	155658	c17fbae1645986342fc32e5005c3f83b75437251c8a3f4e2b078cc37898e81be
51:21	204810	dd3e22a56f3688b7b9bda605f1f88b36167541a16e85e2408bd8c6c9447c18f6
51:22	184330	e46bf19d17b38e4b739d930ca288b4ecaa9d6cbe8ee63d104a9e855859203a68
51:23	323594	c516e752ccc10348f67f270404d90cc10bee9cba0402c2c10d9f4fff0bc2936a
51:24	192522	2c62315ef25cd7950ec5fe43e5a7cc74a98adcff973770fbcf67026fc780ed80
51:25	321546	12ca06e0804703f25c2ebdec1a32d839643fd21deed523259de29c0c57c4a543
51:26	217098	06bc96b1e06e6fb04aca9c5614fa2f9405d3f35641b5d65873981b02965dfcad
51:27	174090	d67c50886c5d70d6469163b129af8fcd5ca4853ad45c3ca10b74603e4b5c7ffa
51:28	335882	0e319c08371ca2d0572767e45bcb3117afb05ee596bb3ebc817ba6786c4ced14
51:29	278538	201c68cefa26e626d00a3980cf4ae0c7df0eea76bfe29d4891a7a5e45e213684
51:30	305162	c0d71718baaab77ab37ffd22d742349f67f3c244f172ef7964a7aa7b906d0966
51:31	129034	fc3dd3b28eeb18292a5ca751fd31cb235dc78dd05401a36876614e7ca2283466
51:32	231434	477c63093b6243fa04aece52b37b43f0de88afc6dfa6bdd4f49caf289ae64b2b
51:33	147466	155d0fef0410a388c46b76b818904bc2cbd9d5449ca9dc1b91927b191abdf494
51:34	143370	0f8e50b57ffcd466a7675286094a7bad1ca8b3af7a0ef5e67a97311276702619
51:35	161802	d5a019cafa29f7179bfe3120c86edaf75a264dfb94eacbf45aa545ebb071e99e
51:36	184330	d8261b656842775c7d60b464ffd8027b5613159e68c2a20f68b850a371752abd
51:37	223242	2256a6e694c1a24986c78f8a6f93275ac4ec9cb07dc4680e254e11ee1e4cf1e9
51:38	219146	e387745ea70eb485cc1dda5652df0161aa5baa9b2416b386643a4647369e4292
51:39	147466	c169f50ce05cfe0493b1beab7126f16584a6d7ba0852c242df2b717aeafc2090
51:40	204810	8c554eb8743b4f9860af22e37c8b42f23d7b95343f927d9d8dd753e294a98b33
51:41	208906	b6380ed660b9187a87065ec4a150cace4a0e1d04351ffe80322886b3f3f4be05
51:42	204810	c7530db24054b0f31d65860e53e53935f4ac30517de8081ac5b487d2517c46f2
51:43	161802	30b27fea82ad5f87d312b0c18baebc847da51c9cb3aa6a63e6a3bce87c16c486
51:44	204810	8bd4cd10bb956678598a1ee095180f10734d003b9cf766ebfd6e8228426aab40
51:45	204810	06eb75665c015b554b80c774d187cd057b78a80e8fa611a2b0f812989efe20fd
51:46	288778	7cdbf007f9a41abe6ce7c0b89d7fdc766c786c87f106a08fbc06285dce040c49
51:47	235530	8498c59683cf58168a5aef48a7926c50e8fc7bcb30f6ad6cd98e3782b3af08b2
51:48	172042	941fb37e096f23ad322d8e5bae967d7b52daec99c7de3f62e4d4a20db426b2eb
51:49	194570	6770c8f88de0b5ad5105d68b260619d08b22ddb0bbf4a323bbd38b6f1f312f0d
51:50	296970	afa4f39c2fd60494e6d29d0453f841b7529c5bba7f8e039bd958089fd2037dd1
51:51	327690	da5c706ae5575e87ac5685e0d257255890c27964c837d4803aba30a884fec7c0
51:52	323594	bb2a65c505adebadf2935640af74771515e78cac68a035c3529fb99af7288c89
51:53	208906	2e663d4dd49e93927706691b3fd3e08999b965ae40d8736b953c2d13d57f397d
51:54	213002	33a4d5ce180314287f7cf2aed7ce1decd1c2e810e3812bfd60bd72139b6687f0
51:55	202762	a88ec0a41ae2ba1a1b1cc33949641aee9e8fa750784ef41dd9d58bedcff2f527
51:56	200714	df8e2b7a3513231a433d98387a2c37eed4832cf9eacd114a38b715c08d87eac3
51:57	264202	8a21233477939e9ea56440710c1ede419555da029203d886b8da56fefbd73c7a
51:58	192522	9a2ee8fd9e6b9c154d60968081d412894e91340adeb8f8cbdeb267379f48a0ec
51:59	251914	6062ef60d314307aed232a53b79d08485aebd24715c7a93ea7b1694a89e3cba6
51:60	202762	7135de76a4cde1fc4210515841c336c199a0dbbcd323fcbb2812678f01438716
52:1	65546	63af90171312abd148aff1c66d9116042a2075f5d7ec48037077b91d5df683b2
52:2	110602	e51dd8ac5d9c4196f42c28ae4b54483b8ea09df03662695eba6411c32359103d
52:3	126986	b1c1212a03555618b60dbd7182a16961cdbf3a44088d32dbf929a2c0f042cef9
52:4	94218	599cb15a02c924ac99c8b22a18502f931eee83118f73b24290630162c2bb08fc
52:5	108554	4249750579e3866afbaeb3b7d57d5c23c7b0d6107f1ba607aa0c1a960e5ff849
52:6	106506	e189e88bf52cff07a47816162144c08dfaac4cab2264ccc486c7648f0ee36cce
52:7	139274	3468da019786e81954be08c5c0912f028dfaf350f6be3348cda83eca048a63b2
52:8	110602	c67c857136b16f73ccaed1b67b88d4c73c654bcdc29099e77ddaa5fa3e37a33c
52:9	155658	f0378562fa00a75de802fc23b948407dd9f736a908815b056a9de92f89a9af44
52:10	129034	f815692aa0701005527b1bc9487b4d93a9b3161a7ff7bdd9e2cf9e5aee9b1401
52:11	167946	c0a0d556615b6f5058117041366df732ff10a928807f0391c24d78d5329a4c60
52:12	176138	82045308f1479ade758cd15016da9ea75f5aa5b6e5ab5263428c80fb85e7036e
52:13	182282	ca9c3052459b3ad69fae50a5662b6986d0d0563aa1d86ecd0f921495f124aa00
52:14	210954	9f808c31060d082c0ed29af0d6cda0b144c26c5d9dbe7a20c6f1bbe74421ee48
52:15	200714	a8beace12d18886449dabdd90ddcc86221175f7a54f662e8af18369350b8fa6a
52:16	407562	a7c00279e677cf8d99f08be37a02bddd59fdc2a84eff7939834af9ab6de889a9
52:17	194570	13f4b8de344e37f11cb9d9dca428ebdbca2792f6467ea7f9227bb8a0832bebbf
52:18	280586	ed84dfd3fb6d42a5ecb68cc4e23cf20b0dde784b8342adf7d1a6c45cb5d851a5
52:19	219146	8d136986310b155b18c3cfd2957664573f9bc30155ffd1998bef6e09b618c777
52:20	282634	9b7d4091053ded2cbfb167374410728c5344110df40c98b395fd51c0b3ac0233
52:21	692234	0c2b7ebadf406c625d1f4024cc88245b26b4e52845794825130bc14c21de3cfe
52:22	245770	486635d18d46661923e92606359e5c64c469c08913ab70f3559708cb62d84a12
52:23	235530	a842917140e315da7551440cd980735c575bca4e475dde5fd2612de86d8abbf1
52:24	260106	a6a02dd5bb97d15e4596b73632573b0257c3c8a833422a6d5526c8544115d39c
52:25	202762	8bf23b0deefb4bd44fe1efeef3c4e6fae86518459630b64f32af49394a1177c1
52:26	235530	0fb8b9691ee0ce9934406d0c08620d1eeb051059a33edf817022a2fd3b0f3567
52:27	204810	219606529935c7bb85d510052024aeac54fa2a1f17c998e6ef63596f1e5f1924
52:28	344074	274062d02631ec3c4f5e3e5228b10ee1b33d1d42a75153f2e56641cf55916891
52:29	268298	ea6f48d8385a87b9c7481ca3441308578328b19cf98dc7ff4d9f394ba9cc66c8
52:30	213002	7a22033ac9b173db4067ee02ba5ed8b87a3f94cec4b5a4d30df180857b690765
52:31	217098	dbafe6fe21c297cdaca14ee01d9be473478d1e02bfc4f158e97aabdd567fe812
52:32	286730	5fcf40208668b29228ec24b611bbb0c8d1464fb21312056473b38016bd5bc18f
52:33	260106	2bc0bfc6386747bf87728619de14c4e2f1230886731a68aa1f5bcedbae701369
52:34	231434	865c7c84a375e9b891560f46eabcf65e26913b854049b189e9f17c203355cbd1
52:35	192522	7401cd22f21805e1f40bd881b73b57db47e48dfe03cbdd4aeb01fd702b7b0e39
52:36	223242	78520cf19cbb3fed437bcf2e7d91881390af86ae061d0ea531126c03a7cd3c2d
52:37	229386	66c06ffc55518cbaaab18f76b3f87de6e28206e797c7b9f8eaef16c8a6df8115
52:38	323594	d467c8770fdebe6b115cc086c9b56afec7caceab6bbc3e1699899c5d7c732a06
52:39	141322	1aecc82923defcfe0cab73425e8f39dc07b4e049a215cee5b56e56f0fba45c8c
52:40	221194	ba1b13dd9c1ab219406520c0479c8dd1671811147424da94c190cb0e6f0c911f
52:41	151562	2e4bea0acc283ff06bb906ee2b14bf924d320fe50d276d74f6dcbf31ee902f56
52:42	256010	9e98030ce679220c6acc6452176a2b1d0567f19bc455f83e503299a4272b521e
52:43	274442	6d88ab371bdd830227e19dc1f6b814e21f7b0cbbff3b6e28dccdb293a643e8f9
52:44	278538	ce3827217b5e97c5b7ab7dbacabacf97bde03bc469f7c16e4eb6117fc7232784
52:45	225290	80611f4d0004e5ecdc683dffdc34186f834f979d30ccb66034d8cbe75889105f
52:46	217098	7ed1e6bd3ef5438d3443f5ce18af3ba08b8160062fc6c8f401be4cb8b2c44623
52:47	294922	38f25280de9162bc4c575049d68c4a47b5d1a7659f5b6d15f80c19bd7b628180
52:48	337930	fc825c17c6ee35b0a095e4d2f8c0c66cb527501566e131b7b03f9c296384fd0f
52:49	172042	3d68e402d4ffc22bbc44db7cd7e83931bcf8b6112b61195205eb23a91121e722
53:1	108554	c8a5344167cc088b8071965499a4624bfbd7e867c34590291b1b6e869f8cd54b
53:2	133130	ad23861dd724474c32a2408f45da26db84ad5094e2cd2cd16d07ecb2320307fe
53:3	114698	cf9b8e8ea2c98094827a6ae4e720bf2d4b624390142ec3ad24c418da01b2d14e
53:4	145418	fe0ee5bab59b111f7c1ea28bb38589de30cf7fe7f51c0302df20d2de31423bca
53:5	122890	0271a511a522040bb80f37d73346bdb2fbef86261b99ac3ed992380948c84e43
53:6	129034	83183cd9f5fba7d1253c34af99369a2bc7e23367d97e66d0df831073b6be471d
53:7	110602	8b3ba1090a656e24e106032e5cd2cf75fa8d083df850eaad972ebedc5e027d5d
53:8	112650	48f6660812536820a6663bd951d9a6de133990a3f409c1b6d3c7373558267161
53:9	153610	024a7763f4fcaa32ef617007d056645311c6903c85c19ae53194a064314520a2
53:10	198666	6285373af7dc1b09f371242dc24ae0e5abeea22c93f499448a129d7f59b674e1
53:11	141322	6f87a833d804079e76e06e7c3d802c934f26331398fdbf7e7bbb7697ef8be6e6
53:12	141322	03b44b64e2b2045e488399628a988486dee1b7db8319dce04c33cc71036fb2e4
53:13	133130	9725ff2f37dc36dd7348d448fab67e43d6159284ab42ad35aab6944ce23cec3a
53:14	114698	874480a53bbde78c4e4144211950cc375942fd7a22418f70fda437bd66cbd945
53:15	143370	4c6eb2b8143aab38202c99ac60c239fa28a19ee4068a4795543607f210857e42
53:16	120842	697a12e657fedff2c8b1af6be63ca458c2061a75ad646f66f347f8815fa5c3a9
53:17	124938	dd4cc79394619cb6cb23ffc5a0b1f500ac5fc07c6eed5163cff57ccdff744a20
53:18	172042	32187c865079ec62d62f4591ffde8eff32914c6ef59180c443a4b338f446e9e1
53:19	139274	7f5f245abf97ebc237e1d0f2d00905e3902b28a3e0d41c0b5461cc45dabdb0df
53:20	141322	0e604020c06a1a346a5eaefc54b9d419da36e2c546d8fd21dffb025a8507522c
53:21	139274	0548d82bc268df2c0380111f5ff510e7c1fbb48a7c5ba7a0df993185779fb06e
53:22	145418	a133f28f1161b86bf679790d10b1d581d8a58bf0de31100486145ac1df8829ea
53:23	987146	761c96e35a0c4a68e27c829b693526878d5ee1f7c18a6e45bef43dfa8b1bc88c
53:24	149514	2c14197b5a784d13cba4d3cea3525616d0de59d162333f917be2235fc41cc1e2
53:25	169994	d02394236567117e54d1de42893a9b71dd64f39c58d04a539f1adb37f18a3035
53:26	520202	301f5da3d5144f932fb03010d3bf466ec3203e7a01ff641f5b502a64ab77a0d7
53:27	346122	e520cc18b080e6ccc0074f8965678ae770a21b399d5f8dd0ad65b22f22f5b726
53:28	479242	6aef7e0d24d5c7e0d952cf5ef2477f39d7e927865895e2483c69e9394da7208e
53:29	278538	7b950d60c55cf03c9c1aeea1ba676a2bff79306e5dfbeda2c106c6fedec5709c
53:30	454666	caeeb6392ad7234952094b9b59dea6edd60500a0505a31c550e5fa1c73958e3e
53:31	616458	1f1493136502d0df165c510499c93b18793ad061f276af96a2a576fec7dab534
53:32	1232906	edd6012423149268bd4452a4d7b012fa5b55fd7adffd364114f259f1a1f7655f
53:33	135178	8bb51852b33e6d81c8cf54b15799b837a548f3e089c0b258dcb3e178d60636ef
53:34	145418	2b01529861f0defe8c7b43d3d676f8383f82d24654ec4d578b54d2b520dfc0a4
53:35	180234	29ee7848a01be42f74a6b18307ff6b724f4875db03272b2250fbb0ee5296db11
53:36	178186	bd01489e449c173d6d97187a236faa2c43fda19518c879c517f9665823b51ff4
53:37	137226	6bdcbade0acd3cd5244c8a807a80cfdd06f926335611604dcbd3143e47a976e0
53:38	198666	f95ba05a8c35bd343bd82ea97c158983cd1069cf420b9a98c816136a0e64800d
53:39	186378	be78fcbadc923f6cab10ff4f76eb77d6b09ee2cdc319f1d2a10d26e438e1cf7c
53:40	157706	e48a55a9fc35cc88f9510029655479f263e4713104f39bfb36207cfc7a1fb6cd
53:41	190474	df8ad9f502f23ee01e71bc7dbbdcb1e064c9f5e80424a517ddf04d2e205d628b
53:42	174090	9824379317135d17d4caae195d12c0e8a9daadaad163bcf08a8afd0bfd19a4ee
53:43	155658	4de380df42779458d51a3524a8fe35b1aa7520b27c8dd7898f38ed0996fab264
53:44	155658	293963ad3a926b0903becd116a6041559f58de7b3476ef8b78e3fa071a9a12a4
53:45	198666	fad5440a82f1d152df777280f21ef87ecd60f245d7efecf959df5ced8ffe0aba
53:46	143370	a2ceb862aa3111a46c0a830e37e3c3b3da0528d8a6bf2dba6b54a2e608e44d79
53:47	157706	2f8211c26937571d28996ebbb52cd633c54886fb8c0b0a7982744db37d2eee32
53:48	153610	b124d0378b2ae96bd90a62978d0066bb8578e1455a1202f13b3db8ec42e27942
53:49	149514	0617679ab73771cb63ad409b10a7415369439eb6dbad83348b110b87fada0f61
53:50	176138	9c5691e0f9111dfeabe820b7d7177c64935d9a710deac9aea5a1c9ffbe236e51
53:51	139274	809bbfc5bb6897638bf5349aa52cabe211271c95b80fc8c55f5240fac981b6ff
53:52	339978	2d72250c79ddbe6fb1ad3167652d01d5b114b2ece2d5c68fe56c67b07e72dbaa
53:53	129034	840c2f547229968d317d97ab1ddee7508829725c3291a9192a558587f0d65ce5
53:54	124938	ba97ea80acd27fa5249e6131e1c228dcfea6a0385ca631c46606222a5644a56d
53:55	200714	4dd8c74d9a0dd39bf5a1f04f29844b372e01b37360a6306e3ba8f22b3ed7bc0c
53:56	169994	0677ae33b7a8cf8c81ce1853f1a04a8007749483fa891589576ca0453d042cb9
53:57	104458	341452deca55155710d4412dce7307d6af48de647890a918c3f766abcf10df6f
53:58	184330	620414c808c43fd2276c832ed0d463d4e0a06e242b566a6cb37fea4e72ef1cf6
53:59	139274	0418775b4ed18e5fda373c44e45193ea6437c959c7dbd4154c8aa0616b79cd95
53:60	122890	df84978f2139523a45ed197c3d1fc1bf074cba52b198d4e9027367d2216f6159
53:61	114698	2cf6e81e10bf57290e5d049037a9dbbc9325560384cdcae75e51e0bfa4203479
53:62	94218	c61515cbcfad881197315594e80fd6ea5522b98aacd5bfcdad26819d7dad7159
54:1	180234	970f7ef1fe22c4998e596ac90d17b20faef1ca58c9064d904a47cdedbd815f70
54:2	256010	5a2a6e11c0141b004b9411fe0b1bc9e5dc9d6c6e9b894e56d6d3db0eccb774b8
54:3	344074	e81a61bd5aa565cb4a3391f7dc620270d1fd0c627dacfeb60cd2f6389d704a6e
54:4	253962	bf9530ed1ed3a4c8cfd84714360c0e3c910f986bdf4b1c4eaff8f81a7852782b
54:5	237578	15c522c3e675252069d3ae7b1221bf01e66d905a16f311b4f44d72a75b4baf81
54:6	317450	ff9ebad4a345e1e9f7005cd80d29e6339c0944abea6c2efa59774b8a3814a757
54:7	301066	ad6f9792a6f1e3c6828f582f731dbb4dff09d053eeb05a65e0c47b372fdb78cd
54:8	294922	14f5d1d83c46b3d3315ea25d0f2ab319f1a4bd670d734ed93efea936123689c8
54:9	276490	6b641c2d3b664912344db575a21cfdc15cbc9a8688b73c7b7be5aa12bc5bc6b0
54:10	217098	5f22ffe62a84d98b8c4d5a40bbf108dd6009626b6d3f036dd7304a19a9b6fd71
54:11	241674	8f283438025c2e67f60b912fb8e680b812a454cc8a2bfa1e08100b8240a1a907
54:12	284682	0f56a2747e4895166c56784df5d4d8ff8c1841d722da77a34579d8a7d52a9166
54:13	176138	f3d486dbdf8e6d7426629a8429c3c1f0ec2935be3e097cfb31ba62906e52ba62
54:14	208906	f36110964e4191200bd8ebaa6f4d2b67f872bb07ed101a4c004d6c8aea35c4c9
54:15	243722	9e4ae7f56c89075ae1c8f45223f2574da8dd77dc003dfaa67de3c48749bca007
54:16	137226	692f5174bbdb586064435c420bc195edda8b15311ebbb3c1bb4ebfe345bbeec2
54:17	237578	c21a126babe930c0e5bee1cef7834c3783bc2db27e338a0a355189272bacd593
54:18	184330	fce70a535958b82d1f8aa1b449b5f92ba2f5b48b09398983f86715e5c8d02c05
54:19	286730	8668de48fba43416e92cf56486b68003783d55a9a1224db6e026ab7ddd54b1b0
54:20	227338	5480e1a5f2cc5cb0bee0837f8d83399b4d6629c82d0b0ef54c2f2c661a030b07
54:21	116746	1695c9dcf2550108c15709b794f5c87aa2665ed22599dc6f5a43b37017160224
54:22	268298	f0e1dee8032a0de1f273c33d1df9d26bd5e5526aecca6f6d09eb5dc6e5407fbc
54:23	100362	d7e481ccb55472bb341762ee53440dab3d5bbd619fc0a48061a3ff56e995ed1e
54:24	331786	d6f82d7aa8120593d346b63bfab80a0db9b1bc6c9c2030fee65408b1a9c84313
54:25	213002	5a586306d94dbcbf3573d8c4d03d17461c90b2438ed82f5ea538e0a3ef5bb77d
54:26	153610	a19a8f2fa00cd09321078832f8ebeb733ef36449c1d21aa7d00cde16923436d2
54:27	206858	9971411c51524f5efd94f037c75f439ca2c9b4f00ead6ae0e3994d47bb58d278
54:28	288778	808f00c6a118c0a5d016b538d93c8aafa56eeb87939c93151cee28c985d61dc0
54:29	133130	2817ddde2df88061859f09de7abeac37d9ac464d02e6add8a353149f4b84d4d6
54:30	155658	6b784ff2dfca0a11620ec9c78bd63b9a1e7ff29d5dbc7a0dcbb8babf26e62277
54:31	272394	778f3423db63aeee0d2d68c9541550b87898bd1387060f766c6817d6e7f58802
54:32	286730	1a63268cbb32e983bbbce496c3f36410ef8b053edc254cb57d91478b11cb3214
54:33	135178	d3ced23dff88a6f0f5ae8afd42ea17cbfa7a15c3c269055ff550b413b00ebc34
54:34	335882	a42c5cbc2281fae61694da1eb12d8c8b5b6ce77d64018faeb1a5e69a7df45186
54:35	286730	fea456873a4bed0b1dac4b9e954f64d3d5353ca64f8d43e51990f777b69fa8fe
54:36	208906	7b0644539d8897ae19f989727ea91d24329cab5943db3a75a71a7da5ec275cef
54:37	272394	af6071200e814da64d174b266a7dec12c8f71ad33d0562718186bada54afcc96
54:38	167946	864c28c3da82c6f60bc4a37ea7ca2dce2b7d244b0cab56e5d441eca475a7726b
54:39	135178	2de67daee58bdd70639ef4e12907320a6edfe9dfe6aab2a86834d7875425bddc
54:40	251914	150055339844fa888cf025053c131f8b31260e8425b563fb14833b065904409f
54:41	159754	0167c079271b1e7606fa53451e716060fb0e2f0a1bc5c1f5ce4ba773ca65639f
54:42	231434	e40e413e52616ef49affc35aa95f15c5e2542f592101cc62ae81b74de16ca4ef
54:43	331786	e5f45ab7baca7105a211e95a61ead990f7dfd88d182f0fe387a9c2ca34b038fc
54:44	184330	931170b811644c7b5d40539c7e60731626bb4d497294aa3cedb21f8ad9a860a6
54:45	163850	c520f09c8e4dfd2458524b3a318791faff514e7d28b6878b19b8e2687a6ad37b
54:46	200714	a3b61ed987dce1427ed0d9308270b1aeab27560741748dbe320f09de971875b0
54:47	180234	d98583b85f5574360523edaf0639efe3227e18c40e8c61a89d8cc078fe1d15f5
54:48	225290	f5bd9b03d6582317b8598f8a0954dfbfdd65c7b973b2db326cff20fe71125cb5
54:49	163850	819cb0f5835a684566fc0fd28f489f137da7afb6063b218bf6e07502d3197cf4
54:50	243722	e35b5403d51a9394f088fead1de8bddbd24b2f88753bb87c6af88ae3f24013b2
54:51	249866	c1385bd49192995051dad465cd7b5b89539b44ae1fdc5e82517908abc4e8bf7d
54:52	153610	631b20febdfd069bd7b76bf54d2af0a289a01ac85be5d313f8b29da8eef66d74
54:53	167946	80cc3f6c964d1177b6850bfe8ae1c331a613e5723d08d0f0d322d52fbc6506b2
54:54	182282	2d9784605e23e0298199b2a80d0ff50427052dcff631ab6a859d429ca8cc36ac
54:55	159754	e9e0d5272bac3cea2a8a74a35f1bacab5435c4373d735337c36b55479b8d1bad
55:1	114698	10f8ba2607a63f997f278e3f1ce0a5fd39ab8a9eb9df00d9dacd33499d44692e
55:2	106506	63526313d652e54b62c194055e930767ffcb5ff12d65db9e241aee43bafd0ef9
55:3	102410	bbc89f3ce43add6d3a70f0e8b9b8ed6e6287ce9db01ae88d8cedbc268f90b216
55:4	124938	ab8cc88bf2bf88691b807c3e2c687db53794461f48ce0b25bf06cc28a25ede48
55:5	133130	c4c4728d80f4e2122d3f6867f57ab01dfad2c7e89cd4c60d06d5d224ee926dd4
55:6	143370	3646bca8c76b1797c1a755e3ce09e2a4ce6e7841f8e5fcd550ead79e2163d88a
55:7	192522	f3876536ea813479e49d1347ad7561ce7a54895ad83a46718e6bc696eeb5f9c6
55:8	137226	15dcd821de3448efcedc07ea682acbfd8703f8f46a189e39b33db00a12d26763
55:9	215050	dfa51cd0c3de9f7d8dc3243f8359e70b700129977fc0db5ccd6a2e7f2d7e171e
55:10	129034	9eea1ef5da4fbfbaa2da0360ea6865e270b68f89c280aecf54c98d9f0a91e72a
55:11	192522	6d821aa1d5dd04d7c707804adf0ab3d0a19dc8eae58c19012be8aa17d92109c8
55:12	155658	d9493384846427144133be909882a6b1d91ace673680a6b2a1154cc4eae642bd
55:13	223242	71c4a775df8b52337abf366aa8ae4010d254d0e876720558e80e18f82cac2ff0
55:14	217098	c16944310e1d8fa9de08da35e17c07f5060d11bb75a37ef53404729fe13eb04b
55:15	225290	7299f0b0561a3533c627885c385a6b16b65b79683ec9f4eacbfe383e2c8f3e0a
55:16	210954	62726fabed1d8a522ef2cd3dcb20a8c33e3e40eec0e0661bb7fbc7fbf554a52d
55:17	159754	435e5c25bf0ae66f5e3448f41c8c3e45ed0aff912c2d762c65d778f1c0f1f779
55:18	206858	f14146a79ab834f664f0c924bbf73fcaf813794357f327de1c7057f1fccc6055
55:19	139274	de3a566a3e7bc23268793cbf24547c81ccc6b2f698bb6b6bb54f8e926c3f54ea
55:20	155658	16ce433624cf4e18ea12ceaf1d7d991cd880ef197e11c3362c4233c19897186f
55:21	243722	7c60aaf007669e57ec7d004aed5a7c8db19af183cb1df49862cff484299e23a8
55:22	159754	7d9a3c206a3074be3a36043765430460b2d0148a12c7bf387db6f174e84e0543
55:23	217098	1bcd0d008af65e1200564dca6b1b400661c3c08dde63c3b3a2641261cb1f3ad2
55:24	206858	fc926314d07f45b440995db8ec8561ce9821abe6b7e0be3dde1003ca18634ccc
55:25	225290	d11869c8e3c16c16266bf7abf6a750f3acf4bf1b3128496498078da406994887
55:26	118794	ba73f3d32b6248beb41d32533e366e10e3b4f23d0c51624fe8aba0ce1dcf7cf4
55:27	184330	864496cd00ea9f68bc67512a876d4ecdafec17b8dfcb7d2aa0463d1b12b96c3f
55:28	194570	d3baf0cae05b6a364d354222d80aeef0f548923053bdb4995303cbc0db0e8c8a
55:29	280586	8da85529266b9c87c8197b63d4f1f76d4ad5d48802cb5ac9dffcecef22ddc430
55:30	204810	0ae84a6d5628bd6587341e99a8be6635af83d453598bbf2407153a8067c398c9
55:31	153610	4bd47c739d91160cc2807c947e2ef3f61d453d069232d62491850fcf1945c9ce
55:32	206858	52814fd33f53e1cbfa915ff23378e83cfc31aee415c06c2ac800cf83ab6c437d
55:33	702474	4947ca1d07518398fd06dcd217bd61b265f2c1a6d2d27cc5efd0620f4a010f2b
55:34	206858	4f05c29b7cc37c3acba23432c080c1be9a8a27b5aa66d2b8656e480d5cc327c0
55:35	284682	3910e4b68f69f155873c2066559f7ff3bfb6108f76ed5b89e874a9e56774744d
55:36	202762	e2709578121289034659ff432762a6ccbba40d824baf469e253c584e964e781f
55:37	229386	2ff8cfdcd10cb6cf0742e089dac6c34ffa56b9882f53f6c94f89103a76d4067c
55:38	198666	750f093361d53ee627a4a5d7f3fa9410ec28ddec13eb4ba78245ff41ee63e541
55:39	301066	9f24142c8640fd09aa4de94b48d1ce4937fc8f582dfb767e56aecab1d47300ef
55:40	204810	980340333ebcbfdc8b41165b2015de1510e54357cf24e0ea3924e1c775ac1f7c
55:41	249866	cd6447d3f4f0df5ee5a7666a46f393cf5ab67f108ecbdc2cc148e9913052e3a3
55:42	204810	a85f995f0679f4702e24f0828bce2e1137ae8ddb20fab58174a66010a29b8d48
55:43	190474	8f818e99269f3e0814fc2414694fc3360ee9a7734b68455eaeb17461d5bc57d0
55:44	188426	d0a980571794b118d7facf6a0004c398651b677f069551be3f14f1f30a201328
55:45	198666	9a6c62d73e5a7a7e97b57edc39623da8ab13d20325756764816d1c7115d42630
55:46	184330	aae6c5fbafc4472973edb7d03f2277286360fbe0cd42b667a22649f0d92ef241
55:47	204810	fbebc6d0bb3253d780536a0a3709fff7166f9b4d01b2b40a15c3a7cc97af6610
55:48	141322	52509d2c72d16b635ab12071b66fbfb8638934dc0722b7d05459477b3c5df49f
55:49	194570	a9665e4549c4bd916ed114f4645eb35580ac11a25da70565b103906b3032a07e
55:50	133130	589259ab09f114899263599641bfd47f72abdd9414632be144d315f689933fc2
55:51	182282	7b2f550616bc9cfda4079b14e637c773931827f8656278b7aa837914875359b9
55:52	192522	319ff4d5b7f6c2ecb65483e76279d0d2dd84d9c40d9766b046bfe67df603ea5a
55:53	194570	b7d2e6ee21375731a7bedc025a561a75156292bd1705004ca3f533128da9cdef
55:54	329738	02dceb379b6fc4d4779ed062fc12f6307cb4b23d357d7e0f516a6559eb4f4f9f
55:55	192522	3dd3f703d7de39966552beda846930d4fbba6185dfac3dd0cbe5a92c8175bf7c
55:56	475146	20c5ce74d121ddea5499863e67075fe8252fb9fae6667a321567a4a4c6ea9568
55:57	190474	84a7b2907d924ebfebcb83a4b8eeee735299637574809d027fa9897a656c6e3d
55:58	184330	21b4b866555278fa5ac1932323447d54f5f0b3ecac1d91a2750dbe6e694d61ad
55:59	213002	f551a84df816eb47f780e43493539e806110783d0a2946447c568a1f8802b04a
55:60	169994	9e8dde91e0533ca29bce4ba2cf0bb079a438af472d75b6fc32779f1aae70e324
55:61	182282	a443cc7b6205316247a476354b19bd0ee6cecb864fb209ca21b9f5aa8cb6939d
55:62	143370	6a8f011ade743b4e0fbe849f027ddeade482fd722bc4b5d1a36f2dea6bc958eb
55:63	169994	11e845e544572a795d0c27a4a530a6aadb17043bc3c05657cc8175a447161654
55:64	137226	ebcf09870df141d516d4c567a99d3cfb75665ade9072e5dc74f911c34d9eeead
55:65	188426	d4cd8bb55c2f9fe9b052b26937f9462754310cd6a24f422e598496807296966f
55:66	141322	15ab4b3c4860f0eedd63e5ab9b519553e68a43d6fc2a697c41f30d163c925380
55:67	176138	be0e2436e92a18c4c80e660a7a8f8bc2f560975624782238ed3e57b5cac4c525
55:68	194570	521256bcb7e37462c5ff12e1dd8871f2b28402ee61c659916e3fbdf009723775
55:69	172042	8554126b8d5e082acc55b027cc4dc84690dcc59dfe976a510f59f601843a1f98
55:70	147466	9669c9fee330e657ed7a57e29c96fffed57e719f71043da4e681d1e8bc1b26eb
55:71	178186	fffa454a9e24fd2586cf25bb10553349810279fc92673772c7c69697c747cfd0
55:72	163850	4d0d8379328bbc17b880662a84be5a824a55c1df532c210252278a5d43a01d6e
55:73	169994	eb4d9f1efeb403ee219a46c6410e390009c5ca3256b4de999118e10d849150e7
55:74	245770	d3062f3659ce2f7568f2b2000b4eee3420d37436cc74bf5d3693d23d2e51c3f6
55:75	178186	f1d6d66c90da59dfacd2143a6af081545587fb9f3e33961e841f258370ef99ed
55:76	198666	9e69661ae321b82a275ce68f1d0ba82b76a01243042e0fc676500700d44dfbc4
55:77	169994	e1c1405b9b3fb4da6e224bbb1ce4963fc25d4b3d82348d6de18a08364500a03e
55:78	174090	f0fc81df714ff13166873b23ae69f0a74208a782d12f88265e610b434103cf97
56:1	110602	e123a13e62383005b393a6f6abe91198ffa5a3332d529b62b82cf65f7f47c269
56:2	129034	997b893219a9aef5e69b25ece49359fda4468f4ab0b95934fd452d8d16a47903
56:3	108554	605c59ba4d724309305db8f5010df3d1ce04e84c0fa0c01fc39c71e47a5509af
56:4	112650	a8c5feb814b768e8cc2cbf1c150c57e0758f3952d896e682c910c4bafaf83b77
56:5	122890	827156bef985db30ee144e0c954b432a61b862539c403c10ed0c021f9acc761d
56:6	176138	387bc135b4079bdd908d3733eecc0e6402a3f81216f86daaf3dbc019f4300329
56:7	163850	35c9bf6d47c29986860205f048b9e61a3ae6631871fcdd0c2b5f536422d63398
56:8	196618	78ea0dbd170afa6261c9c0109d948d1ba75a238895c002674d4310b3728212d5
56:9	182282	22a24e5d2a8b448265afd70ae60a8c28b5517933eb47f60802a7402e0ccfcb74
56:10	129034	5a4bf022a79c923bf218dfd2e0a07cf28040fc7aa23101736c62785e7c28145f
56:11	122890	a2c53434b67fec4c2c89afeb11f6cbb46c381d756ce90a7a84e9e80c4fe80e25
56:12	114698	d91f3547c4a40d42299928e3ce7815c5d65f204656770649920422fccdbd3cfb
56:13	124938	de67af58f88fea49ae79b070339cab8b9fdd6eb502cd5ee093c544ae316e03ed
56:14	133130	330cac450442874c3d62838fd606845a4a98c6d127013f88948809e42b5001fe
56:15	129034	e3fa2899a05c8d88f23df0525a3ac9042256e00341ecf534ddafe8606ce3950d
56:16	143370	605cdac5ed8a5ba62d9b6e7c10897f071d09649ff17088963ec9b0e9c91865e2
56:17	174090	e0e5304e251241508da18bfc884f6ea950fb4d8f181f43c1119f7966375fd430
56:18	194570	92a7e1937665c967ac236d3807472318c14350ce2e1088cbaded851fdd2d1d39
56:19	174090	0917acf6a63bcf5d5e2b5c5411f927ea7e88706240477e40f4a78e6d6bb4e98f
56:20	169994	7891c47ffa3e0ae7665b3011024d56d8514c97bdfdd0353a4b5341d2d91f7db4
56:21	151562	67f9875f946f8d8f7a36581383df69ac1ac33aac97ddd2463fdd10d2e2a3d397
56:22	90122	0282f5f9307b605b3f669053b2f44bcf70762abd3f9d06c041db0a071ca2c062
56:23	137226	1feccb060a472f04953b10c8765da95ed2483849acb210bdc5e9bba9bd8d552c
56:24	174090	e202a263b7a9f487a5b150565270e6dbf8dc3b62d24cef79086a02e94fb056d3
56:25	180234	f6517e58be1b5f5262494d0cbffb231045d9805aed0430df991b330308dbd433
56:26	161802	8be58ec57d05cb220ded8f59f216094e7415ad4686ac33c94aecb631e78e3355
56:27	210954	19194f852550d7341c97ecb76606453b55c12baebc9fe96594ae58fe94562588
56:28	98314	0d76ee574a6072e2d24a775018c2ab5a1916f6363f066014f06375b230efe1c1
56:29	110602	596625d46b44a8bb15e3f450beacc09959c0b0cac17ce702e70efce977164751
56:30	86026	3718b5d737efe9b5e975b50dba8f1e162c9dd101d8e6d528449299e35573e549
56:31	122890	86e99aa7657426561ba7d8a29e466bdc343004bf4a78f8438ee29e8f73fc14bb
56:32	110602	a61c20b75d3ed48a48cfbb779a2b188fa4c5d7cf601d90bfc8110d5f43ad0cb8
56:33	147466	c0faeb4019550b469f0829e7e2931674e193a9a3fb3bd837b7aee810d407090d
56:34	102410	87ce959bf785616c2f59c97efcf15e45493e8febb8c0732931a6dcc097eb964b
56:35	206858	b15606edf41bd9ee954ba3583ca8c1ddc5aa92ebdfb849d8e94483f3e68fb9de
56:36	139274	f16ffe138df527c4686f8407cacb33d8a7fa6a7c76e451d2d81427cad6839786
56:37	86026	dd9e781eecba12684fcc2d0f80901b7e11438b259fbf3e785e543ac047f434f2
56:38	94218	b50b4af73989cb0672e3a34faa103eb238275f4ed5c6edb5d73c0c89c8d37c64
56:39	112650	15535cff7b8cb524c4400f1eeb2af9b92ce5c1775b828f1fcf1f5d1ff339da42
56:40	120842	f6728dee253bcaf1d30f35c362d6d9a270c53634ad786f945136de3e71a01401
56:41	167946	1b156821429f424095df4012d226d55e7e8bf0eedb86f52c41db356a99c87f45
56:42	100362	50abf072207a2aa007f3804541ab3d9bd2738ec0b71ac0b2c8b2d903972447dd
56:43	104458	0817bf0453cc4b1e297b3e01f9a7904b4f3d160d4fbc5f14ba548035866cb126
56:44	122890	87403fd11971567b982d3e8b780d80e81783bfb10e201a4d133f4f1d56b794cd
56:45	155658	0607111fae80946324cce820f9221f409b9711a5f7d1a99ac6348ee3b02652b1
56:46	157706	e782655533e328b95c9df2e478c5584da81cfc0d989616f3c1578f1f077f922b
56:47	313354	d506ffaa85bffc71b5ae6862eb4649aa4956fd17b7cf02d95ccc5997ba2cadd2
56:48	131082	080b168edabd2bdcdad0cdd6ba414bee6da07e131bd936a6fab9418417c47294
56:49	131082	8c8860ff586513692f1702adf5c3d6a610d437f5661fbd927cad621d7e9ecbd1
56:50	157706	051d9176b0511dce806d8e62147a981f0d34201dd4e942d72c1285ecd9a81e72
56:51	243722	50f236d2e16c520bb81648898b8ad673d5b9049e509f11736cf58e7a5c4a635c
56:52	155658	015b1fd10df1c69d6e67418578086bd22d0c28d212202fd961460ec0f71e98e8
56:53	106506	763a89aa98408fb82ce367d9bb7a940551d4f467a2513c28e05c994bed9ee57c
56:54	120842	42e8f6e2e7438eaeec072034dd160fa91df74a7c65926de37c9e6179bd381207
56:55	102410	23250f2851b70bb0d0f189e74ab7b26f7550ee3ce4c467d645b6295997d9d871
56:56	124938	a625d83abe077268ec2d05352cae6282c8c77f14b04829d820e604fb094659d1
56:57	206858	31d885f6bd315c2aea765727caa381df6054507733337b7b033054f6700535e7
56:58	110602	777ce1b49effa50ecef8cc232a2092dbfd84a0cf089acf1d9de50f377a3fa245
56:59	190474	5657f65c775593e01ba5bbb6160378c731466d073e9b2d316d56e71e2dbc0fb7
56:60	206858	2ed5f7aec9a9fd759a629e8e37ac50bf2b461abc914f9bb1049c54d2057380aa
56:61	264202	b3093e5e05817a600f664be5284a39489c60cda990088de9b3c320174bee5764
56:62	243722	2c58be4f91dbd1b36a9efb24abc22867aefb014b895914e7a77b35d90e17ba2b
56:63	124938	9640bd96309b6e4377945c5ab06c3d69c7e91d022fd14455c3c32011bf62628e
56:64	215050	c0dbe97ef546874ca46606c3e7a3be47930639619824c5d5fb8144b24cf996e5
56:65	233482	e7df8019ad869fa7fbe23c2d72ff0878b92637358d95f88dca1541bd9a320a54
56:66	98314	84a331674fdefae95d91d64fb6cf40599c2ae53f1ef91504286ad8600ff1dbcf
56:67	96266	cc961ef7502702531bf8c07d185b208f73b3a3661d32faa181362a3109de47fe
56:68	149514	482ff404c5a6055820e1ced8b90a9acd76efb06a981245f7eac521c97d29394f
56:69	235530	0e262a5c346dedbf862b48ef83796bc4f92177cf85ae435f713e4086c111f68c
56:70	245770	2db9c7a157717a49101895a4b98645c65ea208df77b253b3b0184489fad0bb98
56:71	149514	f6bb1404617579f10210bd65aae7f942f80e4ff19131224c10e241b8bb817c67
56:72	225290	ac475733a55f1e0f2437db1e38ed3e4c4d7377a79e6e5acf4d7afa0b2c49efb6
56:73	190474	563213c60c31dfbecfcfa95267a212a28d5f191b25a3a70cc9ee1692ecdecdf1
56:74	139274	c2d456dae924beec1d9fb6cb1efbec1cd8d23ba4ef6d43d7278efbe1084f9245
56:75	172042	e129dbaf47360f128d03e631fa96ed231fc6be1c10d5cf455a5b3197aed6b1bd
56:76	161802	228fcb83b7ba65aca8cfa8232aa0138a5223c180ac82be8ddab8fd8a59cfaffd
56:77	135178	c933e5fe0806421c2b44755a15c5a7c5b55a2ed11f0cef00b72ec83c4dd8f29e
56:78	116746	50a98ea454e602b1e3ed0237f6d91d4cba5dee590ba32ce8917f7e2039a74906
56:79	153610	60f61d8140aee075c851b5ae536de288fd31a6aca9e9b3c6ee81711b79b6fa30
56:80	161802	0f1431436f462b9e42280aed6ba1c73d4f58ef7d498cda5978cfb3dee03dd226
56:81	161802	8ca2cdfdc4d3ded0d82d05acdbe77a45969eec60f0e3ebea69c5ae38ff025f9c
56:82	176138	2df3f0e7916d1b8c39eb0935b2c0a04c5a0b190fc311ed6465e205db2592c7c0
56:83	141322	7da3696d63166c5cbf4e6f47f09a9f105bc1709b966f92602177fb31abfa8aea
56:84	161802	7aacfa65abb909fabe4897f00e2da6193ccf4fa78dfbf2544ebd708dfd866093
56:85	190474	511fca3b36577244e8142e429771da9055d3a83add0a355b0754220abfdadf2f
56:86	169994	75709272a6ba6a5774f5974b042f5d2613ba8213fbeb7dde8484c08b44daa37c
56:87	184330	fa4358d0b4d186ff82590bbaeb20f7faa47816e1bca683b3a6717922c5762e13
56:88	182282	67124c31e17cf9efdc7dd13596b40e42aad0875501acc639d6b770dcb02e5d7a
56:89	169994	14b8f36539f26057059029f375e8714873427fed169762d6d9a85542e65589ee
56:90	184330	c5fc311ff4c6dbae09c02a830a952ba415a3d5c9e4cea62b2b448910b2d542d7
56:91	149514	3231a529a54f253e307e12ecea97f44a14f836d8e8202c2669d78f75f40d3b11
56:92	262154	dd9bee4c6aab35505b3705c1da75f1998f95bb593b23b336b6845b455701b851
56:93	104458	5946d6dfcf7d3b7ce67e211b3a8114703a6c3b7fd2fe420029ff50c212291028
56:94	75786	982512a8fe5468395b15c22bd48825547f349ea49283da2497c5a28bd895df2f
56:95	155658	87502c74533e1b16e1446b297f2355fa19103a7f2668a88f938ff88cbd40b7a6
56:96	96266	3949675add3e6fc7b2018590976499ddef50783a61ab8e38652dec3ec2e3af27
57:1	198666	cbaf4fbfdcccd8f5697eb73d6d788054fc56fc89197bcd008c2da35f33688f1b
57:2	346122	1fb559b8a0a5c7e7cdfb404c2120c2897aa3fc8677e789604d59f82df0656a7e
57:3	288778	6aced2011958a0374468d87eb91cda17d0565f6f6a8158398553f8026159eba5
57:4	792586	ceb835cc1f3eb1f362711ae0c7949259a87d3e31ac32c55707229cd1fb9e0d71
57:5	272394	6533febc94606b80f23540fc08b43eb72764eaff75666e21332b4bfd02c5a9b3
57:6	284682	df001df82e58e5813ef6f1130f72b842056fe4eb0086bc50bdb43a5fe3962673
57:7	432138	ac6c2df9c2cbd3723e44ea7b7213a3862598a133ff3564aa7cf37655bb77d964
57:8	477194	c97a339a1446c385d974b27e05bc7a217662ec0df263122695882d1698de9577
57:9	471050	552736b27966055df60f5ecf422cee86c5bfe0e92b40680a77961c820f0d8490
57:10	1013770	bc26ad016935f45753f79b27ccf6c69fbadd9e87b9230855372405a7bb75a97a
57:11	317450	a697672216436e3aa581ad8de74e8a5a018cdb09477f1b60049672d50f6598ac
57:12	659466	e346aacb93528f6a1580505d10a6da1146997ac656300904c3d8fd5a8af346b6
57:13	847882	15e273872ddb2b72bfe661fc05026d569d7965d1c80963a98dd51cf457c13a65
57:14	671754	84b681320b062cfd8d529ee1db2b5a21e3838479cd8f32115eaa36ebd2572449
57:15	491530	7ad60c880d194d3375adeb7dd4da638e7e04e373c89dbe9817e7fc88de448245
57:16	743434	65292b5a330866d941196d0b6955d0b0390ff2385682f809a27045f4554f5e0f
57:17	382986	d0391b028a3a0e71a03670c7ca6303621efb40e02f6ed407768621e439b8c9fe
57:18	399370	a708c45062b149c964f491d47540b00ba18c49d1e39785e388480341a572f545
57:19	720906	ad2be47640e1dc007a5f30521679dd8505e6b8debc1b7aafcfd28c2095f390ec
57:20	1275914	4bd596780e62498acfafdfb4fbded81fdabea425da50208036986a06e40ad94a
57:21	813066	d3c6e0192f826b0098ff8c083b5a4f4c93d0b1eeb5b28c84d9953837ffb103ce
57:22	632842	b168c5e44e380699dc657db41221a2be6e6106cceda87f017e7a7c3568e16d22
57:23	442378	315e8ce525430bee6030efd0f1566e518abc2b8863b060260fa94f00aac297f6
57:24	393226	6bb888bf640f9c0a75ae7d48fba75ced599f1319c4e112b143e54a91abf64393
57:25	1132554	f5bfa6c23170e8ea827bd3ff80cdf4f2e5bf7de27f16bb6010311ac1b1fc02a8
57:26	524298	b8866052d006abb632be2c4da3e2aa4c5cc7fce8e9a4ed4769d3f03798f8367a
57:27	1359882	0f9dc1caa60ebb06a068df828d105998509d83e93792d9f0e1211e87080e9605
57:28	725002	010a658e385fc32d1ec0fa054d1229fadec1b482a1fa44a9cd8197ace5621e7f
57:29	657418	2fb5cf6526fc863f10878a78c1ec85fb26f390067773f60975519e2e48cad1f4
58:1	657418	80143b676a990b1f933c683ed5424427617238158ceb2ca96353472bc4b7ab9c
58:2	884746	3e906b84c5044c269577ae985fec16a1c611dc036cfc2f05426d88b9bacd5154
58:3	849930	48b2fba3c00532bd8cc7d0b74a4ffb44eb7e20b39ecc99806d6479608d896ae2
58:4	892938	b7bffe02a5defaf43e53984ad87ddd93568a29b9e2a8e16dfcf8de15ba58d413
58:5	770058	539fe9b512bcc59c54b33e6a20f96184d63cbed83a3777d9fd9a7ebe00487972
58:6	536586	4ce5c5cd703da29d0ea9244916e638caa9b12bcaa9660a0fc2eddb25cd6be229
58:7	1404938	7ace78639dc6578e922733fb39681533047456803760683fc0b09c4b0357a429
58:8	1466378	5ffce8abf3edcc56157951f806ae6992485578d1b3798d5385bce3480c1170f0
58:9	845834	e632758a9bfa2dcc1597ad1469dae53dfafb187f4bdeca68569209cdb9c05022
58:10	751626	5904c1b11061b16ef37ad0f52150195d5c998547018b0b8cb158ddbef042c879
58:11	1171466	b939019f7567f7e20d5ac5222e9366ab3ad38e46deb94a416e561b380caec41c
58:12	808970	e5cbb86c95f7d63c4b07421a8278cbe5484caaf3759eea51ae86317d5c21ad11
58:13	905226	33dde24195afe9cb38ea8ae98819ed77024d29e04e54ca2f9117cfcecfbd2e91
58:14	561162	caaae6b2749f7ef6a2d7abaf6cc2e7175b1f9b7eaf79ea3737584689dd76aab1
58:15	368650	88e709507c5cf18d95ea454324bee432f6ba7c50f3dac08b3ddaa7c0ae86d0f7
58:16	425994	8eae626a53b850b087086553697b5b23767a34c63a343b38c57502d46656045b
58:17	600074	11521aefe1cba46b02c4626194fbd37cdab5bdb92fc50e278141df27a3650f2c
58:18	753674	bfe42fed8fb61f9877b715e64d77d8f5cf816194cc89da3474fb64d34dde4bea
58:19	557066	4349a29ec7e75e83fa4abb38c86f86f0e2175d6751c2782ffccb3b4a6115699a
58:20	299018	4517e39d7c0be2fe276226cc210d107dab52bf42b0389fab172d69c03428d474
58:21	313354	e356a264f37615850a836aad934a20da735605923bdeb913235b1f3d28842070
58:22	1765386	374f0b8e9e73cb2d51e1be95836c333ed4ef0ad46e7f60d2f82f7f27d876ea3e
59:1	272394	f278ff648b1ca716d62933ee23ecd789173d65bcdd5c690166f6ae79d9565755
59:2	1273866	dfa65e761ca8090ba55be79a308f5485028e3856a445e8179c601a0aad4de9a1
59:3	413706	a3303252701efd8c9af0d96dbc5bc01875ab740679675ba16a537d4581c23e6f
59:4	483338	8ab4e9786e26b822fbd413ace754e50c2e86dbd5ac813134fb43e9dd1417242c
59:5	448522	e372d3667fa0634f975a7b8d5fe0f05e6d58dbe0cc25fbfe7484ca4488cbd355
59:6	880650	698cdee7b261c0cb3a2397ce2e7098800d62c8c89f22aa60ae9096f9d33d8129
59:7	1327114	14529d5fa98dbf7463fd174692071f5c646fb8ee30ff467340faf3a4d1c4e11e
59:8	755722	1fa65946e138dae17c700953c068cd57fd766a07aab4c3acec93cdd164d8c653
59:9	1060874	18c41c9fea0904d7aa90ff3ab3fdaec8dc80f1eb80c8c53d02fe9a8e61173541
59:10	802826	43478b8cddd763f12248ea1efc3167974b6960d234dd8c444b1a738ce3a9cc1f
59:11	899082	376a9c4c7555cff939cfaf2624937502eed56e7cf40eef49adc7cbd1f79c71ab
59:12	577546	af543a5c87fc458c307224f37e36a9edd2182cab690ae0af198d60081b79a7e8
59:13	393226	72204eb408ca37228a6c831845744b6e947a996d929b91ccb9ea645b2de13c74
59:14	788490	a234dcb5a1fd408c9cfeda6958787a9f3988b3ff7e511ebb76722e2fbd741e4e
59:15	350218	bed42666867e79a3e8b04ad1cc2cf093c93259680635baa1a37da3361d973a56
59:16	577546	d31b75bad4738d9ab9822c4d58927fe5babce06019b1487b39466937359519a4
59:17	413706	03d1d084aa71d8d3278cc38e77527474902acd1546c034cedea58453003a453c
59:18	569354	8ae6e0bed71f35c2e4d91b3a90b591f4f008f4627c1d44d051f8e47ac97c9947
59:19	387082	f34141bfb295331e87d8a0f5e2ed29979e77d08e2895e2442cf6a07d6b145d28
59:20	397322	dd3cf44f6c508555b6febd2df63b3e5a88671751a2992564a943b9eeb4a7178a
59:21	598026	96aa903d7672d89ad15d4a6876682408a26bf7f8a37152c6453582cac775767b
59:22	454666	2a88ec6ca9463bb624bac4872b0beaa18fc7eb36a03112874715f20f191d88d4
59:23	630794	65a7a826a4510a51eee066b85eb18ec1c0ccbfd99fb0b4ea31f7d116e5753c60
59:24	563210	cf40511dcee66ffde9d0e4b2e43429b9b1643a51558e5ee4eb67f293945b0ecb
60:1	1673226	d5cb398203317f5322408489042fd4c92a9e1b7a2787fccf94f09b95ac60f557
60:2	546826	6ed0124e0ee272b729cd499fbe2e4a2fc6474862b42d5fef2a29bca26bc14047
60:3	454666	2d730630ca54dba1cfefc4344a7af0f9159ddb6401744c8b433b9c22ab79ec0e
60:4	1798154	0770b2eb0b11cff2d447959cc36e4de95fb654f44e1048c7d701ea4489d4a4dd
60:5	395274	9862744b8178f8630577f3f36f38da1276a29ce966fec9eba74bd5808876380b
60:6	481290	d4e533f7382f6e1e872516490eb3e17bf5594775715ee4e0ab84a2b88d602f44
60:7	423946	31b9db15074e501c689df93c7e38da6270145b5723550c9ef4f722565cb14a32
60:8	686090	fb676b8ddda37fc76ed3d79cd875354f76dff933d1e01c86614f2c955ba971cb
60:9	727050	93c1b0ed06daef883a7dcbf42d5ad416807742591ebeeffd331d1e6aed58885d
60:10	1970186	d393d05783be5e6f1aa517b22919c00b1b8746fb4f1bc179179772b830cf1543
60:11	681994	f2026d840ee2979a65da1fa1f72289b4e71802355ad5c59f472b01c2c70a0019
60:12	1433610	365ecfb9e7dc6ab35230470f884ee8fb4ba4bbdbe527ab80185ae2437a3632d6
60:13	489482	90e069a9037e3115acb01ccce21ec624b81034365ddf615f233746f90cfbab99
61:1	274442	902732a8a6632d0c0cdce9d3b0640b7cfa197aa6ceee6813f38a95f460ce838a
61:2	245770	599a888694c34eaacd4e4c3c688a046e03d86bdfc898573175d14bb5ec1990d2
61:3	219146	3a4fc081d4c50f71c6dfb670ac3409c6b4f23bd4a4fba8bef53c01a8a8ff237a
61:4	423946	6c5b3e20ed583cb2627f25b7f81a17069173af64c9deacb82fadfbd0b10f9112
61:5	641034	5edbe31f426a6fc4e01a24304d0806e1e2c46407848b4d2e11460db0297c892b
61:6	919562	4a983a4b9b5bfcc6d5aa55038e8819a4a29040bdf5fd28a2d8b4409521208630
61:7	436234	7662133e033e55ffe12b124ca7cdad94e6d148ac1ccd73a02c61b171b1e82653
61:8	329738	3b7bbaf9a5804adda52deae5e03fff11f0419fff58699b27c622620b2d59567f
61:9	489482	7075606b4bb3dd68db196021ae6c79ad09c4a4b2f9160704b8fe0a4d1de17cb0
61:10	331786	eb7fe7635e5e0534855f8d318071a7a0ffa7ff8fd8afdfb0d4a6b8f0cf498796
61:11	495626	a625ab91aaecb141d3f11c0186e959cc0421c0f59f719e44bf832e10a570d5b3
61:12	587786	82c303445a4edd9ccb5e3898f3090d21751aa37364b6bd1ee306f6f112091082
61:13	368650	839c12f0229fc83a33e174584fef733290eae016b49042fb2e628a2efe211ce3
61:14	1243146	180ba5a682634ef57880f03c0251524a24a21da01600522c6fa5aef314903585
62:1	258058	c37ae267727085d741a914969cee22aa416270e414cb326c0d85cd9cf430b315
62:2	632842	b93289a87b80412309d9e0fb9bdcc3dc340613a958024b15facec5a7773bac0c
62:3	296970	03cb5283af0d5229d79a04df937d4ca91a0db0b3f4082fe98cf7ab6671527843
62:4	292874	bf149aa95c77f319d844ea78719ba4ee77cb2c094be853351d91795027e7cbae
62:5	651274	54a63e6b51e3cf77f7203953118415831a7b1840536144cb5b6f04bb4010ecff
62:6	565258	bbed8aa6c2dcf28fa6685cd6d2cd43f1f71a04c72e9493d9c4ae86624d99939f
62:7	313354	adcb7a8b9b83d9f80f7b4c0aa66d34ac2019d1b723759b3dde3e8fa1910e3275
62:8	446474	fd8e5945f9e06f290786ad2e4ee694edfd81ed3b4442863cbb6a3de204334882
62:9	530442	c42f3d2b32a0713d1876bdc546560ead5396e747a797572234455ac5e1a7c2ae
62:10	393226	90d1a0f7e6bf33c9605941dc5e386d9ad5a3388379938e39f913279c67d424dd
62:11	530442	d017da026b2c8146ebadda452b3e4f3ae41af77e3d3ab0b4bf13690ecef2c5c8
63:1	493578	155c9683e15b4267c84616e8b4daf5d066935be0039067ab85ad8698774d8b86
63:2	423946	261c06008dffb31be1ccfd44def79d490081b99eb8561014f448f720574d695a
63:3	251914	a3f83757dd6a19da40de06388ab7002e7886ee25e5ee5ef88af406cfff4a93ab
63:4	880650	1a1bf2a94a1cfd67e9c99bc81af9974f471f371a8bb62afbe767e516263fd3aa
63:5	485386	fb3de134be9c91ace48fb222fdd6e19613b35586a59ba34072e29e5ca4911ae7
63:6	499722	0abb7aa4d8344888f9bb14604ba1c6c2d0529963bf287b1306da0eae6bb822e1
63:7	626698	e93b7cdaeb7afc1e91913ffc5f25a0c7b04a2a6f0bdd978767604384738f3935
63:8	632842	5bdd90438b436d637fa60f6ee13a9da84a61b231b5b8ba18c671fae7be42d94d
63:9	571402	d0eced6cea13b44d10141ea2e4ac73ea3095cfc96a1adeb601d53e8989022336
63:10	688138	d0c432b7477f402034657ca5d922ac5c256903a2b0bb4076aee182f0f56b354a
63:11	348170	a1bcd327a3d923d1b718e4303cfe24241f16c0988623a6fa2d5961b7d18832a8
64:1	415754	51c9f9c49e7bdce18e30ccc6c7c5e6a68c4ff391dd0f61dc6766807acd44c987
64:2	344074	9bea9e5965dff6cef647634ce68fa118772984ae3ed05619ca13798eff54cb06
64:3	319498	65dc59971cdb51b688e18fe413d2be86b31ffebaaf9cb6ce40a597faf7cb175d
64:4	440330	ab485e6b9089030826c0ba0ecf9d7004c020159184120b96d58c4e7271ec40ba
64:5	337930	5cafb2e0199e9fac3c137301adb50e6e093def1b4fc62b23564a3659c49e59ee
64:6	663562	cf9c047fa7ec6bb91b9c56d37e08b60bc7d5bfbd7626b58c66e1cda0ca1bd80e
64:7	579594	36bee657353594fc45025d429f28beb16bc45cb98c8c1c4f323c12b63e43b4ea
64:8	399370	31e6e8eb92998202233844ab3ea232b1d2f2b2589b3468c80cd850be9edc9801
64:9	954378	a6d35d4a8f8313f97a13e277174d8b4632dd8f0248a77f17cfc43d4112e64191
64:10	423946	20f7614d9704216066147c7a297368bf0d5a816c59950b1ea15a0924fa2092fb
64:11	495626	8f3142a5d3db016278a58df2728a3b8850a94ce8575630fe275af2d8bceff8dd
64:12	350218	089fd192277a5f81b33aab3dfce8172235aab1d9dddfaad33a83453c6d2c0523
64:13	307210	253fb8fb8616be00a00fc7d667d8a63074592f3e183d3ad4201aed1538c6d66b
64:14	636938	f7cdb171eb38be4e43f7363a905ae59bdd26aea34d51d794390f9f3a7d6fb11f
64:15	382986	372a9d16b44d0b8407dbe9350667a0d0461f0a4e24e1536e997579495291fcf0
64:16	497674	3c3f41d6e65a908e4ffa40ea3bb2bb7961432455cf3293d71104e2afb7b62f54
64:17	358410	3e78e7baefe03740073ee5272a3beff24e4f29e6bf207644d6ca411f1d61b38f
64:18	133130	98eb7dfe9715ab0108e39663ff4b7ac088455b6f53f5b0915ebfba21a7ff5463
65:1	1599498	0efbb1cc071847887be1f4cc2b7177b9cfdea0a67dda3a42e1cea6bc7a043d3b
65:2	989194	c275ffab2176ad36034b1a7d5303953e9714dab42d3192707e00c6e8f4701670
65:3	604170	30afb37beaf93bf49faa7ce3699ab83caa69674114942fb2207d3c2391163a5e
65:4	991242	6c05571244cc67835ff48f49c6d3de7100dae2995034126c674eeee7a0b12f0a
65:5	475146	9cf9ff0a1c0fc55a0f62640548bb5de7cb90750447edf20e664a2e18d4acf804
65:6	1378314	ea01e5ed7583da32a0da6e791f4d6c5a59dd2f50311a80121f9d0379c430313b
65:7	786442	76f05e077772db8e5db0a6ee03586283c7c63036d5f110e7ecf18782165328e9
65:8	542730	66278ed732d333bd38c83934b12e10869e3622ab3cf3ba2f11eaf44f9366ccd0
65:9	210954	f5238b172760c3b5759dfb603445271068efc3092cc53ad943b20938d02d0623
65:10	505866	c6332b0cc54e6d001fbbefb223daa3a24a4610a05c2a9dc535ab5fff51d3c54d
65:11	1200138	3a4f0452b917c90dee6b7734724fdaea42cf8dac91b7300a4d8eb28856af91dc
65:12	727050	e96082de7485066a7a73433f7991581a1733a8e30081143bfd2434c1bf85dc40
66:1	487434	39357ab3706df5ebd7255fa4428626212bdf6b5d6428d359cd2cb21aad208357
66:2	366602	23ab524f07fd06b5bce2abf015201e27f04433b06a212f4371a36bcda83d1871
66:3	995338	90de36b35a62d132a72dc1dd886e4399da0f008b160f5264287d347a87f3aa7c
66:4	727050	273edc8046905d7c7bfe5d958ffe4dd95d4bbafeb360276eedcfc09c854f8f36
66:5	899082	271e37511eaef863c34c99f09602697739dc5113ea2a248cb2f54444b3776162
66:6	817162	d18efaf139b682041778f051e1276082d2769f6f0ede18f13c71251ead553075
66:7	378890	af95ef88ae28492239a02d891dd3b833a80a4b4e8ed7440cba1738ed32231d85
66:8	1603594	22d397c395a383561f434124388f9a7010424d15ccb6e6870c31c22ff3ba0d8c
66:9	444426	1851b54d1e8dd077b48210e99f4d837bf3cde9df4952e124e439a8f22db2f444
66:10	768010	d617a3aba09bcfa43937226b60a80c6be5e3f703335e33b2c1ce71f53872b7fe
66:11	686090	15e20875b883faa19364a916235b873cf71eb418b2a7ebbfca1037769d11dbb8
66:12	542730	6d4cfabf4bdd7543b91df286b0837a4bca890b18e421e5e922d6f588344dcf47
67:1	213002	96e6c170037b61b45d336c4fdb034605ba0d88bdc78273708b1a163864121aa2
67:2	311306	ad89773b47ff4414e9412c2c9206e768e27b768d22929f864392233066b0155e
67:3	464906	8bed44293ef200ff7e4599c236d50331cf80c1b073dfb81c27699b1ec5bdabe7
67:4	274442	d7eac145620337d844cc53c6e86e362366223fe1232898866b261f33f55d838b
67:5	417802	21d6ea8ccc785149d7586c7b9e26f64c172f0ecba66d90792c8069a4c444d542
67:6	270346	c9f4e8a96a3bee1c311d74e9666357be1921a5cc67d0bc8eb68da74da80056b7
67:7	219146	58be6b3cebc1569d42a9d95ac6e9f31ac8a30508b7a69e3e56e145de22d60c9e
67:8	430090	377a015748b1edfd2c1cd07d23e8fa21775f010ee792b67e5064bdbdf6b42069
67:9	507914	df3db7464260ad5b4fff0c91e7ecdde77b1975e40f8a547355080cdbe60dcd4e
67:10	276490	bf679fb0219509adef258dfda18193d6f51f5ee6dd6c2b5ffd97819866ce28fb
67:11	210954	7f4b89c466f1f8f154e8a1954b6872935159194818c2946d7911c22fd3cadeff
67:12	286730	28c26f9249983b384108da8933ea0c372d6a77bbfa27efaf98dd55f5dde34a66
67:13	335882	671518a4eb59560689bf11912a256ab5aaa07857aea5e7b389607691893613f0
67:14	192522	7893c58a814f56ee214e97b47a2f0d8a7fe94a690882652a961c4060d281d381
67:15	372746	f673eb068db4bee678038b6ab960d23aa4337f22b1da6a6ea69006b05581fa70
67:16	292874	d9f66e5ac28dd8a2464ed2f1ab6b1d057447e696c7a836da2b8308ffc1301de7
67:17	356362	3744de79b822700d7fa350e1748ed383aa34f18c1c106183eadbc25d39fff871
67:18	198666	f6b2178dbd4b2c5426cd4a5decf737a3f3997220c0856a115ec3049ac9cc781b
67:19	530442	2db7e3df2021f1c3ed6d4b73d7cc239b1ec3c56f842984a5912b40c852056012
67:20	382986	86ac372f85e933c42296cbb1b2d10e451b424774240f4d758351e10caf6072dd
67:21	317450	d9eb2f542107b80c7ad25bd384cf00cd85ac620a0692bb4bb1c76a6273f8a1db
67:22	438282	e5e6c53da5882437dc107b4f1e0e3ee9be1192b39d80b7a73a35f10ba173421f
67:23	368650	c6851d5348d812772b40e26e197982e7dabeebe4286e3025a53e5a56364a636d
67:24	194570	1cb6cbcdf4d463316a0af76f63a864b5e4f9212d0d50b2abafdbc2a09c0d04ff
67:25	225290	f05267120d04d2ecd0ec5b83695096062e0e6af3500cb792c533d628626d3567
67:26	239626	6a6f422e41a34273ab0cdb0c0b787acb40b699b133e3f079fa2f0e59a821c6df
67:27	399370	def73bd754a5a53361cd7b143d70e609bca45c7c7388b58d38f313afd104826f
67:28	321546	688e565adde08cb4410837030c6f98304bb704ed01ffb9c127d78f8be7956f8e
67:29	356362	eaedff0b02edc1f9db7c6f3989bc2152001207208b118618ed9d74bceb23ba0f
67:30	262154	7778cfd77d7ef5c1f8db31822f98305dc31509a6ce6493c686defab04a7e4acf
68:1	264202	3f1be9ac4ddeebc4b8aeffc3925e03d8e9ba8f0e071236d616df1ddd6ee95386
68:2	198666	ff612f2e1c3cde75c6ebb67d85952f26dd1e639aa01dbd6e38f238e11dbf6e8d
68:3	188426	7892d6064966ca167fc79f6be6e10005e3588726a02b266490131632cc2f5e0c
68:4	165898	27899eceef3c2868fbbe523925d9bcf843ee5b00ab964274e58a9c0dcd7894b3
68:5	126986	3bb2ebb6a731425ccee4c6d24eeb588a55fa93b25b5a1147a3e63c94efb22c73
68:6	133130	34006813b92957c2b6b5ae93de4bd6add3b36911309a8b2ae4f4de201c170d3e
68:7	276490	b12971c3ce475ea7e10fe4365463692e868b3dbae0c3ce3074dc3e6c734bc100
68:8	133130	256500a201224e10f02ec209925fb7c4ac8845fee02c187024f97704ebc5bd1a
68:9	157706	ea991af9655d488ea0495fee191113819ef417ddae061cfa3f6e8129082add10
68:10	165898	c4fd67b001f4c8d9f8674c6d35fb733d16733ba5a1e4e2a269782bb56caad623
68:11	192522	6564b687f9cee10166173223d598e707a2a8e289e652c2784b6260c917cefa81
68:12	172042	5146313d446f29f5544c2314d85f9fc9704b40c8e7457d642d8770610d7867b7
68:13	155658	a934be4d3d98d1bd3f4f1b680e8cd08791261c9663a0f2ce6615b6f66220e34e
68:14	169994	865eb08d3c47247c294f1bde1a5edde9e523fd163849b6354285e134b1745c55
68:15	247818	ae3de557dba4e0785af3f80e44214a2c352de9bac3e097be38ab793ae731d2f3
68:16	155658	4f6d5c1181b1b96434c67961b7fdffa82daf5011af766f0b1f3ced71e7164670
68:17	378890	9ba191864e693b2f86c5769370c0a1f6762612e8ba7769c7f5c598134948a61f
68:18	110602	5b730741c56fbc4918d639c8d1305acf8f420875ffa93776791c198b935df8a5
68:19	264202	67e3585cee1a9d0713930042adaa05a80ad69ede16c89a035f8ebbcef873f474
68:20	110602	e81f9a6c44b02d3e02919f59c0924a3349bd779f37e9ffdf5ef7091bd6e59794
68:21	129034	6b36c1d4e9258a6b7cd366a7114a0a03f2c1239698b4b4448b8a3e58b05ff416
68:22	231434	c8af8c192671d07a04d8cba2a9d40186bdd6170cae4393e8177dc64127d82fdd
68:23	167946	88280ea05d372876b2185b21e421962dfc8d2e33782400fe7416471b436ebfa5
68:24	213002	f5fdb7f1e9ab49f7c3349384c3da77aecc6c8935c8e2ba067a69cd073871f13b
68:25	163850	10b5ac0d9a7e7de43001532b66ae3249597c44443874335d93ddf42b68ff2d20
68:26	251914	969cebaa6b9d33ad283b57f17797bd76f900d16cc810a0fee2ac41709c599b3a
68:27	137226	7da575bfef5b6a66d89b4b072853843ee1d91f0c02a9f739e28c517683277f98
68:28	215050	ac8643e50dca7de161af390db2235d9afb8c49b91a4f5036e069d2f7fa3141de
68:29	243722	07a0250d91f1e9499a56e389408151dcfbe514e020657b4f0a4d0413f7d08fde
68:30	206858	5ad5398e84838d63a5f2c922becc1f74597bfc0b70f15d7c2184407d52223d6a
68:31	245770	5d26c952c8b109feca46e6521b24b7fe61d4a62df8929365d7d593ecf21eed33
68:32	370698	97f9bb7aec591432a450dafa661b5ff5d9197ef2b636f48ebb60a70338108323
68:33	421898	438efd7a8e5fe50ea373e175b3602fce0aaff3ee019871c9582347d5e786761d
68:34	258058	89243d7d5a512735634d27d9c02ca00554dc77af62f76432fdeee021db7e6f23
68:35	159754	45370353acf9eb3b9801f4210753c0800b45fb1b00ffcae5ca53cea77b2f8cb1
68:36	182282	99afafab5ad909eb463656d873fb8d63bc320e3289dd12ce2c1ca9d88cd330ee
68:37	169994	a066b9b56d30d585bb6d0bc9101829785597bd2cdb26937b2acbdaaff6263dbd
68:38	223242	1e7872e3eab5bd65f443348eb9efd694cce765122ac87ac2b47a3a0fe772c0a4
68:39	339978	32c8adb8e9c709bafb06e195a9d48e8748b0b12c836bc4024f67d1ab32410cd3
68:40	147466	94f508def293015db8bf5a231f182e06a7b33ac40b3720127f4b88f05389c14a
68:41	372746	f914503e25ee31481909c18071c454eeb9afdf5d85a26ba2a37ab0bdff88e58a
68:42	278538	dccbbdb9f885d092c7d74d806a89b0c4f5fd29a2fb8a814be9a6ec8146385f18
68:43	368650	a73f8e493d430a3bbfd75ab28278aeeef5a0c189c90aa7f238088218a1503a38
68:44	339978	d8a38fd3ac4cdfd44d6e6715b8e4c271ef69a8267375761b10f179c22ca093e1
68:45	241674	e19e0bd65c01bd8d77dc9c7b36aba353011a5efb93df389abee77396f9b834db
68:46	231434	35a6f239c848acf5f556568d8a632ff4b545f7fde4a887f238ff6a5d54cceefc
68:47	196618	32db4206199cb64a86fa1915e5fc726ed11ec6640bdacc0bfb22765305e8cc3a
68:48	290826	d9b873e8cf8025e5a58777f30d12793231ea956d5db2cb58bd552455db93b002
68:49	348170	96bf64874ed41ca86f7a743437506343a066f849997ef4c0e58e1c059e5ada8f
68:50	221194	5e9dbde842dba4facab849d4bf59b5f218eec7776e00515de24e8d0f5ba5d45c
68:51	493578	a831e482fbd6a07f53c1b74157b5fa68589aebe80742b03712ab472bbafb5365
68:52	159754	ddbeed60a1f0b7f27fac8273d1c4a775c7797a9e618ae79e97d44035a148f77c
69:1	131082	4ba7cf72a7854e176006c2e2a8c18ff6ed90894c765b6ceaf047114297d2f989
69:2	124938	026f7de74ab70c2cdd510292b29ed8a612a191f7940b3ae8640bb435944f64ad
69:3	196618	d60be242f427b4a254e795c9fbb9cd849eca461348c019ddc34e054e12f72dd0
69:4	159754	7dd4815b19ec687aa5356bb61379b722093de5c3f5d9a92c6a2d648dbc1ddb1c
69:5	184330	a5974c1f58a512bbdabb0f4a3a38153f44d421fb41a18607b0ea86a7095257af
69:6	251914	801560afe4170661db03e97ba5dcb0d50f08d278550416485791f0a6032314e9
69:7	544778	4d5e8b99fbf9f4537ec4f429b9e1895398058c8e6630fa174d486c90b3eae61e
69:8	163850	9a18d5d2bf03853b4fbbf4a7d1b40da64efc6d805f2a17f90e833daceca183f7
69:9	272394	79d2951d598391a2d40fad1ca5e974ba1d67e267c8587197fb0dad3af6570a1e
69:10	233482	609fdc42fc6756ccef6108aa1c9d6a70018b0c669b7ddd5d01bc3242ee45ad6c
69:11	253962	86de9ce31acfcd2d1d1e66e0ab0cf0e78ebe9a80f85f34e873a9cdfa31ec37e2
69:12	253962	e647d83cfd65a42ba493db5f0d8ca6a650c29e18177e5ebe7e56434c31b72882
69:13	174090	ec4208df6a7745a98cfc377abd51e54a4da94bf7987e62f40745217fe129a482
69:14	227338	48bf86b09cd610a9f13b3fb3a65bec1fa05b9edb1163ac4a82a3ee66fd3c7c48
69:15	190474	f15fa79e2260bd000f3588d0145c01bf529d61aaa115d2d9301e9314331bd5b0
69:16	235530	ccc8abf47aed8779520c78fcb083cd958752648c0508c38271d5fc177da8ba07
69:17	372746	193872497dd84873ea4b1ef1632f82b851ce177a04da610afd5fc3c8d7782042
69:18	221194	428084351a31ece1374fa1394f3ce301f00ab851747bd18e59f2e6cd3c791d4f
69:19	331786	5da71963ba4606892434aaa1c9a6c93f7710fc7ef7edf717b8f5d4788c733360
69:20	202762	ee1e76683a612da16941439a57426b52dd613d41f7038a629b80ff96e09ac381
69:21	139274	32b3c1223db20dcc7a05b1529c193819b5b54935d44ec56c0918853aa8ef6d54
69:22	126986	d9f24efea471238c946696c2f5f99027d2ce14f6f6e126b5a64e357a69b7a242
69:23	126986	36912122ff1b9e567fa3b3de657cd3503c44f012ccec37fce80e854d8c2cafc4
69:24	288778	5f05fd579e03170a2006d1aef49c678e7aff2cffff0904d9055b03843117db21
69:25	315402	80b94986c6c914233c2c58221b6207bf805c9c93277668f4163c85584a5fdb5a
69:26	133130	bd6bdd41219fb1930fccd5a59bfb0fca294a4824e9d303d4142637b63e5b5d7d
69:27	141322	8d0d011e85d996b4c7b43dfdfa472f6ded63885e53d4a626e3768cd4b6a7862e
69:28	145418	2ddb290eea9321aa1d7735474c27cb901c5a0ffdd4c282deca6f20928938b2e2
69:29	133130	e03b80bce2c932edb0c93fbd64db514e8065fc8d82d9a59ff4490f91bb1eebeb
69:30	108554	3096d1f5713c78f2adf64761670495af4fd74c1cd69b44d9242fd9752a23f5c3
69:31	126986	58d046aafe53ef3e8058200e3e66e56cdc8e77311d25228ade5e8436077e9ce6
69:32	245770	09bfa94dc64932bb7d12afc6f97553be5493994616f2c1caf247f382f09c4f2c
69:33	169994	f163b0b8686a54f0c07d3d95d449ae9e73a3953324d8aa011227c02b70f135bf
69:34	153610	cf3b3ea2011d559b4e2ade8edc6088430d4696d66a3e77d22ef3a880b67cdfb4
69:35	147466	718ea1e3ba04c7cc3c0efc75efb082d772c716aadfaf183223aef46d28c6fc94
69:36	147466	8e9b3aadf5119394ee6faa060a773d553a0d8ec3407b6240ef66f105b7e3201f
69:37	153610	82bd47f5c6c284ba4f94518427cfcf24b4b834c63573d54a0647c3469dcd15e7
69:38	155658	f95bcc384a3a1a424198080cb9390c3c4424f142f382273fc72ce265de18daac
69:39	104458	42e7f645f49793f22138ed43a4d2cb2763d9903b867c4af6ab661099270d49df
69:40	153610	b386d4ce859c8b6b3566e32a8f0df98e51b3c055ea604b91abca2be7dc4daa6d
69:41	243722	2d4e3c3379fc43f69a526013914c7bb90c3d0b864017a986ce3a4f2d44259664
69:42	256010	02f10273fb98bb4a2013e9e02c86edc986e8eed9b26057e16e0bd2c4a054b320
69:43	163850	2e82970613fdb6c917da5dfcde0cb6aa2e4aeb18e51e0675950895257617cc80
69:44	196618	9662351159127bf11ed1ada300e1a4862d1e5d2d43ca21e849e23917140a0c61
69:45	145418	d41f95a09f5b993ffad1a063093a189d71d0815b92d606a50a9c5f1baa28aacb
69:46	163850	66ea2ffcc13da146a9ab1103c6827aca57dba90686b63d096340815ec09c3e97
69:47	192522	77779ddaa32a1945286cd63c0b0d0c4c7a0b3468af5ac2391bc1f9137419ffe4
69:48	182282	3777aaed37d634f095bfa2a0c80708e2aa30108d5192be3535a20e66cc1413c8
69:49	227338	18a076608b56db3e96cbc464e696b64737f5058f005a3404f5fe7e8d132ef22b
69:50	178186	3e3feb06cb082ed7900edf95a3f01ff9760719d990e40c3613781d0b5a294b7f
69:51	137226	2f02bb03f755a3c4cee24d22573f29480f2618c2f58cc5bf80d697e83161ae33
69:52	143370	9ad03094e847f725251eae70c9affef6a3279915c7cd0e80dad2361758076372
70:1	153610	838432d2d79c405707095c1ca8d2bc46935fbbbce0c72c68f84679be67d0acad
70:2	135178	9e5b35898aa407481574e529b307f3f10848a48f39e7b2cfa1a17ad00bf3b316
70:3	110602	1b0ed9d2f59e96a1c44e37a72d3c2f8a9524a379bcc541fa7d58342f94f1e153
70:4	315402	1c7a816d9185cf7b3f60dbe1fd20ab2852494530f0aa03c354009869817c90fb
70:5	120842	a5cf3f9230279d4f5ed95619e8ebeeaf2a7ab723ff2b11804ea95910c53c823e
70:6	135178	a14ef5e4942995fd38dae9e7cc3a4f8b54a3ca3d974ee354f7fc94780ee14cdd
70:7	94218	a9c41b81a994c018320ebbd6d6bff9e6c38964eb0f521cf9f132fdaa50fcd940
70:8	147466	7337d41a72b6abc3b2b45570befb63789bb4be27a55f62e2a7f2f0a187e2e532
70:9	108554	f96a216dd9527ca227361abc175f50b2415e31e0f09ed30cdfd5d920ad91b9dc
70:10	135178	1b9721578a528a55210a25b38aed42da28ed3f49854ec41adbf4f7435e1bd805
70:11	286730	3c68f0b2b9a773a727296eee6dc9abe6ce5cd9d335d2a94f57455b54b7532f28
70:12	108554	626dc2eb5e7a86eed8a765e161c0c1622fb379e1d945afa34dca82c5bd176c22
70:13	118794	483898c398112f0cda6ae72dd11396edb8e1f0bae95c9942f7ab95b5d3331f1a
70:14	169994	1ce3b8e58b606b1f115ef91b41690f1143a71559964aaeb04302a5f444160521
70:15	145418	43bed4eaeae3fc26f0a95ce914f0e5d5c319dd9983cc616aaaa131743c6e0836
70:16	108554	0dd77454269117506af102c4035be569e700dfaf7f96d21e82ec83e5fa2e233b
70:17	116746	66bff98f7d7b33ef38e5ba88fb27c757bee756b0a3e5ebb3baf47c2816d5e57e
70:18	118794	523f07a46fbd849890fd45d1a797331b008b4a42547cfffac4ebf5b72ddb1f2f
70:19	141322	ea4c2d0046c6c657bf95a0372ee84ecbaec4ff46ecd0333fb1230dd5edf1957e
70:20	120842	3b2e8bf889a3fe26074e7625e50764d3041b2537ea295fc6a4082373552a0609
70:21	129034	a7d5caafebeac25195f4b2c5134be3720ca92e4ce70d5bd99328677b2a34367b
70:22	90122	bc02c9fc338c658e7f61a986807dad4811787143f519d85dd5aa65ac74b0b9ba
70:23	176138	d0b09f1746f5fe8afa3ff735a92ddd37cbf93ad0a0e730b7391244467c3154bc
70:24	192522	2a938f81cb24b89412d0f78d3359ae63f615289a48f5ff47d5a5e3558e7907aa
70:25	133130	8d11e96bd9ac78d94b0fbedc0d4f42266071ac2ee8880058a5eda165756ad1b2
70:26	161802	3255353935081ce98042128edda2ca30aca978677228a4ccd925f204e5364518
70:27	174090	9244e164be55133b46380a75767765af23a81a6cf1f3e14696dae5163b1682dc
70:28	161802	a39d03d32b11a034fedd3bdf483299b29a261d95faae4ac224c62ed535c1a5c1
70:29	159754	410ca7197194998729b193b785bc380ef1a9254477127a472dde6c1311e5058a
70:30	294922	5c8429b4febc0189cc92359236af9ee2ffd0bc05b1ba5bfd71cd5b0e8b83e38d
70:31	239626	0633a6f1151362a7e6a10229e2f50e62cc05490294db2f5185aace4fafb39a09
70:32	196618	8a4c10d2513d66a423a2414875338b43f85e5a2c5dcec9ee10731dedaa27015f
70:33	206858	98fbd45927418b3e1a75cf2bf10c27f8cabc7d86a49eaf718d920f14d887116a
70:34	174090	c92ec77f4ef6035111dd1207a7acee8c06f92da98e1628553557e1ad0e3442f2
70:35	190474	bab8ae8e4d260c05d67e15481074407f358ea386fae3d93b50eeadd21a52664f
70:36	161802	51b8319e798ac7db9d3ef088a508f4490be9df1c5ad40a49b855a181f91218bd
70:37	145418	501bc3eba6c254ec139613b9e966e4b55cfb06176309d4a22299a055a9c7e658
70:38	208906	de2c6641eb8f8e52344d934090c9b4273ee47fb1bbac63ceb18fd66f61495a8d
70:39	229386	971f8fbfa4156233700bc686862bcdce497529bf0aa9d4ee2f9864e6d453ee8b
70:40	249866	ea4bb572ba8d0aaa396bedc0903b8a5cdd64ca2e1c625305b59090b23217c7d7
70:41	229386	090ad2ae1fbdb357c49c8d9bd2bdb27ed1aea3be80c2fb0bc807139467c53c81
70:42	247818	48201fbc7b4154f988bfef8b244c5dce888ae645a8bf9743080e58d1b4d65292
70:43	264202	2f39def3bff51193cdcf1dca0b08d3ba43fc4c95100ed0ff4a4f7dc14c3ec7bf
70:44	327690	fb3beb49abd6ab4ff460ed0316f51ad9df9f3fa0022d9ab25b23b2082718cf72
71:1	466954	bdd06ae061b1c24063e4a6ee1ebdee80f53186f9bdb005550ea3c857341112fe
71:2	180234	21bed17e84690e3d3e5e0b457ed03f8d57f7ad181b916b670e06530eef167b54
71:3	180234	70f66e54e85c2cbb6b07283c62a9ea6cd3b18573fff55016f9bca162bafb9990
71:4	546826	59124d4f03e51ec8c66a0827864cdcf48d58d350cdb5ae7314afed817c666912
71:5	206858	3206601da7c90d566640b0db45defce47284e32d33ffd2b424fb50b370a41c1d
71:6	178186	4fb17dfa3736cac3ebeb2f65abb69d839c5334bebb418cc5d05f0833b2dbffee
71:7	542730	b312ecee4abcecba6f5919827429e27c8df8ed1ed876040682fb2b19a577fee5
71:8	147466	266c77ce553d8c200556fd7670253e15f2bdcfb8759363269003b0d82fb73c21
71:9	237578	081b8d400f79a32ab37340ddaabb249730e37c5dddb6923a1d20f7cf596ce14b
71:10	192522	bf5337d7a18f136a99e3643fc81c779ee9364ee6a26b96d189211781448fe4a2
71:11	167946	cc0dff7847af1c705b2a312819c78391899d18af8e01d4902ec92907afab95d8
71:12	368650	4a415ede2ec38528787f1c2b791499d673d56c5cde6a194a16cf79d319dbb515
71:13	153610	78dc1851a59d39b0362b9b904e3950a5cea2ca4c5a43020fba87d4fea124fa40
71:14	124938	873cbab0f759c63627da348a798120a560e6591d8e30ff98580cafdd9f62ebc1
71:15	215050	dffd240be8339857d03c79db31ff4a078573177bc3815887dace30b9cebcfd42
71:16	221194	c8f8f7dd7b3fb64f4b297555577ef2f67e77b370b0d3e7591a4d51f603119ff7
71:17	188426	2001b4f9282f84a04633f767357f54fdba7195ed764df8c0a5145a4a99160439
71:18	208906	b796bfb2327f2e5a976363d34fc9d0f3f9dd9909bedb2c0bc68d0a664604a6a8
71:19	176138	6e3f4dce5b4b1f96934989ef5ee800a7f5752760e57def3b98292764a796ff90
71:20	202762	14ccd1eb0d4569a571e49196bb37d0a391f567b7970892ebb90f03f8c44c0807
71:21	462858	0d67642256c8e6636eb3d085ed3bc6acc629fb317288ccb0c435a5640d468703
71:22	157706	d3a310983794735e55d7545ae277ecbc524d3e792db1f00afb6ad477c2609ee4
71:23	579594	94bdca7da90ed16952f6ea6ce5ee5a7cddd937ac0890819e3d6a14062a6c6e99
71:24	311306	0cef8590fafe1e1fe91543d27d65e4f0fdedf4dc7338479335d362eda4190ffa
71:25	507914	9b1f2c52079e7de89fa0187884f3f3588f4e3a20017ecca21350a0b340bfb063
71:26	264202	a1bce384fca06b3929c7e704633c9e261fda6cdb81adec603d27fb3be71863a1
71:27	307210	e399259d0dcba6f048416e01c98d34a77ff5faa9d4637723b2f58eba13a10ac9
71:28	483338	ab7ed0036042d70186fd5c6033c16bc9fdff9bcef7da910bbe39dad985020cee
72:1	407562	195e2112feaf55e644e99441d6797a6b0459195769b357fe5c8029fd65369821
72:2	356362	9526b42fdba252eac21fba5f93774f10626e0df07e2a170220ab75ad1bdf5293
72:3	270346	db5448423aa1b62ba42fb88a2874b8ad73d53c278ffb58145674fd51a5bf3ac2
72:4	223242	85f5a923f504640d8564822155fc3a2bd43aeb9a2e333144c1ec3530812d1c20
72:5	299018	bdae7fa23a969b77565cfdb2aa614002de881dfec002d1f8b57d7ca8aae34b70
72:6	409610	bb2b89e12e93810642f566f822c93780eebc63b28244a55f831d07f2608a0e53
72:7	243722	7d9d23effaa3f7442c3a57fe512a9348642dd67264360b12e0e98086e5370176
72:8	296970	38aaa3f93a3093012a2fead7ac8242fdf2939e92ca2c1392e7ca13e0c41fb701
72:9	425994	c1621e0bbb2b03b929ea0c9838bc414e52072eb7c1e49f61521afed8368e942e
72:10	333834	0a3525bf6eb6204da5bcac8bece98e6cc2a781755c17fc86577ddd1210510d9f
72:11	376842	9d12347385ff8463133f04cf186ce5a576fc341a430404234d74edf22d481255
72:12	292874	694040e3c71e6a9e5704eb775ab3fbd7f15085adec4929d3eb55818db3030068
72:13	438282	abf81aa9d009c68f1be1a4cab7fcb2d07b6eeeb0792c694397536a83641ddc80
72:14	385034	f77f20454d51f2f2c52fe9da36375700e04e2d07fecff2131c5689769d6961f2
72:15	196618	19f7aaaab4b8915a1cdd72c20957928677cb419712b440f9fb9b4c4ce97c467c
72:16	256010	b79ba650e76f21f570a76426dfa0a706b0f8b21e1adb20356740b4c2f037e01c
72:17	321546	5f1f1922df33a614a632bb3838fcc7a62bcd3ff2474b4f1815320a07a960052e
72:18	221194	4ab91bf5c2a93b586cedc4362d383b8f6247fd282711ab7541a2c86c10c8ca3d
72:19	272394	bbbd4fb5851507ca006651b31940e232ca7a5d201c37d8c1ed73622a589393d4
72:20	245770	9e92a6c6faa5f062bc5e86025acffd79c25560fec469aa13eaa0667a75704138
72:21	221194	4ffefe04767af9148e2c6350ea81adbfbf5d9805864f05f24340aa75e3effb9a
72:22	284682	1af9f411b918fe95fbe8d8fa161dd1b821486df7a7c5a4aa73737dd45068d632
72:23	528394	01d08a4a10b4032c1149b0ab900e28f5f85cad1035dac4c85e692a6d63af26f8
72:24	329738	0d8ef22919a234bfacd04f9086cd803126c4da64adbcc0dfbb668f17d1560a89
72:25	313354	b5ec4dbc794c58d299e4b525cee5ffe5608d98b3b25a7894c24229dfb5d89426
72:26	223242	00651462b8eb8afd749890ec62da41e71e3d54fae86a0b0dff16e70add7dcc3b
72:27	339978	3a8c1c3df91a907af0e5c048ee1d490313bdb4c977b1bd964734ba98adcbd580
72:28	315402	7ab12bc798d81c32e06699aa6144a4bfe403bc2eb5d974eba89bb145b9367fce
73:1	124938	6f8c0635ce32beb72ba4d31c38c8ea0eaf066edf33c7ffb8cc7696f11ba29b7f
73:2	124938	45ff5fdc45ad0b68aaaceb3b19215c97d281f6bfa399a0cd4389d37a199531b6
73:3	163850	83edc474ef0d1706cb7251855e32f34893706d183893f5458866a31ec9090139
73:4	161802	1a9517efdd384658a0816a3d3ac64659bc9ca8f4c7990bd62fc25ff06eabecdc
73:5	167946	783a2893fa7f039e14c1118e487204305f5bc437b7abd4c13fc67e88d5833c1d
73:6	223242	94376f7eee150d98a572609e1ef0bcd07ce6137b517b7b21f72dd3e73515e05a
73:7	167946	1801c34fb8bd50408a0fdfa62c2686175dc46dc2946b9df2ee90aad575aba252
73:8	176138	2f32d0c69574b18cb495007fe3832acd3037a92772fc0c9666dcad7bf78e103b
73:9	266250	a50bbbbcf05a43e0893c00fb49da8a0fb00bdf2a2a63a5b2b8440c54d41dbbd9
73:10	227338	63dcc571fdfe3e8ecf996eb8f2062e67d4eb2120bdda0010f0c631fd68af63aa
73:11	239626	d489e49af51e4237f1b9ea0c2e3f09a2cad7707522ff9d5ed08606ecc4717f7f
73:12	198666	f317176b76350bfcaa578ebb59c337c75438f9bb421d42488faaf7709f8f7e6b
73:13	206858	bacc7ef2bce63a08f85af30659bc044a804fed049dd3ed1cdc677598e1e30341
73:14	262154	06a5103198993c23627ea06e33d71fe9fc9de809cf50dd337fcd39c28edf1c73
73:15	499722	d42c1bf0cc2df488c2f9900de13250cdb3b3180903953ea5d7b24ea7db6864c8
73:16	221194	6476b3efc06cbf5dfa61f81193ebef09d55933c0a150edeea72eb313f3e4d870
73:17	258058	334bd395b0e2a995d45c1059f57ca35cf58e3d8fbedef2346ddba3168ec67635
73:18	262154	cfb3b87b29a2ddb51608df27ec69a1a5935d215521dceaf8f96fc105da053bc7
73:19	329738	08a4c8a40e346969dd7717de1c80bcb0b0b78bece2ceb2b44d34945a4e94efcb
73:20	2564106	4e2f8f70e8fd911643c6d01a1ac8d9719c75877fad6608ff5ae971e9ac7d9827
74:1	141322	b001d6390f52d9536d799b50f6f304ad476baf5911fda288f7be6e2a84394d3c
74:2	104458	66ed3f1918edd70f2648b576174e1185885380e6f8df8a2435a284e4b9bf1334
74:3	98314	fc609e0a9ac74bbd886c444114cdbc33cfeac15626cbc31ca83875b80d73f2f2
74:4	106506	e535c03a3c798802188e9e04b9a961ea8676c10bd27d420b7fe7f12f8c8f4a57
74:5	110602	d27d781f15fe62b8ef1a80cc858888caeaea90828290c2f4841ec8b93e1adef0
74:6	135178	2a8dd7e055372c0519e7fc1d28336a0e3bcb702043a8fb665fc564717786d318
74:7	126986	0f055605df6bd686cb17c64dd94f21ab3accbfb16eee4d02a01fcf2a8ffeddd3
74:8	141322	9e6d733eacad0ea3f6146fd29586f0f9dab839d555568fe68373dcfb21ddc87f
74:9	174090	33a93a907e3f26435c396bb8a000da16aad6b3649dbd79cdc9b5a10c219d44af
74:10	167946	5d239f89424fa399e7bbe1bfa3b028b8696bd2d6f06e3bc482fb99434c3513a6
74:11	151562	deaacf295fd964e8953627f105c5384136002222ba31d83390cc7c7b88081ee3
74:12	157706	6a65d8e3e30d042f24cdc931ecbb85b12c8fa2bb0977d0f138a3e4dcf81e7916
74:13	110602	703a1f0d31a67894eb6f4326fe932f5f40ba16c7bebcf0af147fddcaf63f9be3
74:14	143370	d9dda11d4c4136da33368b69abf1f453869b4fcffc531b68efbae50a8c476e8d
74:15	112650	5c36ec7ec9f59ec84fc3571f03dbef2f911565acf15d9635301c114314fb9034
74:16	231434	e8671ad4a9df382f48fc702a6f16187db3e4454c4223c398b7d6bb0eba92dff3
74:17	118794	2c31f40ab4489671c34d013e38ecf108b6c337004b9dfc84149c1477b5ecfe09
74:18	143370	989b2f190182600c49f2ce128eb07179ced0dd05d0a61706491b57ed0d57e7e3
74:19	139274	58458f54ce32b9fabe38a1ba747b59c4c192075d3b4a23a0cece6e04d558cf73
74:20	163850	df9bfa83a14950bb417c03080da295c4a2673cf6225f96f672754371c8aef526
74:21	75786	5152ea1943a02f656d90fcce52f783302f8db43c6d0639e7d0ae40127573c175
74:22	114698	abfededccf8c719b6c4d1c0899268ce2a1ce90f0347da27070c3c3468a4f765a
74:23	135178	c1226ec8387600523db162319fdd2ea1a368740231d9478537843469ecad7ba5
74:24	202762	8c8e39435f38009355e5dac5baa079fbac89f245117b8813e7041fadc7c62bf1
74:25	159754	b26147e7e8527442d8e5387781d3a9689a1ea437625d21f370d9d42598fa086c
74:26	96266	e851c150c397b5d5ef171009180ee9924cbb8569a826b587da363e73ee1d343a
74:27	129034	c66b4aae31c2b050f4cec826a3153cc93cabb66fc5ea4176f250e368e3a3e3f6
74:28	106506	ef051c2a0772b0f329c99fe090b857656b5eca51bc5ffcc1f1a162573e7dc1b5
74:29	92170	6c85877e6bb07907510f55e5229cff9ab5c1438c6e90fa137b35a18587aa9903
74:30	98314	2c80f174735ab1f3d21c5c64f90a499bba2aee87b92449644e3b6bae74c99ee4
74:31	2031626	a9718ab92b84a5cd942eafa557b1d22d137c53a1331a844c2a1b346af471a19d
74:32	100362	40693090400305bb69924d464baf4b57024f8f4bb1af8c7a6fed56e969dec417
74:33	98314	84a2313b517112d9f436cc5439280608fcd2b3a361b323dbbd532c03708ab708
74:34	135178	c7dd1dbcd23ecc4b4415bf25a4751c0ef5fd716462056042a28d0d60765d9781
74:35	110602	a063c078033cfe2b8ee81ccf1b7075dc7c0d91e4d33e1edc3d08553102e33f49
74:36	90122	10091f29ef0f9a5d7bb5612b6e1e4620d391bca4a89cbc16511ac5d48395e20d
74:37	215050	1930074c2915a06657d430f3da9b15e4069e8e834012da954fbdf9d80e7b6a67
74:38	149514	0236cba1499a97203e34f48396f00094c996a4c3b855b6d4669f42a966e69716
74:39	133130	acab4f9632da9a0744fba853f1098f362ee84a86b037c5f675ed833719b067b3
74:40	165898	53feddb0267bc11019d52da87f01812cd86ebd152efa3fda6a72f098df824979
74:41	110602	4c4c31c107394aa11ed69c27b8436018c9f0d4e435a91a93dda36e0a7d0e40a1
74:42	110602	e016243bd76c475194033419ed50d665bc2a28bed64708786f2bbcd923f5c66d
74:43	131082	15b1a3e2a949fda6e580bde7a6c36d7631fa5b33b6abca64c4865d12d39963d0
74:44	153610	7bed9f013b4557a8bbdd5c402702b88c1934d762cb95d9e2da8a09a2c6cf5caf
74:45	155658	9504765b3e3fdb0e95001d4abf5c0579a614f14927f33946fbc3fe788b583d8d
74:46	141322	15854692d40dbb4096d6311c32d09d5723fbd16a71b85b7695a348d45540cd0f
74:47	122890	ed84c0d1c4e1dd7061e97067867f67093837c222c144bffc2f5a8b6ae76b1c73
74:48	159754	ee3592bbbb576005378f909737f703a9c3bdf160bcaa8c9296c81573c731c2f6
74:49	135178	3a455a6fef67a2b04821fc030dcc4253c28e6cf2407aac651a7bffd0ced382b3
74:50	149514	c0317fd2ac9b72e917b4615a05072108a60a2e68547a03aabf1b1b570cf9a028
74:51	124938	0d9c74e573216c34d83d962c9a1f053568dbb784c67573e96784f7534b2e19cd
74:52	217098	9df4ca21b635852682710c8e7852fbefcaaadbd69439adf734d2205ce7294cff
74:53	188426	727a39eb2ced13335bd69285d9e5c4dade6f793ccc7e6a1e4e9fead72412e470
74:54	122890	55254dc2c90938b7d5a55501d17b1b309970dede1b790c0d3c17f3be31a1b643
74:55	106506	88c239b1ba7011dc2dbf809d5a667e8bcc2fea7ffee2880e1aadd1653b77a553
74:56	342026	47b25f00aeb69292c1fa14f1888e293ebd299c65cf5b6a0f8e5bb6aaee9f9f8c
75:1	147466	c5e79fd343ac91b0c3be58873e991b20d033edace88776f78599ec1a5ab2a449
75:2	167946	617f8567aa3a663f580b382fb92ec9257fe7c5e8a6d505ba284385c88153f196
75:3	198666	3262464775c993e3259049b81f19158905d88141772a0b276d07266507433898
75:4	198666	89e62e86d47962e4df327c9a0ab7fc5d6f5dac547bf51c2c0c548c1ec3f5909c
75:5	174090	31d55bb88d56775c4313571d531352809dde59867b231991f0c919de16fd1c1d
75:6	149514	80db132ea2e65960cb0a375b8a330ee05c50e8fa0c030a2d0511a2e5e82edbf0
75:7	104458	f9a5a7cf9a316c929b8c0deb1a541623d6ac09faa4447ebbafe3facf0fb7e8b7
75:8	75786	6322b0a447b6c17fc48d7ed30352493c764dae069abf3d0b6c062c88af67db87
75:9	114698	b16a2054b5da75d5a5c55eea46f7472c0339f5ecefad1b8317fe3c9220dea549
75:10	223242	06f92c91bdfd18ae83475ed58d59939ac9283420aaf521fed249f08cc08cbc50
75:11	92170	07f619acae9e4ba37abf2c3a588ce3b7bcfaace35581b788047bd6e4c8a18c43
75:12	143370	e6e5621428b52ff7026196f456b024a676be8dabd2e67aca3b8ee5de4c669cfa
75:13	200714	b54815392c8451f086c60855437ac970806a491ed9076834768bca6d919a3aaf
75:14	165898	746a8e2eec2774395b1ba2811f5ad036c18bd23073e8c22562defe55b25ee763
75:15	124938	ce8699bce1e48c61317826f5c8c6673900f4884133bdc19b7a0d7af9a4d37661
75:16	167946	a1f791628d0e21e3c01bc9f4d1c7920f8af16a3b0ebf8b9c6348cc2dcec21077
75:17	147466	9c4e0910c12681a652d72c88119293d556ffd69e7bd734352eb01c6490054203
75:18	153610	d636836e0206ac70e0b4d25147944722af24a68c0b3678d88cee4c618209db17
75:19	157706	f54d3adda42b8d51f14ff3f46cb69011666a7d6ffa6554b231a9be6816fb3339
75:20	133130	1c3b9cd51abae3a2df1043c1cacded68bdde54209d1926653c099c890b7f1924
75:21	108554	19e1af49fb1fe6b4b6513cda6caf4336f710ce5f2408dce9a2c337efd683e6ca
75:22	149514	a0dbcbaa2eda0f8386873b665a495d7af88fd5d26883b6fa6936c9e214cc10f2
75:23	110602	0c75d6a012cf942ff8acf16db0a9bdebd071194650ddf1896d8cc601c1e0a2c9
75:24	167946	543d00416704637f1c21127b0bcb3dd91ca8ad00b8feba778ec01fce0837262f
75:25	167946	8ae081ba3baeb86e5e01278b0bbc78bfd9015a1ee5800cd71cd8aae4dec70304
75:26	169994	a16b024649ce3854fdabcb211d44416cf4e54b089826e6d81bd5c27cbaa431d4
75:27	122890	5e4bede5ff2393104358ae13002a8b770157dd8aac1bf9513bd0726f00856899
75:28	131082	b71d90971aaa03932faaca20069bfe8b5b109f9f5e730034702941fa3b1f6d4f
75:29	151562	daa640d752022e3380a0bfcdcb01274fa28a163fae5819cce50c1556adab9162
75:30	151562	b5518329cf2c8b62579a991a372885d277a2f54caf200b27f4c0dbb27ba8242e
75:31	122890	362a4a730275e6c55620a61d87d5c1faf246f60ecc5e364e034636dbe9eeb2c8
75:32	124938	d2afa90bc5bf938198cc8d331826e80432cb2679981526cd3ce7f5ffa6bcde99
75:33	182282	b6beb0ba204ece8f0a4a162758d5b1f25099378f27a524c3a86721571adcbb82
75:34	104458	a5dfc0ce7768364ad3c663b17a8b99d3bf995235689d535dff697d958bfad5ee
75:35	141322	43c68611222983f5e244f1f13fab225980fa8e68762beb79be4ad475e1315f5e
75:36	163850	764aede7e95f5ca552bad84d5415e3a9fd0ffb3a2279a6ca499b7dbe9a478193
75:37	167946	84c58f899aafab94df65966b5e39845cebf71030893ffe3a70e5b5261aaafe3e
75:38	165898	6d11e4004be8dad029fcaea9369482ddd108a410b6dd1758126cc34f9e012253
75:39	159754	7a7d7e31d826b25d390ffcef6fb41abf018b9bb3d0c93b28f6ff000ce0bb16a0
75:40	215050	18e85c4cd8de3464c215490f926f37bfd365bc36752d12b9c480ff5b9102d227
76:1	215050	b8e7eb406d1a2bbf1a6b2c36be8cd195851d8923259be8ce2cf51bbafeb0daa1
76:2	286730	c820ec18a5c97bb015376813a7f8bc7893b70c7b4ea649b2e058cacdd084f8d0
76:3	235530	672a86cb97f043721bdff4a07d65fab4674e583462b8c14928acd87aaea4bb96
76:4	241674	c7e48f1d9eb1a494ff1962140d0be130a338c3d2fd481e3617ff450fd427b48f
76:5	221194	ba3c46ad06ca6734afb00079d47235afe6977c6f2c9c87bd4414bd561f9aaa78
76:6	196618	a7d59c80be17d3f768631415f4266a9cea15cfb7fdf27638526995a81c44f56c
76:7	213002	82b5115c986776000e4b1f34360449c77d6a549371534943d0369e62ac172eef
76:8	221194	00b9367945e920b8d1f820d19ff51b2c3934dc2971ab796d7e145b2ea286fd32
76:9	276490	cbc4191f1c7227509ad305af77c47f6a4dbe8dbbcdd4629328e2d6c05e8983db
76:10	204810	57f69f46446f29aea00633aeec38bebc5aa76b22b4f40a306a89429f39c3f0ad
76:11	235530	7c061f4843795d45c5aa6ced5503e79a6fd87340e47dc84fadb4d3f348515d08
76:12	182282	6dc49fdc1e6f78431dc7daf7ef5ea91d54079f81548e5f2bce04e75fca33c3c9
76:13	368650	6ba65b5329937d7a2a76b72ac8f484c0db54734c0f95d3f865d0d03e7d708fbf
76:14	204810	a07d88eb988456a607e1da33eaf9f673e146787e27e296da5566586124882650
76:15	296970	4bd2d68bb8a295fbc3380c41a0faa9e332c2bd167532340293cd896ae31772c5
76:16	192522	d1bfc2e7296d9883a9bf31c4802d7fd2ea5dd1ca307cc0478803d6af0fb2e0de
76:17	200714	71450d78c8dbc064aa4c3a92d6046ee3f0e183f12b89575e4f6e29c7d664223a
76:18	174090	e01ba3f172b32837cc9c442b7ab84010316383a22a13c72eb303eb5a19440c8e
76:19	364554	8ea9ff98b5b05bc91e03e74d9b3034112014f61b1ca95e87db82c3da114ae839
76:20	221194	79f59e10753cea162123b7f09f80d111acde7d6cade5f85198c1e293a8bb8abd
76:21	516106	aceb7f4c7b6ab32946a7b620613b034ab735c1af0c82469178bbc120e5d599fa
76:22	296970	2f9ee08300cf56700a3d4732570827e7108bb6f26c408dedfc1b4282c78a3944
76:23	239626	316dffb4c5eef0a4dddf225ce8bf8af683082a03f69bc97504fe316fad58ba7e
76:24	245770	3b64687521ae49f2764b3efe5a9b8bf831665d4d6d785bf9c5ac478fde9e624e
76:25	174090	a96adc65c6372a96cfe7af5d13a9a87541b4138f697dcc47ba2f111675a44357
76:26	235530	aa7032589c8ff6c58520903d53e64f76b331f48adcd81ff5609323a6852f1cdf
76:27	342026	1870d4f85a5a75ee9fe0be1ccdb5637d402f71a84d6f25052201f3357c758f2c
76:28	374794	30613b92dd93df40f59a8d89d02bd3b284b052e05a4d3a409f0b41deb9bd506b
76:29	327690	3bfd37e5236c5b02c0a35c14af0fe2504fefe5e21b94b6cefcac96a75d245af1
76:30	385034	f259f0715245930f93cbc606e0d94b166cb87ca053fbcd59210b527717cb0077
76:31	333834	8f1d2a27fcfae653d2dd74691454ccc146590901cc97a7db06c16ddf17459d59
77:1	98314	ddbe1c53fcfe6ce70f40769ff25bfe2117cd1984c7b1b48b13dbf1fb0466ad07
77:2	108554	22e346d41f850891c6aa760ffee5061292b69969071f279f8438f1f5f5a9a8dd
77:3	102410	889938b1dc2e4f6231e06f79f359be43ff13888c0565df41b278b5f02ec7692c
77:4	112650	f805480fcbb2386ac586a5fe0b29ba2fd3996e743835c90b08eef869b1150016
77:5	100362	cdb08401ba8014a4c46c558a8b64e7f02549761b190494be9c546a0214b587d6
77:6	135178	06fe4de560e23fb60178b432c2949ac63b3a9214761a02e54c2c7a63b87077aa
77:7	120842	b61e7082b6b77e6d1c7d5444fefa6516641dcaa70612b7135f344474ff9091eb
77:8	104458	4a85033ce99f1bec7994b5b8ec9261cef2f8a768ac0ccdc099578655f6288a62
77:9	118794	ce1ac5af549bdd5f4e3f1a8b68f4e61ce25db0e8ee9e732247ad738c195778c8
77:10	104458	79b628918922a3ac5b0c58547e9720f405b5421f49bcc488216252a85c69919c
77:11	94218	c01135707225b780de67a46fa6e001ff19663985a2fff2fafec65244f085422d
77:12	98314	bc7dcdb322acefc4f6cdd221466b4f6312c885f4e136ab9ea25d878b5fb47925
77:13	94218	d55b5d8d38d5bfce31b13cd81545ce6885cf1f49ea8b4e8709a6b2f1f44a9a4e
77:14	153610	ea257e8e8c9a965699e4f07fbde2e896eb4d0b9a1346f19ce81ad1dadd178bb8
77:15	155658	563c54daad494d4352aaf6b395467ce6c1636719f9ab95e31d7dd1e6d559f712
77:16	118794	175af8ce68bdfb4dc0aff79f50870688551a85be8b7ffa53f6f85eb100534f87
77:17	133130	c605867a92ef122bb764936d3a23e5cd457beeb2933eee17dd8c644013b07a05
77:18	139274	f4a51fd71ef83ccd48e68a4a3d4a52d6d6538a40ec81beea789b74bb65ef7890
77:19	159754	942a8bba3fa306b7038aaa6c0d1620e2130f58787cef257d81d73388e3bde319
77:20	190474	c294d81a568b8fb6d853ad58dc2259621e0664880a00de589ee0495a10fab34d
77:21	165898	68d381bb74d00205ac753d46ddbd44c0d3b7e1df0ba585f6234bdb0620fc13cf
77:22	114698	b72e72f716b26ba56fed71b1b34ad4d2673cbae16b7e161762ebac6cd9b0eee1
77:23	135178	95b5462713da9092c95ec50567c724827f94eccce1552a784a3e132509d98b60
77:24	167946	fca74cc1e4db20c36d696189118891c161a3a458a8f27ae5e2f733b1a28f4685
77:25	126986	602941d74d24f93cf2b2ae614e228dc8c081b5549ec082a5a04e5d3f941844fc
77:26	155658	567fd9e704e1f20cd144e78857d590cfb6283df63bec98dec33b0a08ceab9933
77:27	317450	278924103756a9a347443f22210cdc711cb0c515a9d3530a06a9f562509a2d1b
77:28	200714	6d1c1b5437e6e5b9156b55ec1267df8102d1ea9ff4ac65fa8334b2422e224dd2
77:29	233482	51f8c63bd2ff388dca12d31bfb760fe367c5596f9566334fda59e7fbdfe9124d
77:30	210954	a05676cafd107db87b3870726c7fc267324af879425f5f9ad2c9d94a1dbd3513
77:31	176138	4888bc4ba95e86259ed41aaee7c9d8255cd8051c1c6d5f28de7caceb11be5c7e
77:32	182282	400d0d18dc1c91fa3fbe68e12e5e0304fe86589a594d7bf3d2fe242638d2d5c5
77:33	137226	d192f6e1b6bbe6bcad8632f9235c4abd527fc647d2abe110c2149e9fcd5e41dd
77:34	157706	dc204b690321748623bbeac5f879fea4d19eba97e3d399b4848f6827868c6b1c
77:35	147466	e6e535f0ead04228b9fd6a49f1e01979c8d7d0e9f080d8708f6a8ffb3c09ef37
77:36	151562	596da972c7b0cedbedba65151de23177995688cb2a4951b5c844678c77e556cd
77:37	184330	a235c235e3278a432b64ee772cd0d7e43c8f0f313cbe77481f60f4400e35e371
77:38	241674	ec06ee3644e48496ed2fe7cb0b3bbaed0f2c7cb7ce15b670827be673a9510eef
77:39	165898	70b924fd153a47082024e3395a75f0e13023f4132f1f8f114666743179080b7d
77:40	165898	621179badc611a520121398ebdfd1105b90c6ccb046e285f6895e3dd6025e8f7
77:41	186378	fcd5e9ab8fe401a20bab28d31172f8c72e7b68094cd9d3308a89b41a7133f514
77:42	141322	4cb016d18da6e5c0142a39501b58db3009abd992c6d762dc8385102cce472e0b
77:43	215050	ffd8859b7b1893e0419a0e0907d56ece630c372f631a294b0f17ac05ce47dc3a
77:44	186378	76768fbedc355c9a244398287806bb1aca63f06f295fcec362f39f2906e5d922
77:45	163850	8bf2ad2b41577cafb0a6f2778c221e4ecd144fc4d8bd77c83648ed273a9635d0
77:46	200714	4047677ffbda38dcb873f96cf2900c18d8905948682015fbd68e0080c4d146e3
77:47	155658	8496faa6b312555dc5c98041c0f21bcb5575d034f405165fb7eeeb1e5756a3cc
77:48	163850	82c25830007d8c201f0b5a26a9c4208664b395d8bae841b2b83718b6fcadab76
77:49	161802	72d26371fee9be7d7e63da2f64e076cefb2084f234ddb8c1ec63df5aca88a09b
77:50	143370	0216e4bf003589404f04b74763a7a895b7f9f7c8ac158e7d032df08f6f3a7b69
78:1	145418	48a51ad8951e9d796e88537aff59861de4c9ca32e6093c52219f3933f9cc167e
78:2	131082	922d3c6c1af0d9c2a955a22a1437bab895f40d8154e924b0998761fcb0721b17
78:3	161802	dac9c23e98bbaecf024f3df1e6d3d41333f09a957a7f44ea50da8c945d432f8e
78:4	120842	a3d81fd2bf150d65f73c3868f4719261b48b548f6ba230e9bf8a7d261e352929
78:5	172042	8f1acd147ec04616e319fdc697aa34eab7c652064a323e291a7ada79b286fcf5
78:6	139274	ee3ebbe68c135c363922aa6a5bb5ed4477218f0a3e0fbed51bab4a60c1bce014
78:7	126986	93a029cb0556326ac4d9b0941dfbed88fc027de8e1dcda467f1dbdd444c0ad62
78:8	149514	a98b7010829cbf2124f0a4deb941e909e5801ddfa4c6cf58e7333c92fdc8e756
78:9	149514	bdae5a64f35cf199c9e662cf348089231e4a70a4ef0a01cbe87f63376e18fe6f
78:10	126986	1b995abfca6b1a1ef1afc0cb605c9239cf8371892d24f11399c1357638a1616d
78:11	163850	a2d807e968759dd546842491c15532c8f8cfe907c98372678b409c844c5887cc
78:12	180234	9067415d8b416ff730a3232652c4aa9519d398fe1ed8801f35de198231916f56
78:13	165898	5df6a9ce81a9f4ddde9624411e7e0ab10c2a53e91d5c6996825756f410637856
78:14	241674	3ecf39cc931f049ceaeb5b8edfd8d7dc2ca3aecd873b80c14305081ce36705f2
78:15	149514	d7abc0af2db63390aadeea3911327ff092ce51b9ec4dc8dd63218fd1533c05b3
78:16	135178	03d8342a48efe3c70facd77e61710f23979cb8a1b001e85bb01c28903979f722
78:17	172042	dd09430fd58b5719bfc43e9d3a2737390ae30aa5aeffb2af8ff3671664c7346e
78:18	200714	6d51a3a9adb24d7fa8d963110e7428b8a489dde04e08b3db4b72e86d76386880
78:19	184330	cb2af61d08cfea3cb614851f6db36b804da67780d4ba5b2c38046093edbbb9c5
78:20	186378	e6dee1a6de11e9af9b64ac231f1765ce232d482b3ba5c35fe4f326e40453a549
78:21	172042	3f04251a26c8b4b404312b00297a2192ea3ea9b10c338bf594df356efefc53c9
78:22	137226	fc9ea0cf66c76e42d00c4508f9fcdb6423491b8affb66e435d6971ed0077ff0a
78:23	155658	30c734471ffba77a107a9ec06023512f393345264846555ceba0dd519b0aa6ae
78:24	180234	d05d1e8943e36f18ac827ed8f9230aea9de5a882381206647934df2e702a8b8e
78:25	147466	a6b5e028325d9216d16f085e57bb4c00272e938ecca2d99ee7b602a130dca5c6
78:26	133130	69e8d171fbdc475038fe81d12317526247d054b2e6b978dc0ded728bf0cc5322
78:27	155658	a01892810799e57cc49e31178f0c2931684ce7edfb60acd90706fa0ff1b6c905
78:28	157706	e8aa809e307e219193134fedddc68813929d15d3a0de1cbc167e28710b624280
78:29	169994	de23f83c68ad74b7334a60528ba430b903527541d24ca4be4d6d3829b40183a8
78:30	178186	59cb267551c547cfc647d95ae08c76f11f64e69a27ff4c5308de1ead68546f4a
78:31	141322	30f282161c232e64bc59fa990d9bdeb869eccb3130c451aaf6e1b9f3a41e2e8d
78:32	124938	7c37468b05d84dd84776d698b0b136804d2860f732b637ab29421e49c02164d1
78:33	110602	0010e5108457feefdb0443e693f55373d207dcc045647517de818a62e3fdee76
78:34	149514	bfa376202b9a501fae5009e321b6eee5dcd117b55dfa10bfb5a3839ee4d7f6bf
78:35	182282	35054a1fc93623242ee78ac4456b1218decb8900e06d47ae618ea19f38edd958
78:36	196618	48aa50f058e81380ffd8ec8d0352a51104091acd7e83726059c1b9e020ab6a6c
78:37	296970	f02ea11dc1f8ad172778325a73c3f1765a624d6f3e7e8d0e51d010205d0169f3
78:38	440330	3fbc0295551ac76e1a47ae0480478ff9323706a4a09d540e1ea87ca3929f0a58
78:39	348170	8b337090fb343753c109212159e567f62d1f47dfe983b7110f23cf0ff9930c06
78:40	653322	32c560caa8720c6c072967898909328deac7d3df3aa166059e478978e154f198
79:1	112650	f5d845a94dee83057dbb388d2f69db2e1ad612af299989d35739d2018676ec5a
79:2	108554	f7391dddba390d328c50e167a96a6846292a44577d98062102b335e17ef60a9e
79:3	104458	81fb11a43df8f72c4b660267fb43690c2d9ffa2557aa462652a1b5ee67b381fc
79:4	100362	749a117fc8c6222d2e38f8b72dfa6140e7dd5e868c594b4d5cad00a8065c5ac3
79:5	116746	1e1825d3c3a9812f832fa9ed601e48e3bc99885c7b4a5ae29c44ce000c8570ee
79:6	114698	38b9416df57e7c0d718b785712c9d135c474bafff3f80d258a66debc20fa1411
79:7	106506	674ce85b7bf025145c4bca9aad72c03f588f84651610ab3a5e2aa4d5e84c1dcb
79:8	139274	3749969ca797fcfc26e5fd1270ad28aa5e9cf95d4e056883e05d2aca5eca9fce
79:9	106506	41716c52fd6659de9e6723f4635a7914e673c856bf7aad01b9c76753ff489934
79:10	192522	9e0d099041c1756bf0887c913464a7d703198b2825fd3888d5f683c1ff097b13
79:11	163850	382dfd9ffd91345af6026ac0c3b6ec2bdd155e727d2628ce0215f5786e5b9540
79:12	161802	9774992ef12a92cf81df8808299379107d191e669ed4e3baa170528b5c1b5dd4
79:13	157706	4059797ce552e1ddb2b2e486741a7316b3a26f51e0b5178361a24a98a72f83ce
79:14	133130	44949ee878924abd9547730f56971f800a8ccc6b699b933381f5becf3ed1d953
79:15	124938	5737f8e0683ec85d672bddbf1f198f85fcfde085222c956f38a84bfe5a6e4889
79:16	204810	4fd766f9dd4edbb94886447de5b4da58c86a979679c8ab5ce265e90dabdad9c4
79:17	184330	305e209c7ea9345a0162feb363a5c658f61e6eab860d48ea8b390adbfcf41296
79:18	141322	c1fc81c75ca8790b28c3f1199e24095dce880c5cae749a6beb24e8ff0df154d0
79:19	143370	1f96ee212f56c93af14cbdf0ca8656bd235b9002dd78fc3ba9178e76f4879c8f
79:20	108554	0a37e4e9e79d712f36751d812334f80fb901dda79e360bb151b09b9fac4453a8
79:21	90122	d5f85e2e10e2201d1831e99f641caacc1eb4cad982999f15db327847325a3d11
79:22	110602	b92b79d2833e219d9cd376ed18252878b1a6fb52d5e9e60451616e10b74e3def
79:23	133130	fff1ce0a45fb6f57d5d0e5f7adbebdfdacdf74343b5bfc7ae7cc75e575105f5a
79:24	133130	8ae1c2bc23939f7f632ae90f420515efa4202b1aaf265d12dcb3e889d6de01d2
79:25	204810	3516e0955bbe22ede75470f4aea14875c95234cb9214853ebfe8b4b7f690bfe6
79:26	200714	99c34c64c3b348fa91ccf85d6f616f5967fd1555ddf65b1e2e24e48cc377e109
79:27	296970	8e6741332a4677fbf6e4795b6c7a96ccf84e60b7f6d181cbe67ccdd704455742
79:28	120842	6031c1d0725e8601dcf7e5396e58e05bfb3ddc5b53f0b83db37fb0fa73013499
79:29	169994	c197ba10911af8e6000cb955cf5f6809c913eb65ff8a942d2f32dcf1dd57d7fe
79:30	137226	d3087f3a3cbc2be9adc2d4f3163a063b881b89390fb9ba905892382c3de5705c
79:31	176138	fb3702534691c4982b0679453def7ac3b3667a92eed995fba242b4708ed47821
79:32	108554	19892ecd18eeea8173fb2768d9abc89a667a8941041f2cf8048ca68d96c8bdd5
79:33	159754	9e4eb2167504332b5c9cd8def75f4b70b09194953251e81c5fd55c919c158c66
79:34	215050	e0195f861406f36057cc9a06ce817588a61e7e5d2c87faa6bf2d82260a48b3fe
79:35	161802	8cb45be3ab286f1cff6dc40d5e5f5f147b4bf34139e358d80e2b9012840b5db4
79:36	137226	912c000edf6881e4cc0b9a83a8b250da04f7fd58876977b0f129aaa30bb165d5
79:37	118794	1ae626bffc0889a2b87d0ccfb9f32e6b6a6a366fb83af802d0b321fb7d702ec3
79:38	124938	1b58430b08b6ad2cb351bde38add5208ddcae9fbcfc84d5fb62957b2e63770ea
79:39	153610	80df7d43bdc61a1c0895db79a514b1fd0d0693d3120ccd233fe9e752ca43c23d
79:40	253962	d26c55ecc74031b6aa0b9240904ae759410b86e9ba2a6ca2ebdfda906f5c9836
79:41	139274	6c8cee8bfbba3eef23e9f52ee15f46e7d29783da4c54173c467c51e2ceeb12e7
79:42	169994	5386085763c8f4b296713eaa53422f0c25d381d31277a16730593d31f1b7d51b
79:43	167946	0f6b5d974120e39177ca591fe54f4033d94276f89dabaeb4a3e6c473a7e09faf
79:44	118794	5c06680dae7955a61549cf8e7c2a2360989f4d93fed1bdf5b3a519813f07eee7
79:45	196618	d57cbe30292022b0f5edae97f512fd637ce70dd3cdd00d8937e79785afb4f16f
79:46	286730	eae69680a2b0853dbb0383653efc083ecdff532dcba9cfcbda5a94acd7a652f5
80:1	102410	0e0caaa4720976b1c23657d59d357f35a25c04da66b685d4dd5f912d738b2c2d
80:2	141322	9e4f315b3d7f9bad2f8f857599dd3912d5c486ac320f9988f1495d7f7b5d6d6b
80:3	165898	9e3e266907d2ea0a644ae5838b49ea3c86985924ac663662830f02a2ebf606cb
80:4	172042	54ff0725c9b875560ae5128098ae6e6386a22390aed222a87f69a91942a954c9
80:5	122890	17a54f52203423e5ada0eb87896c65aa76fe573ff7f197a1f49672ddfd335d37
80:6	133130	cfa8b147bf6ac2073e24e32448fb35de2d29f9466f3fc93cbec68c68c300f2a1
80:7	161802	61e9fa82083bc18fc40d39adaacbaed32a5d2ec770d1b513426aab5016a00e4c
80:8	149514	fa53904e99774588b15d3e361ae1f98995ca5d857864482173a2443ecbdc75ce
80:9	90122	9e04c22bd3dd1f591608815af0ed94e43159be00233473d434b84b63669545db
80:10	155658	517d89e8118416f90a12d468755622c468b6e4900cfade503ffec4404ca82483
80:11	157706	2a713c7ccada4f6c0c898e1b0dcc1983c6e892ea1f27ed8330fb99439c113622
80:12	124938	c6febcecaf7e591aed4f7441c449cee3dc8ccd472cc5aa7e6dd3a92c9c5d36ab
80:13	118794	0639a21ad5a102a5999fb1c3432f7e33501c25c0d0be8945a1bf2808c8d68efa
80:14	124938	f11874f7a6107c6eda7947013e06f07852bbb740cf2667259d7a131a132e8d4b
80:15	100362	71a8822839e382bb3e1d044c7093632484d52f33714c8059fdb3695164684fa0
80:16	116746	6286e512f228eafb2af16d8593d902361112f1162179324115acb32cf45273c1
80:17	190474	e1dc0e8ba01d7f6285171da8177f1edc549aee470bd8b1f31856f318a84e1c1d
80:18	133130	2e0139505278fc90351f6a86a3c309f033a75493ddff01886dcbf03f89856196
80:19	153610	65350dfaa4daba19bb99f304ed1973234ef2c308deec1c1d241c49679d227606
80:20	133130	5bda6716b41906d1f8236172c8bd2f8ecb07a1ac04b7e60840698f13ea257aee
80:21	141322	147eb16dbe7b26f3f1d591b2c95199689215e7b24d7daaead75673cf97a196f6
80:22	161802	1743a15f68b105e08a8e4c9fec9c10a5996bff6f9d7d7f4054fc3e27bb342158
80:23	172042	bfa692d298934a2793833a6689dee7427138b928f183df26558f83228d422292
80:24	174090	f3e0660a0be54b0a1699ccaa8c02b93d825ee6bc07eae465b4977d76c9c4444a
80:25	155658	9a137bfd0b65bdc84bcdb89cd1386288e225f1c776b6bac16d85120474a1866c
80:26	176138	79c93c224fcaf10d270eb0d5b36c6806d7e5afe70197f40140a3cfc8c15c0aea
80:27	139274	9078b1fbdde1d7ddad1bd777947aba37db4726098b711c2f6c112727b9adf152
80:28	98314	8bb6d6d80e16cf63efa52e330b292b626846724870d13c431524268a8fa46136
80:29	118794	6a2340eb5209c8894fe936fb0cdee7c01c66590a3f6a2eadc9b97052360ebf1e
80:30	114698	94938efa697957213938cc9dbba31f58e352123faf00f198863c3e19bbdb12c8
80:31	118794	20c557b4a91716985a1b9e4e498dace369316e4363be34934477784497c8d0ea
80:32	143370	0ad6e8606d4865f6c4158a741bf52e821de76862d0e1439f72d529030d4da4b1
80:33	182282	e837133c62535ff8f23988a21ca422656ee0736f8b44fa86f9b226101caa77d8
80:34	129034	8162ea33111a298b87598ad800c03a1ba727e442385d5b9ad6fb7bbd7f879a58
80:35	106506	47a7060cd22033687c29344cf53fb7b45e53788a273a960be71d14786e837dc5
80:36	114698	f12bdab89634e38286257d771fb4956d466742d23f050bf3e21138f74d4bc02c
80:37	217098	3138be570e085324649bd130eaf9e86b9186d60eff439bc45c0a8e73526f882f
80:38	145418	2f1b8e85e399c1c34235f63135ce83e9b25dad6eb3b86a0837c07b7fc5d5d767
80:39	131082	d192814912b26b5df1bd2b67c7cbb6c9d9d7b7a602b4da2ed93554e5314f9796
80:40	159754	aa9b9dbaee512cc477e48b0447aebd451231904adfd889df4119bbd2a948ceab
80:41	104458	35e1f287fb22374905849b689183c06ddf85c64761bd43938594a22e940c22ac
80:42	161802	f945600863e57c86fd8984fab84fe3d0d3a385d4201b48fadc871b2e705484c9
81:1	104458	b54eeea03799493b957e7cf475747253e3242a88dcaaea948e9454c19db3fb61
81:2	114698	bfa3105cb58c830a05d8dfe1dd4b88ceb188825197d17ed221daea369b06cbeb
81:3	96266	5de38ae001e9130049f895745a9cb64df1e14aaa19eaba97c0c53c03c2335c6d
81:4	108554	640ad48d9252bffe6a124a8d3042d6c284c0a4c8c1eca32a662c31750a19df6b
81:5	112650	41d0fd969d93fa56b4e35e1888eeb7bf293e0dbb2824ce102fd0ce6f2db1e55c
81:6	114698	e0a8b7b0a7bc429eae4824e4cf2aeaf61f846ea12d5dd502729f8024598a7d20
81:7	124938	47592196addac87813edb0b9a2e107ec1f7566553897c2f5716bcc89fc810d99
81:8	126986	e933e8d595f58bc484ec2e0010f865dd2d480cf29a05b866799dad9e76975d11
81:9	135178	df1096037f54b22081bb07830a74ac5c868e5906bb5395304c4531f86ba35b5f
81:10	120842	a2a73f3e6977689133c7fdcf2759dcaa098d1fd59421d08894f1ee202e2bd7d4
81:11	139274	b580973d40c08c2a26eaf9e93beda0c95137c2533c9b7a109c3cc5585f2a1e9c
81:12	126986	9938e006f49b8509e77da813f32b362ffe66b80e38115979d493f6ffa58cac48
81:13	139274	7359dde80b9454ddb85c84199bcbb600983b86900f84f8ce5cd518ef0d3f126e
81:14	169994	8f39385afe9cd2db606545141346a48082a72ea9a798bb8e39a7ab9ac2e7c065
81:15	133130	41ee57eae7f634842892d54718ac20cb60f7659e1bb74aacfadd5d1b7de29c33
81:16	116746	01c5980662e3cdf4c9f42f01bb157e30d5c47fd31c1d23ef92bab1657e6538c2
81:17	116746	3c88fa6029ad973b3d69636147744b8d95d993b453b4db3a3d2057e27c0aeb1e
81:18	118794	a632d274bcc34558e009aa1dece2bcc0bef8cdada3cfd698cbb76d807d15fab4
81:19	165898	afe2014c805f04b1d922a693acd61fedbc44bf398f4ce6b0dece247a5b370219
81:20	174090	91bb6605e0589cdaf18dce28f4772a6b5467841ff977851f9fbb734d4077e780
81:21	147466	fc664d8bfafc821c8bab1d3abf393c1c330e84a67bb57a03c26bb2fdf4091ca1
81:22	165898	30387f05b547940d942dc8b0b1f1d78901a6964ec95f7f53bb84c0444b509035
81:23	172042	d4a0c82247e26fedf14edea31d681ed6a558b27d97843253761f0da9854d7c38
81:24	147466	1a5d904a95184f2dff1a3d3ad2c86f1d7ae6bbe7ee620e1df3c6675de2619985
81:25	174090	e3d7d1e405ca3fc26230c2c84ccf997c3a2c4a074e13bbdde973619543c302df
81:26	118794	91e3b48a582d9d8fd723efdbc6836235ba8598ab38137e64c393498fb6cb42fe
81:27	172042	85f8a6e9e5ad69a9884bee7020ee2d6865b65fd98ccaf16169283823c6a6d53c
81:28	208906	240049275930e22a95ea40408065e6440653475ee22098aa5c5b972617691aae
81:29	276490	4811e919793cbfe9165e36be337b7952840b3000d034cdc8e49c612b4daf893b
82:1	131082	990722946879d25ce6b945d796c7127bdac90e506fab486153b398dc1834a9d4
82:2	120842	24f777f5f4d19691aeedd3d4149fe06e9611a9458227981fea15355624d71af9
82:3	108554	3224173a6b580cef215af510942e7161ff73d930d55630027127bb90c5d02a51
82:4	118794	0dbc94d5bcfbb57025dabe7c72f7b7e4842eaba33895da9517c78cc3195fa921
82:5	174090	0e93ba1987d5855556f93a7393a9295e6e5ac54012c182ec758c5c3d6313f2cd
82:6	227338	8a6286da800935839a1339aeff9c3b53d95e887f9c010a082f75934fc4bae481
82:7	149514	387bc9424e44ef9cc9065b7496744831e21b105dc3b42e8ae4bf3010af074c56
82:8	208906	e6ea8e2085bb56cb442283a4ced3f98df44f8e33f447a492796e528375284814
82:9	141322	3768018eddad0321198480004f8924d8f1198975e37396d65a1bd32174c6f744
82:10	143370	90ebdb65cd67e0f8a3b76581ce6ee5af8b7bf996442598fb221f47b424d8f0bb
82:11	106506	c130a0114bca528588a9edb50fe41da3b0c211de4d3ed94c50bf6d9d7d05f35c
82:12	133130	8ad54757aa6472c8d171bcdf2c13dfe44a168eb5406f3ad152c74da63622a97b
82:13	145418	199ffe2f5ada3a05ca687fdd830056c9a14a729187bf92289c0d455818ee3165
82:14	143370	db8a3ef418e35d9725e5adcce8a1c99d1c73d63292c8d72494eb971e3d61edfd
82:15	118794	a563713cdef1af599aa598cc9921576e0fd37568686c3428ddf25c1acd2c4cd1
82:16	145418	a0564c6216faf1cf47e9ef4124306609eddd88608c2ef48e6fa395e52601de31
82:17	151562	823554b639030d5b341a0194d5574768e02cd6e04e4355ff99c562f403db5177
82:18	174090	cf27a5cec3c3d8995789f4f654e49c2a84daaf3e1dd693742aa9520e028b9bf2
82:19	333834	17a041b3e70755cb739c73e2ac4cca4b38b9e6c1983f6389f355108435571744
83:1	120842	e97b163876693f3fbc1b0777c5c1e590ee3491a015443ab96864f64cd0b5bf5d
83:2	202762	0270eef23b0adb326e4316caf412bdd27721d2a490f82fe1ec653a7cffc64070
83:3	198666	3ff0d89326c69da1c613e70ce8a63b2b023073311bbbe02fe454e8adbd5ed8ad
83:4	215050	6a8b00fbde372314b9fa0abddd705802e669bf6f773bddacc80a7fa49de58495
83:5	98314	8f78349749092b99f6ebea9b26f2709ce62c822306ac133328da5a385c1b9a98
83:6	167946	23dc207468220da0e5ec3c4ea53a30148a0e35e4bfb00fdf43f9053906d84cc9
83:7	206858	d40f1d1b467a797d56aaf58492bed4e77037cc33aef594ad736ea49b173d4256
83:8	139274	a01e9311a1655973f3275676130825d1caaaf980b7859adf39eb0a4f48c455cf
83:9	110602	890dd1719d07f21b535326d7e7a511d673c484d0c8d923af1b4cc22388f5ec19
83:10	155658	e42ae32d6da5d0959f984b040f4c73c01480e33d77bb0b85c71457d85460d4f0
83:11	165898	247b9366d2945526ba06eb9e9705b8c7695a439c62cddf414e53225b38cf66fa
83:12	223242	e18a8148cef3ab7d793920b21137a4942118116ab3f661f256ee8701c089a46c
83:13	241674	d50a3cafcaf4aa7ec778f7f754fa82fcd1d3bf138abb7676569eb147b7353bad
83:14	243722	ed990811c3f2b756ff49cd21bd961d5382569e19789ff109351b914bb9452704
83:15	249866	bcacc2ea2f0d47910fa77742732699cdb5c063119c94775e80d848fd9c7906e4
83:16	151562	84e12221e09f2989c6a3ad974bc5712552b6781d37bb22cc123d3055104b4dbf
83:17	215050	b980b7629531a0400782a7998990f0b4fe2f5f11bc01ba83573a9470dd142579
83:18	223242	4c433e0f50582952b83abfa56bbb1cefcf57bfcc61e60cd644871c56610efaa1
83:19	151562	6d75373396e5890f7fbc3dedbc83a6e49970546035b9addb3597fd498e606617
83:20	104458	6994ddb624d08f3643e9e3ddbc3bcf17dfc4a819da882bbb996a984c93bbb883
83:21	122890	791727853ad0c5ca52aab7c4e5e3bce8c47f23fb8eadff881224418f1bebbc1c
83:22	141322	88701c6473f9e9f0b5cda1920faa6f2bc8aa27b4794d122e9e322a6e34db49a9
83:23	149514	685cf4b17919f027e71e06cdde4591f4a44d8c34f0fc80b86bc250446209e9e9
83:24	169994	a5eeb4c2016eb3cdbae4af60af2da40e0d32354606d686e166d4b791427dae93
83:25	147466	15dc0f9c5ea7fa08cd6e1af2d5994c25e33c349a3f4cea42c1c8fd5f55d6c887
83:26	278538	51f676a1b2d2ed6d31a5686f8fdf779409d0f5bd79520ac135407ae2f3ede2c5
83:27	129034	9004fbfc6bd550b8cf811f0d390ea674a4f2802a1e9bfffe8d7418fe4b7bb297
83:28	169994	325307cb68ee6ca1b1dad1609b8c4fd8879a66f2b584284670a2bd130203322d
83:29	264202	2ad1cb57472c2013f30908255d4ba5bdb8344da3973827f25e516b44da931ba3
83:30	149514	94d953c000fcd565aa965c635b4866184bc3b5917605000ed3a81b0f783ce36f
83:31	229386	2b000cc73d6b6d63f05ecee59ac68752a70d41d4ee87c8409b26346df688c8c7
83:32	315402	fdfcfc9ec5c32b1ccd4f878e6853e4e2ebf937165d605b3439c9bc12f9baddf0
83:33	176138	e8bf30c5439aa9b9e40342f4aa73d4cb728c4379e8b3b09c6980471c103f65af
83:34	210954	dff5c2fa3409b7e4f8c660d72726b3411d56b2175c7b8ddb260d8e497e969aa2
83:35	133130	919dad81d345344b2b6e6f920588cc6202a3d822fe7a968187879f32da61d096
83:36	186378	f4d9bf05f496a10e478721c1b501e8af35038ecd88de5f994fa411a57aa1d9ce
84:1	135178	d262f09d983be4c41960305979ad594a1b7f0c15c059aa3f383b67b750e4ebc7
84:2	129034	0c8ac67f080b8e87b50dabd279caace86378d607d96cb5d0210764f341b9a4f3
84:3	104458	80fb0d5e2e25300392aa96f543ca7c4eb78e998e7d3734b7d7327ce753713985
84:4	149514	a6ac9178e228712f110af76e25d2e4cf9b0d95d221e0125e9bb218fa68835594
84:5	133130	977604b8519556f7cbb5b2ffc73cc19e9609278eae762fd85b8f48db78ce033d
84:6	321546	79a338b7e4485059a8540318621fcedd97c879abf9e173e5ca44fc8ab1e96d94
84:7	172042	7bfa6575f8cc9efb47cbc27e02050485ab550568778c746a8772b5ea07ab58c3
84:8	165898	f67fc948dad70f0a8cc33d1091407c75b00b225d8c91432025fddf8d56b2778c
84:9	178186	a23161639581e96ba38438bdea60eb157d5701d5d5b2a20252f7477249170ae6
84:10	206858	54797de30e286498ef7eca5a6e84d9d7d714868215f967403cab2f71a53eb114
84:11	116746	ee00c59478f7912d2d70360e1da3cbf977908cc4633e0672e48735d4054cb7d9
84:12	98314	106e243227aee288986895467f81f03e1438b60cf0da1226d0be4c2486a8ce5a
84:13	202762	a99ae61d47ae0c2d0199a9f940b34d05000ddc4ebe76e181e8ebdb9d2756a5e8
84:14	135178	5ef827b18e79d38f8810249cbe10e96f447360b5f86d85d883efd390e76f5e8a
84:15	229386	9ba3f316d293788ece76a75ea907efd3888084e07d16e6877c22d1203931f75f
84:16	114698	095e7e505d08b9cf590654d708eb7bafcf1916dbf0616cf58530c83b88d52374
84:17	100362	e7a2bc1f550074fcb5cd01303a89ccabe4306969b3e6bdf00687cc7242d7bebb
84:18	94218	e0056cfd9e9ac2178a6f58c18893e0e422597867a544e27544854b5e9aaf4ec1
84:19	149514	317a0931c47e290a5763385f68653e5310aaaa183b09c70ba7a89bb71aea361d
84:20	131082	9b76a3da2dbfcff28b273c260009d569cffa9edc949d3f98a2d0410a84b4a8e2
84:21	198666	6d911647446041289880d754816de7212926ccbe24edf53cf204abd7fd5cd2b3
84:22	161802	f0b7247ee2a94232f85ebd434cf5038748f27d8c2139031681cdc00f3bc8f87c
84:23	155658	930015c64343e8f297ed73ad506ce65c5fffde040935816eab26f5b6e94587d5
84:24	153610	6691a13cdfb1b62694c1086bdf561cbb87784f7b1df78bf1a181a6c2d4adc54b
84:25	256010	b08a7a304900914790ddaf147ce184419b1dcda9e813a35639647cb20cb065f1
85:1	147466	29b381b16f1bef13bc59964fda9cbbd7820682362b3d5d60fe2f8a3cbbdfd3c9
85:2	118794	186088597e64b9c2d08553b1780c330963bc159beee333c73db7b0b06ef64838
85:3	131082	247d954591b96ead4af7276edd4bb0617ee224ef252c2c3c80c861aa624c3778
85:4	118794	6ad5078c20ed2e76c9ca82dd45ff3076cf398335e18f0d17a880b496209e4405
85:5	124938	bce47f77dcd0630fb174e352ce469c9b64b41299b04ee681198adb552f137d4c
85:6	110602	f339050e6134179344f724735e82c6de113a84790e6e5fd0c35a011d182be184
85:7	198666	e39655899daffcfc9bf2f3b0b3e871bee53adbcb7990a13b9686773812140aa2
85:8	292874	8641cf767f4a8ac5661815e9bed655b03f05e5040bb0b6e184551f851098bb82
85:9	370698	74a6d65f9cdb89e7ac8dbced01d49b3d808acd0b65b970a7011341cbb1a90cd4
85:10	466954	bea090c96ed6f0a584284f510a308ef6432926c891f1dcec99bce05497ff0424
85:11	581642	d22bcb812b3796fa09fd50498f004327580abcceeb9768546dc8244f3862543a
85:12	124938	d7ad1a751ccea6905d2cfe232125fe9636d35e7df088817d996d78063340be8e
85:13	129034	5d1a4151a5b8e8eabfe4a2f3da5cc720fef443f1319bb9e174c5bd235925225e
85:14	122890	f497d5163fbec4fff1a85d66498ac4f8dd8fb3b17ae7836f316d046b8562acef
85:15	102410	b994a33b6b132c13da66aff36fc19becb1f5dbff971ca55d97cb33c5c602abd2
85:16	129034	f58687db289bd40ce45025eb6d88a2a3a6336156129aaa43d5e7b117fff51b03
85:17	135178	8e40a6e7592b9a69d885dae0b2ac691d4f7d114672909c8385fd842390c60e98
85:18	106506	58083782495bce8d35d80e63e1aacca063f92be08b2a56b3baef24becbaa694f
85:19	143370	53d755df8b0083a77d301c23336a0c40289363b2a4aa3f3f9757ac331da2dfc8
85:20	172042	ea732629b152c221069aac006a1c020dad0870d704d11f8a02a27d400e378900
85:21	116746	c31d41e2a3c49cddf291e35e43704d1a3eac5c94bf557d5124eef09b7f90d6f5
85:22	124938	dd8d2f2293fe7a7a5c5f8df1a60184147dd29dcc91fca1fe658cdf84b869d339
86:1	165898	55d7f328b6f29465ee1992200e7bfb0efbedfc99b1a237af5b104c364d8617e5
86:2	126986	5605006940f2e69073bec22de37311b86db6ef799a46c1c94441ae2b7370bc75
86:3	96266	59ab12e2cfdbc4fc983dc5e81de8463ca3dff66b6bcf4a5707e612959705acd2
86:4	188426	b972650e360d50589b0c25c2ab80dfa3bc6644fa2821f440b3369b5fed9b9700
86:5	155658	c3227be1c516d625ffde4570c05b9333807b92272c22c8b78ff747d11f29c32a
86:6	141322	68f69baf9eb3d5605896c24e190221faef1800a3b972559275e0f859897821bb
86:7	163850	c2b2e583dece9c473dea1c9e9faca97ae18b68bf8bd6d14bd36190a79f0a4d06
86:8	145418	87d83928f564ca6c4ab70ae16b4446562e4cba11284019352b78495d2c1d4835
86:9	118794	076cf9fc2f21ac351bc55bb1b0e7ba979e527ab75e7e9b75d2f7821fcc0f1f6f
86:10	163850	76fccce0b21dc80ce0a2a0dd244da745e2837fd5fc2845be5287ea96c59399b2
86:11	133130	a94d297e5d3c1692660f790ce64ba92c85e1bec1b89a54c22891b0515bf91267
86:12	102410	f3a115ac9e0905f8e17c3b38f04b1d4d6101e9f8d9d677257d3358037fff3ca0
86:13	118794	e4819ad3f197ac7c0cb6da7577f3b2763dd2f1c55488294778316ded3007e8ba
86:14	90122	c14a4051b38e35e3c372e77874379a6cb0e39f10ac2c7d06a7cf881ee5340e72
86:15	141322	33ceb24de291b9ec3a566103ab12df7de43952ff54a69d021931057b5591a88e
86:16	98314	138b2380bb5822c75d8b660a8f98848c1047abcffd7db5a544e576b3cff620ed
86:17	180234	6d4d73fd107117a817b77446dfed22ce27c7129d617ec4122adf11e4157fe9dc
87:1	145418	759617873784fdc07e21d922e0ecbbdd2ae6fca8461c486ac34fb138bfd31596
87:2	120842	08918dc8989d5e33418d142886a7bcbc4270a0dd3bcf2c5a2df24d03ceae9168
87:3	102410	04a3b3fb2d37318bd5ccf1dd8125b6f15d1eeb4ddac67ab8e55ab65bcea96060
87:4	124938	b4fb272aaacf43f102bdb99233dcbd3e483e176fd7864417ce635cfdc601ec3e
87:5	133130	cfe6b70d07508b7b5421760d497b11e4432c679f26976eab5095640fa720d91a
87:6	129034	71bac49e7d469e6e17e41aa00fbd40eb57000eb850b9d50999c40e009ec344b2
87:7	323594	6c984c0fbb080316b765e894c7e69c81c1339a5912e63c67bf4bdf2b9b52560a
87:8	129034	9cba328aff682b3c450a8acd8f645a874d1cb547d7a36849333c4db193339c55
87:9	135178	39ea94834bfcb332c23364215ce786dd23482f73011803de51249c5f9828d29a
87:10	124938	9d79a55daf5966b80d42691f508c23f30241b4c41bcb97cc105977d19669f9af
87:11	120842	1e8c9fa8c6a14afe22079ce13969cfb0474ded7a1226a0f58e51e1f4fcc69361
87:12	143370	ddd7f62d4044242865e16452ca77b73102e05741590c1b764485197a091e93ba
87:13	176138	3a8956f75d281b1bedc89c5697de800ad18663f7100c7ef45e456e77ee214305
87:14	112650	17d904ab08eaf79ed885f54d1f20fac6fe26a2acc9eaa1dda52acf05904a53e1
87:15	143370	13bee353e0fa8f022cacdf6a855b07f0739789e24c43980396824be299d0f164
87:16	135178	b4121afa851398964996c600a9744e066adff02dc92c7a1cafd15cd40617bb17
87:17	131082	849f71232e1941564ee27dbb8da364e2185e0702f25e8861864820ca8695970b
87:18	157706	80b4cce24fa75b9f7c96e2083b5e90b511f884ae3f4b56a976e6e99bd8d497bc
87:19	102410	08dd73fb596e6962c8987b063b0d1b866cdc1b3c9249e2d5959746ba95d3512b
88:1	124938	1b062213a62ba6664cd1cc2c5bb1fad7c4e96280e7148451ec7bcb9989029dc2
88:2	141322	07ffa6e9a6d9f51f343fc0b1498c4226d5a1624f970292ebe85b8a14b1dbf107
88:3	98314	556a1ec93bb3fbd4525e15d6424858b462ebddc7630365a1fce373447b5335a1
88:4	108554	f767d77ab58ee35e064e872f6e2d311390193d858952baeeb61eb76afe0c9026
88:5	122890	5bd3604f50a221a058b2bad7d05ccba365c63ac59929e584477784567aa023d5
88:6	157706	23767ff4ac25faef4c399532a81b0c8beaf519a5cdecd538c02c29add776c64f
88:7	151562	80d9e7436ae5c3b40d968a83111f265002686a0fc85449e8ae2a2f06cf9461c3
88:8	135178	e8f0df81a681c1e376c33624500f82902ec3709f0d1fc0810c7cafec7f2a1483
88:9	104458	7ba3af81cd78f0d4bd81012b818118c944c5d8b968d1b722f6be6003c38afe72
88:10	116746	8ef6b3879981aeb739da2f173d266f76ec9622220e6ebdab487beb88dc9064d6
88:11	126986	c1f2cb4853ed825489f38547a8a7593ab51ddd2f34e423a8e74c3ca5f9b91271
88:12	135178	0e0505c9743a29be6b22a97f7a2b24ead09275735029b04fce6ff04d5536a12b
88:13	120842	507eb58b5371928829ccc17efe514e7dbcffafeb80ec11958153bd4b7b65ba1d
88:14	112650	76a109cd4e12d96780feeb2a401a1f81bbf0584c6e9a53d3055c561509483933
88:15	116746	28ad2987d9012cbcd23b12f7e88f863e06c582c415f6d8190291e594a3828760
88:16	137226	5a7cff1d706f41f69e77185953f3d70824059468eac3f8e54b4f387b516de0e6
88:17	188426	fcfda06d5717c53066b9935c779f0e2d550cc4b7a2e43f4fd7d4cc5b79632e41
88:18	151562	c57a982cd93bc025a1bbd5afb395fd6655ce8d590c7ad89cb5ad0214db417bff
88:19	124938	b109c016cf4ea37a02a2408f19a695dcbb4946d44dbf9a1fe6c8e6f65202e304
88:20	118794	abc49c4cd3234eef9e3f96ce28fb927179d97486353cbccc1a6cda7064cf3642
88:21	186378	6f807bc1fc5a8da19afd0d5e919cd22914ab6b7e5ea7202157f57c225b09dcea
88:22	135178	6046d21c180c00ae08f324c643e58e84107ec4b2864bf68ec04c832250d04bb9
88:23	137226	a534e9d94a94bb2f2f959c0799537d22de9225eadd818f17d836a6ff6b33ca9a
88:24	167946	60bc7be9a7341eadfa68e6fe96cfa68cb48e7751bc1cb0eef17282e80e2f7b4a
88:25	133130	82fab40d7303e568864be3b1cd37dc0893b97fe70f2031718fd9687b2c902329
88:26	165898	7573c29e81bb4820540b3743c920375960f214ad9ce0cbe0ed2c9c7f0d465141
89:1	61450	27539e2ad7616dbc4080a43b35d0a93de7f3dc6d5553a8864d1a480ee0af7082
89:2	81930	70614fec9c891365564069e32e583ba74d092fe6ef619fbd11f89758e2153412
89:3	98314	720e3936733bc5e026076ee4c51d0f711e8295bc9df18f6041206d4e6903812d
89:4	104458	99a16908b1a7a8c37866c020860fa512991633c5839333fc85600be75bfde0cd
89:5	153610	ad406fc77e404a9e27bdcfe9ce95e873e2f2d3cd1fcf5565d69db41d6d314f3f
89:6	147466	b2b4477a088f085636f206873cf342eec96f5e5b9ff65bbbddf81f819603ccb4
89:7	94218	3d5d10f18a4793b2e72c8bc90a216bc858c7bc311f9f4a7fb6716dbe78cb3059
89:8	159754	70cea1dfca8c93e3952fac45358f832bf3b4090f334b65efb950d7d803378412
89:9	161802	42b0ade94dad71c286dc3fa62d3ae7f87ad00b754a78251537e2699a7535abe1
89:10	110602	6d5abd1afddccc74d8bd2a440d0dc37ea6c43ff210c193b901a1f6e4597da2bf
89:11	120842	46f0c2d697119940790924159300c4afafd3ddc0a6c8b6c78e983f773be5387d
89:12	124938	abe302809b76902b9379ce19f018c0926d2f7a1a3b2cadba3343a2bbdb8748f9
89:13	159754	c25dc35a4f35c9cd35a00b8ce3d6e5510e96ffb481c3375e1273090a57e17d29
89:14	129034	2d6d962b7684106f9f205f1021e5cc10ef6ce3f4321b4fcb818b9fde9d610275
89:15	436234	ba90e2da33f6337ab0793937f518c128ada3db6fa02df019901c28801af69e74
89:16	407562	2b69d91dc58e078b884372c84ace1bbb9bf3c783ddb9f60d163179d3806af216
89:17	200714	a12f09cf9cbeb68100daef37503662c398127608cdb7fd78e46fa2480d21631a
89:18	204810	6839049049954d74eb7db144dec9111a18dcea78438df8e426480a209cbc0c3a
89:19	147466	d6e94c6dea815d535027de4b82d16906cbefc0853e7ab9b1a4ccd995cf560e00
89:20	174090	22759dc707ed965ca76571bebaea0410cf6fa5004b708c4f0209891147d0343d
89:21	217098	81af1f6c86001a496f23a1a53277b3df0f8b37b52ecd0aa7791710b33625c275
89:22	184330	efa5393e8467639b7378ac5ba9485786dcfa5608a1156e944226071a1efc586a
89:23	395274	9288c66db44c901e631662fd89b7cfb32bda7e5a0105d8f6f2b520edc8352f1e
89:24	169994	0f79ae4c599266f5d6f5433420ecb74d9756ec8ec939fbc238dd15fb3db856fc
89:25	169994	c5a595d830af3f84ab97e51a12c2488b2b90eb79c190ae61d363e23b3df66d2b
89:26	135178	0fb4389a6b10d6b1477ce30caa0d9ccb70899ade5001e92ab2dc4f233fb936b5
89:27	165898	8182cf4bd5c4002a1cebd760bd40a34c9de779f3f96534438f00f1a56d27a3f2
89:28	186378	87c43eebb2167fdd2eb192ea010ee7d9b077f0cd001aa16c8b5b763a5960cd40
89:29	92170	68fd5fdebc99a7afd2e83c064b00f97c446a961f79849d0618a147cba49e6b47
89:30	112650	1dbf448bbda10bc7f5c64d80506415790d3daf2d3f8955ab57c17420f00c0759
90:1	129034	8e2601f736b57e76ae508c81906b77cedef072bf739c0066a3fb13ade2df7210
90:2	133130	b6ddd8f7a98ba212fa00bc8b2a2e7efb8af3df8125e2a98f88e8a087ded3cdb1
90:3	104458	2abceff6d154e004fc240857d9d344dcccec96c69ab6be0ecc376ae20ae496dc
90:4	149514	d1950c360ab912ee91b19963a68e289d94858b91c4c51f19728a21564610a74a
90:5	143370	4fe4ec81eb0a401f405d1f244d672565483d24c170382f482a8258dc7d55038c
90:6	139274	fceac9e59a23ea51fce60738d6a3ddfdb9a54ca3fdc402eafea075cf99ebc003
90:7	137226	0ae23951e8c49c83b5f157e371c68a70db7741824a64ab8ac7be35efb81c6e42
90:8	108554	1e02db35781cdb35e8eb1ac692430028de9431377756259cca7a43f3bc34bb3a
90:9	98314	84cd7bbd60918c5231a286dc997743f57769e549b1732800fb198c71427120dc
90:10	110602	3ab5639b7a0e5d2c6eab8de41f84ec5b2175b34b1412c820e6ecc232792f92fa
90:11	83978	46986eb6f112dbb2a9dcc462d6ea11410d7865e1b27091423d257e4a4545a1ba
90:12	143370	8f05d557ca07c3d9bebcd5ceeb718fbbd8f8bcc9eb6513a5bcc5a83e2cb8b8d1
90:13	75786	f22875de1e4c98d1886c34f1ed1647f954b89925fd962af137d14b2eeb400242
90:14	161802	1da04c6fea5aae3401bc61c4f84b26233185e2ab37a463a5808dc73c9eb5feb7
90:15	100362	846ca05f97f0966bb079c4f39cf2949f1efbf3869eaf4b1e0bf382d10916eb77
90:16	137226	a72dfe498e9d919a867c9a1ec069b8495794305e706697fe05f0597fc8ee4963
90:17	327690	479fc3008dba37d6c0f829b0ca0b369b66dd40352229b1a483ec9117fbd22201
90:18	137226	f849fa12841d78527304f5f02119ca7c8a16eac890354151548b58353eca2b61
90:19	229386	4d774e133cfc605de923a4c8330295e32e04160cbe74be8c945a7b34906f2e00
90:20	92170	47b3a79970ce405255cfc0eac5df037938fd6cd2f55d7f81297927fe80c64280
91:1	120842	0948b5a9cce43d7d5e0facc8f506094181491f82965bc5f995783822d6a81033
91:2	100362	fb1c9b4682a706fccbde146db686267b38acaa2d4336755de91cb69a6275f7bc
91:3	131082	26bd4e25922408695d9336bb6e5a72301ac007768570b35b73fc1a680181ad9a
91:4	126986	60f9a6cfa4f03a8afe474123a8e48e358467ba763a0075ae9dba2b5b1935febc
91:5	141322	8577bd2252e047cb561b8c2be9aa1639354380bdcb080367105b520dc1b74cdb
91:6	124938	ff1eae6c1dcfcca575a5e2021262c8f00fd2e7381847551579b4200ce735b2f2
91:7	133130	ebd499893471bd16f85b54b3405ee51f73a3171d705b6e26aaf5e21f645bc033
91:8	151562	5440ca83921f61382ccd552263663d7a986b30f970b8005d62213602685f0975
91:9	120842	beee8e9d2222c0fb2cbafeacb6e9f1b52b83d297c7bb83fbeb1bd4b252b4b4fa
91:10	126986	bc0b6864049d5dd8d9c7cf6f60b06864a6450b59d3407dcf0f52da232dae792a
91:11	143370	8562bc960bfd8b3e93c540c1a855a86c4fbf77b351a071fac85b57ae5becfe0a
91:12	151562	dce263bad0f06978192e4829169a7f21093bf422a23b7343dbbf11f266b7ea40
91:13	206858	aa0310e010ceb8fdad908d1ea811ed8ffa9b37f4462f76343314c74f84cf0f7c
91:14	358410	93b9dd9aca198db09a43e915869c12dae9aae56700b350a48c96d0676d216cc0
91:15	129034	c235996665202fd8e9933056880fed0e00bb94f45b683a2efc81830ad007a381
92:1	104458	83d173cea877a42c6e929b46a1c69131cd61553af2890388b1f04d5e7fdf32e5
92:2	126986	df6986a7a40736f5c6e8796e04597bc8a28877d4b989be50ecf250fc6d2e645f
92:3	143370	67e92048e97cfe3768a0a075deb036936e2d9fa2f9c7eb91df44eb8bff14669d
92:4	131082	acb03356dc656379b17dbcb201f6d28faae0a26eac901aacc67328aa809a603c
92:5	124938	14cd9bcbacdbc8c57eeaa758b2e638a4cdf4d6f5f6b5813aca20ce34a4202662
92:6	90122	ef354baeb8fad0b2457b34926bda7cc3c0f48e6d84f43d233f22fd50f1142237
92:7	120842	7cca547edf848e83eab3f9471c6188e3526ea70c21f63b4d8efa85b30b4ddd89
92:8	135178	f373d3fea6e16cf8894dac06de74b08dc48e1ca59aec11391e1d6188a386acf8
92:9	108554	da18cdfb12e0469c7a863620a5ba63b4d4f1e251172002c1de93327116725a4a
92:10	137226	9b98d3266d8d2161ba672de01178fcaff4aac9c9922b035775495c586030d442
92:11	196618	76bc5aaa184e1e4caa1a38650a80350c82b33f369e8456d97b18e1424995e23a
92:12	122890	0096a9b55e5d381c8b33f27258834390a0aa6ac230845bfba8ee7307009e88eb
92:13	147466	3f1e00e07e5597d9ed5342932e117d4662a34ed6b0d5822e405e767402ef979f
92:14	143370	f5cdd2716cb3814b1145c30ab1941929f0122c02323df2938d61e988da85bb0c
92:15	145418	307662b6238185f37dcf4857c03e5fa865eb72cdac3df6975a55f5f3adf99276
92:16	120842	59407ae41489939692fabcf19c9e2b23fe6d3cb952c06efe18211b7e94d9b7ab
92:17	110602	0d1133f7a24879c8e89105ce01a00c01ec0e29d7e9844efc83438825fab97966
92:18	176138	0761b4f0dfb30d5ae27e2c75f9a0bf53994aa60781ffb6f71818530addabd8cb
92:19	192522	9304170111e45404ccf60bf7cb9ab20f9cd4acdaf4d52c1774a30d36e308225e
92:20	147466	03de4dc59755b6c600b1ac99840ad8984d95d11ccf6afb5122f2a88aa1e51b45
92:21	108554	40878a218caffa01688ae4c646675bf2b6b1bbeb226f36d4275420f655001a90
93:1	73738	979bad7e30f9da6e0357828029ba20bb89441672b5e0536838ee058793dcde88
93:2	104458	878a581b49449a4097f5b73072c1e6482e0e10a4116aa7460ed9ac76bb1525da
93:3	135178	2ca77234e1080aca90eac4228b0f6eb56db0c852e9a11968edeb52c7f39a0955
93:4	174090	62e62bc8c980465f30c7b2750c0a2241787ce1b04a8317dc90597c9a22d7f17b
93:5	176138	5066f33fb2edeccb053a10aaceeba3b830845a23a2585398d724592691ba7dcb
93:6	141322	b3e84c2c9292796547465742a367668ce5ae2e259f3ed7662c810b0c462a749a
93:7	157706	cd5fa6f15f421bff169ae08dee13a7baa7270e491ad922f1ceda265259b82d2d
93:8	143370	2e042870dfba51e6e6c34ebf80442717cf2e472bb6d6d4770b21d9420f8ad104
93:9	126986	32a13b39ef1fe8c383171911e7e43b66da8449c528672cf4fe0b78d3b8bb23b4
93:10	186378	81c08265dc069d9289fec57e0642bca06e51cbae629f8522c3da63f1dcbd60e6
93:11	159754	1a491ffd0894c4e4efe36233de1af3b08f35cf66e67d5b14ab461a5f338444de
94:1	110602	ae41dd7ab8bed70cbae1db054a80e6dba2b2f9b8f133663f3d50926cb7d9e469
94:2	112650	16ff01dd8896872901e89262a353a42745d1236707d1598a0388a3cef43177e2
94:3	118794	a291983876873daf902a2f304d43b25b840960dfa90864558a0a3144b7207e21
94:4	94218	b9d5111ee4eed1bdef803adafef09911d3a5c91c45f6868340d60168ec2de07c
94:5	120842	3f4026e29853a6d86f1a8050cc2a9bb9c31f91857d2076cfeadfc9b3734e2cd3
94:6	110602	30b2f7a2f95d5a71546e73666945eccd4ce502f4bc4ec78163375fdf79b5443a
94:7	98314	3d6f50cf2c7bb3e5589aa2ab7dde62441f1682bdffeb99017c4ef69251cfbd69
94:8	118794	2462cd88b1eb4c635a19b97a454539e1f2cece8157c84a369efea9e947b2abb7
95:1	102410	0852d9b63867c83e21716b2805e52c87a4d57405ba734a49a9de0e7c78dc6c58
95:2	83978	80a3784db3c64bb283dc2547054c314f98129e0d85f2661b9a36d27f0260fad8
95:3	116746	3c2d42927774208296ff2cdb9b757e5bcabda900bf216f404b12f871ef6eba07
95:4	188426	035d6ff34e36ac00fcaffb4d8e2e28a96cb454c70fc6ae39cd96ed5f7353a4cb
95:5	149514	30cf743e4f27622d4790ac854c2002d13a32abb8f0014b875ed2d663b1975bdb
95:6	268298	a9fb40b897182ed2746dfd2a2f5e360241da0e9805d598456a5b4bc627134cc6
95:7	122890	1cb2a10b578714cf0f7f859926f6d68e964f564b63b1b8b9dc914a6f74ca73c8
95:8	159754	33a579718060a4f5298e6d56bf1ed89ba34276539db21e63d0f13e7befd26cd6
96:1	131082	f5fc69e281620b847e2b4b4f2a5e93e6e1ea3364c3017e6f9e5cf5ef8d5468b3
96:2	124938	1bbfc42b8f7fc0876f90716c7a4d0a90922d42bd67d775ee600b14becf2e0559
96:3	106506	a91c62c7b0994ab9540926bdc4eacc700492b3b009ee33b6e48af8b099c82bbb
96:4	116746	905184a0e6a9e32abbc0c2e86bfa82b15c878b3f2082091e064c9f6d131882a0
96:5	141322	208b777795b2fa9586e0b3ce33adfac3961ed447fa113d3ea6c35bf7fe26ba65
96:6	161802	41260751e734a7b59be94b8e5d3a1a3a3898e45e5a13e3ce15e406e8c8f639c7
96:7	102410	f2e2256bbdabed3d2a31b8b06e47f8f6545bc532ef7cc1f0aa1f79fa118fc6b2
96:8	131082	ab7984b110b7cf9dea8d8f02899ce0e2fcdb67530d092e70d295164f73c554d4
96:9	106506	327cb4d747bee671e3105a1ae9578c69afeef7bb9ddb4c6bcd9884fb33293361
96:10	102410	6a1b9b0876f7033818aee6c710fe0df10930d40787b2b282517ec86e96ccd20e
96:11	120842	ad7e199ee7be7710c9a4e49658c53ba7e663d1d63f3ed5d28d468ace237b9dc5
96:12	108554	e0e6f4d4c385d722edb4315e926216c4cb9f5058606d1c784db215e1fd480e31
96:13	145418	ba8fa927c54444a0226465c9fda2206580ea6fd07ccbce7e44646b549ba071db
96:14	145418	40a4cead759d49a0290b6e3e113caf55d420155dd9cf912221e4ff82e028d2ff
96:15	264202	b6cf97fc8c434437d05ab16e63861822724588b499f53c23cdd7d71f09c92923
96:16	143370	e023defa7f54e6bf33afcbac02ad2fa365d7c589d2e7d79df4c8715c9da4d7dd
96:17	88074	36420f6b5d9498553d034261290d1cea6eb7e9c948d5d93439440c72ad96543a
96:18	100362	57dbbf87f5109c173ca9b1b386477c00b280371151dd3fe4996317481fcf5ce6
96:19	223242	96c5b7997f2fbf70c89c6d07c766687f2bb10124ceafe7a769612c3848f3554b
97:1	194570	b7bf65456d8fad50f7059314d43d03743d4555e7c9e4e59c3011052d35874657
97:2	147466	826ade8c3aa687e3084fc9a2aa0ec2ab480aa3d034472ed5045b01ceff4d9956
97:3	159754	18cc2c0261c6c1b25e2a640bc74cdb08ab9d6c1be606c3cb16c27cdd445f75a9
97:4	354314	61146e8cb4fbb5f1d249453cfb144d7317bb85c65e109b8a18067bdd0f8b0b9e
97:5	151562	4ea5e76485e3c5a71257933f7113889d08a6b3e6bd4eb75ffda882840b8e0765
98:1	411658	fbfe05727511f6b8df3b4c7386ea7f53debffd04b30f278edb7a29f3684f295e
98:2	200714	1fd19eb3263b1d3999148f0e868288204437d65eef33bc458d5ac802cae79803
98:3	145418	4803b4f96a66abdbd41cf59f77a851ce8616a82d9d28356e73f54f338800ae57
98:4	292874	172eb4912c96010007ae8f0993b6663adb6b7d147ff450138097102796ee93ba
98:5	563210	09d84b4f5a4a029c1d59cb4d67534fd337ab4c51d959a11e7f74888da75404bc
98:6	571402	53b0bbec60741b2e112aad594473e426b3062b90936c537c7d3294164005d95b
98:7	276490	6254d51c6240a5f64f08fc88687f17a78b1b59a68627d048812c386946ad3a6b
98:8	808970	00068abd3e02cbeecb82937b6eea25288e6a5900323ed3ef5d5fd167c5b8409f
99:1	161802	4a07519356148d15aa1f0ad5d5d72b6342c7cc238474b591bca947f545db14f7
99:2	141322	38f0367c3866cd4df68ee4bf58362a79aefd242f567ca2990948e209c194eb03
99:3	155658	90015fbab6d3724507d406029f9cb5ba77e0051765b630b96ff702bc844ed0df
99:4	159754	ebc7890737fc09cab44224c0fe410a2f00af3dedab2119758d036c56a1ea48d9
99:5	141322	d9d5edf039f3a679b3255275cf554c2ffdd65ad5db58b0315f53c017228b91c9
99:6	249866	971a98bfb289007844a43fd865798b5e2118939cf33ee707d928e2f3c3661ed4
99:7	190474	ee114b8c6500fca2fd966c013922027721263255abd2a1383021ebc5e0ae3873
99:8	202762	827d43ecc496ee1576967771f0c46acba78bb36dbfd28cb07836ef74032e5a80
100:1	118794	2d2d1251c4b3bcf9774be93af74e56b08ed43a8d0579e918b793d29a19c3956e
100:2	133130	58c979c274628f076b9e836743d0b6600278e5c515e81cdf7001f4e424402010
100:3	104458	4f04f12ada877e0b2214188897b1bf1993055ca072507fb69d18dbc0e9677990
100:4	118794	9965f4b889226f4891ea079ecdf6cda7ac412ceda32ee81f6981a3233ce8bd47
100:5	116746	f0203457eddf5810059edaa52a009ac4c8135ba221bd39a5f9a120baadd0c28a
100:6	169994	76ac3bfc6e852860ed5ecf1e864aeeb619cc78799c8a3cc052a1f226adc9d633
100:7	147466	d8c5dd8ceee0c1ded48b5fb930c8de1edc7a5a2d9e5d4c346ca228aa85729975
100:8	157706	51e7ec69d5005432eb065f94d1cb524ad63c8fd1975d65a21b6f877b337e5e50
100:9	172042	422c3c0ae980a9cc0454e214b05774239fc256483378c15bef1f248d06334057
100:10	110602	bd35b0959a7b7ff6dc27fbb9db922616602ce40072766be3856c3ce7eac6a03b
100:11	176138	c2ff55d9d2f308bd0f949946cbe893f8470eed4523e019c2723a0e9ecf054eed
101:1	69642	7937bfbe05589343b1f2cbb56fa77f90fd7d654f4ea65173cead51a087655668
101:2	67594	5c8627abd34d5ff4a418fcdd2a07ac30c9e3c80dc8d109a6d2ded68fd117ff63
101:3	143370	d295a4ff8a06ff9b2e743ca382cbd7b1d8cd635d19534665b11e408ff21dc636
101:4	172042	a9f8e23d42f927e430d591a4c369ad79e31c7644394f157c36633f421cbf4c79
101:5	153610	2bb1fc8929cadc60c22449df9dfe8a33cb261761d3a4a97c1ab1c0ddd68ac126
101:6	137226	c62806f07481c0597b6a629795906739d611ac94f79d8709e143b6c50f8358b4
101:7	137226	23e2761fee5c756aa6670b42c886886584d96890c30fc16e0c0ad00eb470445e
101:8	126986	4b78773d3e240cac0f90e29fb50832cfd4cae7099ffba5dd24aa6197b393f2c4
101:9	96266	5ee0ecc469b201919b75ca96ccec7fdc7fd4eb93a9192307c7d570e80242d725
101:10	118794	8ea718983d676d6a61fe2f682da1db8584388e4c1c4472f429004a9efaecad0b
101:11	116746	6ccfbbcbe9ef83b13daf1647d33ca78aecaa52452bdc15b2568338dfbbe75b76
102:1	92170	a355ccb9f7ffeae941bc561f41bad448f5d1885fe89e4f9d64fbfec9794b0320
102:2	110602	9f8a91b7714645b58e47eeea94bd47b049428edfd1834c62658942c2c1450f5c
102:3	120842	57dc43f3757ef9236cff19683bb41eae78827a69501ff8e5f328a66d6810630d
102:4	147466	747d0640d063fb68909f256d5ed6dcad40dae5321fba9d0895b8dd63d103ff49
102:5	137226	a6524c2ac5927e44564d7735acde53d907bc0dae2902d223d61164a8338a1e53
102:6	92170	1d26b39606708ea00796a7438a1095efd95bd89abcbab5cd4d9814956f51199c
102:7	139274	df251708ecac1ecf0a0db7f69ffc213016cd5edd52daca414ea624cc02465f30
102:8	178186	4a6161ffbb28d780eb6037ea86c4b24c8df29992fcdf14841e17754d79ffb6f1
103:1	69642	0ed2bbb802e7f99a7d31442521e5478bcdc23f2803a4382793b905a9747f95eb
103:2	165898	cfbe3ca8143fdb4e24a11770dcb3c315535b630b15250fa09d43a4dca1b44eca
103:3	358410	b0073dd314168cbb83ec2e4da60c8765cca124c2da0edb1e5449a56734ff3ab6
104:1	155658	efef3f1cce041b0b95b752da811a5cd3ee3e963b361ca4796617b63b725013bc
104:2	155658	cdfc15d29ff68a8232594b887bdfb14b3d246b9a52bd257f0cbddf29b82659e7
104:3	155658	6a8083bdee9aac78b6e0455c9aad34f9dede9bd14d5e870cc57fa52d4bf36a7d
104:4	235530	4a7f37b3d49c440d6a36b09a71d4307406811845dd6a11915f14b2645ab7f1d6
104:5	151562	d5f1217c1ca7671685a374c7932da51a82345b60c4b9aeeca20b1b468e6f6913
104:6	126986	3068c9dee84921e47c915df579a2fd2fc4c66963f1f3ca7285cbbfceb149545d
104:7	145418	c8ece84bc7467d067d3079cceb68d775bb643a50da9155de46f6b844fd255fdb
104:8	133130	16426f7bb46ba6bceb9d41a04c1a74cb22d99be056733ad376e9448f007f38ad
104:9	116746	5a08ab80839eb4963b3df4aa5a55bb1a01798ab55b09019b25ec2332ed36569a
105:1	184330	92c9981d6e5838a3e1f5de1d7ba79a114bcc5b47780c5965d28d14714cae95f3
105:2	167946	6ff1b36aad121869f406bd8dec7811e887ee93b6ae678630b99aaa4a30705d13
105:3	157706	d9fa167256c9056c6ff86dc7516abbdd0d09a1e044fded310fc875e20b275964
105:4	180234	f5e717ba7687efa880c6302a8fdc093ad5e54d502dda642c1fea0d49e104cd41
105:5	139274	e5f7409b2ae5c3a22d342a04e2d590d9dc02cf5e9487712089cc1d3f371cff72
106:1	104458	8b75720590c0ecfaab2ff64fb29bbe1628c5bd4adb4e9ba34168eef822046f1b
106:2	188426	9f23f7b7da45d445730302a37ff4e2edae6833edaa424fbca9410dc9a9db5589
106:3	145418	4161649bd2b206b4892fbc32485f6fbedd2e3688e6512a915a4c5f1d2a978b56
106:4	245770	6d1cc728ff975c74ad28a4879e4982c51235a52e43e14b92747ad995e2bc4e46
107:1	196618	33637fe3d96515cb8598583bdc12a88a7e6bde1944da586d1148e5e91f7abb3e
107:2	143370	18d079f18db093f2eab9d2040d3f65604f0af4c1974969eff560a0d90f5eecb5
107:3	176138	209ef3f4034969a36cc839aa202ee5b82cbcbcba6eb6682f2c00a33f3f19404e
107:4	63498	b32c9cf39a1af65db886b25fb17c6cfe1cd93c623110710bf86ffffd73078332
107:5	172042	aeaacbdc51634d352a89a4bf39877c4d5ccc52deccdf52818c4a4f894ec71eaa
107:6	120842	5ea230c06ec0a84c71d743f6768c1946a680f1904e4cc3b7bd0a5e2900884515
107:7	124938	536ea69175c64fb7fad47ca76267a7c2f505bc3963db6d4010aebbcd499f28b7
108:1	151562	5f443b93f78bf438f90e8dd49a4a9f16b64af5df955ea5cf0e9adb331e05a053
108:2	110602	3ba34902d916a8bd17f2f8c6175557e94cd0b6081a12d5d2f437a5e1d44d80b9
108:3	141322	f18f8d230245136e8439661e812f0d7f0aeef24cf69bf68df8f91c51e45fcfde
109:1	137226	5d4e6f82d0bb1c2a16a647900e5f30a3675a3563c6b011f2535c8cb27e9e2f27
109:2	129034	c94c50a60f89741cbc341440438cfd80628cf14da5abde167abf3a99e6d0d37d
109:3	172042	efc201ceb45512c58ccea603f50e973fa1ec5130361602634ab5672c03e6fd26
109:4	147466	9f46d0a5d8f19af6e26c1fc960cdd6910afc0a1a2487f2f43e53162c2eb7a8f6
109:5	178186	6b83d5a133b0403fe107c316424e3c360b1aadb872f11a689a401ef943a246df
109:6	126986	bfeb5386b3d23d1ffa99a32dec86dcb303f24a2ed58dc48951c0b6f7930c74dd
110:1	157706	a292eab2b1e88c4cdcaaa12e5b0864b7285abf5f1ed07684ce1a27acc83b9045
110:2	210954	8f14276d2400136a7994a6f0e6cef167a1e8be040681a767b53e25c82618d6d2
110:3	294922	28ced3c776d406ceb45b8e25839441078d4e4f1de4c726450ed61774bb4a8828
111:1	141322	ac8ecd4d039a0b9336717433f2daf2ccca5fd255ff21a0dd9a8af6cc0e66d5d9
111:2	159754	bccc4c562ba54ba8b463df184013a567a430b81a7f7104856f35030dda5575e5
111:3	114698	4922b99a456aa269f1324bad7c3d222c3551da155771550f57c90653fed61b1c
111:4	129034	03a68b240bedf6c74783f25f254ba63db95c7dc6fd9b9614996c0f9f643f621d
111:5	151562	a484f1311517d5655e07945b7b0e77df3439cea6858568be09c00c7b380005b3
112:1	98314	0b16ecd06a0fc6542000fa22943cf71d248ad085606abdae93ff30ae9b887a93
112:2	94218	14e9cfdd371e7aae4f6e259e28a7e66244445fd0552badaaa2ffe9219be746b2
112:3	98314	a6d10a34e788750ab2ca578d0e05b0d4e70c1985fdd45ae8f704dc917fbd7eca
112:4	137226	47f4d7a3e1999ca99588caccd271e788dc5eacd2a311dedc312f33c12ea1941e
113:1	104458	b4b381cd16a87dda3f45f923e6388e6e44787a10bfc6992c19389be147991d81
113:2	96266	1a82d339ba76d91b12ffd582d5586878d451f4c08eb6c899c045ffdb68b70b81
113:3	124938	194d28136f236c5800f4709d78e0bfd145b4ebb7728d54cf78812ce3ff9f3575
113:4	139274	4e570d4c4fed9cf890eb47f090ff083c30d3d987a47b94941b0c5d3a6360205d
113:5	145418	98f6b4afb7e69a3c2051cbbda0e7167a5ab8c4435889dd9fcb7a8d6a880f7b1b
114:1	120842	9dd08d9b862257f7a41b516a9208e34e3456b9e90ca142127555c2dd9620969b
114:2	79882	05c66f80d669635393847b7eebbd1c5263d33dc90d59fe05269c5ddc2c3741ba
114:3	81930	d9bb596223119389fb7fa33d46c75c6f2c309b109ead9fecd48a25aede0b1233
114:4	139274	912105b3dac55d6922ec48a3ad45fe9a12c58759506f0faa4078085f076f1393
114:5	147466	6e1249cc5e48e9c8376b961380e0593875d2b7cf6200b24f5b9709321a0fe2e4
114:6	186378	010db0dcd7fda9f2339e8ae46c361b3d9c0c0cb39e87891f9896cb3cde5c7b54
